id,lat,lon,is_utility_pole,pole_type,model_flags,model_watch,lean,crossarm,vegetation,transformer,attachments_estimate,photos_assessed,capture_sequences,photo_shown_date,latest_available_photo_date,source_photo_url,nearest_osm_pole_m
hard-00000,44.55049,-72.266106,True,wood_utility,,,none,none_visible,near,False,1,3,3,2019-07,2019-07,https://www.mapillary.com/app/?pKey=787715018547753&focus=photo,
hard-00001,44.502296,-72.3456,True,wood_utility,vegetation,,none,none_visible,touching,False,1,2,2,2016-06,2016-06,https://www.mapillary.com/app/?pKey=169588465168930&focus=photo,
hard-00002,44.5025106,-72.3429214,True,wood_utility,,,none,none_visible,near,False,0,7,4,2018-07,2018-07,https://www.mapillary.com/app/?pKey=191606232725687&focus=photo,
hard-00003,44.5016984,-72.347892,True,wood_utility,vegetation,lean_slight,slight,intact,touching,False,1,5,2,2018-07,2018-07,https://www.mapillary.com/app/?pKey=576127033372538&focus=photo,
hard-00004,44.50176,-72.351974,True,wood_utility,vegetation,,none,unclear,touching,False,0,3,2,2016-06,2018-07,https://www.mapillary.com/app/?pKey=137411578446916&focus=photo,
hard-00005,44.517594,-72.305305,True,wood_utility,vegetation,lean_slight,slight,none_visible,touching,False,1,5,4,2018-07,2018-07,https://www.mapillary.com/app/?pKey=529567788416455&focus=photo,
hard-00006,44.51877,-72.3027,True,wood_utility,vegetation,lean_slight,slight,unclear,touching,False,1,2,2,2018-07,2018-07,https://www.mapillary.com/app/?pKey=207704927857208&focus=photo,
hard-00007,44.51741,-72.30599,True,wood_utility,,lean_slight,slight,none_visible,near,False,0,3,3,2018-07,2018-07,https://www.mapillary.com/app/?pKey=1718755588308808&focus=photo,
hard-00008,44.51761,-72.30519,True,wood_utility,,lean_slight,slight,intact,near,False,1,3,2,2018-07,2018-07,https://www.mapillary.com/app/?pKey=774984399667022&focus=photo,
hard-00009,44.517586,-72.30478,True,wood_utility,,,none,intact,none,False,1,1,1,2016-06,2016-06,https://www.mapillary.com/app/?pKey=1211480299266383&focus=photo,
hard-00010,44.5173185,-72.305435,True,wood_utility,,,none,intact,near,False,1,6,3,2016-06,2016-06,https://www.mapillary.com/app/?pKey=481996539547946&focus=photo,
hard-00011,44.517704,-72.30448,False,unclear,,,unclear,none_visible,unclear,False,0,3,2,2018-07,2018-07,https://www.mapillary.com/app/?pKey=1306336343094861&focus=photo,
hard-00012,44.5194764,-72.3019576,True,wood_utility,,,unclear,none_visible,none,False,0,5,3,2018-07,2018-07,https://www.mapillary.com/app/?pKey=348506573284222&focus=photo,
hard-00013,44.519234,-72.3022,True,wood_utility,vegetation,,none,none_visible,touching,False,1,3,2,2016-06,2018-07,https://www.mapillary.com/app/?pKey=325547868920231&focus=photo,
hard-00014,44.5172235,-72.305633,True,wood_utility,,lean_slight,slight,intact,near,True,1,6,5,2018-07,2018-07,https://www.mapillary.com/app/?pKey=470882417311961&focus=photo,
hard-00015,44.51763,-72.30463,True,wood_utility,,lean_slight,slight,intact,near,False,1,3,2,2014-06,2016-06,https://www.mapillary.com/app/?pKey=465020481259373&focus=photo,
hard-00016,44.517376,-72.30528,True,wood_utility,,,none,intact,near,False,1,3,2,2016-06,2016-06,https://www.mapillary.com/app/?pKey=334104748059513&focus=photo,
hard-00017,44.495224,-72.37332,True,wood_utility,,,none,none_visible,none,False,0,2,2,2018-07,2018-07,https://www.mapillary.com/app/?pKey=2818521458478683&focus=photo,19.3
hard-00018,44.496014,-72.37269,True,wood_utility,,lean_slight,slight,intact,near,False,0,1,1,2016-07,2018-07,https://www.mapillary.com/app/?pKey=770096580369763&focus=photo,
hard-00019,44.541542,-72.26982,True,wood_utility,,lean_slight,slight,intact,near,False,1,3,3,2018-07,2018-07,https://www.mapillary.com/app/?pKey=1161123224406490&focus=photo,
hard-00020,44.541363,-72.269844,False,unclear,,,unclear,none_visible,unclear,False,0,3,3,2018-07,2018-07,https://www.mapillary.com/app/?pKey=1736654309839664&focus=photo,
hard-00021,44.54171,-72.269875,True,wood_utility,vegetation,,unclear,unclear,touching,False,0,1,1,2016-06,2016-06,https://www.mapillary.com/app/?pKey=522352112462966&focus=photo,
hard-00022,44.54062,-72.27022,False,unclear,,,unclear,none_visible,unclear,False,0,3,2,2016-06,2016-06,https://www.mapillary.com/app/?pKey=3760300380764425&focus=photo,
hard-00023,44.49881,-72.323435,True,wood_utility,,,none,intact,near,False,0,4,2,2016-06,2018-07,https://www.mapillary.com/app/?pKey=250746916846966&focus=photo,
hard-00024,44.495384,-72.31952,True,wood_utility,,lean_slight,slight,none_visible,near,False,1,3,1,2018-07,2018-07,https://www.mapillary.com/app/?pKey=377856296975323&focus=photo,
hard-00025,44.495285,-72.31922,True,wood_utility,,,none,intact,near,False,0,2,1,2018-07,2018-07,https://www.mapillary.com/app/?pKey=1483927121949308&focus=photo,
hard-00026,44.56329,-72.31028,True,wood_utility,,lean_slight,slight,intact,near,False,1,3,1,2019-07,2019-07,https://www.mapillary.com/app/?pKey=316475883437481&focus=photo,
hard-00027,44.54115,-72.37426,True,wood_utility,,lean_slight,slight,intact,near,False,0,3,3,2018-07,2018-07,https://www.mapillary.com/app/?pKey=883053252286066&focus=photo,
hard-00028,44.543476,-72.37394,True,wood_utility,,lean_slight,slight,intact,near,False,0,3,3,2018-07,2018-07,https://www.mapillary.com/app/?pKey=497545318124084&focus=photo,
hard-00029,44.539444,-72.374105,True,wood_utility,,lean_slight,slight,intact,near,False,1,6,6,2018-07,2018-07,https://www.mapillary.com/app/?pKey=165579175574164&focus=photo,
hard-00030,44.538793,-72.374155,True,wood_utility,vegetation,lean_slight,slight,intact,touching,False,0,4,3,2018-07,2018-07,https://www.mapillary.com/app/?pKey=884761578740287&focus=photo,
hard-00031,44.54128,-72.37429,True,wood_utility,,lean_slight,slight,intact,near,False,0,3,3,2018-06,2018-06,https://www.mapillary.com/app/?pKey=168538791798864&focus=photo,
hard-00032,44.539154,-72.37359,True,wood_utility,vegetation,lean_slight,slight,none_visible,touching,False,0,3,2,2016-07,2016-07,https://www.mapillary.com/app/?pKey=813216249619119&focus=photo,
hard-00033,44.538208,-72.37386,True,wood_utility,vegetation,,none,none_visible,touching,False,1,1,1,2014-06,2014-06,https://www.mapillary.com/app/?pKey=814968665801740&focus=photo,
hard-00034,44.538673,-72.37407,False,unclear,,,unclear,none_visible,unclear,False,0,1,1,2016-07,2016-07,https://www.mapillary.com/app/?pKey=911027946128735&focus=photo,
hard-00035,44.542647,-72.374225,True,wood_utility,,lean_slight,slight,intact,near,False,0,6,4,2018-06,2018-07,https://www.mapillary.com/app/?pKey=301210464918832&focus=photo,
hard-00036,44.53918,-72.374084,True,wood_utility,lean;vegetation,,moderate,intact,touching,False,2,1,1,2016-07,2018-06,https://www.mapillary.com/app/?pKey=1215095365598805&focus=photo,
hard-00037,44.539093,-72.37407,True,wood_utility,vegetation,lean_slight,slight,intact,touching,False,1,3,3,2014-06,2016-07,https://www.mapillary.com/app/?pKey=4297644410286405&focus=photo,
hard-00038,44.53973,-72.374054,True,wood_utility,,,none,intact,near,False,1,3,2,2016-07,2016-07,https://www.mapillary.com/app/?pKey=1145519029248845&focus=photo,
hard-00039,44.53848,-72.37411,True,wood_utility,vegetation,lean_slight,slight,none_visible,touching,False,0,1,1,2016-07,2016-07,https://www.mapillary.com/app/?pKey=847419652530835&focus=photo,
hard-00040,44.539917,-72.37407,True,wood_utility,,,none,intact,near,False,0,3,2,2018-07,2018-07,https://www.mapillary.com/app/?pKey=394171551758516&focus=photo,
hard-00041,44.54054,-72.374176,True,wood_utility,vegetation,lean_slight,slight,intact,touching,True,1,3,2,2018-06,2018-06,https://www.mapillary.com/app/?pKey=1201041556999725&focus=photo,
hard-00042,44.494663,-72.31795,True,wood_utility,vegetation,lean_slight,slight,none_visible,touching,False,0,3,3,2016-06,2016-06,https://www.mapillary.com/app/?pKey=328076305413800&focus=photo,
hard-00043,44.494484,-72.31727,True,wood_utility,vegetation,,none,none_visible,touching,False,0,1,1,2016-06,2016-06,https://www.mapillary.com/app/?pKey=801879027122939&focus=photo,
hard-00044,44.494407,-72.31707,True,wood_utility,vegetation,,none,none_visible,touching,True,1,6,4,2018-07,2018-07,https://www.mapillary.com/app/?pKey=799332430699947&focus=photo,
hard-00045,44.495117,-72.3188,True,wood_utility,vegetation,,unclear,unclear,touching,False,0,1,1,2016-06,2016-06,https://www.mapillary.com/app/?pKey=208530211098089&focus=photo,
hard-00046,44.495476,-72.31963,True,wood_utility,,lean_slight,slight,none_visible,near,False,1,3,1,2016-06,2016-06,https://www.mapillary.com/app/?pKey=524808605224805&focus=photo,
hard-00047,44.496445,-72.321,True,wood_utility,,,none,none_visible,near,False,0,3,2,2018-07,2018-07,https://www.mapillary.com/app/?pKey=297474248675744&focus=photo,
hard-00048,44.49679,-72.32135,False,unclear,,,unclear,none_visible,unclear,False,0,1,1,2016-06,2016-06,https://www.mapillary.com/app/?pKey=149312530523515&focus=photo,
hard-00049,44.494385,-72.31686,True,wood_utility,vegetation,,none,none_visible,touching,False,1,1,1,2016-06,2016-06,https://www.mapillary.com/app/?pKey=1626090527576906&focus=photo,
hard-00050,44.495407,-72.318436,True,wood_utility,,lean_slight,slight,unclear,near,False,1,3,3,2014-06,2016-06,https://www.mapillary.com/app/?pKey=600123424280633&focus=photo,
hard-00051,44.4956,-72.31976,True,wood_utility,,lean_slight,slight,intact,near,False,1,3,2,2016-06,2016-06,https://www.mapillary.com/app/?pKey=808194469814047&focus=photo,
hard-00052,44.51589,-72.39981,False,unclear,,,unclear,unclear,unclear,False,0,1,1,2016-06,2016-06,https://www.mapillary.com/app/?pKey=1427952997574499&focus=photo,
hard-00053,44.57565,-72.29413,True,wood_utility,,lean_slight,slight,none_visible,near,False,2,3,3,2019-07,2019-07,https://www.mapillary.com/app/?pKey=782582115776036&focus=photo,
hard-00054,44.575962,-72.29493,True,wood_utility,vegetation,lean_slight,slight,none_visible,touching,False,1,3,3,2015-07,2015-07,https://www.mapillary.com/app/?pKey=470704617333354&focus=photo,
hard-00055,44.575962,-72.29473,True,wood_utility,,lean_slight,slight,none_visible,near,False,1,3,2,2019-07,2019-07,https://www.mapillary.com/app/?pKey=779084909417815&focus=photo,
hard-00056,44.57514,-72.293884,True,wood_utility,,,none,none_visible,near,False,0,3,2,2019-07,2019-07,https://www.mapillary.com/app/?pKey=2618653158435622&focus=photo,
hard-00057,44.52832,-72.337364,True,wood_utility,,,none,none_visible,none,False,0,3,2,2019-07,2019-07,https://www.mapillary.com/app/?pKey=292415235871849&focus=photo,
hard-00058,44.57382,-72.293205,True,wood_utility,,lean_slight,slight,none_visible,near,False,0,6,4,2019-07,2019-07,https://www.mapillary.com/app/?pKey=1740433789679422&focus=photo,
hard-00059,44.57595,-72.29509,True,wood_utility,vegetation,lean_slight,slight,none_visible,touching,False,1,3,2,2017-07,2017-07,https://www.mapillary.com/app/?pKey=185417723473114&focus=photo,
hard-00060,44.52913,-72.33671,True,wood_utility,,,none,none_visible,none,False,1,2,2,2017-07,2017-07,https://www.mapillary.com/app/?pKey=795858071071154&focus=photo,
hard-00061,44.5287893,-72.33701,True,wood_utility,,,none,intact,none,True,1,9,5,2019-07,2019-07,https://www.mapillary.com/app/?pKey=1629073703956050&focus=photo,
hard-00062,44.534187,-72.374306,True,wood_utility,,,none,intact,none,False,0,3,2,2018-07,2018-07,https://www.mapillary.com/app/?pKey=174224797966900&focus=photo,
hard-00063,44.53404,-72.374275,True,wood_utility,,lean_slight,slight,none_visible,near,False,1,1,1,2016-07,2016-07,https://www.mapillary.com/app/?pKey=1418803471812476&focus=photo,
hard-00064,44.531235,-72.37407,True,wood_utility,,lean_slight,slight,intact,near,False,0,1,1,2016-07,2018-06,https://www.mapillary.com/app/?pKey=2568173683491195&focus=photo,
hard-00065,44.535027,-72.37419,True,wood_utility,,lean_slight,slight,intact,near,False,0,2,1,2016-07,2018-06,https://www.mapillary.com/app/?pKey=170787794986698&focus=photo,
hard-00066,44.53451,-72.433914,True,wood_utility,,lean_slight,slight,none_visible,near,False,0,3,3,2018-07,2018-07,https://www.mapillary.com/app/?pKey=2616186062019489&focus=photo,
hard-00067,44.518658,-72.30268,True,wood_utility,vegetation,lean_slight,slight,unclear,touching,False,0,1,1,2016-06,2016-06,https://www.mapillary.com/app/?pKey=3945335868895891&focus=photo,
hard-00068,44.50488,-72.36116,True,wood_utility,,,none,none_visible,near,False,1,2,1,2013-09,2015-07,https://www.mapillary.com/app/?pKey=776732759681548&focus=photo,
hard-00069,44.5055657,-72.3645406,True,wood_utility,,,none,intact,near,True,1,8,2,2019-07,2019-07,https://www.mapillary.com/app/?pKey=769920660332843&focus=photo,
hard-00070,44.5053823,-72.3642687,True,wood_utility,,,none,none_visible,near,False,2,9,3,2019-07,2019-07,https://www.mapillary.com/app/?pKey=289259999557169&focus=photo,
hard-00071,44.505126,-72.3639056,True,wood_utility,,lean_slight,slight,none_visible,near,False,2,5,3,2019-07,2019-07,https://www.mapillary.com/app/?pKey=3940780149362847&focus=photo,
hard-00072,44.50455,-72.36188,True,wood_utility,,,none,none_visible,near,False,1,2,2,2017-07,2017-07,https://www.mapillary.com/app/?pKey=3744603405661816&focus=photo,
hard-00073,44.50517,-72.36396,True,wood_utility,,lean_slight,slight,none_visible,near,False,2,3,3,2019-07,2019-07,https://www.mapillary.com/app/?pKey=125376969596648&focus=photo,
hard-00074,44.50458,-72.36154,True,wood_utility,,,none,intact,near,False,0,2,2,2019-07,2019-07,https://www.mapillary.com/app/?pKey=3869855929809514&focus=photo,
hard-00075,44.5044738,-72.36286,True,wood_utility,,,none,none_visible,near,False,1,4,3,2017-07,2019-07,https://www.mapillary.com/app/?pKey=220767769860294&focus=photo,
hard-00076,44.50452,-72.36204,True,wood_utility,,,none,none_visible,near,False,0,3,3,2019-07,2019-07,https://www.mapillary.com/app/?pKey=789118548248567&focus=photo,
hard-00077,44.504677,-72.36161,True,wood_utility,,lean_slight,slight,none_visible,near,False,1,3,3,2019-07,2019-07,https://www.mapillary.com/app/?pKey=334513924683226&focus=photo,
hard-00078,44.50482,-72.36346,True,wood_utility,,,none,none_visible,none,False,2,3,3,2017-07,2017-07,https://www.mapillary.com/app/?pKey=1220401761722410&focus=photo,
hard-00079,44.50497,-72.363655,True,wood_utility,,lean_slight,slight,none_visible,near,False,2,3,2,2019-07,2019-07,https://www.mapillary.com/app/?pKey=804054346888231&focus=photo,
hard-00080,44.504752,-72.36142,True,wood_utility,,,none,intact,near,False,1,6,2,2019-07,2019-07,https://www.mapillary.com/app/?pKey=3869855929809514&focus=photo,
hard-00081,44.504307,-72.36259,True,wood_utility,vegetation,,none,none_visible,touching,False,1,6,3,2019-07,2019-07,https://www.mapillary.com/app/?pKey=222363862755726&focus=photo,
hard-00082,44.505447,-72.364204,True,wood_utility,,,none,none_visible,near,False,1,3,3,2019-07,2019-07,https://www.mapillary.com/app/?pKey=152286106878773&focus=photo,
hard-00083,44.50521,-72.36034,True,wood_utility,,lean_slight,slight,none_visible,near,True,2,3,2,2019-07,2019-07,https://www.mapillary.com/app/?pKey=592725915027439&focus=photo,
hard-00084,44.504562,-72.36299,True,wood_utility,,,none,none_visible,near,False,1,2,2,2015-07,2015-07,https://www.mapillary.com/app/?pKey=299342298530088&focus=photo,
hard-00085,44.504812,-72.361268,True,wood_utility,,,none,none_visible,near,False,1,5,3,2019-07,2019-07,https://www.mapillary.com/app/?pKey=286764629820033&focus=photo,
hard-00086,44.504723,-72.36326,True,wood_utility,,,none,none_visible,near,False,1,3,3,2019-07,2019-07,https://www.mapillary.com/app/?pKey=764827904202045&focus=photo,
hard-00087,44.504784,-72.36334,True,wood_utility,,lean_slight,slight,none_visible,near,False,2,3,3,2019-07,2019-07,https://www.mapillary.com/app/?pKey=483318689605942&focus=photo,
hard-00088,44.5051135,-72.360555,True,wood_utility,,lean_slight,slight,none_visible,near,False,1,6,2,2019-07,2019-07,https://www.mapillary.com/app/?pKey=500654660988534&focus=photo,
hard-00089,44.50464,-72.363106,True,wood_utility,,,none,none_visible,near,False,0,3,2,2019-07,2019-07,https://www.mapillary.com/app/?pKey=214834250266025&focus=photo,
hard-00090,44.50534,-72.364204,True,wood_utility,,lean_slight,slight,none_visible,near,False,2,3,3,2019-07,2019-07,https://www.mapillary.com/app/?pKey=168457948554229&focus=photo,
hard-00091,44.504944,-72.36094,True,wood_utility,,,none,none_visible,near,False,1,3,2,2019-07,2019-07,https://www.mapillary.com/app/?pKey=159838826103970&focus=photo,
hard-00092,44.50544,-72.36444,True,wood_utility,,lean_slight,slight,none_visible,none,False,2,2,2,2017-07,2017-07,https://www.mapillary.com/app/?pKey=267286691846150&focus=photo,
hard-00093,44.53956,-72.328476,True,wood_utility,,,none,none_visible,none,False,0,3,3,2019-07,2019-07,https://www.mapillary.com/app/?pKey=2869782363289175&focus=photo,
hard-00094,44.540665,-72.3276,True,wood_utility,,,none,intact,none,False,0,3,3,2019-07,2019-07,https://www.mapillary.com/app/?pKey=612695386800283&focus=photo,
hard-00095,44.5384743,-72.3293067,True,wood_utility,,,none,none_visible,near,False,0,9,6,2019-07,2019-07,https://www.mapillary.com/app/?pKey=330795141768756&focus=photo,
hard-00096,44.541218,-72.32717,True,wood_utility,,,none,none_visible,near,False,0,3,2,2017-07,2017-07,https://www.mapillary.com/app/?pKey=921554375294719&focus=photo,
hard-00097,44.540114,-72.328043,True,wood_utility,,,none,intact,none,False,0,6,4,2019-07,2019-07,https://www.mapillary.com/app/?pKey=2922089301399831&focus=photo,
hard-00098,44.53809,-72.329636,True,wood_utility,,lean_slight,slight,intact,near,False,1,1,1,2017-07,2017-07,https://www.mapillary.com/app/?pKey=497855214840925&focus=photo,
hard-00099,44.464696,-72.413412,True,wood_utility,,,unclear,intact,near,False,0,5,3,2018-07,2018-07,https://www.mapillary.com/app/?pKey=142453231160052&focus=photo,
hard-00100,44.46667,-72.4109,False,unclear,,,unclear,none_visible,unclear,False,0,2,2,2018-06,2018-06,https://www.mapillary.com/app/?pKey=827128231267516&focus=photo,
hard-00101,44.465534,-72.41184,True,wood_utility,vegetation,lean_slight,slight,none_visible,touching,False,0,3,2,2016-07,2016-07,https://www.mapillary.com/app/?pKey=528600408520676&focus=photo,
hard-00102,44.509346,-72.31687,True,wood_utility,,,none,none_visible,near,False,0,3,3,2018-07,2018-07,https://www.mapillary.com/app/?pKey=3938759172828387&focus=photo,
hard-00103,44.5099961,-72.3166788,True,wood_utility,,,none,none_visible,near,False,0,10,6,2018-07,2018-07,https://www.mapillary.com/app/?pKey=318495306458132&focus=photo,
hard-00104,44.51352,-72.31485,True,wood_utility,,lean_slight,slight,intact,near,False,0,2,1,2016-06,2016-06,https://www.mapillary.com/app/?pKey=2451731808296978&focus=photo,
hard-00105,44.5112483,-72.3162453,True,wood_utility,,,none,none_visible,near,False,0,9,5,2018-07,2018-07,https://www.mapillary.com/app/?pKey=534490187898642&focus=photo,
hard-00106,44.5136277,-72.3147495,True,wood_utility,,lean_slight,slight,intact,near,False,0,4,3,2018-07,2018-07,https://www.mapillary.com/app/?pKey=1667657303435183&focus=photo,
hard-00107,44.513027,-72.31512,True,wood_utility,,lean_slight,slight,intact,near,False,0,3,2,2018-07,2018-07,https://www.mapillary.com/app/?pKey=942734969605476&focus=photo,
hard-00108,44.51397,-72.314316,True,wood_utility,vegetation,lean_slight,slight,none_visible,touching,False,0,2,2,2014-06,2018-07,https://www.mapillary.com/app/?pKey=929142884486891&focus=photo,
hard-00109,44.511852,-72.315932,True,wood_utility,,,none,none_visible,near,False,0,9,5,2018-07,2018-07,https://www.mapillary.com/app/?pKey=231596315000461&focus=photo,
hard-00110,44.571223,-72.298915,True,wood_utility,vegetation,lean_slight,slight,intact,touching,False,1,6,5,2019-07,2019-07,https://www.mapillary.com/app/?pKey=318884316284543&focus=photo,
hard-00111,44.573578,-72.29722,True,wood_utility,,lean_slight,slight,intact,near,False,2,3,2,2017-07,2017-07,https://www.mapillary.com/app/?pKey=336409374579757&focus=photo,
hard-00112,44.573331,-72.2973967,True,wood_utility,,lean_slight,slight,none_visible,near,False,1,9,5,2019-07,2019-07,https://www.mapillary.com/app/?pKey=493114688572720&focus=photo,
hard-00113,44.571445,-72.29876,True,wood_utility,vegetation,lean_slight,slight,intact,touching,False,1,3,2,2019-07,2019-07,https://www.mapillary.com/app/?pKey=530792431295655&focus=photo,
hard-00114,44.572273,-72.298164,True,wood_utility,,lean_slight,slight,none_visible,near,False,1,3,3,2015-07,2017-07,https://www.mapillary.com/app/?pKey=181153420589525&focus=photo,
hard-00115,44.573931,-72.2969587,True,wood_utility,,lean_slight,slight,intact,near,False,1,9,6,2019-07,2019-07,https://www.mapillary.com/app/?pKey=508198890306872&focus=photo,
hard-00116,44.463245,-72.26615,True,wood_utility,,lean_slight,slight,none_visible,none,False,0,3,2,2018-07,2018-07,https://www.mapillary.com/app/?pKey=4059319700781190&focus=photo,
hard-00117,44.495033,-72.41581,True,wood_utility,,,none,intact,none,False,1,2,1,2022-11,2022-11,https://www.mapillary.com/app/?pKey=832280844644399&focus=photo,
hard-00118,44.5690365,-72.2888925,True,wood_utility,,lean_slight,slight,intact,near,False,0,4,2,2019-07,2019-07,https://www.mapillary.com/app/?pKey=1898101823699505&focus=photo,
hard-00119,44.569942,-72.28986,True,wood_utility,,lean_slight,slight,none_visible,near,False,1,2,1,2015-07,2019-07,https://www.mapillary.com/app/?pKey=1089394364917101&focus=photo,
hard-00120,44.5696725,-72.2895425,True,wood_utility,,lean_slight,slight,intact,near,False,0,4,1,2017-07,2017-07,https://www.mapillary.com/app/?pKey=509801380203585&focus=photo,
hard-00121,44.467143,-72.271265,True,wood_utility,,lean_slight,slight,none_visible,near,False,0,4,2,2016-06,2018-07,https://www.mapillary.com/app/?pKey=290380606105811&focus=photo,
hard-00122,44.467503,-72.27174,True,wood_utility,,,none,none_visible,near,False,0,3,3,2018-07,2018-07,https://www.mapillary.com/app/?pKey=544573950257825&focus=photo,
hard-00123,44.530724,-72.28316,True,wood_utility,,,none,intact,near,False,1,3,2,2016-06,2016-06,https://www.mapillary.com/app/?pKey=856393988280941&focus=photo,
hard-00124,44.530178,-72.28362,True,wood_utility,,lean_slight,slight,intact,none,False,0,3,2,2016-06,2016-06,https://www.mapillary.com/app/?pKey=473051340621813&focus=photo,
hard-00125,44.52927,-72.284676,False,unclear,,,unclear,none_visible,unclear,False,0,2,2,2014-06,2016-06,https://www.mapillary.com/app/?pKey=941679930018070&focus=photo,
hard-00126,44.5294825,-72.284117,True,wood_utility,,,none,intact,none,False,1,6,4,2018-07,2018-07,https://www.mapillary.com/app/?pKey=539639077196640&focus=photo,
hard-00127,44.528655,-72.285202,True,wood_utility,,lean_slight,slight,intact,near,False,0,6,5,2018-07,2018-07,https://www.mapillary.com/app/?pKey=2544566155850451&focus=photo,
hard-00128,44.5310065,-72.2829495,True,wood_utility,,lean_slight,slight,intact,near,False,0,4,3,2018-07,2018-07,https://www.mapillary.com/app/?pKey=3747789365350118&focus=photo,
hard-00129,44.530304,-72.2835,True,wood_utility,,,none,intact,near,False,1,3,2,2016-06,2016-06,https://www.mapillary.com/app/?pKey=338852924283702&focus=photo,
hard-00130,44.529133,-72.284744,False,unclear,,,unclear,none_visible,unclear,False,0,2,1,2018-07,2018-07,https://www.mapillary.com/app/?pKey=205414061420007&focus=photo,
hard-00131,44.5310785,-72.282865,True,wood_utility,,,none,intact,near,False,0,6,4,2016-06,2018-07,https://www.mapillary.com/app/?pKey=271696671355686&focus=photo,
hard-00132,44.53061,-72.28324,True,wood_utility,,,none,intact,none,False,1,3,1,2016-06,2016-06,https://www.mapillary.com/app/?pKey=498631821553680&focus=photo,
hard-00133,44.530052,-72.28368,True,wood_utility,,,none,intact,none,False,0,3,2,2018-07,2018-07,https://www.mapillary.com/app/?pKey=1179616892479007&focus=photo,
hard-00134,44.529785,-72.28391,True,wood_utility,,,none,intact,near,False,0,3,3,2016-06,2016-06,https://www.mapillary.com/app/?pKey=332531524933586&focus=photo,
hard-00135,44.52924,-72.28445,True,wood_utility,,lean_slight,slight,intact,near,False,1,3,2,2016-06,2016-06,https://www.mapillary.com/app/?pKey=292410959230991&focus=photo,
hard-00136,44.531796,-72.282326,True,wood_utility,,,none,intact,near,False,1,2,1,2016-06,2016-06,https://www.mapillary.com/app/?pKey=1871280659700115&focus=photo,
hard-00137,44.528793,-72.28503,True,wood_utility,,,none,intact,near,False,1,3,3,2018-07,2018-07,https://www.mapillary.com/app/?pKey=143843297734370&focus=photo,
hard-00138,44.530525,-72.283295,True,wood_utility,,,none,intact,none,False,0,3,2,2018-07,2018-07,https://www.mapillary.com/app/?pKey=303611761471507&focus=photo,
hard-00139,44.48817,-72.310104,True,wood_utility,vegetation,lean_slight,slight,none_visible,touching,False,0,3,2,2018-07,2018-07,https://www.mapillary.com/app/?pKey=988016678621669&focus=photo,
hard-00140,44.50912,-72.345726,True,wood_utility,,lean_slight,slight,none_visible,near,False,0,3,2,2017-07,2017-07,https://www.mapillary.com/app/?pKey=173841164667308&focus=photo,
hard-00141,44.507,-72.3504,True,wood_utility,vegetation,lean_slight,slight,none_visible,touching,False,0,3,1,2015-07,2015-07,https://www.mapillary.com/app/?pKey=3126596940893997&focus=photo,
hard-00142,44.506584,-72.35193,True,wood_utility,,,none,intact,near,False,1,3,2,2019-07,2019-07,https://www.mapillary.com/app/?pKey=566150681042194&focus=photo,
hard-00143,44.4665225,-72.410918,True,wood_utility,,lean_slight,slight,intact,near,False,1,4,3,2016-07,2018-06,https://www.mapillary.com/app/?pKey=212703840667064&focus=photo,
hard-00144,44.524574,-72.29451,True,wood_utility,,,none,intact,near,False,1,1,1,2018-07,2018-07,https://www.mapillary.com/app/?pKey=1175326199602764&focus=photo,
hard-00145,44.5244,-72.294075,False,unclear,,,unclear,none_visible,unclear,False,0,1,1,2014-06,2016-06,https://www.mapillary.com/app/?pKey=5521802541224814&focus=photo,
hard-00146,44.559086,-72.3686,True,wood_utility,vegetation,,unclear,unclear,touching,False,0,1,1,2016-07,2018-07,https://www.mapillary.com/app/?pKey=1208752942906485&focus=photo,
hard-00147,44.503918,-72.31817,False,unclear,,,unclear,none_visible,none,False,0,1,1,2018-07,2018-07,https://www.mapillary.com/app/?pKey=204066808206862&focus=photo,
hard-00148,44.504487,-72.31755,True,wood_utility,lean;vegetation,,moderate,none_visible,touching,False,1,6,4,2018-07,2018-07,https://www.mapillary.com/app/?pKey=476401790137479&focus=photo,
hard-00149,44.47239,-72.283175,True,wood_utility,vegetation,,none,none_visible,touching,False,0,6,4,2018-07,2018-07,https://www.mapillary.com/app/?pKey=296884382098251&focus=photo,
hard-00150,44.474106,-72.28852,True,wood_utility,vegetation,lean_slight,slight,unclear,touching,False,0,3,2,2016-06,2016-06,https://www.mapillary.com/app/?pKey=541264743536912&focus=photo,
hard-00151,44.47393,-72.28772,True,wood_utility,,,none,none_visible,near,False,0,3,2,2016-06,2016-06,https://www.mapillary.com/app/?pKey=559902965414544&focus=photo,
hard-00152,44.472912,-72.284,True,wood_utility,vegetation,lean_slight,slight,none_visible,touching,False,0,6,4,2016-06,2016-06,https://www.mapillary.com/app/?pKey=330794148398086&focus=photo,
hard-00153,44.473648,-72.286835,False,unclear,,,unclear,none_visible,unclear,False,0,3,1,2014-07,2014-07,https://www.mapillary.com/app/?pKey=298942821881841&focus=photo,
hard-00154,44.574646,-72.296326,True,wood_utility,,,none,none_visible,none,False,1,2,2,2019-07,2019-07,https://www.mapillary.com/app/?pKey=3956170297831115&focus=photo,
hard-00155,44.473732,-72.287094,True,wood_utility,,lean_slight,slight,none_visible,near,False,0,3,3,2016-06,2016-06,https://www.mapillary.com/app/?pKey=774277330123213&focus=photo,
hard-00156,44.473515,-72.28632,True,wood_utility,,lean_slight,slight,none_visible,near,False,0,3,3,2018-07,2018-07,https://www.mapillary.com/app/?pKey=1186711688437499&focus=photo,
hard-00157,44.57434,-72.296665,True,wood_utility,,,none,none_visible,near,False,0,6,4,2019-07,2019-07,https://www.mapillary.com/app/?pKey=806149080279576&focus=photo,
hard-00158,44.505627,-72.36471,True,wood_utility,,,none,none_visible,near,False,1,3,3,2019-07,2019-07,https://www.mapillary.com/app/?pKey=539472924093393&focus=photo,
hard-00159,44.5224,-72.29916,True,wood_utility,,,none,intact,near,False,1,3,2,2016-06,2016-06,https://www.mapillary.com/app/?pKey=332088121667989&focus=photo,
hard-00160,44.512127,-72.31577,True,wood_utility,,lean_slight,slight,intact,near,False,0,2,1,2016-06,2018-07,https://www.mapillary.com/app/?pKey=1984690171688205&focus=photo,
hard-00161,44.5719807,-72.2983831,True,wood_utility,vegetation,lean_slight,slight,intact,touching,False,1,7,6,2019-07,2019-07,https://www.mapillary.com/app/?pKey=782963945712843&focus=photo,
hard-00162,44.504738,-72.36289,True,wood_utility,vegetation,,unclear,unclear,touching,False,0,1,1,2015-07,2019-07,https://www.mapillary.com/app/?pKey=337215531093872&focus=photo,
hard-00163,44.473792,-72.28725,True,wood_utility,,lean_slight,slight,none_visible,near,False,0,5,3,2014-07,2018-07,https://www.mapillary.com/app/?pKey=5645299928845296&focus=photo,
hard-00164,44.510647,-72.31635,True,wood_utility,,,none,none_visible,none,False,1,3,2,2018-07,2018-07,https://www.mapillary.com/app/?pKey=208827254417498&focus=photo,
hard-00165,44.511784,-72.316,True,wood_utility,,,none,none_visible,near,False,0,3,2,2016-06,2016-06,https://www.mapillary.com/app/?pKey=2902755309849172&focus=photo,
hard-00166,44.4739,-72.28797,False,unclear,,,unclear,none_visible,none,False,0,1,1,2014-07,2014-07,https://www.mapillary.com/app/?pKey=4307110279307187&focus=photo,
hard-00167,44.51242,-72.31549,True,wood_utility,,lean_slight,slight,intact,near,False,1,3,3,2018-07,2018-07,https://www.mapillary.com/app/?pKey=497901441331582&focus=photo,
hard-00168,44.51141,-72.31621,True,wood_utility,,,none,none_visible,none,False,0,3,2,2016-06,2018-07,https://www.mapillary.com/app/?pKey=502257487785790&focus=photo,
hard-00169,44.510456,-72.31655,True,wood_utility,,,none,none_visible,none,False,0,1,1,2016-06,2018-07,https://www.mapillary.com/app/?pKey=209230157695685&focus=photo,
hard-00170,44.505384,-72.359727,True,wood_utility,vegetation,,none,none_visible,touching,False,1,6,2,2019-07,2019-07,https://www.mapillary.com/app/?pKey=1118730328603834&focus=photo,
hard-00171,44.56608,-72.36668,True,wood_utility,,lean_slight,slight,none_visible,near,False,0,3,1,2016-07,2016-07,https://www.mapillary.com/app/?pKey=296810038760262&focus=photo,
hard-00172,44.566647,-72.366554,True,wood_utility,,lean_slight,slight,intact,none,False,0,2,2,2018-07,2018-07,https://www.mapillary.com/app/?pKey=2903640936538461&focus=photo,
hard-00173,44.505955,-72.36523,True,wood_utility,,,none,intact,near,False,1,2,2,2015-07,2019-07,https://www.mapillary.com/app/?pKey=488516592595094&focus=photo,
hard-00174,44.51706,-72.37942,True,wood_utility,,lean_slight,slight,intact,near,False,1,3,3,2018-07,2018-07,https://www.mapillary.com/app/?pKey=2471700606309299&focus=photo,
hard-00175,44.516533,-72.38325,True,wood_utility,,,none,intact,near,False,1,3,1,2016-06,2016-06,https://www.mapillary.com/app/?pKey=148722727178209&focus=photo,
hard-00176,44.517166,-72.37983,True,wood_utility,,,none,intact,near,False,0,3,3,2018-07,2018-07,https://www.mapillary.com/app/?pKey=1705435382996384&focus=photo,
hard-00177,44.51659,-72.38314,True,wood_utility,,,none,intact,near,False,1,2,2,2018-07,2018-07,https://www.mapillary.com/app/?pKey=873827083344415&focus=photo,
hard-00178,44.517117,-72.382164,True,wood_utility,vegetation,lean_slight,slight,unclear,touching,False,1,1,1,2014-06,2014-07,https://www.mapillary.com/app/?pKey=199884711957176&focus=photo,
hard-00179,44.50518,-72.36045,True,wood_utility,,,none,none_visible,none,False,1,3,2,2019-07,2019-07,https://www.mapillary.com/app/?pKey=541799943651526&focus=photo,
hard-00180,44.516212,-72.38385,True,wood_utility,,,none,intact,none,False,1,3,3,2018-07,2018-07,https://www.mapillary.com/app/?pKey=1221602294928756&focus=photo,
hard-00181,44.517002,-72.37928,True,wood_utility,,,none,intact,near,False,2,3,3,2016-06,2016-06,https://www.mapillary.com/app/?pKey=1006610366748420&focus=photo,
hard-00182,44.5164,-72.38344,True,wood_utility,,,none,intact,none,False,0,3,3,2018-07,2018-07,https://www.mapillary.com/app/?pKey=304396941145372&focus=photo,
hard-00183,44.517136,-72.3797,True,wood_utility,,,none,intact,near,False,1,3,3,2018-07,2018-07,https://www.mapillary.com/app/?pKey=176297554414044&focus=photo,
hard-00184,44.516888,-72.38256,True,wood_utility,,,none,intact,near,False,1,3,2,2018-07,2018-07,https://www.mapillary.com/app/?pKey=325409852357252&focus=photo,
hard-00185,44.5170542,-72.3791684,True,wood_utility,,,none,intact,near,False,0,5,4,2018-07,2018-07,https://www.mapillary.com/app/?pKey=209372467674017&focus=photo,
hard-00186,44.517391,-72.37905,True,wood_utility,,lean_slight,slight,none_visible,none,False,0,6,4,2018-07,2018-07,https://www.mapillary.com/app/?pKey=463698988066435&focus=photo,
hard-00187,44.516024,-72.38422,True,wood_utility,,lean_slight,slight,intact,near,False,1,6,3,2018-07,2018-07,https://www.mapillary.com/app/?pKey=337844101073980&focus=photo,
hard-00188,44.51707,-72.37954,True,wood_utility,vegetation,,none,intact,touching,False,1,3,2,2016-06,2016-06,https://www.mapillary.com/app/?pKey=194504359209563&focus=photo,
hard-00189,44.516115,-72.3839775,True,wood_utility,,lean_slight,slight,none_visible,near,False,0,6,4,2018-07,2018-07,https://www.mapillary.com/app/?pKey=530641081302802&focus=photo,
hard-00190,44.517387,-72.379265,True,wood_utility,,,none,none_visible,near,False,0,2,2,2016-06,2018-07,https://www.mapillary.com/app/?pKey=194504359209563&focus=photo,
hard-00191,44.5171815,-72.381983,True,wood_utility,vegetation,lean_slight,slight,intact,touching,False,0,6,3,2018-07,2018-07,https://www.mapillary.com/app/?pKey=737017990299508&focus=photo,
hard-00192,44.505184,-72.36553,True,wood_utility,,,none,none_visible,near,False,2,3,2,2019-07,2019-07,https://www.mapillary.com/app/?pKey=831088514215631&focus=photo,
hard-00193,44.50512,-72.36559,True,wood_utility,,lean_slight,slight,intact,near,True,2,3,3,2019-07,2019-07,https://www.mapillary.com/app/?pKey=182948247058052&focus=photo,
hard-00194,44.505997,-72.36471,True,wood_utility,,lean_slight,slight,intact,near,False,2,3,3,2017-07,2017-07,https://www.mapillary.com/app/?pKey=182404267006826&focus=photo,
hard-00195,44.505753,-72.364925,True,wood_utility,,,none,none_visible,near,False,2,6,3,2019-07,2019-07,https://www.mapillary.com/app/?pKey=1136421103539079&focus=photo,
hard-00196,44.505896,-72.3649825,True,wood_utility,,,none,none_visible,near,False,1,6,4,2019-07,2019-07,https://www.mapillary.com/app/?pKey=4338069019610852&focus=photo,
hard-00197,44.50586,-72.36485,True,wood_utility,,,none,intact,near,False,1,3,2,2017-07,2017-07,https://www.mapillary.com/app/?pKey=2866898956910346&focus=photo,
hard-00198,44.505917,-72.36474,True,wood_utility,,,none,intact,near,False,2,3,2,2019-07,2019-07,https://www.mapillary.com/app/?pKey=471957560537505&focus=photo,
hard-00199,44.505413,-72.365295,True,wood_utility,,,none,intact,near,False,2,3,2,2017-07,2017-07,https://www.mapillary.com/app/?pKey=1296632100792092&focus=photo,
hard-00200,44.508007,-72.34815,True,wood_utility,,,none,intact,near,False,1,3,2,2019-07,2019-07,https://www.mapillary.com/app/?pKey=296397422154116&focus=photo,
hard-00201,44.508312,-72.347466,True,wood_utility,vegetation,lean_slight,slight,intact,touching,False,0,3,1,2019-07,2019-07,https://www.mapillary.com/app/?pKey=347218050070455&focus=photo,
hard-00202,44.55024,-72.265755,True,wood_utility,vegetation,lean_slight,slight,none_visible,touching,False,1,3,2,2019-07,2019-07,https://www.mapillary.com/app/?pKey=932509547534977&focus=photo,
hard-00203,44.5486545,-72.265075,True,wood_utility,,lean_slight,slight,none_visible,near,False,0,6,4,2019-07,2019-07,https://www.mapillary.com/app/?pKey=229025035655720&focus=photo,
hard-00204,44.54947,-72.26554,True,wood_utility,vegetation,lean_slight,slight,none_visible,touching,False,1,3,2,2017-07,2017-07,https://www.mapillary.com/app/?pKey=864931807395550&focus=photo,
hard-00205,44.54983,-72.26579,True,wood_utility,,lean_slight,slight,none_visible,near,False,1,3,3,2019-07,2019-07,https://www.mapillary.com/app/?pKey=299409571857669&focus=photo,
hard-00206,44.548855,-72.26537,True,wood_utility,vegetation,,none,none_visible,touching,False,0,3,3,2019-07,2019-07,https://www.mapillary.com/app/?pKey=479297743143666&focus=photo,
hard-00207,44.54805,-72.26465,True,wood_utility,,lean_slight,slight,none_visible,near,False,1,3,3,2017-07,2017-07,https://www.mapillary.com/app/?pKey=489828032341669&focus=photo,
hard-00208,44.54996,-72.26583,True,wood_utility,,lean_slight,slight,none_visible,near,False,1,3,3,2019-07,2019-07,https://www.mapillary.com/app/?pKey=957626398110511&focus=photo,
hard-00209,44.480324,-72.38811,True,wood_utility,,,none,intact,near,False,0,3,3,2018-07,2018-07,https://www.mapillary.com/app/?pKey=6188874717805031&focus=photo,
hard-00210,44.47883,-72.39041,True,wood_utility,,lean_slight,slight,intact,near,False,1,3,3,2018-07,2018-07,https://www.mapillary.com/app/?pKey=470712040671525&focus=photo,
hard-00211,44.4791235,-72.38962,True,wood_utility,vegetation,lean_slight,slight,intact,touching,False,0,6,4,2018-07,2018-07,https://www.mapillary.com/app/?pKey=565122284457370&focus=photo,
hard-00212,44.480854,-72.38668,True,wood_utility,vegetation,,none,intact,touching,False,0,3,2,2014-07,2016-07,https://www.mapillary.com/app/?pKey=524925922254210&focus=photo,
hard-00213,44.564293,-72.28211,True,wood_utility,,,none,none_visible,none,False,0,1,1,2015-07,2019-07,https://www.mapillary.com/app/?pKey=5656110737763293&focus=photo,
hard-00214,44.564007,-72.281685,True,wood_utility,vegetation,lean_slight,slight,none_visible,touching,False,0,3,2,2019-07,2019-07,https://www.mapillary.com/app/?pKey=498150941235195&focus=photo,
hard-00215,44.505596,-72.357475,True,wood_utility,,,none,intact,near,False,0,1,1,2017-07,2017-07,https://www.mapillary.com/app/?pKey=822459292031472&focus=photo,
hard-00216,44.505978,-72.354454,True,wood_utility,,lean_slight,slight,intact,near,False,1,3,1,2017-07,2017-07,https://www.mapillary.com/app/?pKey=963088684460851&focus=photo,
hard-00217,44.5016968,-72.349495,True,wood_utility,,lean_slight,slight,intact,near,False,1,4,2,2018-07,2018-07,https://www.mapillary.com/app/?pKey=915875095867283&focus=photo,
hard-00218,44.501762,-72.35164,True,wood_utility,vegetation,lean_slight,slight,unclear,touching,False,0,3,2,2018-07,2018-07,https://www.mapillary.com/app/?pKey=309119997531583&focus=photo,
hard-00219,44.505516,-72.35822,True,wood_utility,vegetation,lean_slight,slight,none_visible,touching,False,1,1,1,2017-07,2017-07,https://www.mapillary.com/app/?pKey=924502481458542&focus=photo,
hard-00220,44.50167,-72.3485,True,wood_utility,,lean_slight,slight,intact,near,False,1,3,2,2018-07,2018-07,https://www.mapillary.com/app/?pKey=174944551218443&focus=photo,
hard-00221,44.50174,-72.35059,True,wood_utility,vegetation,lean_slight,slight,none_visible,touching,False,0,1,1,2018-07,2018-07,https://www.mapillary.com/app/?pKey=186873883212291&focus=photo,
hard-00222,44.56301,-72.27993,True,wood_utility,vegetation,,none,none_visible,touching,False,0,3,3,2019-07,2019-07,https://www.mapillary.com/app/?pKey=757765438246235&focus=photo,
hard-00223,44.522396,-72.415344,True,wood_utility,,,none,none_visible,none,False,1,2,2,2016-06,2018-07,https://www.mapillary.com/app/?pKey=801531720496216&focus=photo,
hard-00224,44.522354,-72.41517,True,wood_utility,,,none,unclear,near,False,0,2,2,2016-06,2018-07,https://www.mapillary.com/app/?pKey=961394028012216&focus=photo,
hard-00225,44.52279,-72.4154,False,unclear,,,unclear,none_visible,unclear,False,0,2,2,2014-07,2016-06,https://www.mapillary.com/app/?pKey=218022686798459&focus=photo,
hard-00226,44.532654,-72.42603,True,wood_utility,vegetation,,unclear,none_visible,touching,False,0,1,1,2014-07,2016-06,https://www.mapillary.com/app/?pKey=238801924680242&focus=photo,
hard-00227,44.53114,-72.42491,True,wood_utility,,,none,none_visible,near,False,1,1,1,2018-07,2018-07,https://www.mapillary.com/app/?pKey=2905418019746611&focus=photo,
hard-00228,44.531773,-72.42525,True,wood_utility,vegetation,lean_slight,slight,none_visible,touching,False,0,3,3,2018-07,2018-07,https://www.mapillary.com/app/?pKey=290247446164234&focus=photo,
hard-00229,44.531963,-72.42542,True,wood_utility,vegetation,lean_slight,slight,none_visible,touching,False,0,1,1,2018-07,2018-07,https://www.mapillary.com/app/?pKey=376730667089276&focus=photo,
hard-00230,44.512585,-72.31553,True,wood_utility,,lean_slight,slight,intact,near,False,1,1,1,2014-06,2014-06,https://www.mapillary.com/app/?pKey=943443739780826&focus=photo,
hard-00231,44.48871,-72.37964,True,wood_utility,,lean_slight,slight,intact,none,False,0,3,2,2016-07,2016-07,https://www.mapillary.com/app/?pKey=1257786311343081&focus=photo,
hard-00232,44.488316,-72.3798356,True,wood_utility,,lean_slight,slight,none_visible,none,False,0,5,3,2018-07,2018-07,https://www.mapillary.com/app/?pKey=309353627408634&focus=photo,
hard-00233,44.4879356,-72.380052,True,wood_utility,,lean_slight,slight,none_visible,none,False,0,5,4,2018-07,2018-07,https://www.mapillary.com/app/?pKey=757580911599658&focus=photo,
hard-00234,44.48809,-72.37995,True,wood_utility,,lean_slight,slight,intact,near,False,1,1,1,2016-07,2018-07,https://www.mapillary.com/app/?pKey=488387495818989&focus=photo,
hard-00235,44.561985,-72.31125,True,wood_utility,vegetation,lean_slight,slight,none_visible,touching,False,0,3,2,2019-07,2019-07,https://www.mapillary.com/app/?pKey=532419818164333&focus=photo,
hard-00236,44.5616915,-72.3114775,True,wood_utility,,lean_slight,slight,none_visible,near,False,0,4,3,2019-07,2019-07,https://www.mapillary.com/app/?pKey=551039689612263&focus=photo,
hard-00237,44.562687,-72.31068,True,wood_utility,vegetation,lean_slight,slight,none_visible,touching,True,0,3,3,2017-07,2019-07,https://www.mapillary.com/app/?pKey=947652069383370&focus=photo,
hard-00238,44.562283,-72.311005,True,wood_utility,vegetation,lean_slight,slight,intact,touching,True,0,3,2,2017-07,2017-07,https://www.mapillary.com/app/?pKey=809399239681920&focus=photo,
hard-00239,44.47796,-72.39209,True,wood_utility,vegetation,,none,intact,touching,False,1,1,1,2016-07,2016-07,https://www.mapillary.com/app/?pKey=766479174015398&focus=photo,
hard-00240,44.49305,-72.31355,True,wood_utility,,,none,none_visible,near,False,1,1,1,2016-06,2016-06,https://www.mapillary.com/app/?pKey=980238699382532&focus=photo,
hard-00241,44.5672515,-72.30467,True,wood_utility,,,none,intact,near,True,1,6,4,2019-07,2019-07,https://www.mapillary.com/app/?pKey=2559540531017860&focus=photo,
hard-00242,44.56699,-72.30608,True,wood_utility,vegetation,,none,none_visible,touching,False,0,6,4,2015-07,2019-07,https://www.mapillary.com/app/?pKey=983226842214629&focus=photo,
hard-00243,44.567604,-72.30402,False,unclear,,,unclear,none_visible,near,False,0,1,1,2017-07,2017-07,https://www.mapillary.com/app/?pKey=1310338782700574&focus=photo,
hard-00244,44.56685,-72.30633,True,wood_utility,,,none,intact,near,False,0,3,2,2019-07,2019-07,https://www.mapillary.com/app/?pKey=287777589742078&focus=photo,
hard-00245,44.521008,-72.340904,True,wood_utility,,lean_slight,slight,none_visible,near,False,0,1,1,2019-07,2019-07,https://www.mapillary.com/app/?pKey=495430778178500&focus=photo,
hard-00246,44.56797,-72.30353,True,wood_utility,,,none,intact,near,False,1,3,3,2019-07,2019-07,https://www.mapillary.com/app/?pKey=1368177430210312&focus=photo,
hard-00247,44.5696527,-72.30061,True,wood_utility,,,none,intact,near,False,0,9,5,2019-07,2019-07,https://www.mapillary.com/app/?pKey=233271328134555&focus=photo,
hard-00248,44.569603,-72.30084,True,wood_utility,vegetation,,none,unclear,touching,False,1,2,2,2015-07,2019-07,https://www.mapillary.com/app/?pKey=792743191377155&focus=photo,
hard-00249,44.532257,-72.28193,True,wood_utility,vegetation,lean_slight,slight,none_visible,touching,False,1,1,1,2016-06,2018-07,https://www.mapillary.com/app/?pKey=1138823056617661&focus=photo,
hard-00250,44.531715,-72.282364,True,wood_utility,,lean_slight,slight,intact,near,False,1,1,1,2016-06,2016-06,https://www.mapillary.com/app/?pKey=322440262853273&focus=photo,
hard-00251,44.5484693,-72.3217333,True,wood_utility,vegetation,lean_slight,slight,intact,touching,False,1,3,2,2017-07,2019-07,https://www.mapillary.com/app/?pKey=1001742560363642&focus=photo,
hard-00252,44.546535,-72.32313,True,wood_utility,,lean_slight,slight,intact,near,False,0,3,3,2019-07,2019-07,https://www.mapillary.com/app/?pKey=1125385037943759&focus=photo,
hard-00253,44.5481375,-72.3219469,True,wood_utility,vegetation,lean_slight,slight,none_visible,touching,False,0,8,5,2019-07,2019-07,https://www.mapillary.com/app/?pKey=260065745877273&focus=photo,
hard-00254,44.52025,-72.34124,False,unclear,,,unclear,none_visible,unclear,False,0,2,2,2017-07,2017-07,https://www.mapillary.com/app/?pKey=203121961631211&focus=photo,
hard-00255,44.547237,-72.266075,True,wood_utility,,,none,none_visible,near,False,1,3,3,2018-07,2018-07,https://www.mapillary.com/app/?pKey=1224759664647786&focus=photo,
hard-00256,44.54814,-72.26468,True,wood_utility,,,none,none_visible,near,False,2,3,2,2019-07,2019-07,https://www.mapillary.com/app/?pKey=467393317654622&focus=photo,
hard-00257,44.54662,-72.26723,True,wood_utility,,lean_slight,slight,none_visible,near,False,1,2,1,2014-06,2016-06,https://www.mapillary.com/app/?pKey=142823541224964&focus=photo,
hard-00258,44.547066,-72.26684,True,wood_utility,,lean_slight,slight,intact,near,False,1,3,3,2016-06,2016-06,https://www.mapillary.com/app/?pKey=861900918003071&focus=photo,
hard-00259,44.547367,-72.26591,True,wood_utility,,lean_slight,slight,none_visible,near,False,1,1,1,2014-06,2016-06,https://www.mapillary.com/app/?pKey=239330187949326&focus=photo,
hard-00260,44.580772,-72.36373,True,wood_utility,,lean_slight,slight,intact,near,False,0,2,1,2014-06,2014-06,https://www.mapillary.com/app/?pKey=384144096243797&focus=photo,
hard-00261,44.58153,-72.363174,True,wood_utility,vegetation,lean_slight,slight,intact,touching,False,1,1,1,2014-06,2018-07,https://www.mapillary.com/app/?pKey=2898278960413118&focus=photo,
hard-00262,44.556664,-72.2765,True,wood_utility,,,none,none_visible,near,False,1,2,1,2017-07,2017-07,https://www.mapillary.com/app/?pKey=314821880296703&focus=photo,
hard-00263,44.581367,-72.36331,True,wood_utility,lean,,moderate,intact,near,False,0,3,2,2018-07,2018-07,https://www.mapillary.com/app/?pKey=505425320897779&focus=photo,
hard-00264,44.582,-72.36304,True,wood_utility,,,none,none_visible,near,False,0,2,2,2018-07,2018-07,https://www.mapillary.com/app/?pKey=1847082962134234&focus=photo,
hard-00265,44.517334,-72.379105,True,wood_utility,lean,,severe,none_visible,near,False,1,3,3,2018-07,2018-07,https://www.mapillary.com/app/?pKey=250912406798909&focus=photo,
hard-00266,44.5186857,-72.3778267,True,wood_utility,,lean_slight,slight,unclear,near,False,1,3,2,2014-06,2018-06,https://www.mapillary.com/app/?pKey=1144908112645083&focus=photo,
hard-00267,44.519764,-72.37696,True,wood_utility,,,none,intact,near,False,1,3,2,2016-07,2016-07,https://www.mapillary.com/app/?pKey=2888749088030096&focus=photo,
hard-00268,44.516994,-72.379074,True,wood_utility,,lean_slight,slight,intact,near,False,0,3,3,2018-07,2018-07,https://www.mapillary.com/app/?pKey=960101338099009&focus=photo,
hard-00269,44.518517,-72.37798,True,wood_utility,,,none,none_visible,none,False,0,2,2,2016-07,2016-07,https://www.mapillary.com/app/?pKey=3555643897993203&focus=photo,
hard-00270,44.579086,-72.36518,True,wood_utility,vegetation,,unclear,unclear,touching,False,0,1,1,2014-06,2016-07,https://www.mapillary.com/app/?pKey=1296823604048349&focus=photo,
hard-00271,44.516942,-72.3791283,True,wood_utility,,lean_slight,slight,intact,near,False,1,9,7,2018-07,2018-07,https://www.mapillary.com/app/?pKey=1129915487475375&focus=photo,
hard-00272,44.520153,-72.37648,True,wood_utility,,lean_slight,slight,intact,near,False,1,3,3,2018-06,2018-06,https://www.mapillary.com/app/?pKey=163402989078759&focus=photo,
hard-00273,44.5203625,-72.376162,True,wood_utility,,lean_slight,slight,intact,near,False,1,6,3,2018-07,2018-07,https://www.mapillary.com/app/?pKey=324843329130225&focus=photo,
hard-00274,44.519882,-72.376785,True,wood_utility,,,none,none_visible,near,False,1,2,2,2016-07,2016-07,https://www.mapillary.com/app/?pKey=835237723752663&focus=photo,
hard-00275,44.518116,-72.37821,True,wood_utility,,lean_slight,slight,intact,none,False,1,3,2,2018-07,2018-07,https://www.mapillary.com/app/?pKey=4403946306311715&focus=photo,
hard-00276,44.5174262,-72.37883,True,wood_utility,,,none,intact,near,False,1,5,3,2018-06,2018-07,https://www.mapillary.com/app/?pKey=510876993292405&focus=photo,
hard-00277,44.579525,-72.3648,True,wood_utility,vegetation,lean_slight,slight,intact,touching,False,0,3,2,2016-07,2016-07,https://www.mapillary.com/app/?pKey=479810576578663&focus=photo,
hard-00278,44.546097,-72.37286,True,wood_utility,,,none,intact,none,False,0,3,2,2016-07,2016-07,https://www.mapillary.com/app/?pKey=3080881495494807&focus=photo,
hard-00279,44.547756,-72.3723,True,wood_utility,,,none,none_visible,near,False,1,2,1,2016-07,2018-07,https://www.mapillary.com/app/?pKey=479899566416176&focus=photo,
hard-00280,44.5176,-72.37877,True,wood_utility,,lean_slight,slight,none_visible,near,False,2,1,1,2014-06,2016-07,https://www.mapillary.com/app/?pKey=1051379998724542&focus=photo,
hard-00281,44.51883,-72.37763,True,wood_utility,,lean_slight,slight,intact,near,False,1,3,2,2016-07,2016-07,https://www.mapillary.com/app/?pKey=298253541778505&focus=photo,
hard-00282,44.583153,-72.29698,True,wood_utility,vegetation,,none,unclear,touching,False,0,1,1,2015-07,2019-07,https://www.mapillary.com/app/?pKey=1407580996295303&focus=photo,
hard-00283,44.483177,-72.3841,True,wood_utility,,lean_slight,slight,intact,near,False,0,3,2,2016-07,2018-07,https://www.mapillary.com/app/?pKey=327415558738857&focus=photo,
hard-00284,44.48485,-72.38221,True,wood_utility,,,none,intact,none,False,0,3,2,2016-07,2016-07,https://www.mapillary.com/app/?pKey=238902798004197&focus=photo,
hard-00285,44.48512,-72.381905,True,wood_utility,,lean_slight,slight,intact,near,False,1,3,2,2018-07,2018-07,https://www.mapillary.com/app/?pKey=313586336897837&focus=photo,
hard-00286,44.4836518,-72.3836116,True,wood_utility,,lean_slight,slight,intact,near,False,1,5,5,2018-07,2018-07,https://www.mapillary.com/app/?pKey=481717179712759&focus=photo,
hard-00287,44.484245,-72.38292,True,wood_utility,,,none,intact,near,False,0,1,1,2016-07,2018-06,https://www.mapillary.com/app/?pKey=3778529812270238&focus=photo,
hard-00288,44.484943,-72.38212,True,wood_utility,,lean_slight,slight,intact,near,False,1,3,2,2016-07,2016-07,https://www.mapillary.com/app/?pKey=506407560507175&focus=photo,
hard-00289,44.4840035,-72.383143,True,wood_utility,,,none,intact,near,False,0,6,4,2018-07,2018-07,https://www.mapillary.com/app/?pKey=235021195049727&focus=photo,
hard-00290,44.48502,-72.382034,True,wood_utility,,,none,intact,near,False,1,3,2,2016-07,2016-07,https://www.mapillary.com/app/?pKey=538619600493413&focus=photo,
hard-00291,44.48231,-72.38504,True,wood_utility,,lean_slight,slight,none_visible,near,False,0,1,1,2016-07,2016-07,https://www.mapillary.com/app/?pKey=224208509187426&focus=photo,
hard-00292,44.485706,-72.38157,True,wood_utility,,,none,intact,none,False,2,3,3,2018-06,2018-06,https://www.mapillary.com/app/?pKey=849612582337993&focus=photo,
hard-00293,44.484768,-72.38227,True,wood_utility,,,none,intact,near,False,0,3,3,2018-07,2018-07,https://www.mapillary.com/app/?pKey=1133854580454793&focus=photo,
hard-00294,44.481862,-72.385535,True,wood_utility,,,none,intact,near,False,1,6,3,2014-07,2018-07,https://www.mapillary.com/app/?pKey=382838603059663&focus=photo,
hard-00295,44.4844,-72.382675,True,wood_utility,,,none,intact,none,False,0,3,3,2018-07,2018-07,https://www.mapillary.com/app/?pKey=960323314727597&focus=photo,
hard-00296,44.485394,-72.38174,True,wood_utility,,,none,intact,near,False,0,3,2,2014-07,2016-07,https://www.mapillary.com/app/?pKey=483084746103208&focus=photo,
hard-00297,44.52619,-72.28847,True,wood_utility,,lean_slight,slight,intact,near,False,1,3,3,2018-07,2018-07,https://www.mapillary.com/app/?pKey=223361085962340&focus=photo,
hard-00298,44.52516,-72.29053,True,wood_utility,,lean_slight,slight,intact,near,False,0,6,4,2018-07,2018-07,https://www.mapillary.com/app/?pKey=1156404794787746&focus=photo,
hard-00299,44.52516,-72.291916,True,wood_utility,,lean_slight,slight,none_visible,none,False,0,3,3,2018-07,2018-07,https://www.mapillary.com/app/?pKey=595879068060532&focus=photo,
hard-00300,44.5248,-72.29363,True,wood_utility,,,none,intact,near,False,1,3,3,2016-06,2018-07,https://www.mapillary.com/app/?pKey=325011975695202&focus=photo,
hard-00301,44.525146,-72.29094,True,wood_utility,vegetation,,none,intact,touching,False,1,3,1,2016-06,2016-06,https://www.mapillary.com/app/?pKey=176743831117969&focus=photo,
hard-00302,44.524952,-72.29306,True,wood_utility,,,none,intact,near,False,1,1,1,2016-06,2016-06,https://www.mapillary.com/app/?pKey=516422929698454&focus=photo,
hard-00303,44.524995,-72.2920003,True,wood_utility,,,none,none_visible,near,False,1,4,2,2018-07,2018-07,https://www.mapillary.com/app/?pKey=595879068060532&focus=photo,
hard-00304,44.525414,-72.289566,True,wood_utility,,,none,intact,near,True,1,3,3,2018-07,2018-07,https://www.mapillary.com/app/?pKey=846996746232349&focus=photo,
hard-00305,44.525063,-72.29155,True,wood_utility,,lean_slight,slight,intact,near,False,1,3,2,2016-06,2016-06,https://www.mapillary.com/app/?pKey=226783522223469&focus=photo,
hard-00306,44.524776,-72.29373,True,wood_utility,,,none,intact,none,False,1,3,3,2018-07,2018-07,https://www.mapillary.com/app/?pKey=251718526712019&focus=photo,
hard-00307,44.5257785,-72.28891,True,wood_utility,vegetation,lean_slight,slight,intact,touching,False,0,6,5,2016-06,2018-07,https://www.mapillary.com/app/?pKey=3060444560842682&focus=photo,
hard-00308,44.524624,-72.29433,True,wood_utility,,,none,intact,near,False,1,3,3,2016-06,2018-07,https://www.mapillary.com/app/?pKey=760856994496270&focus=photo,
hard-00309,44.524567,-72.294395,True,wood_utility,vegetation,lean_slight,slight,none_visible,touching,False,0,3,3,2018-07,2018-07,https://www.mapillary.com/app/?pKey=4004977952902513&focus=photo,
hard-00310,44.524296,-72.29536,True,wood_utility,,lean_slight,slight,intact,near,False,2,1,1,2016-06,2016-06,https://www.mapillary.com/app/?pKey=956483898448821&focus=photo,
hard-00311,44.52467,-72.29417,True,wood_utility,,lean_slight,slight,intact,near,False,1,3,3,2016-06,2018-07,https://www.mapillary.com/app/?pKey=156588546435437&focus=photo,
hard-00312,44.524498,-72.294754,True,wood_utility,vegetation,,none,intact,touching,False,1,3,2,2016-06,2016-06,https://www.mapillary.com/app/?pKey=331804155214276&focus=photo,
hard-00313,44.524172,-72.295662,True,wood_utility,,,none,intact,near,False,0,6,6,2018-07,2018-07,https://www.mapillary.com/app/?pKey=3849330741832238&focus=photo,
hard-00314,44.524548,-72.29497,True,wood_utility,,lean_slight,slight,none_visible,near,False,0,3,3,2018-07,2018-07,https://www.mapillary.com/app/?pKey=529297421570946&focus=photo,
hard-00315,44.524334,-72.29526,True,wood_utility,,,none,intact,near,False,1,1,1,2016-06,2018-07,https://www.mapillary.com/app/?pKey=328508898786305&focus=photo,
hard-00316,44.52504,-72.29191,True,wood_utility,,,none,none_visible,near,False,1,2,2,2018-07,2018-07,https://www.mapillary.com/app/?pKey=238221371395957&focus=photo,
hard-00317,44.52486,-72.29303,False,unclear,,,unclear,none_visible,none,False,0,1,1,2016-06,2016-06,https://www.mapillary.com/app/?pKey=4352221178145331&focus=photo,
hard-00318,44.533806,-72.33284,True,wood_utility,vegetation,,none,none_visible,touching,False,0,1,1,2019-07,2019-07,https://www.mapillary.com/app/?pKey=1151749201915437&focus=photo,
hard-00319,44.532375,-72.33369,True,wood_utility,vegetation,lean_slight,slight,none_visible,touching,False,0,1,1,2019-07,2019-07,https://www.mapillary.com/app/?pKey=476798553402185&focus=photo,
hard-00320,44.48015,-72.30187,True,wood_utility,,,none,none_visible,near,False,0,2,1,2016-06,2018-07,https://www.mapillary.com/app/?pKey=324967095672389&focus=photo,
hard-00321,44.53178,-72.33481,True,wood_utility,,,none,intact,near,False,0,3,1,2019-07,2019-07,https://www.mapillary.com/app/?pKey=1822534044574974&focus=photo,
hard-00322,44.534657,-72.433395,True,wood_utility,,lean_slight,slight,none_visible,none,False,0,1,1,2016-06,2018-07,https://www.mapillary.com/app/?pKey=528983348482668&focus=photo,
hard-00323,44.501404,-72.37225,True,wood_utility,,,unclear,none_visible,near,False,1,3,3,2016-07,2016-07,https://www.mapillary.com/app/?pKey=325030075939100&focus=photo,
hard-00324,44.5033233,-72.369221,True,wood_utility,,,none,intact,near,False,2,12,4,2018-06,2018-06,https://www.mapillary.com/app/?pKey=893139747901789&focus=photo,
hard-00325,44.54278,-72.374146,True,wood_utility,,lean_slight,slight,intact,near,False,0,2,1,2018-07,2018-07,https://www.mapillary.com/app/?pKey=1864905647012039&focus=photo,
hard-00326,44.503662,-72.36849,True,wood_utility,,,none,intact,near,False,2,3,3,2016-07,2016-07,https://www.mapillary.com/app/?pKey=143231177799592&focus=photo,
hard-00327,44.538704,-72.37392,False,unclear,,,unclear,unclear,unclear,False,0,2,1,2016-07,2016-07,https://www.mapillary.com/app/?pKey=819152978712042&focus=photo,
hard-00328,44.5034,-72.36891,True,wood_utility,,,none,none_visible,near,False,0,3,3,2018-07,2018-07,https://www.mapillary.com/app/?pKey=153848270089886&focus=photo,
hard-00329,44.5011675,-72.3720588,True,wood_utility,vegetation,,none,intact,touching,False,1,4,3,2018-07,2018-07,https://www.mapillary.com/app/?pKey=222575646063062&focus=photo,
hard-00330,44.517086,-72.34189,True,wood_utility,,lean_slight,slight,intact,near,False,1,2,1,2017-07,2017-07,https://www.mapillary.com/app/?pKey=313116230390254&focus=photo,
hard-00331,44.50083,-72.372025,True,wood_utility,,,none,intact,near,False,1,3,3,2018-07,2018-07,https://www.mapillary.com/app/?pKey=803845086928604&focus=photo,
hard-00332,44.50225,-72.3712717,True,wood_utility,,lean_slight,slight,intact,near,False,1,9,5,2018-06,2018-06,https://www.mapillary.com/app/?pKey=859580998275339&focus=photo,
hard-00333,44.533756,-72.37427,True,wood_utility,,lean_slight,slight,intact,near,False,0,1,1,2016-07,2016-07,https://www.mapillary.com/app/?pKey=213977353673756&focus=photo,
hard-00334,44.501217,-72.372185,False,unclear,,,unclear,none_visible,unclear,False,0,2,2,2018-07,2018-07,https://www.mapillary.com/app/?pKey=1162586927498663&focus=photo,
hard-00335,44.5013711,-72.3720336,True,wood_utility,vegetation,,none,intact,touching,False,1,7,4,2018-07,2018-07,https://www.mapillary.com/app/?pKey=382014776474340&focus=photo,
hard-00336,44.53312,-72.3742347,True,wood_utility,,,none,none_visible,none,False,1,3,3,2016-07,2018-07,https://www.mapillary.com/app/?pKey=1448116465520919&focus=photo,
hard-00337,44.532932,-72.37429,True,wood_utility,,lean_slight,slight,intact,near,True,1,3,1,2018-06,2018-06,https://www.mapillary.com/app/?pKey=1210253509435527&focus=photo,
hard-00338,44.53342,-72.37426,True,wood_utility,vegetation,lean_slight,slight,intact,touching,False,0,3,1,2014-06,2014-06,https://www.mapillary.com/app/?pKey=300589218274188&focus=photo,
hard-00339,44.536953,-72.37428,True,wood_utility,vegetation,,none,unclear,touching,False,1,1,1,2018-07,2018-07,https://www.mapillary.com/app/?pKey=482607243165605&focus=photo,
hard-00340,44.5333,-72.37426,True,wood_utility,vegetation,lean_slight,slight,unclear,touching,False,1,3,2,2014-06,2016-07,https://www.mapillary.com/app/?pKey=1008158629721835&focus=photo,
hard-00341,44.538013,-72.37423,True,wood_utility,,lean_slight,slight,intact,near,False,1,3,2,2016-07,2016-07,https://www.mapillary.com/app/?pKey=2015125705303506&focus=photo,
hard-00342,44.536285,-72.37415,True,wood_utility,vegetation,lean_slight,slight,intact,touching,False,1,3,3,2018-06,2018-06,https://www.mapillary.com/app/?pKey=382709983107253&focus=photo,
hard-00343,44.536697,-72.37423,True,wood_utility,vegetation,,none,none_visible,touching,False,0,1,1,2016-07,2018-06,https://www.mapillary.com/app/?pKey=306737354288030&focus=photo,
hard-00344,44.534607,-72.374176,True,wood_utility,,lean_slight,slight,intact,near,False,0,3,1,2016-07,2016-07,https://www.mapillary.com/app/?pKey=191649829382656&focus=photo,
hard-00345,44.53357,-72.3743,True,wood_utility,lean,,moderate,intact,near,False,0,3,2,2018-06,2018-06,https://www.mapillary.com/app/?pKey=329594248845135&focus=photo,
hard-00346,44.532922,-72.37411,True,wood_utility,,,none,none_visible,near,False,0,4,3,2018-07,2018-07,https://www.mapillary.com/app/?pKey=4322584304476193&focus=photo,
hard-00347,44.53426,-72.37432,True,wood_utility,,lean_slight,slight,intact,near,False,1,3,3,2018-07,2018-07,https://www.mapillary.com/app/?pKey=295470848787782&focus=photo,
hard-00348,44.536755,-72.374344,True,wood_utility,,,none,intact,near,False,0,3,3,2018-07,2018-07,https://www.mapillary.com/app/?pKey=1155402191639262&focus=photo,
hard-00349,44.543785,-72.37381,False,unclear,vegetation,,unclear,unclear,touching,False,0,1,1,2016-07,2018-07,https://www.mapillary.com/app/?pKey=346332600181611&focus=photo,
hard-00350,44.53542,-72.374146,True,wood_utility,,,none,intact,near,False,1,3,3,2018-07,2018-07,https://www.mapillary.com/app/?pKey=1477899795892578&focus=photo,
hard-00351,44.53477,-72.37416,True,wood_utility,,lean_slight,slight,intact,near,False,0,3,3,2018-06,2018-06,https://www.mapillary.com/app/?pKey=1419830391713677&focus=photo,
hard-00352,44.512558,-72.3738,True,wood_utility,,,none,unclear,near,True,1,3,2,2018-07,2018-07,https://www.mapillary.com/app/?pKey=485576609206671&focus=photo,
hard-00353,44.5089216,-72.3720207,True,wood_utility,,,none,intact,near,False,1,7,4,2018-07,2018-07,https://www.mapillary.com/app/?pKey=159106762844512&focus=photo,
hard-00354,44.51117,-72.373285,True,wood_utility,vegetation,lean_slight,slight,none_visible,touching,False,1,6,5,2018-07,2018-07,https://www.mapillary.com/app/?pKey=609604073765941&focus=photo,
hard-00355,44.537437,-72.37429,True,wood_utility,,lean_slight,slight,intact,near,True,0,3,3,2018-06,2018-06,https://www.mapillary.com/app/?pKey=844359416435207&focus=photo,
hard-00356,44.51254,-72.37353,True,wood_utility,,,none,intact,near,False,0,3,2,2014-06,2016-06,https://www.mapillary.com/app/?pKey=4226716987368064&focus=photo,
hard-00357,44.51248,-72.373795,True,wood_utility,,,unclear,unclear,near,False,1,2,2,2016-06,2016-06,https://www.mapillary.com/app/?pKey=525926851873276&focus=photo,
hard-00358,44.533955,-72.37427,True,wood_utility,,lean_slight,slight,intact,near,False,0,3,3,2014-06,2016-07,https://www.mapillary.com/app/?pKey=889860784925643&focus=photo,
hard-00359,44.53368,-72.280754,True,wood_utility,,,none,intact,near,False,1,1,1,2014-06,2018-07,https://www.mapillary.com/app/?pKey=1411365275892214&focus=photo,
hard-00360,44.53506,-72.27878,True,wood_utility,,lean_slight,slight,intact,near,False,0,3,3,2018-07,2018-07,https://www.mapillary.com/app/?pKey=2865400420440986&focus=photo,
hard-00361,44.534193,-72.280292,True,wood_utility,,,none,intact,none,False,1,6,3,2018-07,2018-07,https://www.mapillary.com/app/?pKey=1001246863746401&focus=photo,
hard-00362,44.5345818,-72.2795792,True,wood_utility,,,none,intact,none,False,1,4,3,2018-07,2018-07,https://www.mapillary.com/app/?pKey=393889081789557&focus=photo,
hard-00363,44.492363,-72.31329,True,wood_utility,,lean_slight,slight,none_visible,near,False,0,3,2,2016-06,2016-06,https://www.mapillary.com/app/?pKey=512793216736706&focus=photo,
hard-00364,44.49222,-72.31313,True,wood_utility,,,none,none_visible,near,False,0,1,1,2016-06,2016-06,https://www.mapillary.com/app/?pKey=3935097146586596&focus=photo,
hard-00365,44.4897392,-72.310748,True,wood_utility,vegetation,lean_slight,slight,none_visible,touching,False,0,5,4,2018-07,2018-07,https://www.mapillary.com/app/?pKey=1879053445606487&focus=photo,
hard-00366,44.492165,-72.31302,True,wood_utility,,,none,none_visible,near,False,0,2,2,2016-06,2016-06,https://www.mapillary.com/app/?pKey=230592348828098&focus=photo,
hard-00367,44.491737,-72.31268,True,wood_utility,vegetation,lean_slight,slight,none_visible,touching,False,0,3,3,2016-06,2016-06,https://www.mapillary.com/app/?pKey=305605944538364&focus=photo,
hard-00368,44.488964,-72.310425,True,wood_utility,vegetation,lean_slight,slight,none_visible,touching,False,0,3,3,2018-07,2018-07,https://www.mapillary.com/app/?pKey=485045639465695&focus=photo,
hard-00369,44.505926,-72.354956,True,wood_utility,,lean_slight,slight,intact,near,False,0,5,4,2019-07,2019-07,https://www.mapillary.com/app/?pKey=3658743230893789&focus=photo,
hard-00370,44.50554,-72.35792,True,wood_utility,,,none,intact,near,False,1,3,2,2017-07,2017-07,https://www.mapillary.com/app/?pKey=225871469300241&focus=photo,
hard-00371,44.505436,-72.35932,True,wood_utility,,,none,intact,near,False,1,2,2,2017-07,2017-07,https://www.mapillary.com/app/?pKey=177598740963811&focus=photo,
hard-00372,44.569866,-72.3002425,True,wood_utility,,,none,intact,near,False,1,6,3,2019-07,2019-07,https://www.mapillary.com/app/?pKey=286673253158037&focus=photo,
hard-00373,44.569122,-72.30194,False,unclear,,,unclear,none_visible,unclear,False,0,1,1,2017-07,2017-07,https://www.mapillary.com/app/?pKey=204792691467554&focus=photo,
hard-00374,44.570456,-72.299465,True,wood_utility,,,none,none_visible,near,False,0,6,4,2019-07,2019-07,https://www.mapillary.com/app/?pKey=918709868698765&focus=photo,
hard-00375,44.56769,-72.3038,False,unclear,,,unclear,none_visible,near,False,0,1,1,2017-07,2017-07,https://www.mapillary.com/app/?pKey=322751056046946&focus=photo,
hard-00376,44.567406,-72.30446,True,wood_utility,,lean_slight,slight,intact,near,False,1,2,2,2017-07,2019-07,https://www.mapillary.com/app/?pKey=537964177199320&focus=photo,
hard-00377,44.569656,-72.30071,True,wood_utility,,,none,intact,near,True,0,1,1,2017-07,2019-07,https://www.mapillary.com/app/?pKey=184435890246936&focus=photo,
hard-00378,44.57009,-72.29984,True,wood_utility,vegetation,lean_slight,slight,intact,touching,False,1,3,2,2019-07,2019-07,https://www.mapillary.com/app/?pKey=4267335713306307&focus=photo,
hard-00379,44.569527,-72.3012,False,unclear,,,unclear,none_visible,near,False,0,2,2,2017-07,2017-07,https://www.mapillary.com/app/?pKey=376926623735620&focus=photo,
hard-00380,44.56789,-72.30363,True,wood_utility,,,none,intact,near,False,0,3,1,2017-07,2017-07,https://www.mapillary.com/app/?pKey=1014514842639242&focus=photo,
hard-00381,44.553654,-72.36941,True,wood_utility,,lean_slight,slight,intact,none,False,0,1,1,2016-07,2018-06,https://www.mapillary.com/app/?pKey=5509464212460164&focus=photo,
hard-00382,44.543884,-72.26885,True,wood_utility,,,none,none_visible,near,False,0,1,1,2018-07,2018-07,https://www.mapillary.com/app/?pKey=964053220804107&focus=photo,
hard-00383,44.50602,-72.35353,True,wood_utility,vegetation,,none,unclear,touching,False,0,2,2,2015-07,2017-07,https://www.mapillary.com/app/?pKey=376784123767115&focus=photo,
hard-00384,44.4838,-72.30494,True,wood_utility,,lean_slight,slight,intact,near,False,0,1,1,2016-06,2016-06,https://www.mapillary.com/app/?pKey=783597528991969&focus=photo,
hard-00385,44.486637,-72.30892,True,wood_utility,vegetation,,none,none_visible,touching,False,0,3,3,2018-07,2018-07,https://www.mapillary.com/app/?pKey=209757240980828&focus=photo,
hard-00386,44.482,-72.302826,True,wood_utility,vegetation,lean_slight,slight,unclear,touching,False,0,2,2,2014-07,2018-07,https://www.mapillary.com/app/?pKey=775668279782814&focus=photo,
hard-00387,44.482334,-72.30307,True,wood_utility,,lean_slight,slight,none_visible,near,False,2,3,3,2018-07,2018-07,https://www.mapillary.com/app/?pKey=2385216424956703&focus=photo,
hard-00388,44.481067,-72.302145,True,wood_utility,vegetation,lean_slight,slight,intact,touching,False,1,6,4,2018-07,2018-07,https://www.mapillary.com/app/?pKey=307363214399012&focus=photo,
hard-00389,44.48357,-72.304487,True,wood_utility,,lean_slight,slight,none_visible,near,False,0,6,5,2018-07,2018-07,https://www.mapillary.com/app/?pKey=909782493133462&focus=photo,
hard-00390,44.4794566,-72.3016571,True,wood_utility,vegetation,,none,none_visible,touching,False,1,7,4,2018-07,2018-07,https://www.mapillary.com/app/?pKey=152088083601634&focus=photo,
hard-00391,44.481747,-72.30252,True,wood_utility,vegetation,lean_slight,slight,none_visible,touching,False,1,3,3,2018-07,2018-07,https://www.mapillary.com/app/?pKey=962877504565452&focus=photo,
hard-00392,44.4837,-72.30472,True,wood_utility,,lean_slight,slight,none_visible,near,False,1,3,1,2016-06,2016-06,https://www.mapillary.com/app/?pKey=854188161844055&focus=photo,
hard-00393,44.479965,-72.30184,True,wood_utility,,lean_slight,slight,none_visible,near,False,0,2,2,2016-06,2018-07,https://www.mapillary.com/app/?pKey=831948374115153&focus=photo,
hard-00394,44.4842136,-72.30537,True,wood_utility,,lean_slight,slight,none_visible,near,False,1,5,4,2018-07,2018-07,https://www.mapillary.com/app/?pKey=955700425283845&focus=photo,
hard-00395,44.480286,-72.3019,True,wood_utility,,lean_slight,slight,intact,near,False,0,3,3,2018-07,2018-07,https://www.mapillary.com/app/?pKey=3349911978568625&focus=photo,
hard-00396,44.48262,-72.30344,True,wood_utility,,lean_slight,slight,intact,near,False,1,1,1,2016-06,2016-06,https://www.mapillary.com/app/?pKey=817920849157614&focus=photo,
hard-00397,44.57046,-72.36564,True,wood_utility,vegetation,,none,intact,touching,False,0,3,2,2018-06,2018-06,https://www.mapillary.com/app/?pKey=1489769874748448&focus=photo,
hard-00398,44.56908,-72.366196,True,wood_utility,,lean_slight,slight,intact,near,False,0,3,3,2016-07,2016-07,https://www.mapillary.com/app/?pKey=993978841411096&focus=photo,
hard-00399,44.566906,-72.36656,True,wood_utility,,lean_slight,slight,intact,near,False,0,2,1,2018-07,2018-07,https://www.mapillary.com/app/?pKey=182023100496780&focus=photo,
hard-00400,44.567398,-72.36656,True,wood_utility,,,none,intact,near,False,0,3,2,2018-07,2018-07,https://www.mapillary.com/app/?pKey=1963063687184836&focus=photo,
hard-00401,44.57126,-72.3654,True,wood_utility,,lean_slight,slight,unclear,near,False,0,2,2,2018-06,2018-06,https://www.mapillary.com/app/?pKey=325343145879077&focus=photo,
hard-00402,44.57134,-72.365456,True,wood_utility,vegetation,lean_slight,slight,intact,touching,False,0,3,3,2018-07,2018-07,https://www.mapillary.com/app/?pKey=3985275301548704&focus=photo,
hard-00403,44.567802,-72.36635,True,wood_utility,vegetation,,unclear,none_visible,touching,False,0,2,2,2014-06,2018-06,https://www.mapillary.com/app/?pKey=321227796283599&focus=photo,
hard-00404,44.56974,-72.36593,True,wood_utility,,lean_slight,slight,intact,near,False,0,3,3,2018-06,2018-06,https://www.mapillary.com/app/?pKey=322290472737214&focus=photo,
hard-00405,44.57214,-72.365265,True,wood_utility,,,none,intact,near,False,0,2,2,2014-06,2016-07,https://www.mapillary.com/app/?pKey=319019266439543&focus=photo,
hard-00406,44.5704375,-72.3654675,True,wood_utility,vegetation,lean_slight,slight,none_visible,touching,False,0,8,4,2014-06,2018-07,https://www.mapillary.com/app/?pKey=1668534589995814&focus=photo,
hard-00407,44.569824,-72.3659,False,unclear,,,unclear,unclear,unclear,False,0,2,2,2016-07,2016-07,https://www.mapillary.com/app/?pKey=326823248906287&focus=photo,
hard-00408,44.48348,-72.30425,True,wood_utility,,lean_slight,slight,none_visible,near,False,0,1,1,2014-07,2018-07,https://www.mapillary.com/app/?pKey=2847791435535690&focus=photo,
hard-00409,44.483053,-72.303865,True,wood_utility,,lean_slight,slight,none_visible,near,False,1,6,4,2018-07,2018-07,https://www.mapillary.com/app/?pKey=529364181394558&focus=photo,
hard-00410,44.568066,-72.366394,True,wood_utility,vegetation,lean_slight,slight,unclear,touching,False,0,1,1,2018-07,2018-07,https://www.mapillary.com/app/?pKey=201515375029434&focus=photo,
hard-00411,44.568413,-72.36645,True,wood_utility,,lean_slight,slight,intact,near,False,0,3,3,2018-06,2018-06,https://www.mapillary.com/app/?pKey=214255687187574&focus=photo,
hard-00412,44.574814,-72.29375,True,wood_utility,vegetation,,none,unclear,touching,False,1,1,1,2019-07,2019-07,https://www.mapillary.com/app/?pKey=476606877006097&focus=photo,
hard-00413,44.574154,-72.29343,True,wood_utility,vegetation,,none,intact,touching,False,0,2,2,2017-07,2019-07,https://www.mapillary.com/app/?pKey=846844182613408&focus=photo,
hard-00414,44.574097,-72.29328,True,wood_utility,,lean_slight,slight,unclear,near,False,0,2,2,2017-07,2019-07,https://www.mapillary.com/app/?pKey=470199267575077&focus=photo,
hard-00415,44.574734,-72.29373,True,wood_utility,vegetation,,none,none_visible,touching,False,0,1,1,2017-07,2017-07,https://www.mapillary.com/app/?pKey=841184813153323&focus=photo,
hard-00416,44.573727,-72.293396,True,wood_utility,vegetation,lean_slight,slight,none_visible,touching,False,1,2,1,2017-07,2017-07,https://www.mapillary.com/app/?pKey=920964978755240&focus=photo,
hard-00417,44.575733,-72.2942,True,wood_utility,lean,,moderate,none_visible,none,False,2,1,1,2017-07,2017-07,https://www.mapillary.com/app/?pKey=188207873072070&focus=photo,
hard-00418,44.57605,-72.29436,True,wood_utility,,,none,intact,near,False,1,2,1,2017-07,2017-07,https://www.mapillary.com/app/?pKey=743198239705884&focus=photo,
hard-00419,44.55247,-72.31866,True,wood_utility,,,none,none_visible,near,False,1,2,1,2019-07,2019-07,https://www.mapillary.com/app/?pKey=195770322405664&focus=photo,
hard-00420,44.5539515,-72.317375,True,wood_utility,vegetation,lean_slight,slight,none_visible,touching,False,0,6,3,2019-07,2019-07,https://www.mapillary.com/app/?pKey=376333373849558&focus=photo,
hard-00421,44.556683,-72.315315,True,wood_utility,vegetation,lean_slight,slight,none_visible,touching,False,1,3,1,2017-07,2017-07,https://www.mapillary.com/app/?pKey=2894682244181026&focus=photo,
hard-00422,44.5535,-72.31773,True,wood_utility,vegetation,,none,intact,touching,False,0,3,1,2017-07,2017-07,https://www.mapillary.com/app/?pKey=478048993428819&focus=photo,
hard-00423,44.554417,-72.316986,True,wood_utility,,,none,none_visible,near,False,0,2,1,2017-07,2017-07,https://www.mapillary.com/app/?pKey=901904387053157&focus=photo,
hard-00424,44.5529493,-72.31825,True,wood_utility,,,none,none_visible,near,False,1,9,6,2019-07,2019-07,https://www.mapillary.com/app/?pKey=464344564632706&focus=photo,
hard-00425,44.52244,-72.41381,True,wood_utility,,,none,unclear,near,False,0,1,1,2014-06,2016-06,https://www.mapillary.com/app/?pKey=776195893098713&focus=photo,
hard-00426,44.54601,-72.32352,True,wood_utility,,,none,intact,near,False,1,3,3,2019-07,2019-07,https://www.mapillary.com/app/?pKey=504924547217688&focus=photo,
hard-00427,44.543827,-72.325356,True,wood_utility,,,none,none_visible,none,False,1,3,3,2019-07,2019-07,https://www.mapillary.com/app/?pKey=886607591945228&focus=photo,
hard-00428,44.54764,-72.3223,True,wood_utility,vegetation,lean_slight,slight,intact,touching,False,0,3,2,2013-09,2019-07,https://www.mapillary.com/app/?pKey=520554038967453&focus=photo,
hard-00429,44.544052,-72.32528,True,wood_utility,,,none,none_visible,near,False,0,1,1,2019-07,2019-07,https://www.mapillary.com/app/?pKey=329299915218221&focus=photo,
hard-00430,44.545467,-72.323925,True,wood_utility,,,none,intact,near,False,1,6,3,2019-07,2019-07,https://www.mapillary.com/app/?pKey=2700225870267571&focus=photo,
hard-00431,44.54579,-72.323715,False,unclear,,,unclear,none_visible,unclear,False,0,2,1,2019-07,2019-07,https://www.mapillary.com/app/?pKey=4185369458150295&focus=photo,
hard-00432,44.54446,-72.32486,True,wood_utility,vegetation,,none,none_visible,touching,False,1,3,2,2019-07,2019-07,https://www.mapillary.com/app/?pKey=503029440991325&focus=photo,
hard-00433,44.543415,-72.32568,True,wood_utility,vegetation,,none,none_visible,touching,False,0,3,3,2019-07,2019-07,https://www.mapillary.com/app/?pKey=329587982103742&focus=photo,
hard-00434,44.547092,-72.322716,True,wood_utility,vegetation,lean_slight,slight,intact,touching,False,0,3,2,2017-07,2017-07,https://www.mapillary.com/app/?pKey=782713595744352&focus=photo,
hard-00435,44.54295,-72.32601,True,wood_utility,,lean_slight,slight,intact,near,False,1,3,3,2019-07,2019-07,https://www.mapillary.com/app/?pKey=229872211863913&focus=photo,
hard-00436,44.544926,-72.32433,True,wood_utility,,lean_slight,slight,none_visible,near,False,0,3,3,2019-07,2019-07,https://www.mapillary.com/app/?pKey=491814218629728&focus=photo,
hard-00437,44.50777,-72.31732,True,wood_utility,vegetation,,none,none_visible,touching,False,2,3,2,2018-07,2018-07,https://www.mapillary.com/app/?pKey=507026200734205&focus=photo,
hard-00438,44.545887,-72.37312,True,wood_utility,,lean_slight,slight,none_visible,near,False,1,3,2,2018-07,2018-07,https://www.mapillary.com/app/?pKey=289528596198963&focus=photo,
hard-00439,44.532764,-72.33376,True,wood_utility,,lean_slight,slight,intact,near,False,0,3,1,2019-07,2019-07,https://www.mapillary.com/app/?pKey=1919778358187222&focus=photo,
hard-00440,44.474457,-72.28963,True,wood_utility,,,none,none_visible,near,False,0,2,2,2016-06,2016-06,https://www.mapillary.com/app/?pKey=312965110408076&focus=photo,
hard-00441,44.474255,-72.29006,True,wood_utility,,lean_slight,slight,none_visible,near,False,0,3,3,2016-06,2016-06,https://www.mapillary.com/app/?pKey=277079810812451&focus=photo,
hard-00442,44.474434,-72.2903,True,wood_utility,,,none,none_visible,near,False,0,3,2,2018-07,2018-07,https://www.mapillary.com/app/?pKey=505133754164303&focus=photo,
hard-00443,44.474361,-72.28995,True,wood_utility,,,none,none_visible,near,False,0,8,5,2018-07,2018-07,https://www.mapillary.com/app/?pKey=292033512567954&focus=photo,
hard-00444,44.549814,-72.37045,True,wood_utility,,lean_slight,slight,intact,none,False,1,6,5,2018-07,2018-07,https://www.mapillary.com/app/?pKey=290249032739428&focus=photo,
hard-00445,44.546593,-72.372696,True,wood_utility,,lean_slight,slight,intact,near,False,0,2,1,2014-06,2018-07,https://www.mapillary.com/app/?pKey=4067240530049548&focus=photo,
hard-00446,44.545986,-72.373085,True,wood_utility,vegetation,lean_slight,slight,intact,touching,False,0,3,1,2014-06,2014-06,https://www.mapillary.com/app/?pKey=1012024779609582&focus=photo,
hard-00447,44.547695,-72.3725,True,wood_utility,vegetation,lean_slight,slight,none_visible,touching,False,0,3,3,2018-07,2018-07,https://www.mapillary.com/app/?pKey=1171208579957001&focus=photo,
hard-00448,44.54622,-72.372986,True,wood_utility,vegetation,lean_slight,slight,unclear,touching,False,0,1,1,2014-06,2014-06,https://www.mapillary.com/app/?pKey=365636748508364&focus=photo,
hard-00449,44.548523,-72.371765,True,wood_utility,,lean_slight,slight,intact,near,False,0,1,1,2016-07,2016-07,https://www.mapillary.com/app/?pKey=151179656927093&focus=photo,
hard-00450,44.494685,-72.37405,True,wood_utility,,lean_slight,slight,intact,near,False,1,6,5,2018-06,2018-07,https://www.mapillary.com/app/?pKey=492546605404200&focus=photo,
hard-00451,44.4942913,-72.3746345,True,wood_utility,,,none,intact,near,False,0,4,3,2018-06,2018-07,https://www.mapillary.com/app/?pKey=328603518891674&focus=photo,
hard-00452,44.490695,-72.378588,True,wood_utility,,,none,intact,near,False,0,6,6,2018-07,2018-07,https://www.mapillary.com/app/?pKey=538026790695309&focus=photo,
hard-00453,44.494797,-72.373795,True,wood_utility,,,none,none_visible,near,False,0,3,2,2016-07,2016-07,https://www.mapillary.com/app/?pKey=2188230661308320&focus=photo,
hard-00454,44.4940315,-72.3750312,True,wood_utility,,lean_slight,slight,intact,near,False,1,8,4,2018-06,2018-06,https://www.mapillary.com/app/?pKey=1198080190640548&focus=photo,
hard-00455,44.493745,-72.3754805,True,wood_utility,,,none,intact,near,False,1,6,3,2018-06,2018-06,https://www.mapillary.com/app/?pKey=301570701462798&focus=photo,
hard-00456,44.494633,-72.37413,True,wood_utility,,lean_slight,slight,intact,near,False,1,3,3,2018-06,2018-06,https://www.mapillary.com/app/?pKey=468669324221582&focus=photo,
hard-00457,44.491035,-72.378334,True,wood_utility,,lean_slight,slight,intact,near,False,1,3,3,2016-07,2016-07,https://www.mapillary.com/app/?pKey=1436155296719547&focus=photo,
hard-00458,44.493816,-72.37536,True,wood_utility,,,none,intact,near,False,1,3,2,2018-07,2018-07,https://www.mapillary.com/app/?pKey=806521083584375&focus=photo,
hard-00459,44.494194,-72.37477,True,wood_utility,vegetation,,none,none_visible,touching,False,1,3,2,2018-07,2018-07,https://www.mapillary.com/app/?pKey=1256156428139678&focus=photo,
hard-00460,44.493263,-72.376144,True,wood_utility,,,none,none_visible,none,False,1,3,2,2018-06,2018-06,https://www.mapillary.com/app/?pKey=3036610189909502&focus=photo,
hard-00461,44.492115,-72.37737,True,wood_utility,,,none,intact,near,False,0,3,3,2018-06,2018-06,https://www.mapillary.com/app/?pKey=316056326762847&focus=photo,
hard-00462,44.491905,-72.377464,True,wood_utility,,,none,intact,near,False,0,1,1,2016-07,2018-07,https://www.mapillary.com/app/?pKey=268471295058369&focus=photo,
hard-00463,44.4936025,-72.375655,True,wood_utility,,,none,none_visible,none,False,1,6,3,2018-07,2018-07,https://www.mapillary.com/app/?pKey=751678408836661&focus=photo,
hard-00464,44.49121,-72.37813,True,wood_utility,,,none,intact,near,False,1,3,3,2016-07,2018-06,https://www.mapillary.com/app/?pKey=334707651342952&focus=photo,
hard-00465,44.4936515,-72.375585,True,wood_utility,,,none,none_visible,none,False,1,6,3,2018-06,2018-06,https://www.mapillary.com/app/?pKey=1171823386975604&focus=photo,
hard-00466,44.494484,-72.37435,True,wood_utility,,lean_slight,slight,intact,near,False,1,3,3,2016-07,2016-07,https://www.mapillary.com/app/?pKey=527815431580258&focus=photo,
hard-00467,44.494125,-72.374886,True,wood_utility,vegetation,lean_slight,slight,intact,touching,False,1,3,3,2018-07,2018-07,https://www.mapillary.com/app/?pKey=1416565725385430&focus=photo,
hard-00468,44.494385,-72.37449,True,wood_utility,,,none,intact,near,False,1,3,3,2018-07,2018-07,https://www.mapillary.com/app/?pKey=329594955510931&focus=photo,
hard-00469,44.494532,-72.3742205,True,wood_utility,,,none,intact,near,False,1,4,3,2018-07,2018-07,https://www.mapillary.com/app/?pKey=326816159021210&focus=photo,
hard-00470,44.495041,-72.373418,True,wood_utility,,,none,intact,near,False,1,6,6,2018-07,2018-07,https://www.mapillary.com/app/?pKey=183290133699205&focus=photo,
hard-00471,44.493874,-72.375275,True,wood_utility,,,none,intact,near,False,1,2,2,2014-07,2018-06,https://www.mapillary.com/app/?pKey=951178982363168&focus=photo,
hard-00472,44.49472,-72.37396,True,wood_utility,,,none,intact,near,False,1,3,3,2018-07,2018-07,https://www.mapillary.com/app/?pKey=222546789389364&focus=photo,
hard-00473,44.493946,-72.37513,True,wood_utility,,,none,none_visible,near,False,2,3,2,2018-06,2018-06,https://www.mapillary.com/app/?pKey=334245901500439&focus=photo,
hard-00474,44.491566,-72.37785,True,wood_utility,,lean_slight,slight,intact,near,False,0,3,2,2018-07,2018-07,https://www.mapillary.com/app/?pKey=310512817224132&focus=photo,
hard-00475,44.49255,-72.37693,True,wood_utility,vegetation,lean_slight,slight,none_visible,touching,False,0,1,1,2016-07,2016-07,https://www.mapillary.com/app/?pKey=184027116942613&focus=photo,
hard-00476,44.474228,-72.289276,True,wood_utility,,,none,none_visible,near,False,1,1,1,2016-06,2016-06,https://www.mapillary.com/app/?pKey=358377119143833&focus=photo,
hard-00477,44.50019,-72.322914,True,wood_utility,,,none,none_visible,near,False,0,3,3,2018-07,2018-07,https://www.mapillary.com/app/?pKey=384549132862027&focus=photo,
hard-00478,44.5082,-72.37147,True,wood_utility,,lean_slight,slight,intact,near,False,1,3,2,2018-07,2018-07,https://www.mapillary.com/app/?pKey=3362867153816392&focus=photo,
hard-00479,44.507996,-72.37132,True,wood_utility,,lean_slight,slight,intact,near,False,2,3,3,2016-06,2016-06,https://www.mapillary.com/app/?pKey=756715434994904&focus=photo,
hard-00480,44.50676,-72.37037,True,wood_utility,,,none,intact,near,False,1,3,1,2016-06,2016-06,https://www.mapillary.com/app/?pKey=916889612220458&focus=photo,
hard-00481,44.507706,-72.37109,True,wood_utility,,lean_slight,slight,intact,near,False,2,3,2,2016-06,2016-06,https://www.mapillary.com/app/?pKey=514111839782372&focus=photo,
hard-00482,44.50738,-72.37084,True,wood_utility,lean,,moderate,intact,near,False,2,3,2,2018-07,2018-07,https://www.mapillary.com/app/?pKey=176071187768446&focus=photo,
hard-00483,44.506943,-72.37049,True,wood_utility,,,none,none_visible,none,False,0,3,2,2018-07,2018-07,https://www.mapillary.com/app/?pKey=1476391536038230&focus=photo,
hard-00484,44.508083,-72.371376,True,wood_utility,,lean_slight,slight,intact,near,False,2,3,2,2016-06,2016-06,https://www.mapillary.com/app/?pKey=835107977102123&focus=photo,
hard-00485,44.50829,-72.37153,True,wood_utility,,lean_slight,slight,none_visible,near,False,1,3,2,2018-07,2018-07,https://www.mapillary.com/app/?pKey=520002759021088&focus=photo,
hard-00486,44.507248,-72.370735,True,wood_utility,,,none,intact,near,False,2,3,3,2018-07,2018-07,https://www.mapillary.com/app/?pKey=979145026192961&focus=photo,
hard-00487,44.5064,-72.37007,True,wood_utility,,lean_slight,slight,none_visible,none,False,1,1,1,2018-07,2018-07,https://www.mapillary.com/app/?pKey=184715493534794&focus=photo,
hard-00488,44.504795,-72.36868,True,wood_utility,vegetation,lean_slight,slight,intact,touching,False,1,1,1,2014-07,2016-06,https://www.mapillary.com/app/?pKey=176863101023920&focus=photo,
hard-00489,44.5076045,-72.370995,True,wood_utility,lean,,moderate,none_visible,near,False,2,6,4,2018-07,2018-07,https://www.mapillary.com/app/?pKey=846206182652943&focus=photo,
hard-00490,44.505684,-72.369774,True,wood_utility,,lean_slight,slight,none_visible,none,False,0,3,2,2016-06,2016-06,https://www.mapillary.com/app/?pKey=972788600141008&focus=photo,
hard-00491,44.50709,-72.37062,True,wood_utility,,lean_slight,slight,intact,near,False,2,3,2,2016-06,2016-06,https://www.mapillary.com/app/?pKey=224805635794796&focus=photo,
hard-00492,44.505077,-72.3689,True,wood_utility,vegetation,lean_slight,slight,intact,touching,False,1,1,1,2014-07,2016-06,https://www.mapillary.com/app/?pKey=1130648580738048&focus=photo,
hard-00493,44.50664,-72.37026,True,wood_utility,,lean_slight,slight,intact,none,False,1,3,2,2018-07,2018-07,https://www.mapillary.com/app/?pKey=318217423133268&focus=photo,
hard-00494,44.472027,-72.28249,True,wood_utility,,lean_slight,slight,none_visible,near,False,1,1,1,2016-06,2016-06,https://www.mapillary.com/app/?pKey=333481661525780&focus=photo,
hard-00495,44.5058345,-72.35582,True,wood_utility,,lean_slight,slight,none_visible,near,False,0,6,3,2019-07,2019-07,https://www.mapillary.com/app/?pKey=517124872753989&focus=photo,
hard-00496,44.505979,-72.354115,True,wood_utility,vegetation,lean_slight,slight,none_visible,touching,False,1,6,3,2015-07,2015-07,https://www.mapillary.com/app/?pKey=1039264873273193&focus=photo,
hard-00497,44.5052785,-72.360173,True,wood_utility,,lean_slight,slight,none_visible,near,False,1,6,3,2019-07,2019-07,https://www.mapillary.com/app/?pKey=2086762101463196&focus=photo,
hard-00498,44.505636,-72.357165,True,wood_utility,,lean_slight,slight,intact,near,False,1,6,3,2019-07,2019-07,https://www.mapillary.com/app/?pKey=332292731617733&focus=photo,
hard-00499,44.5055525,-72.357815,True,wood_utility,,lean_slight,slight,none_visible,near,False,1,6,4,2019-07,2019-07,https://www.mapillary.com/app/?pKey=853215428909480&focus=photo,
hard-00500,44.5057275,-72.356495,True,wood_utility,,lean_slight,slight,intact,near,False,1,6,4,2019-07,2019-07,https://www.mapillary.com/app/?pKey=4205302666194233&focus=photo,
hard-00501,44.505783,-72.35619,True,wood_utility,,lean_slight,slight,intact,near,False,1,1,1,2017-07,2017-07,https://www.mapillary.com/app/?pKey=485746649312409&focus=photo,
hard-00502,44.5053635,-72.35916,True,wood_utility,,lean_slight,slight,none_visible,near,False,0,6,4,2019-07,2019-07,https://www.mapillary.com/app/?pKey=476060886947920&focus=photo,
hard-00503,44.506255,-72.352715,True,wood_utility,,,none,intact,near,False,1,6,3,2017-07,2017-07,https://www.mapillary.com/app/?pKey=521904522166649&focus=photo,
hard-00504,44.506187,-72.35304,True,wood_utility,vegetation,lean_slight,slight,intact,touching,False,0,3,2,2019-07,2019-07,https://www.mapillary.com/app/?pKey=189977716329010&focus=photo,
hard-00505,44.505928,-72.354805,True,wood_utility,,lean_slight,slight,none_visible,near,False,0,1,1,2013-09,2017-07,https://www.mapillary.com/app/?pKey=405321994243141&focus=photo,
hard-00506,44.505428,-72.359575,True,wood_utility,,,none,intact,near,False,2,6,4,2019-07,2019-07,https://www.mapillary.com/app/?pKey=492791201834877&focus=photo,
hard-00507,44.505615,-72.35731,True,wood_utility,vegetation,,none,intact,touching,False,1,3,2,2017-07,2017-07,https://www.mapillary.com/app/?pKey=4112433118876747&focus=photo,
hard-00508,44.50549,-72.358864,True,wood_utility,vegetation,,none,intact,touching,False,1,1,1,2017-07,2017-07,https://www.mapillary.com/app/?pKey=315152980051918&focus=photo,
hard-00509,44.484947,-72.30675,True,wood_utility,vegetation,,unclear,unclear,touching,False,0,3,2,2018-07,2018-07,https://www.mapillary.com/app/?pKey=1156826654780700&focus=photo,
hard-00510,44.486847,-72.3089,False,unclear,,,unclear,none_visible,unclear,False,0,3,2,2016-06,2016-06,https://www.mapillary.com/app/?pKey=600495188020371&focus=photo,
hard-00511,44.505466,-72.35917,True,wood_utility,vegetation,,unclear,intact,touching,False,1,3,2,2017-07,2017-07,https://www.mapillary.com/app/?pKey=228827305322988&focus=photo,
hard-00512,44.505556,-72.358475,True,wood_utility,vegetation,lean_slight,slight,intact,touching,False,1,6,3,2019-07,2019-07,https://www.mapillary.com/app/?pKey=2723543894604545&focus=photo,
hard-00513,44.57483,-72.296326,True,wood_utility,,lean_slight,slight,unclear,near,False,1,1,1,2017-07,2017-07,https://www.mapillary.com/app/?pKey=963977157703078&focus=photo,
hard-00514,44.480602,-72.38739,True,wood_utility,vegetation,lean_slight,slight,intact,touching,False,0,3,3,2018-07,2018-07,https://www.mapillary.com/app/?pKey=2846877962295458&focus=photo,
hard-00515,44.479523,-72.38917,True,wood_utility,vegetation,,none,intact,touching,False,0,3,2,2016-07,2016-07,https://www.mapillary.com/app/?pKey=293908019043025&focus=photo,
hard-00516,44.48,-72.388664,True,wood_utility,vegetation,,none,intact,touching,False,0,3,3,2018-07,2018-07,https://www.mapillary.com/app/?pKey=301574061616063&focus=photo,
hard-00517,44.481335,-72.38613,True,wood_utility,vegetation,lean_slight,slight,intact,touching,False,1,3,3,2016-07,2016-07,https://www.mapillary.com/app/?pKey=138254255029888&focus=photo,
hard-00518,44.4804235,-72.388212,True,wood_utility,,lean_slight,slight,none_visible,near,False,0,6,4,2018-07,2018-07,https://www.mapillary.com/app/?pKey=6188874717805031&focus=photo,
hard-00519,44.5102515,-72.372915,True,wood_utility,,,none,intact,near,False,2,6,5,2018-07,2018-07,https://www.mapillary.com/app/?pKey=477899716654704&focus=photo,
hard-00520,44.51077,-72.37331,True,wood_utility,,lean_slight,slight,none_visible,near,False,0,3,3,2018-07,2018-07,https://www.mapillary.com/app/?pKey=129644322493377&focus=photo,
hard-00521,44.513275,-72.37377,True,wood_utility,,,none,none_visible,near,False,0,1,1,2016-06,2016-06,https://www.mapillary.com/app/?pKey=410182046640663&focus=photo,
hard-00522,44.50978,-72.37268,True,wood_utility,,lean_slight,slight,intact,near,False,2,3,3,2018-07,2018-07,https://www.mapillary.com/app/?pKey=381005123267535&focus=photo,
hard-00523,44.5117625,-72.37346,True,wood_utility,,,none,intact,near,False,0,6,5,2018-07,2018-07,https://www.mapillary.com/app/?pKey=4079229962152706&focus=photo,
hard-00524,44.509876,-72.37291,True,wood_utility,,,none,none_visible,near,False,0,3,3,2018-07,2018-07,https://www.mapillary.com/app/?pKey=304862181167373&focus=photo,
hard-00525,44.55238,-72.27155,True,wood_utility,vegetation,lean_slight,slight,none_visible,touching,False,0,1,1,2019-07,2019-07,https://www.mapillary.com/app/?pKey=501792104272781&focus=photo,
hard-00526,44.509502,-72.372475,True,wood_utility,,,unclear,intact,near,False,2,3,3,2018-07,2018-07,https://www.mapillary.com/app/?pKey=119224240230432&focus=photo,
hard-00527,44.5107,-72.37313,True,wood_utility,,lean_slight,slight,intact,near,False,2,3,1,2014-07,2014-07,https://www.mapillary.com/app/?pKey=469988330966844&focus=photo,
hard-00528,44.510983,-72.37324,True,wood_utility,,lean_slight,slight,intact,near,False,1,3,1,2016-06,2016-06,https://www.mapillary.com/app/?pKey=2027761844058375&focus=photo,
hard-00529,44.5129,-72.373795,True,wood_utility,,lean_slight,slight,intact,near,False,0,3,2,2018-07,2018-07,https://www.mapillary.com/app/?pKey=4280623825303330&focus=photo,
hard-00530,44.509274,-72.37232,True,wood_utility,,,none,intact,near,False,1,3,2,2018-07,2018-07,https://www.mapillary.com/app/?pKey=221625309485249&focus=photo,
hard-00531,44.510809,-72.373158,True,wood_utility,vegetation,,none,none_visible,touching,False,1,6,6,2018-07,2018-07,https://www.mapillary.com/app/?pKey=319336566304206&focus=photo,
hard-00532,44.550507,-72.269966,True,wood_utility,,,none,none_visible,near,False,1,2,1,2017-07,2017-07,https://www.mapillary.com/app/?pKey=339496500937811&focus=photo,
hard-00533,44.513023,-72.37355,True,wood_utility,,,none,intact,near,False,1,3,2,2016-06,2016-06,https://www.mapillary.com/app/?pKey=536050364055981&focus=photo,
hard-00534,44.51059,-72.37338,True,wood_utility,,lean_slight,slight,none_visible,near,False,1,3,3,2018-07,2018-07,https://www.mapillary.com/app/?pKey=3182237192042806&focus=photo,
hard-00535,44.552124,-72.271484,True,wood_utility,vegetation,lean_slight,slight,none_visible,touching,False,0,1,1,2017-07,2017-07,https://www.mapillary.com/app/?pKey=509446813529669&focus=photo,
hard-00536,44.5113587,-72.3733525,True,wood_utility,,,none,intact,near,False,1,4,3,2018-07,2018-07,https://www.mapillary.com/app/?pKey=824453695153498&focus=photo,
hard-00537,44.509163,-72.37219,True,wood_utility,,lean_slight,slight,none_visible,near,False,1,3,3,2018-07,2018-07,https://www.mapillary.com/app/?pKey=833737074187772&focus=photo,
hard-00538,44.50992,-72.372765,True,wood_utility,,,none,intact,near,False,0,3,3,2018-07,2018-07,https://www.mapillary.com/app/?pKey=304862181167373&focus=photo,
hard-00539,44.508404,-72.37164,True,wood_utility,vegetation,,none,intact,touching,False,1,3,2,2016-06,2016-06,https://www.mapillary.com/app/?pKey=792398371410482&focus=photo,
hard-00540,44.509666,-72.37259,True,wood_utility,,lean_slight,slight,intact,near,False,2,3,3,2018-07,2018-07,https://www.mapillary.com/app/?pKey=3063340203953054&focus=photo,
hard-00541,44.5104943,-72.3730247,True,wood_utility,,,none,intact,near,True,1,9,4,2018-07,2018-07,https://www.mapillary.com/app/?pKey=480404623236939&focus=photo,
hard-00542,44.51296,-72.37367,True,wood_utility,,lean_slight,slight,intact,near,False,1,1,1,2016-06,2016-06,https://www.mapillary.com/app/?pKey=490517845331988&focus=photo,
hard-00543,44.534264,-72.28018,True,wood_utility,,,none,intact,none,False,0,3,2,2016-06,2016-06,https://www.mapillary.com/app/?pKey=164298542322451&focus=photo,
hard-00544,44.513012,-72.373835,True,wood_utility,,lean_slight,slight,none_visible,near,False,0,6,2,2018-07,2018-07,https://www.mapillary.com/app/?pKey=1948351651987387&focus=photo,
hard-00545,44.490623,-72.37856,True,wood_utility,,,none,none_visible,none,False,0,2,2,2018-07,2018-07,https://www.mapillary.com/app/?pKey=918308642347817&focus=photo,
hard-00546,44.503754,-72.36412,True,wood_utility,,lean_slight,slight,intact,near,False,2,3,1,2022-11,2022-11,https://www.mapillary.com/app/?pKey=1746347242396515&focus=photo,
hard-00547,44.53469,-72.27937,True,wood_utility,,,none,intact,near,False,1,2,2,2016-06,2018-07,https://www.mapillary.com/app/?pKey=842233960025067&focus=photo,
hard-00548,44.5118695,-72.34296,True,wood_utility,,,none,none_visible,near,False,0,6,3,2015-07,2019-07,https://www.mapillary.com/app/?pKey=787533285281709&focus=photo,
hard-00549,44.53314,-72.28122,True,wood_utility,,,none,intact,none,False,0,3,3,2018-07,2018-07,https://www.mapillary.com/app/?pKey=138476171673456&focus=photo,
hard-00550,44.510647,-72.34307,False,street_light,,,none,none_visible,near,False,0,1,1,2017-07,2017-07,https://www.mapillary.com/app/?pKey=288209642987907&focus=photo,
hard-00551,44.509644,-72.34481,True,wood_utility,vegetation,,none,intact,touching,False,1,3,3,2015-07,2019-07,https://www.mapillary.com/app/?pKey=482086193004233&focus=photo,
hard-00552,44.514935,-72.31255,False,unclear,,,unclear,unclear,unclear,False,0,2,1,2014-06,2014-06,https://www.mapillary.com/app/?pKey=795486654272949&focus=photo,
hard-00553,44.52813,-72.37456,False,unclear,vegetation,,unclear,none_visible,touching,False,0,1,1,2018-06,2018-06,https://www.mapillary.com/app/?pKey=2996583260560177&focus=photo,
hard-00554,44.53179,-72.37418,False,unclear,,,unclear,none_visible,none,False,0,1,1,2018-07,2018-07,https://www.mapillary.com/app/?pKey=537613574278430&focus=photo,
hard-00555,44.52968,-72.37395,True,wood_utility,,lean_slight,slight,intact,near,False,0,2,1,2016-07,2016-07,https://www.mapillary.com/app/?pKey=131136609080393&focus=photo,
hard-00556,44.53202,-72.3742,True,wood_utility,vegetation,lean_slight,slight,intact,touching,False,0,1,1,2016-07,2016-07,https://www.mapillary.com/app/?pKey=297921465208727&focus=photo,
hard-00557,44.467022,-72.41065,False,unclear,,,unclear,none_visible,unclear,False,0,1,1,2018-06,2018-06,https://www.mapillary.com/app/?pKey=162655232402176&focus=photo,
hard-00558,44.5069097,-72.350965,True,wood_utility,,,none,intact,near,False,1,3,3,2017-07,2019-07,https://www.mapillary.com/app/?pKey=306794387825779&focus=photo,
hard-00559,44.467213,-72.271385,True,wood_utility,,lean_slight,slight,none_visible,near,False,0,3,3,2018-07,2018-07,https://www.mapillary.com/app/?pKey=234067895147648&focus=photo,
hard-00560,44.469116,-72.27736,True,wood_utility,vegetation,lean_slight,slight,none_visible,touching,False,0,3,2,2018-07,2018-07,https://www.mapillary.com/app/?pKey=975083339979037&focus=photo,
hard-00561,44.46773,-72.272156,True,wood_utility,,,none,none_visible,none,False,0,3,3,2018-07,2018-07,https://www.mapillary.com/app/?pKey=932054624045486&focus=photo,
hard-00562,44.548508,-72.265114,True,wood_utility,,lean_slight,slight,none_visible,near,False,2,3,2,2019-07,2019-07,https://www.mapillary.com/app/?pKey=229025035655720&focus=photo,
hard-00563,44.531372,-72.42486,False,unclear,,,unclear,none_visible,unclear,False,0,1,1,2018-07,2018-07,https://www.mapillary.com/app/?pKey=181000270584045&focus=photo,
hard-00564,44.502514,-72.34334,True,wood_utility,vegetation,,unclear,none_visible,touching,False,0,1,1,2016-06,2016-06,https://www.mapillary.com/app/?pKey=147783534044131&focus=photo,
hard-00565,44.502464,-72.343575,False,unclear,,,unclear,none_visible,unclear,False,0,2,1,2014-07,2018-07,https://www.mapillary.com/app/?pKey=152275430248255&focus=photo,
hard-00566,44.502195,-72.345748,True,wood_utility,vegetation,lean_slight,slight,none_visible,touching,False,0,6,3,2018-07,2018-07,https://www.mapillary.com/app/?pKey=224790539118981&focus=photo,
hard-00567,44.52629,-72.28839,True,wood_utility,,lean_slight,slight,intact,near,False,0,1,1,2018-07,2018-07,https://www.mapillary.com/app/?pKey=191411889518672&focus=photo,
hard-00568,44.5250993,-72.29114,True,wood_utility,,,none,intact,near,False,1,4,2,2018-07,2018-07,https://www.mapillary.com/app/?pKey=296242178827005&focus=photo,
hard-00569,44.524902,-72.29265,True,wood_utility,,lean_slight,slight,intact,near,False,1,3,3,2018-07,2018-07,https://www.mapillary.com/app/?pKey=305564634451149&focus=photo,
hard-00570,44.504597,-72.362686,False,unclear,,,unclear,none_visible,unclear,False,0,2,1,2019-07,2019-07,https://www.mapillary.com/app/?pKey=1203756816756192&focus=photo,
hard-00571,44.50437,-72.36585,True,wood_utility,,,none,none_visible,near,False,2,3,2,2016-06,2016-06,https://www.mapillary.com/app/?pKey=399454751166803&focus=photo,
hard-00572,44.53461,-72.43453,True,wood_utility,,,none,none_visible,none,False,0,3,2,2016-06,2016-06,https://www.mapillary.com/app/?pKey=1216781288759186&focus=photo,
hard-00573,44.53019,-72.33586,True,wood_utility,,lean_slight,slight,intact,none,True,1,3,1,2019-07,2019-07,https://www.mapillary.com/app/?pKey=4226765647385543&focus=photo,
hard-00574,44.532124,-72.33421,True,wood_utility,,lean_slight,slight,intact,near,False,0,3,1,2017-07,2017-07,https://www.mapillary.com/app/?pKey=1018280638911497&focus=photo,
hard-00575,44.5295746,-72.33636,True,wood_utility,,,none,intact,none,False,0,5,2,2017-07,2017-07,https://www.mapillary.com/app/?pKey=137748455086124&focus=photo,
hard-00576,44.531506,-72.334724,True,wood_utility,,lean_slight,slight,intact,near,False,0,2,1,2017-07,2019-07,https://www.mapillary.com/app/?pKey=1609189272622379&focus=photo,
hard-00577,44.533226,-72.33338,True,wood_utility,,,none,none_visible,near,False,0,3,3,2015-07,2015-07,https://www.mapillary.com/app/?pKey=3014885195461647&focus=photo,
hard-00578,44.531045,-72.33509,True,wood_utility,,,none,none_visible,near,False,0,6,3,2019-07,2019-07,https://www.mapillary.com/app/?pKey=986416368769470&focus=photo,
hard-00579,44.5305,-72.33553,True,wood_utility,,,none,intact,near,False,0,3,3,2019-07,2019-07,https://www.mapillary.com/app/?pKey=766689440693598&focus=photo,
hard-00580,44.5309513,-72.3352,True,wood_utility,,lean_slight,slight,none_visible,near,False,0,3,2,2015-07,2017-07,https://www.mapillary.com/app/?pKey=146786767433658&focus=photo,
hard-00581,44.531895,-72.334435,True,wood_utility,vegetation,,none,none_visible,touching,False,0,1,1,2017-07,2019-07,https://www.mapillary.com/app/?pKey=755839165078946&focus=photo,
hard-00582,44.533077,-72.33339,False,unclear,vegetation,,unclear,none_visible,touching,False,0,2,1,2017-07,2017-07,https://www.mapillary.com/app/?pKey=473940513679500&focus=photo,
hard-00583,44.532644,-72.3337555,True,wood_utility,,lean_slight,slight,none_visible,near,False,0,6,2,2017-07,2017-07,https://www.mapillary.com/app/?pKey=808063240147790&focus=photo,
hard-00584,44.532574,-72.33388,False,unclear,vegetation,,unclear,none_visible,touching,False,0,1,1,2017-07,2017-07,https://www.mapillary.com/app/?pKey=1486517755025258&focus=photo,
hard-00585,44.5301095,-72.335965,True,wood_utility,,,none,intact,none,False,0,6,4,2019-07,2019-07,https://www.mapillary.com/app/?pKey=1374404112943123&focus=photo,
hard-00586,44.52869,-72.33704,True,wood_utility,,,none,intact,none,True,0,1,1,2017-07,2017-07,https://www.mapillary.com/app/?pKey=4398806500152642&focus=photo,
hard-00587,44.519558,-72.30189,True,wood_utility,,,none,none_visible,none,False,0,3,2,2016-06,2016-06,https://www.mapillary.com/app/?pKey=2979993935655775&focus=photo,
hard-00588,44.520798,-72.301025,True,wood_utility,vegetation,lean_slight,slight,intact,touching,False,1,3,3,2018-07,2018-07,https://www.mapillary.com/app/?pKey=204587954822158&focus=photo,
hard-00589,44.5209347,-72.3009233,True,wood_utility,vegetation,lean_slight,slight,intact,touching,False,0,3,2,2018-07,2018-07,https://www.mapillary.com/app/?pKey=4045010885595037&focus=photo,
hard-00590,44.475809,-72.393593,True,wood_utility,vegetation,lean_slight,slight,none_visible,touching,False,0,6,5,2018-07,2018-07,https://www.mapillary.com/app/?pKey=320538629478232&focus=photo,
hard-00591,44.521544,-72.3005475,True,wood_utility,vegetation,lean_slight,slight,unclear,touching,False,0,6,6,2018-07,2018-07,https://www.mapillary.com/app/?pKey=786974975543994&focus=photo,
hard-00592,44.52056,-72.30151,True,wood_utility,,,unclear,unclear,near,False,0,2,2,2014-06,2016-06,https://www.mapillary.com/app/?pKey=1443013046051648&focus=photo,
hard-00593,44.520412,-72.3013,True,wood_utility,,lean_slight,slight,none_visible,near,False,1,1,1,2016-06,2016-06,https://www.mapillary.com/app/?pKey=931988700970891&focus=photo,
hard-00594,44.5216613,-72.30028,True,wood_utility,vegetation,,none,unclear,touching,False,0,3,2,2014-06,2016-06,https://www.mapillary.com/app/?pKey=491228582188294&focus=photo,
hard-00595,44.474392,-72.39752,True,wood_utility,vegetation,,unclear,unclear,touching,False,0,2,1,2018-06,2018-06,https://www.mapillary.com/app/?pKey=186987806535586&focus=photo,
hard-00596,44.474851,-72.3952215,True,wood_utility,,,none,intact,near,False,0,4,3,2018-07,2018-07,https://www.mapillary.com/app/?pKey=485460769390238&focus=photo,
hard-00597,44.5197967,-72.30166,True,wood_utility,,,none,none_visible,near,False,0,9,5,2018-07,2018-07,https://www.mapillary.com/app/?pKey=578921523511890&focus=photo,
hard-00598,44.522343,-72.299255,True,wood_utility,,lean_slight,slight,intact,near,True,1,3,3,2018-07,2018-07,https://www.mapillary.com/app/?pKey=193493759293567&focus=photo,
hard-00599,44.521725,-72.3002,True,wood_utility,vegetation,lean_slight,slight,intact,touching,False,0,3,3,2018-07,2018-07,https://www.mapillary.com/app/?pKey=2891929481065109&focus=photo,
hard-00600,44.476513,-72.39316,True,wood_utility,vegetation,,none,intact,touching,False,0,1,1,2016-07,2018-07,https://www.mapillary.com/app/?pKey=1386116915100555&focus=photo,
hard-00601,44.476753,-72.39298,True,wood_utility,,lean_slight,slight,intact,near,False,1,2,2,2016-07,2018-07,https://www.mapillary.com/app/?pKey=972301609976142&focus=photo,
hard-00602,44.47618,-72.393425,True,wood_utility,vegetation,lean_slight,slight,intact,touching,False,1,1,1,2016-07,2018-07,https://www.mapillary.com/app/?pKey=980163196056386&focus=photo,
hard-00603,44.4769115,-72.392835,True,wood_utility,vegetation,,none,intact,touching,True,0,6,4,2018-07,2018-07,https://www.mapillary.com/app/?pKey=3050163398589462&focus=photo,
hard-00604,44.520016,-72.30151,False,push_brace,,,unclear,none_visible,near,False,0,2,2,2014-06,2016-06,https://www.mapillary.com/app/?pKey=522487572114511&focus=photo,
hard-00605,44.4935035,-72.375873,True,wood_utility,,,none,intact,near,False,1,6,5,2018-07,2018-07,https://www.mapillary.com/app/?pKey=363576222034903&focus=photo,
hard-00606,44.5206,-72.30114,True,wood_utility,,lean_slight,slight,none_visible,none,False,0,3,1,2018-07,2018-07,https://www.mapillary.com/app/?pKey=2886964378217977&focus=photo,
hard-00607,44.474304,-72.39808,True,wood_utility,,,unclear,intact,near,False,0,3,2,2016-07,2016-07,https://www.mapillary.com/app/?pKey=927033604695339&focus=photo,
hard-00608,44.47435,-72.39781,True,wood_utility,,,none,intact,near,False,0,3,2,2016-07,2018-06,https://www.mapillary.com/app/?pKey=170234641610744&focus=photo,
hard-00609,44.49481,-72.37391,True,wood_utility,,lean_slight,slight,intact,near,False,0,1,1,2016-07,2016-07,https://www.mapillary.com/app/?pKey=2188230661308320&focus=photo,
hard-00610,44.49264,-72.376915,True,wood_utility,,,none,intact,near,False,0,3,3,2016-07,2016-07,https://www.mapillary.com/app/?pKey=4149549291771485&focus=photo,
hard-00611,44.493,-72.37659,True,wood_utility,,,none,intact,near,False,0,3,2,2014-07,2014-07,https://www.mapillary.com/app/?pKey=785099358819567&focus=photo,
hard-00612,44.49644,-72.37213,True,wood_utility,,lean_slight,slight,intact,none,False,1,2,2,2016-07,2018-07,https://www.mapillary.com/app/?pKey=833674454211943&focus=photo,
hard-00613,44.499435,-72.37147,True,wood_utility,,lean_slight,slight,none_visible,near,False,0,3,3,2018-07,2018-07,https://www.mapillary.com/app/?pKey=406289120360464&focus=photo,
hard-00614,44.495754,-72.37264,True,wood_utility,,,none,none_visible,near,False,1,2,2,2016-07,2016-07,https://www.mapillary.com/app/?pKey=784630532070608&focus=photo,
hard-00615,44.49517,-72.373726,True,wood_utility,,,none,none_visible,near,False,1,2,2,2018-07,2018-07,https://www.mapillary.com/app/?pKey=276638854174433&focus=photo,
hard-00616,44.4949685,-72.3736892,True,wood_utility,,,none,intact,near,False,1,6,5,2018-06,2018-07,https://www.mapillary.com/app/?pKey=992592808160390&focus=photo,
hard-00617,44.495577,-72.372785,True,wood_utility,,lean_slight,slight,intact,near,False,1,6,4,2016-07,2016-07,https://www.mapillary.com/app/?pKey=382360159794943&focus=photo,
hard-00618,44.4983555,-72.37155,True,wood_utility,,lean_slight,slight,intact,near,False,1,6,3,2016-07,2018-07,https://www.mapillary.com/app/?pKey=352399662891267&focus=photo,
hard-00619,44.5756733,-72.2958238,True,wood_utility,,,none,intact,near,False,2,4,3,2019-07,2019-07,https://www.mapillary.com/app/?pKey=2665750900389640&focus=photo,
hard-00620,44.5755085,-72.2958375,True,wood_utility,,,none,none_visible,none,False,1,6,4,2019-07,2019-07,https://www.mapillary.com/app/?pKey=179170474128494&focus=photo,
hard-00621,44.576084,-72.29595,True,wood_utility,,,none,none_visible,near,False,2,3,3,2019-07,2019-07,https://www.mapillary.com/app/?pKey=305468527800469&focus=photo,
hard-00622,44.528374,-72.42151,True,wood_utility,vegetation,lean_slight,slight,none_visible,touching,False,0,3,2,2018-07,2018-07,https://www.mapillary.com/app/?pKey=2597221690579598&focus=photo,
hard-00623,44.527557,-72.42046,True,wood_utility,vegetation,,unclear,unclear,touching,False,0,1,1,2014-06,2014-07,https://www.mapillary.com/app/?pKey=485448912722895&focus=photo,
hard-00624,44.5343509,-72.4321907,True,wood_utility,,lean_slight,slight,none_visible,none,False,1,7,5,2018-07,2018-07,https://www.mapillary.com/app/?pKey=2977788232544921&focus=photo,
hard-00625,44.534435,-72.43246,True,wood_utility,,,none,none_visible,near,False,0,1,1,2016-06,2016-06,https://www.mapillary.com/app/?pKey=2943913735885131&focus=photo,
hard-00626,44.532887,-72.4265,False,unclear,,,unclear,none_visible,unclear,False,0,3,3,2018-07,2018-07,https://www.mapillary.com/app/?pKey=166933415438002&focus=photo,
hard-00627,44.53373,-72.428894,True,wood_utility,,lean_slight,slight,none_visible,near,False,0,3,2,2018-07,2018-07,https://www.mapillary.com/app/?pKey=1102524523572773&focus=photo,
hard-00628,44.534206,-72.43049,True,wood_utility,vegetation,lean_slight,slight,none_visible,touching,False,0,3,1,2014-06,2014-06,https://www.mapillary.com/app/?pKey=1210728146024795&focus=photo,
hard-00629,44.53444,-72.43304,True,wood_utility,,,none,none_visible,none,False,0,3,3,2018-07,2018-07,https://www.mapillary.com/app/?pKey=376345733819992&focus=photo,
hard-00630,44.5345245,-72.43214,True,wood_utility,,lean_slight,slight,none_visible,none,False,0,6,4,2018-07,2018-07,https://www.mapillary.com/app/?pKey=2877469052465427&focus=photo,
hard-00631,44.503624,-72.36413,True,wood_utility,,,none,intact,near,False,2,3,3,2018-07,2018-07,https://www.mapillary.com/app/?pKey=2272791656186926&focus=photo,
hard-00632,44.503851,-72.364565,True,wood_utility,,lean_slight,slight,none_visible,near,False,2,6,4,2016-06,2018-07,https://www.mapillary.com/app/?pKey=482458229531668&focus=photo,
hard-00633,44.5036545,-72.364225,True,wood_utility,,lean_slight,slight,intact,none,False,0,6,2,2018-07,2018-07,https://www.mapillary.com/app/?pKey=485399909373836&focus=photo,
hard-00634,44.50413,-72.365208,True,wood_utility,,lean_slight,slight,intact,near,False,1,6,4,2018-07,2018-07,https://www.mapillary.com/app/?pKey=169011518471177&focus=photo,
hard-00635,44.503963,-72.3648,True,wood_utility,,,none,intact,near,False,2,3,2,2018-07,2018-07,https://www.mapillary.com/app/?pKey=952029495571641&focus=photo,
hard-00636,44.503735,-72.36444,True,wood_utility,,,none,none_visible,near,False,1,3,3,2018-07,2018-07,https://www.mapillary.com/app/?pKey=316198873282061&focus=photo,
hard-00637,44.5036,-72.36392,True,wood_utility,,,none,none_visible,near,False,2,3,3,2018-07,2018-07,https://www.mapillary.com/app/?pKey=493255475245081&focus=photo,
hard-00638,44.503473,-72.36385,True,wood_utility,,lean_slight,slight,none_visible,near,False,1,6,5,2016-06,2018-07,https://www.mapillary.com/app/?pKey=2931899103759289&focus=photo,
hard-00639,44.50372,-72.36429,True,wood_utility,,,none,intact,none,False,2,3,2,2016-06,2016-06,https://www.mapillary.com/app/?pKey=476993363515493&focus=photo,
hard-00640,44.503994,-72.36496,True,wood_utility,,lean_slight,slight,none_visible,none,False,1,3,3,2018-07,2018-07,https://www.mapillary.com/app/?pKey=1742639072581684&focus=photo,
hard-00641,44.50437,-72.36511,True,wood_utility,,,none,none_visible,near,False,1,1,1,2018-07,2018-07,https://www.mapillary.com/app/?pKey=1514713835546589&focus=photo,
hard-00642,44.504995,-72.36882,True,wood_utility,,lean_slight,slight,none_visible,near,False,0,6,2,2018-07,2018-07,https://www.mapillary.com/app/?pKey=477237990208401&focus=photo,
hard-00643,44.50649,-72.370155,True,wood_utility,,,none,intact,near,False,2,1,1,2014-07,2018-07,https://www.mapillary.com/app/?pKey=477576746833702&focus=photo,
hard-00644,44.5052163,-72.3689733,True,wood_utility,vegetation,,none,none_visible,touching,False,1,9,5,2018-07,2018-07,https://www.mapillary.com/app/?pKey=473615323696669&focus=photo,
hard-00645,44.504925,-72.368774,True,wood_utility,,,none,none_visible,near,False,1,3,2,2018-07,2018-07,https://www.mapillary.com/app/?pKey=141370304593447&focus=photo,
hard-00646,44.505419,-72.3691387,True,wood_utility,vegetation,lean_slight,slight,none_visible,touching,False,0,9,5,2018-07,2018-07,https://www.mapillary.com/app/?pKey=2401319750004886&focus=photo,
hard-00647,44.505708,-72.369485,True,wood_utility,,lean_slight,slight,none_visible,near,False,1,6,3,2018-07,2018-07,https://www.mapillary.com/app/?pKey=482800539700488&focus=photo,
hard-00648,44.50563,-72.36956,True,wood_utility,,,unclear,none_visible,near,False,1,3,3,2018-07,2018-07,https://www.mapillary.com/app/?pKey=479922433120692&focus=photo,
hard-00649,44.50561,-72.36939,True,wood_utility,,lean_slight,slight,intact,near,False,2,3,2,2018-07,2018-07,https://www.mapillary.com/app/?pKey=3980216832068069&focus=photo,
hard-00650,44.50629,-72.36999,True,wood_utility,,lean_slight,slight,intact,near,False,2,3,2,2014-07,2018-07,https://www.mapillary.com/app/?pKey=219845089699983&focus=photo,
hard-00651,44.505924,-72.36988,True,wood_utility,vegetation,lean_slight,slight,unclear,touching,False,0,3,1,2018-07,2018-07,https://www.mapillary.com/app/?pKey=749359045753856&focus=photo,
hard-00652,44.505142,-72.36897,True,wood_utility,vegetation,lean_slight,slight,intact,touching,False,1,3,2,2018-07,2018-07,https://www.mapillary.com/app/?pKey=473615323696669&focus=photo,
hard-00653,44.504688,-72.368605,True,wood_utility,,lean_slight,slight,none_visible,near,False,2,6,4,2018-07,2018-07,https://www.mapillary.com/app/?pKey=2850872935172432&focus=photo,
hard-00654,44.5059282,-72.369695,True,wood_utility,,lean_slight,slight,intact,near,False,2,4,1,2018-07,2018-07,https://www.mapillary.com/app/?pKey=178414160860100&focus=photo,
hard-00655,44.505337,-72.36909,True,wood_utility,,lean_slight,slight,intact,near,False,1,3,2,2018-07,2018-07,https://www.mapillary.com/app/?pKey=515860136442915&focus=photo,
hard-00656,44.504578,-72.36854,True,wood_utility,,lean_slight,slight,intact,near,False,2,3,2,2018-07,2018-07,https://www.mapillary.com/app/?pKey=2016219458516521&focus=photo,
hard-00657,44.499405,-72.32401,True,wood_utility,,,none,none_visible,near,False,0,1,1,2014-07,2018-07,https://www.mapillary.com/app/?pKey=379222373507788&focus=photo,
hard-00658,44.5078,-72.371155,True,wood_utility,,lean_slight,slight,none_visible,near,False,1,2,2,2016-06,2018-07,https://www.mapillary.com/app/?pKey=975750856502667&focus=photo,
hard-00659,44.554607,-72.36939,True,wood_utility,,lean_slight,slight,intact,none,False,0,3,3,2018-07,2018-07,https://www.mapillary.com/app/?pKey=388561425729649&focus=photo,
hard-00660,44.55351,-72.36947,True,wood_utility,,lean_slight,slight,intact,none,False,0,2,2,2016-07,2018-06,https://www.mapillary.com/app/?pKey=312973447102822&focus=photo,
hard-00661,44.553146,-72.3696,True,wood_utility,,,none,intact,none,False,0,2,2,2016-07,2018-07,https://www.mapillary.com/app/?pKey=262401808956274&focus=photo,
hard-00662,44.504524,-72.31749,True,wood_utility,vegetation,,none,none_visible,touching,True,0,1,1,2018-07,2018-07,https://www.mapillary.com/app/?pKey=1156884201404668&focus=photo,
hard-00663,44.517437,-72.304955,True,wood_utility,,lean_slight,slight,intact,near,False,2,3,3,2018-07,2018-07,https://www.mapillary.com/app/?pKey=165604765520033&focus=photo,
hard-00664,44.55998,-72.312706,True,wood_utility,vegetation,lean_slight,slight,none_visible,touching,False,1,3,1,2019-07,2019-07,https://www.mapillary.com/app/?pKey=160114496127053&focus=photo,
hard-00665,44.5836183,-72.361698,True,wood_utility,vegetation,lean_slight,slight,none_visible,touching,False,0,8,4,2018-07,2018-07,https://www.mapillary.com/app/?pKey=5576378155765615&focus=photo,
hard-00666,44.581314,-72.36342,True,wood_utility,,lean_slight,slight,none_visible,near,False,1,2,2,2016-07,2018-07,https://www.mapillary.com/app/?pKey=956911901725598&focus=photo,
hard-00667,44.568714,-72.28855,True,wood_utility,,lean_slight,slight,none_visible,near,False,0,3,3,2015-07,2017-07,https://www.mapillary.com/app/?pKey=169880868408072&focus=photo,
hard-00668,44.568356,-72.288124,True,wood_utility,,,none,intact,near,False,0,3,3,2019-07,2019-07,https://www.mapillary.com/app/?pKey=652954575569721&focus=photo,
hard-00669,44.565533,-72.28441,True,wood_utility,,,none,none_visible,near,False,0,3,3,2019-07,2019-07,https://www.mapillary.com/app/?pKey=224076305891583&focus=photo,
hard-00670,44.567696,-72.28758,True,wood_utility,vegetation,,none,none_visible,touching,False,2,3,3,2019-07,2019-07,https://www.mapillary.com/app/?pKey=4212194408861746&focus=photo,
hard-00671,44.566124,-72.28527,True,wood_utility,vegetation,lean_slight,slight,none_visible,touching,False,0,3,3,2019-07,2019-07,https://www.mapillary.com/app/?pKey=1807006256147695&focus=photo,
hard-00672,44.56852,-72.28834,True,wood_utility,,lean_slight,slight,intact,near,False,1,3,2,2017-07,2017-07,https://www.mapillary.com/app/?pKey=326709262175902&focus=photo,
hard-00673,44.582367,-72.296684,True,wood_utility,vegetation,lean_slight,slight,intact,touching,False,1,3,2,2019-07,2019-07,https://www.mapillary.com/app/?pKey=817442245847154&focus=photo,
hard-00674,44.582615,-72.296814,True,wood_utility,,lean_slight,slight,intact,near,False,1,1,1,2015-07,2019-07,https://www.mapillary.com/app/?pKey=385817156077007&focus=photo,
hard-00675,44.55487,-72.36933,True,wood_utility,,,none,intact,none,False,0,3,2,2014-06,2016-07,https://www.mapillary.com/app/?pKey=2999890777001656&focus=photo,
hard-00676,44.55299,-72.369644,True,wood_utility,,lean_slight,slight,intact,none,False,1,3,3,2018-07,2018-07,https://www.mapillary.com/app/?pKey=862110648051566&focus=photo,
hard-00677,44.552856,-72.369675,True,wood_utility,,,none,intact,none,False,0,3,1,2016-07,2016-07,https://www.mapillary.com/app/?pKey=486007315946002&focus=photo,
hard-00678,44.556007,-72.36917,True,wood_utility,,lean_slight,slight,intact,near,False,0,3,2,2016-07,2016-07,https://www.mapillary.com/app/?pKey=139657158117982&focus=photo,
hard-00679,44.554955,-72.36933,True,wood_utility,,,none,intact,none,False,0,3,1,2016-07,2016-07,https://www.mapillary.com/app/?pKey=821354888492871&focus=photo,
hard-00680,44.554176,-72.369354,True,wood_utility,,lean_slight,slight,intact,near,False,0,3,2,2016-07,2016-07,https://www.mapillary.com/app/?pKey=295347715591391&focus=photo,
hard-00681,44.55387,-72.36946,True,wood_utility,,lean_slight,slight,intact,none,False,0,3,3,2018-07,2018-07,https://www.mapillary.com/app/?pKey=4380374381996290&focus=photo,
hard-00682,44.55451,-72.369354,True,wood_utility,,,none,none_visible,none,False,0,2,2,2016-07,2016-07,https://www.mapillary.com/app/?pKey=158647209559701&focus=photo,
hard-00683,44.551804,-72.36997,True,wood_utility,lean,,moderate,intact,none,False,0,3,3,2018-06,2018-06,https://www.mapillary.com/app/?pKey=1874786932678465&focus=photo,
hard-00684,44.55532,-72.36934,True,wood_utility,,lean_slight,slight,intact,none,False,0,3,3,2018-06,2018-06,https://www.mapillary.com/app/?pKey=774781039904951&focus=photo,
hard-00685,44.554283,-72.369354,True,wood_utility,,,none,intact,near,False,0,2,2,2014-06,2016-07,https://www.mapillary.com/app/?pKey=4400094580055941&focus=photo,
hard-00686,44.561836,-72.278915,True,wood_utility,,lean_slight,slight,intact,near,False,0,3,2,2017-07,2017-07,https://www.mapillary.com/app/?pKey=1620922054771850&focus=photo,
hard-00687,44.55987,-72.277855,False,unclear,,,unclear,none_visible,unclear,False,0,1,1,2017-07,2017-07,https://www.mapillary.com/app/?pKey=2885008165161319&focus=photo,
hard-00688,44.469122,-72.405266,True,wood_utility,,lean_slight,slight,intact,near,True,1,6,4,2018-07,2018-07,https://www.mapillary.com/app/?pKey=798831960748875&focus=photo,
hard-00689,44.472786,-72.40142,True,wood_utility,,lean_slight,slight,intact,near,False,0,3,3,2018-07,2018-07,https://www.mapillary.com/app/?pKey=407611930212653&focus=photo,
hard-00690,44.47035,-72.403534,True,wood_utility,vegetation,lean_slight,slight,intact,touching,False,0,2,2,2018-06,2018-06,https://www.mapillary.com/app/?pKey=1369935340030044&focus=photo,
hard-00691,44.4717707,-72.4023026,True,wood_utility,vegetation,,none,intact,touching,False,0,7,5,2018-07,2018-07,https://www.mapillary.com/app/?pKey=150863147022835&focus=photo,
hard-00692,44.47323,-72.4007,True,wood_utility,,,none,none_visible,near,False,1,3,2,2018-07,2018-07,https://www.mapillary.com/app/?pKey=1219060758531381&focus=photo,
hard-00693,44.470253,-72.4036,True,wood_utility,,,none,intact,near,False,0,3,3,2018-07,2018-07,https://www.mapillary.com/app/?pKey=286924899781473&focus=photo,
hard-00694,44.46974,-72.404274,True,wood_utility,vegetation,lean_slight,slight,none_visible,touching,False,0,3,3,2018-07,2018-07,https://www.mapillary.com/app/?pKey=2591618244478187&focus=photo,
hard-00695,44.470795,-72.403206,True,wood_utility,vegetation,lean_slight,slight,intact,touching,False,0,3,3,2018-07,2018-07,https://www.mapillary.com/app/?pKey=144251104425146&focus=photo,
hard-00696,44.469532,-72.40467,True,wood_utility,vegetation,lean_slight,slight,intact,touching,False,0,2,2,2016-07,2018-06,https://www.mapillary.com/app/?pKey=379744333427493&focus=photo,
hard-00697,44.46944,-72.40476,True,wood_utility,vegetation,lean_slight,slight,intact,touching,False,0,3,3,2018-07,2018-07,https://www.mapillary.com/app/?pKey=870519046836785&focus=photo,
hard-00698,44.4713,-72.402756,True,wood_utility,vegetation,lean_slight,slight,intact,touching,False,0,3,3,2018-07,2018-07,https://www.mapillary.com/app/?pKey=289176476220529&focus=photo,
hard-00699,44.47231,-72.40187,True,wood_utility,vegetation,lean_slight,slight,none_visible,touching,False,0,3,3,2016-07,2016-07,https://www.mapillary.com/app/?pKey=3190978494462575&focus=photo,
hard-00700,44.574528,-72.36501,True,wood_utility,,,none,none_visible,near,False,0,1,1,2016-07,2018-07,https://www.mapillary.com/app/?pKey=186001953412263&focus=photo,
hard-00701,44.554056,-72.317415,True,wood_utility,vegetation,lean_slight,slight,none_visible,touching,False,0,6,3,2019-07,2019-07,https://www.mapillary.com/app/?pKey=967036490707941&focus=photo,
hard-00702,44.574665,-72.36498,True,wood_utility,vegetation,lean_slight,slight,none_visible,touching,False,0,1,1,2016-07,2018-06,https://www.mapillary.com/app/?pKey=807304056825831&focus=photo,
hard-00703,44.5724372,-72.365192,False,unclear,vegetation,,unclear,none_visible,touching,False,0,5,3,2018-06,2018-06,https://www.mapillary.com/app/?pKey=523535618827318&focus=photo,
hard-00704,44.46732,-72.27166,True,wood_utility,,lean_slight,slight,none_visible,near,False,0,1,1,2014-07,2018-07,https://www.mapillary.com/app/?pKey=2880796718860553&focus=photo,
hard-00705,44.49774,-72.37187,True,wood_utility,,lean_slight,slight,none_visible,near,False,0,6,5,2018-06,2018-06,https://www.mapillary.com/app/?pKey=145911334234834&focus=photo,
hard-00706,44.49507,-72.37353,True,wood_utility,,,none,intact,none,False,0,3,2,2016-07,2016-07,https://www.mapillary.com/app/?pKey=560468695340323&focus=photo,
hard-00707,44.49762,-72.37169,True,wood_utility,,lean_slight,slight,intact,near,False,1,2,2,2016-07,2016-07,https://www.mapillary.com/app/?pKey=780977219134670&focus=photo,
hard-00708,44.499092,-72.371544,True,wood_utility,,lean_slight,slight,intact,near,False,1,3,3,2018-07,2018-07,https://www.mapillary.com/app/?pKey=130726232375607&focus=photo,
hard-00709,44.499554,-72.371704,True,wood_utility,,lean_slight,slight,none_visible,near,False,1,3,2,2018-07,2018-07,https://www.mapillary.com/app/?pKey=406289120360464&focus=photo,
hard-00710,44.49385,-72.314804,True,wood_utility,vegetation,,unclear,none_visible,touching,False,0,2,2,2016-06,2018-07,https://www.mapillary.com/app/?pKey=497063835045614&focus=photo,
hard-00711,44.492455,-72.313354,True,wood_utility,,lean_slight,slight,none_visible,near,False,0,3,2,2016-06,2016-06,https://www.mapillary.com/app/?pKey=1038989169840745&focus=photo,
hard-00712,44.494358,-72.31669,True,wood_utility,vegetation,,none,none_visible,touching,False,1,1,1,2016-06,2016-06,https://www.mapillary.com/app/?pKey=1495616690782936&focus=photo,
hard-00713,44.497356,-72.37178,True,wood_utility,,lean_slight,slight,none_visible,near,True,2,3,2,2018-06,2018-06,https://www.mapillary.com/app/?pKey=471730320565604&focus=photo,
hard-00714,44.49415,-72.31612,True,wood_utility,vegetation,lean_slight,slight,none_visible,touching,True,1,3,3,2016-06,2016-06,https://www.mapillary.com/app/?pKey=188037663092538&focus=photo,
hard-00715,44.49812,-72.37192,True,wood_utility,,,none,intact,none,True,1,3,3,2014-07,2018-06,https://www.mapillary.com/app/?pKey=614366883289580&focus=photo,
hard-00716,44.493587,-72.31444,True,wood_utility,,lean_slight,slight,intact,near,True,1,3,3,2018-07,2018-07,https://www.mapillary.com/app/?pKey=481029179781819&focus=photo,
hard-00717,44.493645,-72.31456,False,unclear,,,unclear,none_visible,near,False,0,2,1,2016-06,2016-06,https://www.mapillary.com/app/?pKey=515152896283201&focus=photo,
hard-00718,44.49792,-72.37163,True,wood_utility,,lean_slight,slight,intact,near,False,2,1,1,2016-07,2016-07,https://www.mapillary.com/app/?pKey=529390595146471&focus=photo,
hard-00719,44.499363,-72.37145,False,unclear,,,unclear,none_visible,unclear,False,0,2,1,2018-06,2018-06,https://www.mapillary.com/app/?pKey=496804588302027&focus=photo,
hard-00720,44.496323,-72.3721,True,wood_utility,,,none,intact,near,False,1,3,3,2018-07,2018-07,https://www.mapillary.com/app/?pKey=939872576814037&focus=photo,
hard-00721,44.495834,-72.37253,True,wood_utility,,,none,intact,near,True,1,3,3,2018-07,2018-07,https://www.mapillary.com/app/?pKey=573258986987028&focus=photo,
hard-00722,44.497738,-72.37165,True,wood_utility,,lean_slight,slight,intact,near,False,2,3,3,2018-07,2018-07,https://www.mapillary.com/app/?pKey=186296886722944&focus=photo,
hard-00723,44.49819,-72.37155,True,wood_utility,,,none,intact,near,False,2,3,2,2018-06,2018-07,https://www.mapillary.com/app/?pKey=807095003536161&focus=photo,
hard-00724,44.494896,-72.37372,True,wood_utility,,lean_slight,slight,intact,near,False,1,3,3,2016-07,2016-07,https://www.mapillary.com/app/?pKey=324360952451861&focus=photo,
hard-00725,44.49392,-72.31519,True,wood_utility,,,none,none_visible,near,False,0,3,3,2018-07,2018-07,https://www.mapillary.com/app/?pKey=322562882694871&focus=photo,
hard-00726,44.495434,-72.37293,True,wood_utility,,lean_slight,slight,intact,near,False,0,3,2,2016-07,2016-07,https://www.mapillary.com/app/?pKey=562636808100059&focus=photo,
hard-00727,44.49581,-72.37315,True,wood_utility,,lean_slight,slight,intact,near,False,0,3,2,2014-07,2016-07,https://www.mapillary.com/app/?pKey=2941283936092885&focus=photo,
hard-00728,44.4975,-72.371735,True,wood_utility,vegetation,lean_slight,slight,none_visible,touching,False,1,2,2,2016-07,2016-07,https://www.mapillary.com/app/?pKey=1150695168738337&focus=photo,
hard-00729,44.499943,-72.37191,True,wood_utility,vegetation,,none,none_visible,touching,False,1,3,3,2018-06,2018-06,https://www.mapillary.com/app/?pKey=299056205037278&focus=photo,
hard-00730,44.495304,-72.373,True,wood_utility,,lean_slight,slight,intact,near,False,1,3,3,2018-07,2018-07,https://www.mapillary.com/app/?pKey=3020515531553333&focus=photo,23.1
hard-00731,44.498493,-72.37153,True,wood_utility,,lean_slight,slight,intact,near,False,1,3,3,2018-07,2018-07,https://www.mapillary.com/app/?pKey=188905866334490&focus=photo,
hard-00732,44.495247,-72.3737,True,wood_utility,,lean_slight,slight,none_visible,none,False,1,2,2,2016-07,2016-07,https://www.mapillary.com/app/?pKey=342621563880114&focus=photo,
hard-00733,44.497227,-72.37176,True,wood_utility,,lean_slight,slight,intact,near,False,1,3,3,2016-07,2016-07,https://www.mapillary.com/app/?pKey=3991378444314696&focus=photo,
hard-00734,44.496628,-72.37201,True,wood_utility,,lean_slight,slight,intact,near,False,1,2,2,2014-07,2016-07,https://www.mapillary.com/app/?pKey=1870312106484567&focus=photo,
hard-00735,44.49829,-72.371574,True,wood_utility,vegetation,lean_slight,slight,intact,touching,False,1,3,3,2018-06,2018-06,https://www.mapillary.com/app/?pKey=187065733294745&focus=photo,
hard-00736,44.49315,-72.31362,True,wood_utility,,lean_slight,slight,none_visible,near,False,1,3,3,2018-07,2018-07,https://www.mapillary.com/app/?pKey=307645190813578&focus=photo,
hard-00737,44.49708,-72.37183,True,wood_utility,,,none,intact,near,False,1,3,2,2016-07,2016-07,https://www.mapillary.com/app/?pKey=4268192066548216&focus=photo,
hard-00738,44.493484,-72.3138,True,wood_utility,,lean_slight,slight,none_visible,near,False,1,3,1,2016-06,2016-06,https://www.mapillary.com/app/?pKey=4280711552024452&focus=photo,
hard-00739,44.498787,-72.37172,True,wood_utility,vegetation,,unclear,unclear,touching,False,0,1,1,2018-07,2018-07,https://www.mapillary.com/app/?pKey=477283916684821&focus=photo,
hard-00740,44.493916,-72.31436,True,wood_utility,vegetation,lean_slight,slight,none_visible,touching,False,0,3,2,2016-06,2016-06,https://www.mapillary.com/app/?pKey=179534340769810&focus=photo,
hard-00741,44.528408,-72.28566,True,wood_utility,,,none,intact,none,False,0,3,3,2016-06,2016-06,https://www.mapillary.com/app/?pKey=841500483174214&focus=photo,
hard-00742,44.5282955,-72.28576,True,wood_utility,,,none,intact,near,False,0,4,3,2018-07,2018-07,https://www.mapillary.com/app/?pKey=226567928920713&focus=photo,
hard-00743,44.526636,-72.28804,True,wood_utility,,,none,intact,near,False,0,4,3,2018-07,2018-07,https://www.mapillary.com/app/?pKey=302220994882292&focus=photo,
hard-00744,44.527573,-72.28684,True,wood_utility,,lean_slight,slight,intact,none,False,1,3,2,2018-07,2018-07,https://www.mapillary.com/app/?pKey=3955811381121229&focus=photo,
hard-00745,44.52825,-72.28593,True,wood_utility,vegetation,lean_slight,slight,none_visible,touching,False,1,1,1,2014-06,2016-06,https://www.mapillary.com/app/?pKey=470419467366861&focus=photo,
hard-00746,44.52715,-72.2874225,True,wood_utility,,,none,intact,near,False,1,6,6,2018-07,2018-07,https://www.mapillary.com/app/?pKey=377962500309549&focus=photo,
hard-00747,44.52795,-72.28628,True,wood_utility,lean;vegetation,,moderate,intact,touching,False,0,3,3,2016-06,2016-06,https://www.mapillary.com/app/?pKey=2904641956447522&focus=photo,
hard-00748,44.5281675,-72.286045,True,wood_utility,,lean_slight,slight,none_visible,near,False,0,4,2,2018-07,2018-07,https://www.mapillary.com/app/?pKey=129589555828638&focus=photo,
hard-00749,44.527912,-72.286415,False,unclear,,,unclear,none_visible,unclear,False,0,1,1,2018-07,2018-07,https://www.mapillary.com/app/?pKey=771801723514456&focus=photo,
hard-00750,44.47372,-72.28697,True,wood_utility,,,none,none_visible,near,False,0,1,1,2018-07,2018-07,https://www.mapillary.com/app/?pKey=755330205154511&focus=photo,
hard-00751,44.47347,-72.2865625,False,unclear,,,unclear,none_visible,unclear,False,0,6,5,2018-07,2018-07,https://www.mapillary.com/app/?pKey=4053892841398606&focus=photo,
hard-00752,44.51137,-72.34309,True,wood_utility,,,none,none_visible,near,False,2,1,1,2015-07,2015-07,https://www.mapillary.com/app/?pKey=145775200816181&focus=photo,
hard-00753,44.516834,-72.378795,True,wood_utility,,,none,intact,near,False,0,6,4,2016-06,2016-06,https://www.mapillary.com/app/?pKey=474621640284809&focus=photo,
hard-00754,44.515068,-72.37446,True,wood_utility,,,none,none_visible,near,False,1,2,2,2014-06,2018-07,https://www.mapillary.com/app/?pKey=295228282330908&focus=photo,
hard-00755,44.516891,-72.37897,True,wood_utility,,lean_slight,slight,intact,near,False,0,6,3,2018-07,2018-07,https://www.mapillary.com/app/?pKey=960101338099009&focus=photo,
hard-00756,44.5166,-72.37778,True,wood_utility,,,none,intact,near,False,0,3,3,2018-07,2018-07,https://www.mapillary.com/app/?pKey=156879479784861&focus=photo,
hard-00757,44.514233,-72.37377,True,wood_utility,,lean_slight,slight,none_visible,near,False,1,3,2,2016-06,2016-06,https://www.mapillary.com/app/?pKey=168400221805083&focus=photo,
hard-00758,44.5167885,-72.378175,True,wood_utility,,,none,intact,near,False,0,6,3,2016-06,2018-07,https://www.mapillary.com/app/?pKey=2599659086997722&focus=photo,
hard-00759,44.51644,-72.37795,True,wood_utility,,lean_slight,slight,intact,near,False,1,3,3,2016-06,2018-07,https://www.mapillary.com/app/?pKey=535497740944427&focus=photo,
hard-00760,44.516277,-72.37708,True,wood_utility,,lean_slight,slight,intact,near,False,1,1,1,2014-07,2016-06,https://www.mapillary.com/app/?pKey=755144188514987&focus=photo,
hard-00761,44.516365,-72.37779,True,wood_utility,,lean_slight,slight,intact,near,False,1,3,2,2016-06,2016-06,https://www.mapillary.com/app/?pKey=480719336585452&focus=photo,
hard-00762,44.516644,-72.37789,True,wood_utility,,,none,intact,near,True,0,2,2,2016-06,2018-07,https://www.mapillary.com/app/?pKey=865822447350352&focus=photo,
hard-00763,44.5165635,-72.377455,True,wood_utility,,,none,intact,near,False,0,6,3,2018-07,2018-07,https://www.mapillary.com/app/?pKey=311803347071580&focus=photo,
hard-00764,44.514305,-72.37381,True,wood_utility,,lean_slight,slight,none_visible,near,False,1,3,3,2018-07,2018-07,https://www.mapillary.com/app/?pKey=146446530846027&focus=photo,
hard-00765,44.516174,-72.37688,True,wood_utility,,,none,none_visible,near,False,0,2,2,2016-06,2018-07,https://www.mapillary.com/app/?pKey=305549401198268&focus=photo,
hard-00766,44.516598,-72.37754,True,wood_utility,,lean_slight,slight,intact,near,False,1,3,2,2014-07,2018-07,https://www.mapillary.com/app/?pKey=2672134996409845&focus=photo,
hard-00767,44.51536,-72.37471,True,wood_utility,,lean_slight,slight,none_visible,none,False,0,3,3,2018-07,2018-07,https://www.mapillary.com/app/?pKey=926533324807096&focus=photo,
hard-00768,44.516094,-72.376724,True,wood_utility,,,none,none_visible,near,False,1,2,2,2016-06,2016-06,https://www.mapillary.com/app/?pKey=213322000605131&focus=photo,
hard-00769,44.584072,-72.36127,False,unclear,,,unclear,none_visible,unclear,False,0,2,2,2018-06,2018-06,https://www.mapillary.com/app/?pKey=4180783248654788&focus=photo,
hard-00770,44.516525,-72.37765,True,wood_utility,,,none,none_visible,none,True,0,3,2,2016-06,2016-06,https://www.mapillary.com/app/?pKey=978143846288430&focus=photo,
hard-00771,44.551743,-72.27116,True,wood_utility,vegetation,lean_slight,slight,none_visible,touching,False,1,1,1,2019-07,2019-07,https://www.mapillary.com/app/?pKey=214334176985419&focus=photo,
hard-00772,44.551105,-72.27057,True,wood_utility,vegetation,lean_slight,slight,none_visible,touching,False,1,3,2,2015-07,2019-07,https://www.mapillary.com/app/?pKey=1425415064458119&focus=photo,
hard-00773,44.5514321,-72.2708277,True,wood_utility,vegetation,,none,none_visible,touching,False,0,8,5,2019-07,2019-07,https://www.mapillary.com/app/?pKey=519916299419925&focus=photo,
hard-00774,44.514145,-72.31419,False,unclear,,,unclear,none_visible,unclear,False,0,1,1,2018-07,2018-07,https://www.mapillary.com/app/?pKey=500728587935651&focus=photo,
hard-00775,44.5144065,-72.313735,True,wood_utility,,lean_slight,slight,none_visible,near,False,1,6,5,2018-07,2018-07,https://www.mapillary.com/app/?pKey=254171933166559&focus=photo,
hard-00776,44.556385,-72.27647,True,wood_utility,vegetation,lean_slight,slight,none_visible,touching,False,0,1,1,2015-07,2015-07,https://www.mapillary.com/app/?pKey=905857460339902&focus=photo,
hard-00777,44.5267015,-72.375087,True,wood_utility,vegetation,,none,unclear,touching,False,0,2,2,2018-06,2018-07,https://www.mapillary.com/app/?pKey=517323826081795&focus=photo,
hard-00778,44.5288551,-72.3743203,True,wood_utility,vegetation,lean_slight,slight,none_visible,touching,False,0,7,3,2018-06,2018-06,https://www.mapillary.com/app/?pKey=311921860392576&focus=photo,
hard-00779,44.52791,-72.37463,False,unclear,vegetation,,unclear,unclear,touching,False,0,2,1,2016-07,2018-06,https://www.mapillary.com/app/?pKey=787614218621744&focus=photo,
hard-00780,44.529137,-72.374245,True,wood_utility,vegetation,lean_slight,slight,intact,touching,False,1,1,1,2016-07,2016-07,https://www.mapillary.com/app/?pKey=169741235001379&focus=photo,
hard-00781,44.471794,-72.2822575,True,wood_utility,vegetation,,none,none_visible,touching,False,0,6,5,2018-07,2018-07,https://www.mapillary.com/app/?pKey=589298128641986&focus=photo,
hard-00782,44.470715,-72.28057,True,wood_utility,,lean_slight,slight,none_visible,none,False,1,3,3,2018-07,2018-07,https://www.mapillary.com/app/?pKey=161811982569114&focus=photo,
hard-00783,44.469807,-72.27902,True,wood_utility,lean,,moderate,intact,near,False,0,2,2,2018-07,2018-07,https://www.mapillary.com/app/?pKey=1127169094431970&focus=photo,
hard-00784,44.5657606,-72.36676,True,wood_utility,,lean_slight,slight,intact,near,False,1,7,5,2018-07,2018-07,https://www.mapillary.com/app/?pKey=3757710811025274&focus=photo,
hard-00785,44.52429,-72.29575,True,wood_utility,,,none,none_visible,near,False,0,3,3,2018-07,2018-07,https://www.mapillary.com/app/?pKey=2856225314692446&focus=photo,
hard-00786,44.52409,-72.295815,True,wood_utility,,,none,intact,near,False,1,1,1,2016-06,2016-06,https://www.mapillary.com/app/?pKey=4382611338416753&focus=photo,
hard-00787,44.524036,-72.295975,True,wood_utility,vegetation,,none,intact,touching,False,1,1,1,2018-07,2018-07,https://www.mapillary.com/app/?pKey=183297067015882&focus=photo,
hard-00788,44.5243936,-72.294958,True,wood_utility,,,none,intact,near,True,1,5,5,2018-07,2018-07,https://www.mapillary.com/app/?pKey=529297421570946&focus=photo,
hard-00789,44.49569,-72.31943,False,unclear,,,unclear,unclear,unclear,False,0,1,1,2018-07,2018-07,https://www.mapillary.com/app/?pKey=177065910895756&focus=photo,
hard-00790,44.471203,-72.28133,True,wood_utility,vegetation,lean_slight,slight,none_visible,touching,False,0,3,3,2018-07,2018-07,https://www.mapillary.com/app/?pKey=895441054372348&focus=photo,
hard-00791,44.521244,-72.37516,True,wood_utility,vegetation,lean_slight,slight,intact,touching,False,1,3,1,2018-06,2018-06,https://www.mapillary.com/app/?pKey=477475400199387&focus=photo,
hard-00792,44.57529,-72.36472,False,other,,,unclear,none_visible,unclear,False,0,1,1,2014-06,2018-07,https://www.mapillary.com/app/?pKey=375851887194236&focus=photo,
hard-00793,44.513763,-72.37367,True,wood_utility,,,none,intact,near,False,1,2,2,2016-06,2018-07,https://www.mapillary.com/app/?pKey=170284731704724&focus=photo,
hard-00794,44.576126,-72.36501,False,unclear,,,unclear,none_visible,unclear,False,0,1,1,2018-07,2018-07,https://www.mapillary.com/app/?pKey=505620150621739&focus=photo,
hard-00795,44.57559,-72.36474,False,unclear,,,unclear,none_visible,unclear,False,0,3,2,2018-06,2018-06,https://www.mapillary.com/app/?pKey=266912441840199&focus=photo,
hard-00796,44.466979,-72.27103,True,wood_utility,vegetation,lean_slight,slight,none_visible,touching,False,0,6,4,2018-07,2018-07,https://www.mapillary.com/app/?pKey=1474982229523563&focus=photo,
hard-00797,44.4670368,-72.270954,True,wood_utility,vegetation,lean_slight,slight,none_visible,touching,False,0,5,4,2018-07,2018-07,https://www.mapillary.com/app/?pKey=1112808655879036&focus=photo,
hard-00798,44.4673,-72.27141,True,wood_utility,,lean_slight,slight,none_visible,near,False,0,3,3,2018-07,2018-07,https://www.mapillary.com/app/?pKey=776795826538842&focus=photo,
hard-00799,44.528328,-72.33719,True,wood_utility,,,none,none_visible,none,False,0,3,3,2019-07,2019-07,https://www.mapillary.com/app/?pKey=470058120739895&focus=photo,
hard-00800,44.530014,-72.33603,True,wood_utility,,lean_slight,slight,intact,none,False,1,1,1,2013-09,2015-07,https://www.mapillary.com/app/?pKey=191545209504061&focus=photo,
hard-00801,44.531612,-72.33467,True,wood_utility,,lean_slight,slight,intact,near,False,0,3,1,2019-07,2019-07,https://www.mapillary.com/app/?pKey=1000024487402535&focus=photo,
hard-00802,44.4649,-72.26873,True,wood_utility,,lean_slight,slight,intact,near,False,0,3,3,2016-06,2018-07,https://www.mapillary.com/app/?pKey=1188660544896945&focus=photo,
hard-00803,44.529922,-72.33609,True,wood_utility,,lean_slight,slight,intact,none,False,0,2,2,2015-07,2015-07,https://www.mapillary.com/app/?pKey=951708312314624&focus=photo,
hard-00804,44.52233,-72.415474,True,wood_utility,,lean_slight,slight,none_visible,near,False,0,1,1,2016-06,2016-06,https://www.mapillary.com/app/?pKey=3987636034650285&focus=photo,
hard-00805,44.467075,-72.27109,True,wood_utility,,lean_slight,slight,none_visible,near,False,0,3,3,2016-06,2016-06,https://www.mapillary.com/app/?pKey=3877382482371222&focus=photo,
hard-00806,44.575756,-72.29526,True,wood_utility,,lean_slight,slight,none_visible,near,False,2,3,1,2019-07,2019-07,https://www.mapillary.com/app/?pKey=848334246066144&focus=photo,
hard-00807,44.582806,-72.36238,True,wood_utility,,lean_slight,slight,intact,near,False,1,3,3,2018-07,2018-07,https://www.mapillary.com/app/?pKey=899276203951196&focus=photo,
hard-00808,44.582188,-72.36272,True,wood_utility,vegetation,,unclear,none_visible,touching,False,0,3,3,2016-07,2018-06,https://www.mapillary.com/app/?pKey=224721989131287&focus=photo,
hard-00809,44.529,-72.28466,True,wood_utility,,lean_slight,slight,intact,near,False,1,3,3,2018-07,2018-07,https://www.mapillary.com/app/?pKey=3864212057011269&focus=photo,
hard-00810,44.502655,-72.355194,True,wood_utility,vegetation,,none,none_visible,touching,False,0,2,2,2018-07,2018-07,https://www.mapillary.com/app/?pKey=140000541514801&focus=photo,
hard-00811,44.529037,-72.28475,True,wood_utility,vegetation,lean_slight,slight,unclear,touching,False,1,1,1,2016-06,2018-07,https://www.mapillary.com/app/?pKey=293158245824476&focus=photo,
hard-00812,44.484562,-72.382545,True,wood_utility,,,none,intact,near,False,1,3,3,2016-07,2018-07,https://www.mapillary.com/app/?pKey=623194389075657&focus=photo,
hard-00813,44.529606,-72.284256,True,wood_utility,,,unclear,unclear,unclear,False,0,3,1,2014-06,2014-06,https://www.mapillary.com/app/?pKey=1020793468325148&focus=photo,
hard-00814,44.5251,-72.29123,True,wood_utility,,lean_slight,slight,none_visible,near,False,0,3,2,2018-07,2018-07,https://www.mapillary.com/app/?pKey=232088028722583&focus=photo,
hard-00815,44.576405,-72.296005,True,wood_utility,,,none,none_visible,near,False,1,3,3,2019-07,2019-07,https://www.mapillary.com/app/?pKey=1362652027453853&focus=photo,
hard-00816,44.57707,-72.29602,True,wood_utility,,,none,intact,near,False,1,3,3,2019-07,2019-07,https://www.mapillary.com/app/?pKey=322115516091820&focus=photo,
hard-00817,44.57858,-72.29576,True,wood_utility,,,none,intact,near,False,1,3,3,2019-07,2019-07,https://www.mapillary.com/app/?pKey=3870984526284008&focus=photo,
hard-00818,44.577404,-72.29604,True,wood_utility,,,none,intact,near,False,1,3,3,2019-07,2019-07,https://www.mapillary.com/app/?pKey=814290306172300&focus=photo,
hard-00819,44.57791,-72.29584,True,wood_utility,,,none,intact,near,True,1,3,3,2015-07,2017-07,https://www.mapillary.com/app/?pKey=310866963861557&focus=photo,
hard-00820,44.577343,-72.29594,True,wood_utility,vegetation,lean_slight,slight,none_visible,touching,False,1,1,1,2017-07,2017-07,https://www.mapillary.com/app/?pKey=3129459663953325&focus=photo,
hard-00821,44.579258,-72.295929,True,wood_utility,,,none,intact,near,False,1,12,5,2019-07,2019-07,https://www.mapillary.com/app/?pKey=1234980236914846&focus=photo,
hard-00822,44.576467,-72.296043,True,wood_utility,,,none,none_visible,near,False,1,6,4,2019-07,2019-07,https://www.mapillary.com/app/?pKey=207366417881373&focus=photo,
hard-00823,44.577503,-72.295944,True,wood_utility,,,none,intact,near,False,1,3,2,2017-07,2017-07,https://www.mapillary.com/app/?pKey=486582925885127&focus=photo,
hard-00824,44.5782,-72.29572,True,wood_utility,,,none,intact,near,False,1,3,3,2019-07,2019-07,https://www.mapillary.com/app/?pKey=3123860327845865&focus=photo,
hard-00825,44.579006,-72.295845,True,wood_utility,,,none,intact,near,False,0,2,2,2017-07,2019-07,https://www.mapillary.com/app/?pKey=318056776530318&focus=photo,
hard-00826,44.576275,-72.29597,True,wood_utility,,,none,intact,none,False,1,3,2,2013-09,2015-07,https://www.mapillary.com/app/?pKey=482589649679757&focus=photo,
hard-00827,44.5805564,-72.2960944,True,wood_utility,,,none,intact,near,False,0,5,4,2019-07,2019-07,https://www.mapillary.com/app/?pKey=4010328205701011&focus=photo,
hard-00828,44.57999,-72.29595,True,wood_utility,,,none,intact,near,False,0,3,3,2019-07,2019-07,https://www.mapillary.com/app/?pKey=954842715345991&focus=photo,
hard-00829,44.57809,-72.29563,True,wood_utility,,,none,none_visible,near,False,0,3,3,2019-07,2019-07,https://www.mapillary.com/app/?pKey=1134988660317471&focus=photo,
hard-00830,44.57693,-72.29604,True,wood_utility,,,none,intact,near,False,2,3,2,2017-07,2017-07,https://www.mapillary.com/app/?pKey=514289003249475&focus=photo,
hard-00831,44.5785622,-72.2955096,True,wood_utility,,lean_slight,slight,intact,near,False,0,5,5,2019-07,2019-07,https://www.mapillary.com/app/?pKey=3870984526284008&focus=photo,
hard-00832,44.576725,-72.29601,True,wood_utility,,,none,intact,near,False,1,3,2,2015-07,2017-07,https://www.mapillary.com/app/?pKey=871943123358199&focus=photo,
hard-00833,44.5777205,-72.295925,True,wood_utility,,,none,intact,near,False,1,6,4,2019-07,2019-07,https://www.mapillary.com/app/?pKey=820815395478865&focus=photo,
hard-00834,44.5783,-72.29576,True,wood_utility,,,none,intact,near,False,1,3,3,2017-07,2017-07,https://www.mapillary.com/app/?pKey=170632771661896&focus=photo,
hard-00835,44.5789027,-72.295845,True,wood_utility,,,none,intact,near,False,1,9,5,2019-07,2019-07,https://www.mapillary.com/app/?pKey=538324354208924&focus=photo,
hard-00836,44.5796375,-72.295876,True,wood_utility,,lean_slight,slight,intact,none,False,1,6,4,2019-07,2019-07,https://www.mapillary.com/app/?pKey=381331313283843&focus=photo,
hard-00837,44.52621,-72.37524,True,wood_utility,,,none,none_visible,near,False,0,2,2,2018-06,2018-06,https://www.mapillary.com/app/?pKey=213768147034865&focus=photo,
hard-00838,44.52574,-72.37541,True,wood_utility,vegetation,lean_slight,slight,intact,touching,False,0,3,1,2016-07,2016-07,https://www.mapillary.com/app/?pKey=194522152524164&focus=photo,
hard-00839,44.57848,-72.29573,True,wood_utility,,,none,intact,near,False,1,3,3,2019-07,2019-07,https://www.mapillary.com/app/?pKey=896894920874809&focus=photo,
hard-00840,44.580887,-72.296165,True,wood_utility,,lean_slight,slight,intact,near,False,1,3,3,2019-07,2019-07,https://www.mapillary.com/app/?pKey=139914254860198&focus=photo,
hard-00841,44.57891,-72.29524,True,wood_utility,vegetation,lean_slight,slight,none_visible,touching,False,0,1,1,2013-09,2019-07,https://www.mapillary.com/app/?pKey=151766703596875&focus=photo,
hard-00842,44.525814,-72.37539,False,unclear,vegetation,,unclear,none_visible,touching,False,0,2,1,2016-07,2018-06,https://www.mapillary.com/app/?pKey=194522152524164&focus=photo,
hard-00843,44.579163,-72.29588,True,wood_utility,,,none,intact,near,True,0,2,1,2017-07,2019-07,https://www.mapillary.com/app/?pKey=307124484210339&focus=photo,
hard-00844,44.501312,-72.32758,False,unclear,,,unclear,none_visible,unclear,False,0,3,3,2016-06,2016-06,https://www.mapillary.com/app/?pKey=293240812475997&focus=photo,
hard-00845,44.499844,-72.32378,True,wood_utility,,lean_slight,slight,none_visible,near,False,1,3,3,2018-07,2018-07,https://www.mapillary.com/app/?pKey=148631107285096&focus=photo,
hard-00846,44.498497,-72.323204,True,wood_utility,,lean_slight,slight,intact,near,False,1,3,3,2018-07,2018-07,https://www.mapillary.com/app/?pKey=1870122763146664&focus=photo,
hard-00847,44.49886,-72.32354,True,wood_utility,,lean_slight,slight,intact,near,False,0,3,2,2014-07,2014-07,https://www.mapillary.com/app/?pKey=316717526646745&focus=photo,
hard-00848,44.49971,-72.3243,True,wood_utility,vegetation,lean_slight,slight,none_visible,touching,False,1,3,3,2018-07,2018-07,https://www.mapillary.com/app/?pKey=146095517550288&focus=photo,
hard-00849,44.540344,-72.269844,True,wood_utility,,lean_slight,slight,none_visible,near,False,1,3,3,2018-07,2018-07,https://www.mapillary.com/app/?pKey=226295095619965&focus=photo,
hard-00850,44.5480725,-72.322045,True,wood_utility,,,none,none_visible,near,False,0,2,1,2017-07,2017-07,https://www.mapillary.com/app/?pKey=2981628198735709&focus=photo,
hard-00851,44.551456,-72.31937,True,wood_utility,,lean_slight,slight,intact,near,False,0,2,1,2019-07,2019-07,https://www.mapillary.com/app/?pKey=1107040999784307&focus=photo,
hard-00852,44.551697,-72.31919,True,wood_utility,,lean_slight,slight,unclear,near,False,1,2,2,2017-07,2017-07,https://www.mapillary.com/app/?pKey=279305010594876&focus=photo,
hard-00853,44.5519087,-72.3190133,True,wood_utility,vegetation,,none,intact,touching,False,0,9,5,2019-07,2019-07,https://www.mapillary.com/app/?pKey=760977747932499&focus=photo,
hard-00854,44.550632,-72.32,True,wood_utility,vegetation,lean_slight,slight,none_visible,touching,False,0,3,2,2019-07,2019-07,https://www.mapillary.com/app/?pKey=525734238784407&focus=photo,
hard-00855,44.551266,-72.31949,True,wood_utility,vegetation,,none,intact,touching,False,1,3,3,2019-07,2019-07,https://www.mapillary.com/app/?pKey=523909418634132&focus=photo,
hard-00856,44.5486139,-72.3215626,True,wood_utility,,lean_slight,slight,none_visible,near,False,0,10,5,2019-07,2019-07,https://www.mapillary.com/app/?pKey=482912859644411&focus=photo,
hard-00857,44.5523395,-72.3187,True,wood_utility,,,none,none_visible,near,False,1,6,3,2019-07,2019-07,https://www.mapillary.com/app/?pKey=866937577191590&focus=photo,
hard-00858,44.552227,-72.31881,False,unclear,,,unclear,none_visible,unclear,False,0,2,1,2013-09,2017-07,https://www.mapillary.com/app/?pKey=1542470612751978&focus=photo,
hard-00859,44.558674,-72.368815,True,wood_utility,,lean_slight,slight,intact,near,False,0,3,2,2014-06,2018-06,https://www.mapillary.com/app/?pKey=1365096953846976&focus=photo,
hard-00860,44.56074,-72.36811,True,wood_utility,,,none,intact,near,False,0,3,3,2018-07,2018-07,https://www.mapillary.com/app/?pKey=524413745238135&focus=photo,
hard-00861,44.559723,-72.368515,True,wood_utility,,lean_slight,slight,intact,near,False,0,3,3,2018-07,2018-07,https://www.mapillary.com/app/?pKey=781941086023174&focus=photo,
hard-00862,44.557377,-72.36888,True,wood_utility,,lean_slight,slight,intact,near,False,0,1,1,2018-06,2018-06,https://www.mapillary.com/app/?pKey=518121876215763&focus=photo,
hard-00863,44.557476,-72.36895,True,wood_utility,,lean_slight,slight,intact,near,False,0,3,3,2018-06,2018-06,https://www.mapillary.com/app/?pKey=182973097061518&focus=photo,
hard-00864,44.5582,-72.368904,True,wood_utility,,lean_slight,slight,intact,near,False,0,3,3,2018-06,2018-06,https://www.mapillary.com/app/?pKey=480579429881856&focus=photo,
hard-00865,44.55952,-72.368805,True,wood_utility,vegetation,lean_slight,slight,none_visible,touching,False,0,3,2,2016-07,2016-07,https://www.mapillary.com/app/?pKey=310443163954568&focus=photo,
hard-00866,44.5566965,-72.369003,True,wood_utility,,lean_slight,slight,none_visible,near,False,1,6,4,2018-07,2018-07,https://www.mapillary.com/app/?pKey=383210676384727&focus=photo,
hard-00867,44.558838,-72.36886,True,wood_utility,,lean_slight,slight,intact,near,False,0,3,3,2018-07,2018-07,https://www.mapillary.com/app/?pKey=341258101043983&focus=photo,
hard-00868,44.558422,-72.36886,True,wood_utility,vegetation,lean_slight,slight,none_visible,touching,False,0,2,2,2016-07,2018-07,https://www.mapillary.com/app/?pKey=1206461669819146&focus=photo,
hard-00869,44.520046,-72.37655,True,wood_utility,,lean_slight,slight,intact,near,False,1,1,1,2014-06,2016-07,https://www.mapillary.com/app/?pKey=541874676816142&focus=photo,
hard-00870,44.518406,-72.37806,True,wood_utility,,lean_slight,slight,none_visible,near,False,0,1,1,2016-07,2018-07,https://www.mapillary.com/app/?pKey=901342480422372&focus=photo,
hard-00871,44.499527,-72.32378,True,wood_utility,,,none,none_visible,near,False,0,3,3,2016-06,2016-06,https://www.mapillary.com/app/?pKey=491661985417174&focus=photo,
hard-00872,44.530834,-72.37398,True,wood_utility,,,unclear,none_visible,unclear,False,0,2,2,2018-06,2018-06,https://www.mapillary.com/app/?pKey=194857675839475&focus=photo,
hard-00873,44.556715,-72.368795,True,wood_utility,vegetation,lean_slight,slight,none_visible,touching,False,0,6,4,2018-06,2018-07,https://www.mapillary.com/app/?pKey=142052221249322&focus=photo,
hard-00874,44.55823,-72.31424,True,wood_utility,,,none,none_visible,near,False,0,3,1,2019-07,2019-07,https://www.mapillary.com/app/?pKey=3939659919481613&focus=photo,
hard-00875,44.558323,-72.31425,True,wood_utility,lean,,moderate,none_visible,none,False,0,3,3,2017-07,2017-07,https://www.mapillary.com/app/?pKey=759587828057058&focus=photo,
hard-00876,44.559809,-72.3131225,True,wood_utility,,,none,none_visible,near,False,1,4,2,2015-07,2015-07,https://www.mapillary.com/app/?pKey=177160204324432&focus=photo,
hard-00877,44.5021178,-72.371476,True,wood_utility,,lean_slight,slight,intact,near,False,2,5,3,2016-07,2016-07,https://www.mapillary.com/app/?pKey=4172254962833498&focus=photo,
hard-00878,44.502003,-72.37165,True,wood_utility,,lean_slight,slight,none_visible,near,False,1,3,2,2016-07,2016-07,https://www.mapillary.com/app/?pKey=1005826363491107&focus=photo,
hard-00879,44.50242,-72.37126,True,wood_utility,vegetation,,none,none_visible,touching,False,1,3,3,2018-06,2018-06,https://www.mapillary.com/app/?pKey=161295065965299&focus=photo,
hard-00880,44.501747,-72.37188,True,wood_utility,,lean_slight,slight,intact,near,False,2,3,2,2018-07,2018-07,https://www.mapillary.com/app/?pKey=1367479096970330&focus=photo,
hard-00881,44.50247,-72.370895,True,wood_utility,,lean_slight,slight,none_visible,near,False,2,3,2,2016-07,2016-07,https://www.mapillary.com/app/?pKey=511377800050630&focus=photo,
hard-00882,44.5029,-72.370346,False,other,,,unclear,none_visible,none,False,0,3,2,2016-07,2016-07,https://www.mapillary.com/app/?pKey=182572297097326&focus=photo,
hard-00883,44.5009365,-72.3720575,True,wood_utility,,lean_slight,slight,intact,near,False,1,6,3,2018-07,2018-07,https://www.mapillary.com/app/?pKey=1103182876871336&focus=photo,
hard-00884,44.50053,-72.37201,True,wood_utility,vegetation,lean_slight,slight,intact,touching,False,1,3,2,2016-07,2016-07,https://www.mapillary.com/app/?pKey=236910558205141&focus=photo,
hard-00885,44.5004178,-72.371985,True,wood_utility,,,none,none_visible,near,False,2,4,3,2018-06,2018-06,https://www.mapillary.com/app/?pKey=3667758463330402&focus=photo,
hard-00886,44.502544,-72.370766,True,wood_utility,,lean_slight,slight,intact,near,False,2,3,3,2018-07,2018-07,https://www.mapillary.com/app/?pKey=959633174877366&focus=photo,
hard-00887,44.503017,-72.37016,False,other,,,unclear,none_visible,none,False,0,3,2,2014-07,2018-07,https://www.mapillary.com/app/?pKey=968715457206064&focus=photo,
hard-00888,44.502644,-72.37052,True,wood_utility,vegetation,,none,none_visible,touching,False,0,3,2,2018-07,2018-07,https://www.mapillary.com/app/?pKey=492145958655615&focus=photo,
hard-00889,44.500675,-72.37203,True,wood_utility,vegetation,,none,none_visible,touching,False,2,3,2,2016-07,2016-07,https://www.mapillary.com/app/?pKey=1120106138512726&focus=photo,
hard-00890,44.499416,-72.37159,True,wood_utility,vegetation,lean_slight,slight,intact,touching,False,2,3,3,2018-07,2018-07,https://www.mapillary.com/app/?pKey=923845235077682&focus=photo,
hard-00891,44.50236,-72.37111,True,wood_utility,,lean_slight,slight,intact,near,False,2,3,3,2016-07,2016-07,https://www.mapillary.com/app/?pKey=1141826426283252&focus=photo,
hard-00892,44.503355,-72.36909,True,wood_utility,,,none,none_visible,near,False,1,6,4,2018-07,2018-07,https://www.mapillary.com/app/?pKey=489763152077493&focus=photo,
hard-00893,44.550793,-72.26654,True,wood_utility,vegetation,lean_slight,slight,none_visible,touching,False,1,3,3,2019-07,2019-07,https://www.mapillary.com/app/?pKey=151346530244266&focus=photo,
hard-00894,44.551014,-72.27041,True,wood_utility,,,none,none_visible,near,False,0,3,3,2017-07,2017-07,https://www.mapillary.com/app/?pKey=1118827861959666&focus=photo,
hard-00895,44.55087,-72.27027,True,wood_utility,,,none,none_visible,near,False,0,3,3,2019-07,2019-07,https://www.mapillary.com/app/?pKey=311773090498836&focus=photo,
hard-00896,44.551025,-72.26738,True,wood_utility,,lean_slight,slight,none_visible,near,False,1,3,3,2019-07,2019-07,https://www.mapillary.com/app/?pKey=157690502985791&focus=photo,
hard-00897,44.55042,-72.26985,True,wood_utility,vegetation,lean_slight,slight,none_visible,touching,False,1,3,3,2017-07,2017-07,https://www.mapillary.com/app/?pKey=223136912649407&focus=photo,
hard-00898,44.550976,-72.26821,True,wood_utility,,lean_slight,slight,none_visible,near,False,2,3,3,2019-07,2019-07,https://www.mapillary.com/app/?pKey=481298956540514&focus=photo,
hard-00899,44.55095,-72.2671,False,unclear,,,unclear,none_visible,unclear,False,0,1,1,2013-09,2019-07,https://www.mapillary.com/app/?pKey=1242269379562596&focus=photo,
hard-00900,44.550957,-72.26684,True,wood_utility,vegetation,,unclear,none_visible,touching,False,0,3,2,2017-07,2017-07,https://www.mapillary.com/app/?pKey=145368197524505&focus=photo,
hard-00901,44.55089,-72.26839,True,wood_utility,,lean_slight,slight,none_visible,near,False,1,2,2,2017-07,2017-07,https://www.mapillary.com/app/?pKey=681338755998566&focus=photo,
hard-00902,44.55054,-72.26908,True,wood_utility,,lean_slight,slight,none_visible,near,False,1,3,3,2017-07,2017-07,https://www.mapillary.com/app/?pKey=538084747325338&focus=photo,
hard-00903,44.477894,-72.300674,True,wood_utility,,,none,none_visible,near,False,0,2,1,2016-06,2016-06,https://www.mapillary.com/app/?pKey=818864272348891&focus=photo,
hard-00904,44.550583,-72.26891,True,wood_utility,vegetation,lean_slight,slight,none_visible,touching,False,0,3,3,2017-07,2017-07,https://www.mapillary.com/app/?pKey=887705735188930&focus=photo,
hard-00905,44.507395,-72.3498425,True,wood_utility,,,none,intact,none,False,0,6,4,2019-07,2019-07,https://www.mapillary.com/app/?pKey=1934120530068635&focus=photo,
hard-00906,44.540592,-72.327675,True,wood_utility,,,none,intact,none,False,0,3,1,2019-07,2019-07,https://www.mapillary.com/app/?pKey=179464484084543&focus=photo,
hard-00907,44.488895,-72.37953,True,wood_utility,,lean_slight,slight,intact,near,False,0,1,1,2016-07,2018-07,https://www.mapillary.com/app/?pKey=888406471709906&focus=photo,
hard-00908,44.48647,-72.38073,True,wood_utility,,lean_slight,slight,none_visible,near,False,0,3,2,2018-07,2018-07,https://www.mapillary.com/app/?pKey=407536266895949&focus=photo,
hard-00909,44.488586,-72.3797,True,wood_utility,,,none,intact,near,False,0,2,1,2016-07,2016-07,https://www.mapillary.com/app/?pKey=1383782555325756&focus=photo,
hard-00910,44.523125,-72.37481,True,wood_utility,vegetation,,none,none_visible,touching,False,1,1,1,2016-07,2018-07,https://www.mapillary.com/app/?pKey=194383229205561&focus=photo,
hard-00911,44.525387,-72.37556,True,wood_utility,vegetation,,none,intact,touching,False,0,3,2,2016-07,2018-06,https://www.mapillary.com/app/?pKey=338325557648504&focus=photo,
hard-00912,44.523014,-72.37476,True,wood_utility,vegetation,lean_slight,slight,none_visible,touching,False,1,1,1,2016-07,2016-07,https://www.mapillary.com/app/?pKey=525609171798160&focus=photo,
hard-00913,44.5260212,-72.375375,True,wood_utility,vegetation,,none,intact,touching,False,0,4,2,2016-07,2018-06,https://www.mapillary.com/app/?pKey=375184133933171&focus=photo,
hard-00914,44.5214,-72.375084,True,wood_utility,,lean_slight,slight,intact,near,False,0,3,3,2018-07,2018-07,https://www.mapillary.com/app/?pKey=1303698603359666&focus=photo,
hard-00915,44.520897,-72.375496,False,unclear,,,unclear,none_visible,unclear,False,0,2,2,2014-06,2018-06,https://www.mapillary.com/app/?pKey=376694060448225&focus=photo,
hard-00916,44.521847,-72.374725,True,wood_utility,vegetation,lean_slight,slight,intact,touching,False,0,1,1,2016-07,2018-06,https://www.mapillary.com/app/?pKey=473197750642253&focus=photo,
hard-00917,44.525646,-72.375435,False,unclear,,,unclear,none_visible,near,False,0,2,2,2018-06,2018-06,https://www.mapillary.com/app/?pKey=327816448925662&focus=photo,
hard-00918,44.5237695,-72.37509,True,wood_utility,,lean_slight,slight,intact,near,False,1,4,2,2016-07,2016-07,https://www.mapillary.com/app/?pKey=632594374290594&focus=photo,
hard-00919,44.5248,-72.3755,True,wood_utility,,,none,none_visible,near,False,1,1,1,2018-07,2018-07,https://www.mapillary.com/app/?pKey=334124154774478&focus=photo,
hard-00920,44.534554,-72.43227,True,wood_utility,,lean_slight,slight,none_visible,none,False,0,3,2,2016-06,2016-06,https://www.mapillary.com/app/?pKey=828445504773382&focus=photo,
hard-00921,44.52266,-72.37462,True,wood_utility,,,none,intact,near,False,1,3,2,2016-07,2016-07,https://www.mapillary.com/app/?pKey=773832673165458&focus=photo,
hard-00922,44.5219445,-72.374675,True,wood_utility,vegetation,lean_slight,slight,none_visible,touching,False,0,6,4,2018-07,2018-07,https://www.mapillary.com/app/?pKey=926368484814056&focus=photo,
hard-00923,44.512466,-72.37354,True,wood_utility,,,none,none_visible,near,False,2,3,3,2018-07,2018-07,https://www.mapillary.com/app/?pKey=336276914560686&focus=photo,
hard-00924,44.51189,-72.373505,True,wood_utility,,,none,none_visible,near,False,1,2,2,2014-07,2016-06,https://www.mapillary.com/app/?pKey=204420614734673&focus=photo,
hard-00925,44.512302,-72.37354,True,wood_utility,,lean_slight,slight,intact,near,False,1,3,1,2016-06,2016-06,https://www.mapillary.com/app/?pKey=225746872351506&focus=photo,
hard-00926,44.51061,-72.373085,True,wood_utility,,lean_slight,slight,intact,near,True,1,3,3,2016-06,2016-06,https://www.mapillary.com/app/?pKey=844408653118864&focus=photo,
hard-00927,44.5129,-72.373535,True,wood_utility,,,none,intact,near,False,2,3,2,2018-07,2018-07,https://www.mapillary.com/app/?pKey=1948351651987387&focus=photo,
hard-00928,44.512356,-72.37367,True,wood_utility,vegetation,,unclear,none_visible,touching,False,1,2,2,2016-06,2018-07,https://www.mapillary.com/app/?pKey=4029958043765873&focus=photo,
hard-00929,44.509468,-72.37285,True,wood_utility,,,none,none_visible,near,False,1,3,3,2014-07,2018-07,https://www.mapillary.com/app/?pKey=2832359810314071&focus=photo,
hard-00930,44.51351,-72.3736,True,wood_utility,,,none,intact,none,True,1,3,2,2016-06,2016-06,https://www.mapillary.com/app/?pKey=160811779263410&focus=photo,
hard-00931,44.509995,-72.372795,True,wood_utility,,,none,intact,near,False,1,3,3,2016-06,2016-06,https://www.mapillary.com/app/?pKey=2250033291804492&focus=photo,
hard-00932,44.510063,-72.37284,True,wood_utility,,lean_slight,slight,intact,near,False,2,3,1,2016-06,2016-06,https://www.mapillary.com/app/?pKey=1163356550752965&focus=photo,
hard-00933,44.50904,-72.37212,True,wood_utility,,,unclear,unclear,near,False,1,3,2,2014-07,2016-06,https://www.mapillary.com/app/?pKey=2790256867765563&focus=photo,
hard-00934,44.50983,-72.37309,True,wood_utility,vegetation,lean_slight,slight,none_visible,touching,False,0,1,1,2016-06,2016-06,https://www.mapillary.com/app/?pKey=310150467274152&focus=photo,
hard-00935,44.509403,-72.37238,True,wood_utility,,lean_slight,slight,none_visible,near,False,2,6,4,2018-07,2018-07,https://www.mapillary.com/app/?pKey=532013588173561&focus=photo,
hard-00936,44.513184,-72.37357,True,wood_utility,vegetation,,none,intact,touching,False,1,3,2,2018-07,2018-07,https://www.mapillary.com/app/?pKey=842805903280935&focus=photo,
hard-00937,44.512157,-72.37353,True,wood_utility,,,none,intact,near,False,1,3,2,2018-07,2018-07,https://www.mapillary.com/app/?pKey=494095865236858&focus=photo,
hard-00938,44.512222,-72.37362,True,wood_utility,,,none,none_visible,near,False,1,2,2,2016-06,2016-06,https://www.mapillary.com/app/?pKey=207763154511332&focus=photo,
hard-00939,44.512025,-72.3735,True,wood_utility,,,none,none_visible,near,False,2,6,4,2018-07,2018-07,https://www.mapillary.com/app/?pKey=816430509294935&focus=photo,
hard-00940,44.512024,-72.37368,True,wood_utility,vegetation,lean_slight,slight,none_visible,touching,False,0,3,1,2014-07,2014-07,https://www.mapillary.com/app/?pKey=6144098585604068&focus=photo,
hard-00941,44.509384,-72.37278,True,wood_utility,,lean_slight,slight,unclear,near,True,1,3,2,2016-06,2016-06,https://www.mapillary.com/app/?pKey=305286381188076&focus=photo,
hard-00942,44.51197,-72.37358,True,wood_utility,,,none,intact,near,False,0,1,1,2016-06,2016-06,https://www.mapillary.com/app/?pKey=4116293478417288&focus=photo,
hard-00943,44.512672,-72.373535,True,wood_utility,,lean_slight,slight,intact,near,False,1,3,2,2016-06,2016-06,https://www.mapillary.com/app/?pKey=1748076988698172&focus=photo,
hard-00944,44.511494,-72.37339,True,wood_utility,vegetation,lean_slight,slight,none_visible,touching,False,1,2,1,2016-06,2016-06,https://www.mapillary.com/app/?pKey=305657677863009&focus=photo,
hard-00945,44.514275,-72.37333,True,wood_utility,,,unclear,none_visible,near,False,0,1,1,2016-06,2016-06,https://www.mapillary.com/app/?pKey=899965063919856&focus=photo,
hard-00946,44.528027,-72.42116,True,wood_utility,vegetation,,unclear,unclear,touching,False,0,1,1,2014-06,2018-07,https://www.mapillary.com/app/?pKey=3793753640723262&focus=photo,
hard-00947,44.506012,-72.354225,True,wood_utility,vegetation,lean_slight,slight,intact,touching,False,1,3,1,2019-07,2019-07,https://www.mapillary.com/app/?pKey=1019445668588029&focus=photo,
hard-00948,44.50685,-72.35125,True,wood_utility,,,none,intact,near,False,1,2,1,2019-07,2019-07,https://www.mapillary.com/app/?pKey=796639424556248&focus=photo,
hard-00949,44.50574,-72.35575,True,wood_utility,,,none,intact,near,False,1,1,1,2019-07,2019-07,https://www.mapillary.com/app/?pKey=801741427436785&focus=photo,
hard-00950,44.5277345,-72.374768,True,wood_utility,,,none,intact,near,False,0,6,5,2018-06,2018-07,https://www.mapillary.com/app/?pKey=3942273152493147&focus=photo,
hard-00951,44.52987,-72.373886,True,wood_utility,,,none,intact,none,False,0,3,2,2018-06,2018-06,https://www.mapillary.com/app/?pKey=381878093179843&focus=photo,
hard-00952,44.528717,-72.3744,True,wood_utility,vegetation,,unclear,none_visible,touching,False,0,3,3,2018-06,2018-06,https://www.mapillary.com/app/?pKey=184381620230872&focus=photo,
hard-00953,44.52899,-72.374275,True,wood_utility,vegetation,lean_slight,slight,intact,touching,False,0,3,2,2016-07,2016-07,https://www.mapillary.com/app/?pKey=184238910256235&focus=photo,
hard-00954,44.529408,-72.37382,True,wood_utility,,lean_slight,slight,none_visible,near,False,0,3,2,2016-07,2018-06,https://www.mapillary.com/app/?pKey=328862828629375&focus=photo,
hard-00955,44.53072,-72.37395,True,wood_utility,,,none,intact,near,False,0,3,3,2018-06,2018-06,https://www.mapillary.com/app/?pKey=928795777690306&focus=photo,
hard-00956,44.53276,-72.37425,True,wood_utility,,lean_slight,slight,intact,near,False,1,3,1,2016-07,2016-07,https://www.mapillary.com/app/?pKey=271280611406077&focus=photo,
hard-00957,44.529278,-72.37421,True,wood_utility,lean;vegetation,,moderate,intact,touching,False,2,3,3,2018-07,2018-07,https://www.mapillary.com/app/?pKey=316107743424890&focus=photo,
hard-00958,44.5284,-72.37449,True,wood_utility,,lean_slight,slight,intact,near,False,1,3,2,2016-07,2016-07,https://www.mapillary.com/app/?pKey=5988927414483041&focus=photo,
hard-00959,44.527462,-72.374756,True,wood_utility,,lean_slight,slight,intact,near,False,0,2,2,2016-07,2018-06,https://www.mapillary.com/app/?pKey=842619206342119&focus=photo,
hard-00960,44.532222,-72.3743,True,wood_utility,vegetation,,none,intact,touching,False,0,6,4,2018-07,2018-07,https://www.mapillary.com/app/?pKey=228925638659967&focus=photo,
hard-00961,44.532845,-72.37424,True,wood_utility,,lean_slight,slight,none_visible,near,True,1,3,2,2016-07,2016-07,https://www.mapillary.com/app/?pKey=817359052249768&focus=photo,
hard-00962,44.5285065,-72.374478,True,wood_utility,vegetation,,none,intact,touching,False,0,8,4,2018-07,2018-07,https://www.mapillary.com/app/?pKey=474184137001271&focus=photo,
hard-00963,44.532555,-72.37426,True,wood_utility,vegetation,,none,unclear,touching,False,0,2,1,2016-07,2016-07,https://www.mapillary.com/app/?pKey=209061430888188&focus=photo,
hard-00964,44.527817,-72.37471,True,wood_utility,,,none,intact,near,False,0,1,1,2018-06,2018-06,https://www.mapillary.com/app/?pKey=4914092881951629&focus=photo,
hard-00965,44.529366,-72.37419,True,wood_utility,vegetation,,none,intact,touching,False,1,3,2,2018-06,2018-06,https://www.mapillary.com/app/?pKey=874038643152243&focus=photo,
hard-00966,44.542374,-72.32646,True,wood_utility,vegetation,,none,intact,touching,False,0,3,2,2017-07,2019-07,https://www.mapillary.com/app/?pKey=1037239676808967&focus=photo,
hard-00967,44.541818,-72.3269,True,wood_utility,,,none,none_visible,none,False,0,6,4,2019-07,2019-07,https://www.mapillary.com/app/?pKey=217131933551170&focus=photo,
hard-00968,44.541145,-72.32725,True,concrete_or_steel_utility,,,none,none_visible,near,False,0,1,1,2019-07,2019-07,https://www.mapillary.com/app/?pKey=194885079179785&focus=photo,
hard-00969,44.542824,-72.32609,True,wood_utility,,,none,intact,near,True,1,3,1,2017-07,2017-07,https://www.mapillary.com/app/?pKey=847331696132938&focus=photo,
hard-00970,44.53189,-72.37419,True,wood_utility,,lean_slight,slight,none_visible,near,False,0,1,1,2014-06,2018-06,https://www.mapillary.com/app/?pKey=276913424121521&focus=photo,
hard-00971,44.531555,-72.374016,True,wood_utility,,lean_slight,slight,intact,near,False,0,3,3,2018-06,2018-06,https://www.mapillary.com/app/?pKey=968261513994336&focus=photo,
hard-00972,44.505028,-72.36081,True,wood_utility,,,none,none_visible,near,False,1,6,2,2019-07,2019-07,https://www.mapillary.com/app/?pKey=754475358575880&focus=photo,
hard-00973,44.49229,-72.37702,False,unclear,,,unclear,none_visible,unclear,False,0,1,1,2018-07,2018-07,https://www.mapillary.com/app/?pKey=530770957924339&focus=photo,
hard-00974,44.49291,-72.37663,True,wood_utility,,,none,intact,near,False,1,1,1,2016-07,2018-07,https://www.mapillary.com/app/?pKey=470366967405429&focus=photo,
hard-00975,44.50508,-72.360664,True,wood_utility,,,none,none_visible,near,False,1,2,1,2017-07,2019-07,https://www.mapillary.com/app/?pKey=519586129394073&focus=photo,
hard-00976,44.493088,-72.37623,True,wood_utility,,,none,none_visible,none,False,1,3,2,2018-07,2018-07,https://www.mapillary.com/app/?pKey=271984674711406&focus=photo,
hard-00977,44.52211,-72.299675,True,wood_utility,,,none,intact,near,False,1,3,2,2016-06,2016-06,https://www.mapillary.com/app/?pKey=1513008152372029&focus=photo,
hard-00978,44.522438,-72.29857,True,wood_utility,,lean_slight,slight,intact,near,False,0,3,2,2018-07,2018-07,https://www.mapillary.com/app/?pKey=1390720844635954&focus=photo,
hard-00979,44.521431,-72.3006,True,wood_utility,,lean_slight,slight,intact,near,False,0,6,4,2018-07,2018-07,https://www.mapillary.com/app/?pKey=341164260685875&focus=photo,
hard-00980,44.520714,-72.30107,True,wood_utility,,lean_slight,slight,none_visible,none,False,1,3,3,2018-07,2018-07,https://www.mapillary.com/app/?pKey=518417039519554&focus=photo,
hard-00981,44.52055,-72.30107,True,wood_utility,,,none,none_visible,none,False,0,6,4,2018-07,2018-07,https://www.mapillary.com/app/?pKey=482588769727224&focus=photo,
hard-00982,44.5212354,-72.300946,True,wood_utility,vegetation,lean_slight,slight,intact,touching,False,1,5,5,2018-07,2018-07,https://www.mapillary.com/app/?pKey=3837744883003868&focus=photo,
hard-00983,44.52225,-72.29938,True,wood_utility,,lean_slight,slight,intact,near,False,1,3,2,2016-06,2016-06,https://www.mapillary.com/app/?pKey=227335545508862&focus=photo,
hard-00984,44.51386,-72.37355,True,wood_utility,,lean_slight,slight,intact,none,False,1,3,2,2018-07,2018-07,https://www.mapillary.com/app/?pKey=5807044412669552&focus=photo,
hard-00985,44.531574,-72.282455,True,wood_utility,,lean_slight,slight,none_visible,near,False,0,3,3,2018-07,2018-07,https://www.mapillary.com/app/?pKey=512918180077628&focus=photo,
hard-00986,44.532585,-72.28164,True,wood_utility,,lean_slight,slight,none_visible,near,False,1,3,3,2018-07,2018-07,https://www.mapillary.com/app/?pKey=3098643393689360&focus=photo,
hard-00987,44.53362,-72.280945,True,wood_utility,,lean_slight,slight,intact,near,False,1,1,1,2016-06,2018-07,https://www.mapillary.com/app/?pKey=320558482867873&focus=photo,
hard-00988,44.533337,-72.28114,True,wood_utility,,,none,intact,none,False,1,2,2,2016-06,2016-06,https://www.mapillary.com/app/?pKey=132216222213309&focus=photo,
hard-00989,44.534496,-72.27978,True,wood_utility,,,none,none_visible,none,False,1,3,2,2016-06,2016-06,https://www.mapillary.com/app/?pKey=1104997383323967&focus=photo,
hard-00990,44.534348,-72.28002,True,wood_utility,,,none,intact,near,False,1,3,3,2016-06,2018-07,https://www.mapillary.com/app/?pKey=857176041822344&focus=photo,
hard-00991,44.53152,-72.282555,True,wood_utility,,,none,none_visible,near,False,0,1,1,2016-06,2018-07,https://www.mapillary.com/app/?pKey=538097287245961&focus=photo,
hard-00992,44.53411,-72.280417,True,wood_utility,,,none,intact,none,False,0,9,4,2018-07,2018-07,https://www.mapillary.com/app/?pKey=5565740600166410&focus=photo,
hard-00993,44.5147025,-72.374007,True,wood_utility,,lean_slight,slight,none_visible,near,False,1,4,3,2018-07,2018-07,https://www.mapillary.com/app/?pKey=749374132403811&focus=photo,
hard-00994,44.53208,-72.28205,True,wood_utility,vegetation,lean_slight,slight,intact,touching,False,0,3,3,2018-07,2018-07,https://www.mapillary.com/app/?pKey=124999769637137&focus=photo,
hard-00995,44.513645,-72.37358,True,wood_utility,,,none,intact,none,False,2,3,3,2018-07,2018-07,https://www.mapillary.com/app/?pKey=1453007071720637&focus=photo,
hard-00996,44.533894,-72.280624,True,wood_utility,,,none,intact,none,False,0,3,1,2016-06,2016-06,https://www.mapillary.com/app/?pKey=469720827460978&focus=photo,
hard-00997,44.5322,-72.282,True,wood_utility,,,none,none_visible,near,False,0,2,2,2016-06,2018-07,https://www.mapillary.com/app/?pKey=212998440667508&focus=photo,
hard-00998,44.533688,-72.28091,True,wood_utility,,,none,intact,near,False,1,3,3,2018-07,2018-07,https://www.mapillary.com/app/?pKey=271338631401542&focus=photo,
hard-00999,44.53346,-72.28098,True,wood_utility,,,none,intact,near,False,1,3,3,2018-07,2018-07,https://www.mapillary.com/app/?pKey=321494159421821&focus=photo,
hard-01000,44.5327,-72.28159,True,wood_utility,,lean_slight,slight,intact,near,False,0,2,2,2018-07,2018-07,https://www.mapillary.com/app/?pKey=335390641590876&focus=photo,
hard-01001,44.513584,-72.37365,True,wood_utility,,,none,intact,near,False,1,3,2,2016-06,2016-06,https://www.mapillary.com/app/?pKey=467397224361486&focus=photo,
hard-01002,44.532364,-72.28187,False,unclear,,,unclear,none_visible,none,False,0,2,2,2016-06,2018-07,https://www.mapillary.com/app/?pKey=298668825283852&focus=photo,
hard-01003,44.532925,-72.28141,True,wood_utility,,lean_slight,slight,intact,near,False,1,3,3,2016-06,2018-07,https://www.mapillary.com/app/?pKey=562342815170615&focus=photo,
hard-01004,44.532845,-72.28149,True,wood_utility,,,none,intact,near,False,1,3,3,2018-07,2018-07,https://www.mapillary.com/app/?pKey=169359561703141&focus=photo,
hard-01005,44.51644,-72.378136,True,wood_utility,,,unclear,intact,near,False,1,3,3,2016-06,2016-06,https://www.mapillary.com/app/?pKey=270709941463593&focus=photo,
hard-01006,44.51402,-72.373604,True,wood_utility,,lean_slight,slight,intact,near,False,2,3,2,2014-06,2016-06,https://www.mapillary.com/app/?pKey=817108859203615&focus=photo,
hard-01007,44.516743,-72.37857,True,wood_utility,,lean_slight,slight,intact,near,False,1,2,2,2018-07,2018-07,https://www.mapillary.com/app/?pKey=802048507104651&focus=photo,
hard-01008,44.5149005,-72.374125,True,wood_utility,,lean_slight,slight,none_visible,near,False,1,6,5,2018-07,2018-07,https://www.mapillary.com/app/?pKey=530148608366337&focus=photo,
hard-01009,44.575752,-72.36502,False,unclear,vegetation,,unclear,unclear,touching,False,0,1,1,2014-06,2018-07,https://www.mapillary.com/app/?pKey=232393351986765&focus=photo,
hard-01010,44.577595,-72.365326,True,wood_utility,vegetation,,none,intact,touching,False,0,3,3,2018-07,2018-07,https://www.mapillary.com/app/?pKey=188153619851808&focus=photo,
hard-01011,44.574183,-72.3650937,True,wood_utility,,lean_slight,slight,intact,near,False,0,4,4,2018-06,2018-07,https://www.mapillary.com/app/?pKey=1598075533725493&focus=photo,
hard-01012,44.5737717,-72.3651088,False,unclear,vegetation,,unclear,none_visible,touching,False,0,4,2,2018-07,2018-07,https://www.mapillary.com/app/?pKey=1667440163449551&focus=photo,
hard-01013,44.57678,-72.36523,True,wood_utility,,lean_slight,slight,intact,near,False,0,3,3,2018-07,2018-07,https://www.mapillary.com/app/?pKey=474238667182036&focus=photo,
hard-01014,44.575935,-72.36499,False,unclear,,,unclear,none_visible,unclear,False,0,1,1,2016-07,2016-07,https://www.mapillary.com/app/?pKey=835521730674723&focus=photo,
hard-01015,44.573369,-72.365158,True,wood_utility,,lean_slight,slight,intact,near,False,0,6,4,2018-07,2018-07,https://www.mapillary.com/app/?pKey=536254474044577&focus=photo,
hard-01016,44.57282,-72.36519,False,unclear,vegetation,,unclear,none_visible,touching,False,0,1,1,2014-06,2016-07,https://www.mapillary.com/app/?pKey=822142328736496&focus=photo,
hard-01017,44.576004,-72.36511,True,wood_utility,,lean_slight,slight,intact,near,False,0,3,2,2018-07,2018-07,https://www.mapillary.com/app/?pKey=1855159561317449&focus=photo,
hard-01018,44.57224,-72.36526,True,wood_utility,,,none,intact,near,False,0,3,3,2018-07,2018-07,https://www.mapillary.com/app/?pKey=2263774037091540&focus=photo,
hard-01019,44.575577,-72.36496,False,unclear,,,unclear,none_visible,unclear,False,0,1,1,2016-07,2016-07,https://www.mapillary.com/app/?pKey=283814683471186&focus=photo,
hard-01020,44.57513,-72.365005,True,wood_utility,,,none,intact,near,False,0,3,3,2018-06,2018-06,https://www.mapillary.com/app/?pKey=516861376016837&focus=photo,
hard-01021,44.573246,-72.36514,True,wood_utility,vegetation,,none,unclear,touching,False,0,1,1,2014-06,2018-07,https://www.mapillary.com/app/?pKey=161012739315670&focus=photo,
hard-01022,44.566376,-72.30783,True,wood_utility,,,none,intact,near,False,1,2,1,2017-07,2017-07,https://www.mapillary.com/app/?pKey=220077433002041&focus=photo,
hard-01023,44.566475,-72.30773,True,wood_utility,,lean_slight,slight,intact,near,False,1,3,2,2015-07,2015-07,https://www.mapillary.com/app/?pKey=3039319712954146&focus=photo,
hard-01024,44.564884,-72.30922,True,wood_utility,vegetation,lean_slight,slight,intact,touching,False,1,3,2,2019-07,2019-07,https://www.mapillary.com/app/?pKey=301245898391919&focus=photo,
hard-01025,44.56715,-72.30609,True,wood_utility,,,none,none_visible,none,False,0,2,1,2015-07,2019-07,https://www.mapillary.com/app/?pKey=751842065510090&focus=photo,
hard-01026,44.563743,-72.31017,True,wood_utility,,lean_slight,slight,intact,near,False,1,6,3,2019-07,2019-07,https://www.mapillary.com/app/?pKey=170251015105336&focus=photo,
hard-01027,44.5649985,-72.309125,True,wood_utility,vegetation,,none,none_visible,touching,False,0,6,4,2019-07,2019-07,https://www.mapillary.com/app/?pKey=278600140671560&focus=photo,
hard-01028,44.565994,-72.30826,True,wood_utility,,lean_slight,slight,intact,near,False,0,6,4,2019-07,2019-07,https://www.mapillary.com/app/?pKey=778294129536265&focus=photo,
hard-01029,44.564205,-72.30983,True,wood_utility,,lean_slight,slight,intact,near,False,1,6,4,2019-07,2019-07,https://www.mapillary.com/app/?pKey=527681388411829&focus=photo,
hard-01030,44.56444,-72.30953,True,wood_utility,vegetation,lean_slight,slight,intact,touching,False,1,6,4,2019-07,2019-07,https://www.mapillary.com/app/?pKey=1402751280106577&focus=photo,
hard-01031,44.5666,-72.3072,True,wood_utility,,,none,intact,near,False,0,3,2,2017-07,2017-07,https://www.mapillary.com/app/?pKey=904014253778800&focus=photo,
hard-01032,44.5643665,-72.30958,True,wood_utility,vegetation,lean_slight,slight,unclear,touching,False,0,6,3,2015-07,2017-07,https://www.mapillary.com/app/?pKey=135337778656212&focus=photo,
hard-01033,44.564663,-72.30939,False,other,,,unclear,none_visible,none,False,0,2,2,2019-07,2019-07,https://www.mapillary.com/app/?pKey=583497555955866&focus=photo,
hard-01034,44.56551,-72.30878,True,wood_utility,,,none,intact,near,False,0,3,3,2017-07,2017-07,https://www.mapillary.com/app/?pKey=167605548554886&focus=photo,
hard-01035,44.5648,-72.3093,True,wood_utility,,,none,none_visible,near,False,0,1,1,2015-07,2015-07,https://www.mapillary.com/app/?pKey=1386778908353828&focus=photo,
hard-01036,44.57514,-72.3648,True,wood_utility,vegetation,lean_slight,slight,none_visible,touching,False,0,3,3,2016-07,2016-07,https://www.mapillary.com/app/?pKey=1957569877739210&focus=photo,
hard-01037,44.564535,-72.309458,True,wood_utility,vegetation,,none,intact,touching,False,1,6,5,2019-07,2019-07,https://www.mapillary.com/app/?pKey=1105752286572747&focus=photo,
hard-01038,44.56408,-72.30991,True,wood_utility,,,none,none_visible,near,False,1,2,2,2017-07,2017-07,https://www.mapillary.com/app/?pKey=256983432839285&focus=photo,
hard-01039,44.573925,-72.36508,True,wood_utility,,,none,intact,near,False,0,3,2,2014-06,2016-07,https://www.mapillary.com/app/?pKey=1425093994556830&focus=photo,
hard-01040,44.565434,-72.30886,True,wood_utility,,,none,intact,near,False,1,3,2,2017-07,2017-07,https://www.mapillary.com/app/?pKey=2877330652488418&focus=photo,
hard-01041,44.5190208,-72.341456,True,wood_utility,,,none,none_visible,near,True,1,5,3,2013-09,2017-07,https://www.mapillary.com/app/?pKey=206149847992656&focus=photo,
hard-01042,44.51884,-72.3416,False,unclear,,,unclear,none_visible,unclear,False,0,3,3,2015-07,2019-07,https://www.mapillary.com/app/?pKey=504827747382197&focus=photo,
hard-01043,44.5184035,-72.341602,True,wood_utility,,lean_slight,slight,none_visible,near,False,0,6,4,2019-07,2019-07,https://www.mapillary.com/app/?pKey=232540811557885&focus=photo,
hard-01044,44.519608,-72.34132,True,wood_utility,,lean_slight,slight,none_visible,near,False,0,3,3,2017-07,2017-07,https://www.mapillary.com/app/?pKey=3872865979503582&focus=photo,
hard-01045,44.51895,-72.341576,False,unclear,,,unclear,unclear,unclear,False,0,2,2,2015-07,2015-07,https://www.mapillary.com/app/?pKey=477433466830703&focus=photo,
hard-01046,44.52139,-72.34082,True,wood_utility,,,none,none_visible,near,False,1,3,3,2019-07,2019-07,https://www.mapillary.com/app/?pKey=744775332886012&focus=photo,
hard-01047,44.520782,-72.34094,True,wood_utility,,,none,none_visible,near,False,0,3,3,2019-07,2019-07,https://www.mapillary.com/app/?pKey=139671898215512&focus=photo,
hard-01048,44.52021,-72.341095,True,wood_utility,,lean_slight,slight,none_visible,near,False,0,3,3,2019-07,2019-07,https://www.mapillary.com/app/?pKey=489797212074813&focus=photo,
hard-01049,44.48982,-72.37907,True,wood_utility,,lean_slight,slight,intact,near,False,1,3,2,2016-07,2016-07,https://www.mapillary.com/app/?pKey=182992010388808&focus=photo,
hard-01050,44.4895232,-72.37924,True,wood_utility,,,none,intact,none,False,0,5,4,2018-07,2018-07,https://www.mapillary.com/app/?pKey=465516614544234&focus=photo,
hard-01051,44.486443,-72.38091,True,wood_utility,,lean_slight,slight,intact,none,False,0,3,3,2018-07,2018-07,https://www.mapillary.com/app/?pKey=493036665358231&focus=photo,
hard-01052,44.487743,-72.38008,True,wood_utility,vegetation,lean_slight,slight,none_visible,touching,False,0,1,1,2018-06,2018-06,https://www.mapillary.com/app/?pKey=186383390028307&focus=photo,
hard-01053,44.4860805,-72.381225,True,wood_utility,,,none,intact,near,False,0,6,4,2018-07,2018-07,https://www.mapillary.com/app/?pKey=1237339250019091&focus=photo,
hard-01054,44.487476,-72.38015,True,wood_utility,,,none,none_visible,near,False,0,3,3,2018-07,2018-07,https://www.mapillary.com/app/?pKey=312926660356636&focus=photo,
hard-01055,44.489376,-72.379295,True,wood_utility,,lean_slight,slight,intact,near,False,0,3,3,2016-07,2016-07,https://www.mapillary.com/app/?pKey=317846999883962&focus=photo,
hard-01056,44.49079,-72.37847,True,wood_utility,,lean_slight,slight,none_visible,near,False,1,2,1,2016-07,2016-07,https://www.mapillary.com/app/?pKey=1392278397805883&focus=photo,
hard-01057,44.489178,-72.379425,True,wood_utility,,,none,intact,none,False,0,3,3,2018-07,2018-07,https://www.mapillary.com/app/?pKey=134885248705426&focus=photo,
hard-01058,44.489073,-72.379455,True,wood_utility,,,none,intact,near,False,0,6,3,2018-07,2018-07,https://www.mapillary.com/app/?pKey=472016664099555&focus=photo,
hard-01059,44.485916,-72.38135,True,wood_utility,,,none,intact,near,False,1,3,1,2016-07,2016-07,https://www.mapillary.com/app/?pKey=136410125217197&focus=photo,
hard-01060,44.48684,-72.38064,True,wood_utility,,lean_slight,slight,none_visible,near,False,1,1,1,2018-06,2018-06,https://www.mapillary.com/app/?pKey=2840136929568466&focus=photo,
hard-01061,44.490414,-72.37881,True,wood_utility,,lean_slight,slight,intact,none,False,0,3,3,2018-06,2018-06,https://www.mapillary.com/app/?pKey=489976305638321&focus=photo,
hard-01062,44.4875093,-72.38027,True,wood_utility,,,none,none_visible,none,False,0,4,2,2018-07,2018-07,https://www.mapillary.com/app/?pKey=312926660356636&focus=photo,
hard-01063,44.488785,-72.37962,True,wood_utility,,,none,intact,none,False,0,3,3,2016-07,2016-07,https://www.mapillary.com/app/?pKey=282682230223474&focus=photo,
hard-01064,44.4899845,-72.3790125,True,wood_utility,,,none,intact,near,False,0,4,3,2018-07,2018-07,https://www.mapillary.com/app/?pKey=512632786840367&focus=photo,
hard-01065,44.489292,-72.37935,True,wood_utility,,lean_slight,slight,intact,none,False,1,3,2,2016-07,2016-07,https://www.mapillary.com/app/?pKey=4206172396092608&focus=photo,
hard-01066,44.48818,-72.37992,True,wood_utility,,lean_slight,slight,intact,near,False,1,3,2,2016-07,2016-07,https://www.mapillary.com/app/?pKey=149316917213730&focus=photo,
hard-01067,44.490196,-72.37889,True,wood_utility,,lean_slight,slight,intact,near,False,0,1,1,2016-07,2018-07,https://www.mapillary.com/app/?pKey=4122033797891350&focus=photo,
hard-01068,44.48898,-72.3795,True,wood_utility,,lean_slight,slight,intact,near,False,0,3,2,2016-07,2016-07,https://www.mapillary.com/app/?pKey=770049827012512&focus=photo,
hard-01069,44.486397,-72.38078,True,wood_utility,,lean_slight,slight,none_visible,near,False,0,3,3,2018-06,2018-06,https://www.mapillary.com/app/?pKey=1393136754419630&focus=photo,
hard-01070,44.4869633,-72.3805962,True,wood_utility,,,none,intact,none,False,0,4,4,2018-07,2018-07,https://www.mapillary.com/app/?pKey=203094588204577&focus=photo,
hard-01071,44.49091,-72.378395,True,wood_utility,,,none,intact,near,True,1,3,2,2016-07,2018-07,https://www.mapillary.com/app/?pKey=529589944710261&focus=photo,
hard-01072,44.48969,-72.379135,True,wood_utility,,,none,intact,none,False,0,1,1,2016-07,2016-07,https://www.mapillary.com/app/?pKey=3617598188464533&focus=photo,
hard-01073,44.50608,-72.364525,True,wood_utility,,lean_slight,slight,intact,near,False,1,2,2,2017-07,2019-07,https://www.mapillary.com/app/?pKey=2866898956910346&focus=photo,
hard-01074,44.554405,-72.317085,True,wood_utility,,,unclear,unclear,near,False,0,2,1,2015-07,2019-07,https://www.mapillary.com/app/?pKey=808786270068366&focus=photo,
hard-01075,44.48092,-72.30242,True,wood_utility,,lean_slight,slight,none_visible,near,False,1,2,1,2018-07,2018-07,https://www.mapillary.com/app/?pKey=151280210349670&focus=photo,
hard-01076,44.47843,-72.30116,True,wood_utility,vegetation,,none,none_visible,touching,False,0,1,1,2018-07,2018-07,https://www.mapillary.com/app/?pKey=969013887197953&focus=photo,
hard-01077,44.544323,-72.37366,True,wood_utility,,lean_slight,slight,intact,near,False,1,3,3,2018-07,2018-07,https://www.mapillary.com/app/?pKey=947910979343060&focus=photo,
hard-01078,44.5439985,-72.37373,True,wood_utility,vegetation,lean_slight,slight,intact,touching,False,1,2,1,2016-07,2016-07,https://www.mapillary.com/app/?pKey=3954966607884639&focus=photo,
hard-01079,44.544773,-72.37347,True,wood_utility,vegetation,,none,none_visible,touching,False,0,1,1,2016-07,2016-07,https://www.mapillary.com/app/?pKey=207310214552758&focus=photo,
hard-01080,44.5471568,-72.372468,True,wood_utility,,lean_slight,slight,intact,near,False,0,5,5,2018-06,2018-07,https://www.mapillary.com/app/?pKey=287496443035899&focus=photo,
hard-01081,44.54643,-72.37274,True,wood_utility,,lean_slight,slight,intact,none,False,1,3,3,2018-07,2018-07,https://www.mapillary.com/app/?pKey=841396440120535&focus=photo,
hard-01082,44.548344,-72.37189,True,wood_utility,,lean_slight,slight,intact,near,False,1,1,1,2016-07,2016-07,https://www.mapillary.com/app/?pKey=336595151141526&focus=photo,
hard-01083,44.545567,-72.37321,True,wood_utility,vegetation,,none,unclear,touching,False,1,2,2,2016-07,2016-07,https://www.mapillary.com/app/?pKey=1075286636210434&focus=photo,
hard-01084,44.54795,-72.3722,True,wood_utility,,lean_slight,slight,intact,near,False,1,3,3,2014-06,2018-06,https://www.mapillary.com/app/?pKey=484170072790080&focus=photo,
hard-01085,44.547558,-72.372375,True,wood_utility,,lean_slight,slight,intact,near,False,1,1,1,2018-06,2018-06,https://www.mapillary.com/app/?pKey=144041044378331&focus=photo,
hard-01086,44.5487,-72.37145,True,wood_utility,,,none,none_visible,near,False,0,2,2,2016-07,2016-07,https://www.mapillary.com/app/?pKey=315753293502597&focus=photo,
hard-01087,44.546257,-72.3728,True,wood_utility,,lean_slight,slight,intact,none,False,0,3,1,2016-07,2016-07,https://www.mapillary.com/app/?pKey=994274931311324&focus=photo,
hard-01088,44.546356,-72.372795,True,wood_utility,,lean_slight,slight,none_visible,none,False,0,2,2,2018-06,2018-06,https://www.mapillary.com/app/?pKey=180066954022082&focus=photo,
hard-01089,44.548176,-72.372055,True,wood_utility,,,none,intact,none,False,1,3,3,2018-07,2018-07,https://www.mapillary.com/app/?pKey=479635659810639&focus=photo,
hard-01090,44.548576,-72.371925,True,wood_utility,,lean_slight,slight,intact,none,False,0,3,1,2014-06,2014-06,https://www.mapillary.com/app/?pKey=343468170443846&focus=photo,
hard-01091,44.547675,-72.3722747,True,wood_utility,,,none,intact,near,False,1,9,6,2018-07,2018-07,https://www.mapillary.com/app/?pKey=170443334930771&focus=photo,
hard-01092,44.548153,-72.37226,True,wood_utility,lean,,moderate,none_visible,near,False,0,3,3,2018-06,2018-06,https://www.mapillary.com/app/?pKey=472861110448589&focus=photo,
hard-01093,44.54807,-72.37213,True,wood_utility,,lean_slight,slight,intact,near,False,1,3,2,2016-07,2016-07,https://www.mapillary.com/app/?pKey=529931898013650&focus=photo,
hard-01094,44.5449712,-72.373424,True,wood_utility,vegetation,lean_slight,slight,none_visible,touching,False,0,5,3,2018-06,2018-06,https://www.mapillary.com/app/?pKey=131580989037195&focus=photo,
hard-01095,44.548244,-72.37224,True,wood_utility,,lean_slight,slight,none_visible,near,False,1,3,3,2016-07,2016-07,https://www.mapillary.com/app/?pKey=466211354475512&focus=photo,
hard-01096,44.49464,-72.31767,True,wood_utility,,,none,none_visible,near,False,0,2,2,2018-07,2018-07,https://www.mapillary.com/app/?pKey=1660929624098128&focus=photo,
hard-01097,44.51714,-72.30682,True,wood_utility,vegetation,,none,unclear,touching,False,0,1,1,2016-06,2016-06,https://www.mapillary.com/app/?pKey=538140060678419&focus=photo,
hard-01098,44.519005,-72.30234,True,wood_utility,,lean_slight,slight,intact,none,False,0,1,1,2014-06,2016-06,https://www.mapillary.com/app/?pKey=1114096319103665&focus=photo,
hard-01099,44.51739,-72.3057,True,wood_utility,vegetation,lean_slight,slight,unclear,touching,False,1,1,1,2016-06,2016-06,https://www.mapillary.com/app/?pKey=488057615641665&focus=photo,
hard-01100,44.5193727,-72.30207,True,wood_utility,,,unclear,none_visible,none,False,0,3,3,2016-06,2018-07,https://www.mapillary.com/app/?pKey=329809478559394&focus=photo,
hard-01101,44.519096,-72.302216,True,wood_utility,,lean_slight,slight,none_visible,near,False,1,3,2,2018-07,2018-07,https://www.mapillary.com/app/?pKey=489022955552106&focus=photo,
hard-01102,44.517914,-72.30383,True,wood_utility,vegetation,lean_slight,slight,intact,touching,False,0,3,3,2018-07,2018-07,https://www.mapillary.com/app/?pKey=232519125300949&focus=photo,
hard-01103,44.46548,-72.41197,True,wood_utility,vegetation,lean_slight,slight,none_visible,touching,False,0,3,3,2016-07,2018-06,https://www.mapillary.com/app/?pKey=503275581118228&focus=photo,
hard-01104,44.502636,-72.31928,True,wood_utility,vegetation,,none,none_visible,touching,False,0,3,3,2016-06,2016-06,https://www.mapillary.com/app/?pKey=1291126061285079&focus=photo,
hard-01105,44.50032,-72.32193,True,wood_utility,,,none,intact,near,False,1,2,1,2016-06,2016-06,https://www.mapillary.com/app/?pKey=1195345810915701&focus=photo,
hard-01106,44.502037,-72.31985,True,wood_utility,,lean_slight,slight,none_visible,none,False,0,3,3,2018-07,2018-07,https://www.mapillary.com/app/?pKey=319961902940676&focus=photo,
hard-01107,44.500313,-72.32245,True,wood_utility,,,none,none_visible,none,False,0,3,3,2018-07,2018-07,https://www.mapillary.com/app/?pKey=1374449506273681&focus=photo,
hard-01108,44.500828,-72.321,True,wood_utility,,lean_slight,slight,none_visible,near,False,0,3,3,2018-07,2018-07,https://www.mapillary.com/app/?pKey=4166321316763435&focus=photo,
hard-01109,44.503452,-72.318535,False,unclear,vegetation,,unclear,none_visible,touching,False,0,1,1,2018-07,2018-07,https://www.mapillary.com/app/?pKey=1673733396147127&focus=photo,
hard-01110,44.500668,-72.32133,True,wood_utility,,lean_slight,slight,none_visible,near,False,0,1,1,2016-06,2016-06,https://www.mapillary.com/app/?pKey=229847585202827&focus=photo,
hard-01111,44.501453,-72.32041,True,concrete_or_steel_utility,,,none,none_visible,none,False,1,3,3,2018-07,2018-07,https://www.mapillary.com/app/?pKey=836030157022811&focus=photo,
hard-01112,44.5006,-72.3214,True,wood_utility,lean,,moderate,none_visible,none,False,0,3,3,2018-07,2018-07,https://www.mapillary.com/app/?pKey=315961476763118&focus=photo,
hard-01113,44.521695,-72.412213,True,wood_utility,,,unclear,unclear,near,False,0,2,2,2016-06,2018-07,https://www.mapillary.com/app/?pKey=2791664431146786&focus=photo,
hard-01114,44.5204275,-72.4105075,True,wood_utility,,,none,intact,none,True,0,6,5,2018-07,2018-07,https://www.mapillary.com/app/?pKey=188180223170856&focus=photo,
hard-01115,44.51948,-72.409065,False,unclear,,,unclear,none_visible,unclear,False,0,1,1,2016-06,2016-06,https://www.mapillary.com/app/?pKey=3968846923212077&focus=photo,
hard-01116,44.519707,-72.409386,True,wood_utility,,lean_slight,slight,intact,none,False,1,3,2,2018-07,2018-07,https://www.mapillary.com/app/?pKey=201098661739782&focus=photo,
hard-01117,44.519614,-72.4092616,True,wood_utility,,lean_slight,slight,intact,none,False,0,5,3,2016-06,2018-07,https://www.mapillary.com/app/?pKey=203954658105520&focus=photo,
hard-01118,44.5199725,-72.40976,True,wood_utility,,,none,none_visible,near,False,0,6,3,2018-07,2018-07,https://www.mapillary.com/app/?pKey=532884008075983&focus=photo,
hard-01119,44.52003,-72.41073,True,wood_utility,lean,,moderate,none_visible,near,False,0,1,1,2014-07,2014-07,https://www.mapillary.com/app/?pKey=383306569765734&focus=photo,
hard-01120,44.5207595,-72.41116,True,wood_utility,,,none,intact,near,False,0,6,3,2018-07,2018-07,https://www.mapillary.com/app/?pKey=559787975408188&focus=photo,
hard-01121,44.520004,-72.40985,True,wood_utility,,lean_slight,slight,intact,none,False,0,3,3,2018-07,2018-07,https://www.mapillary.com/app/?pKey=843198052947573&focus=photo,
hard-01122,44.508938,-72.34622,True,wood_utility,,,none,intact,near,False,0,3,2,2017-07,2017-07,https://www.mapillary.com/app/?pKey=838606246734709&focus=photo,
hard-01123,44.51222,-72.3427,True,wood_utility,,,none,none_visible,none,False,0,1,1,2017-07,2017-07,https://www.mapillary.com/app/?pKey=246132937266748&focus=photo,
hard-01124,44.567135,-72.286835,True,wood_utility,vegetation,lean_slight,slight,unclear,touching,False,0,3,1,2017-07,2017-07,https://www.mapillary.com/app/?pKey=187675713239634&focus=photo,
hard-01125,44.52031,-72.41037,True,wood_utility,,,none,intact,near,True,1,1,1,2016-06,2018-07,https://www.mapillary.com/app/?pKey=768052570744029&focus=photo,
hard-01126,44.517918,-72.34174,True,wood_utility,,lean_slight,slight,intact,near,False,0,2,2,2017-07,2017-07,https://www.mapillary.com/app/?pKey=840796423485672&focus=photo,
hard-01127,44.51782,-72.34172,True,wood_utility,,lean_slight,slight,intact,near,True,1,3,2,2019-07,2019-07,https://www.mapillary.com/app/?pKey=309452444221110&focus=photo,
hard-01128,44.513973,-72.34216,True,wood_utility,,,none,none_visible,none,False,1,3,3,2019-07,2019-07,https://www.mapillary.com/app/?pKey=145741234208449&focus=photo,
hard-01129,44.51824,-72.34161,True,wood_utility,,lean_slight,slight,intact,near,False,0,3,1,2017-07,2017-07,https://www.mapillary.com/app/?pKey=3767348216728318&focus=photo,
hard-01130,44.517277,-72.341805,True,wood_utility,,,none,intact,none,False,1,3,2,2015-07,2015-07,https://www.mapillary.com/app/?pKey=184343603475911&focus=photo,
hard-01131,44.517605,-72.341805,True,wood_utility,,,none,intact,none,False,0,3,2,2015-07,2015-07,https://www.mapillary.com/app/?pKey=2579048175738009&focus=photo,
hard-01132,44.517715,-72.34175,True,wood_utility,,,none,intact,none,False,1,3,2,2015-07,2015-07,https://www.mapillary.com/app/?pKey=3016800891799432&focus=photo,
hard-01133,44.51514,-72.34205,True,wood_utility,,,none,intact,near,True,1,3,3,2015-07,2015-07,https://www.mapillary.com/app/?pKey=205997601365484&focus=photo,
hard-01134,44.51541,-72.34209,False,unclear,,,unclear,unclear,unclear,False,0,2,2,2017-07,2017-07,https://www.mapillary.com/app/?pKey=296162721871040&focus=photo,
hard-01135,44.5508401,-72.2670529,True,wood_utility,vegetation,lean_slight,slight,none_visible,touching,False,1,7,1,2019-07,2019-07,https://www.mapillary.com/app/?pKey=1159944331095895&focus=photo,
hard-01136,44.514908,-72.34228,False,unclear,,,unclear,none_visible,unclear,False,0,3,3,2017-07,2017-07,https://www.mapillary.com/app/?pKey=477347253371590&focus=photo,
hard-01137,44.51894,-72.3415,True,wood_utility,vegetation,,none,none_visible,touching,False,1,3,3,2015-07,2015-07,https://www.mapillary.com/app/?pKey=943783153065268&focus=photo,
hard-01138,44.513405,-72.34222,True,wood_utility,vegetation,lean_slight,slight,none_visible,touching,False,0,3,3,2015-07,2015-07,https://www.mapillary.com/app/?pKey=830815701142001&focus=photo,
hard-01139,44.51525,-72.34206,False,unclear,vegetation,,unclear,none_visible,touching,False,0,3,3,2019-07,2019-07,https://www.mapillary.com/app/?pKey=472250530507322&focus=photo,
hard-01140,44.51452,-72.3421,True,wood_utility,,,none,none_visible,none,False,1,3,3,2019-07,2019-07,https://www.mapillary.com/app/?pKey=146129537547623&focus=photo,
hard-01141,44.57595,-72.29531,True,wood_utility,,,none,none_visible,near,False,1,3,3,2019-07,2019-07,https://www.mapillary.com/app/?pKey=856061228453672&focus=photo,
hard-01142,44.46819,-72.40767,True,wood_utility,vegetation,,none,intact,touching,False,0,2,2,2018-07,2018-07,https://www.mapillary.com/app/?pKey=382496496459370&focus=photo,
hard-01143,44.46814,-72.40779,True,wood_utility,,lean_slight,slight,intact,near,False,0,2,2,2014-07,2018-07,https://www.mapillary.com/app/?pKey=1619019928283799&focus=photo,
hard-01144,44.46994,-72.40408,True,wood_utility,vegetation,lean_slight,slight,none_visible,touching,False,0,2,2,2016-07,2018-06,https://www.mapillary.com/app/?pKey=317525170011302&focus=photo,
hard-01145,44.46928,-72.40509,True,wood_utility,vegetation,,none,none_visible,touching,False,1,2,2,2016-07,2018-06,https://www.mapillary.com/app/?pKey=956365645124775&focus=photo,
hard-01146,44.519558,-72.40919,True,wood_utility,,lean_slight,slight,none_visible,near,False,0,1,1,2018-07,2018-07,https://www.mapillary.com/app/?pKey=385403319499220&focus=photo,
hard-01147,44.468185,-72.40749,True,wood_utility,vegetation,,none,intact,touching,False,1,3,2,2018-07,2018-07,https://www.mapillary.com/app/?pKey=3037752023107784&focus=photo,
hard-01148,44.5027,-72.341225,False,unclear,vegetation,,unclear,unclear,touching,False,0,1,1,2014-07,2016-06,https://www.mapillary.com/app/?pKey=533747571322205&focus=photo,
hard-01149,44.50286,-72.33849,False,other,,,unclear,none_visible,unclear,False,0,1,1,2014-07,2014-07,https://www.mapillary.com/app/?pKey=485665799409217&focus=photo,
hard-01150,44.506622,-72.31772,True,wood_utility,,,none,none_visible,near,False,0,3,3,2018-07,2018-07,https://www.mapillary.com/app/?pKey=2795460810784444&focus=photo,
hard-01151,44.507854,-72.31735,True,wood_utility,,,none,none_visible,near,False,0,2,2,2018-07,2018-07,https://www.mapillary.com/app/?pKey=545438906457090&focus=photo,
hard-01152,44.507434,-72.317642,True,wood_utility,,lean_slight,slight,none_visible,unclear,False,0,5,5,2018-07,2018-07,https://www.mapillary.com/app/?pKey=538584893981989&focus=photo,
hard-01153,44.5545405,-72.317005,True,wood_utility,vegetation,,none,none_visible,touching,False,0,6,4,2019-07,2019-07,https://www.mapillary.com/app/?pKey=851469138822315&focus=photo,
hard-01154,44.583294,-72.29703,True,wood_utility,,lean_slight,slight,intact,near,False,0,3,1,2017-07,2017-07,https://www.mapillary.com/app/?pKey=507293783740989&focus=photo,
hard-01155,44.5837243,-72.29716,True,wood_utility,vegetation,lean_slight,slight,intact,touching,False,0,4,3,2019-07,2019-07,https://www.mapillary.com/app/?pKey=805761463703308&focus=photo,
hard-01156,44.554587,-72.3169025,True,wood_utility,vegetation,,none,none_visible,touching,False,0,4,2,2015-07,2015-07,https://www.mapillary.com/app/?pKey=1193985837729892&focus=photo,
hard-01157,44.521053,-72.30128,True,wood_utility,vegetation,lean_slight,slight,unclear,touching,False,0,2,1,2016-06,2018-07,https://www.mapillary.com/app/?pKey=932643190907487&focus=photo,
hard-01158,44.521828,-72.30013,True,wood_utility,vegetation,lean_slight,slight,intact,touching,False,0,3,3,2016-06,2016-06,https://www.mapillary.com/app/?pKey=327712555496380&focus=photo,
hard-01159,44.520924,-72.30152,True,wood_utility,vegetation,lean_slight,slight,unclear,touching,False,0,3,2,2018-07,2018-07,https://www.mapillary.com/app/?pKey=272617334590504&focus=photo,
hard-01160,44.519943,-72.30157,True,wood_utility,,,none,none_visible,near,False,0,3,2,2016-06,2016-06,https://www.mapillary.com/app/?pKey=566804201391934&focus=photo,
hard-01161,44.574802,-72.3649625,False,unclear,,,unclear,none_visible,unclear,False,0,2,1,2016-07,2016-07,https://www.mapillary.com/app/?pKey=219472196402489&focus=photo,
hard-01162,44.572536,-72.36522,False,unclear,vegetation,,unclear,none_visible,touching,False,0,1,1,2018-06,2018-06,https://www.mapillary.com/app/?pKey=311442343880985&focus=photo,
hard-01163,44.57409,-72.365166,True,wood_utility,,,none,none_visible,near,False,0,2,2,2014-06,2016-07,https://www.mapillary.com/app/?pKey=1077792372709685&focus=photo,
hard-01164,44.57357,-72.3652,False,unclear,vegetation,,unclear,none_visible,touching,False,0,1,1,2018-06,2018-06,https://www.mapillary.com/app/?pKey=472980183991981&focus=photo,
hard-01165,44.573917,-72.3652,True,wood_utility,,,unclear,none_visible,near,False,0,2,2,2016-07,2016-07,https://www.mapillary.com/app/?pKey=305353424509438&focus=photo,
hard-01166,44.55939,-72.31345,True,wood_utility,vegetation,,none,intact,touching,False,0,3,2,2019-07,2019-07,https://www.mapillary.com/app/?pKey=2762827210696868&focus=photo,
hard-01167,44.497883,-72.37189,True,wood_utility,,lean_slight,slight,none_visible,near,False,1,1,1,2018-07,2018-07,https://www.mapillary.com/app/?pKey=509638733518001&focus=photo,
hard-01168,44.49812,-72.37158,True,wood_utility,,,none,intact,near,False,1,2,2,2018-07,2018-07,https://www.mapillary.com/app/?pKey=321557622652921&focus=photo,
hard-01169,44.503418,-72.36924,True,wood_utility,vegetation,,none,none_visible,touching,False,0,3,2,2018-06,2018-06,https://www.mapillary.com/app/?pKey=893139747901789&focus=photo,
hard-01170,44.501507,-72.37199,True,wood_utility,vegetation,lean_slight,slight,intact,touching,False,2,1,1,2018-06,2018-06,https://www.mapillary.com/app/?pKey=822638838352053&focus=photo,
hard-01171,44.503272,-72.36941,False,wood_utility,,,unclear,none_visible,near,False,0,6,3,2018-06,2018-06,https://www.mapillary.com/app/?pKey=1179875782459506&focus=photo,
hard-01172,44.503258,-72.369576,False,unclear,,,unclear,none_visible,unclear,False,0,3,3,2014-07,2018-06,https://www.mapillary.com/app/?pKey=2608405479455298&focus=photo,
hard-01173,44.503017,-72.369908,True,wood_utility,,lean_slight,slight,none_visible,near,False,2,6,3,2016-07,2018-06,https://www.mapillary.com/app/?pKey=1869438606778004&focus=photo,
hard-01174,44.5034565,-72.368882,True,wood_utility,,,none,none_visible,near,False,1,6,2,2016-07,2016-07,https://www.mapillary.com/app/?pKey=193635292620737&focus=photo,
hard-01175,44.50347,-72.369095,True,wood_utility,vegetation,lean_slight,slight,intact,touching,False,1,2,1,2018-06,2018-06,https://www.mapillary.com/app/?pKey=989704115166478&focus=photo,
hard-01176,44.501812,-72.371796,True,wood_utility,,,unclear,unclear,unclear,False,1,3,2,2018-06,2018-06,https://www.mapillary.com/app/?pKey=783142089234851&focus=photo,
hard-01177,44.49983,-72.371826,True,wood_utility,vegetation,,none,intact,touching,False,2,3,2,2018-07,2018-07,https://www.mapillary.com/app/?pKey=114177820751111&focus=photo,
hard-01178,44.500167,-72.37196,True,wood_utility,,lean_slight,slight,intact,near,False,1,4,3,2018-07,2018-07,https://www.mapillary.com/app/?pKey=463802711382182&focus=photo,
hard-01179,44.502953,-72.36998,True,wood_utility,,,none,intact,near,False,2,6,3,2018-06,2018-06,https://www.mapillary.com/app/?pKey=169394005033635&focus=photo,
hard-01180,44.503508,-72.36874,True,wood_utility,,,none,intact,near,False,1,9,4,2018-06,2018-06,https://www.mapillary.com/app/?pKey=884139155792684&focus=photo,
hard-01181,44.52109,-72.30105,True,wood_utility,lean,,moderate,none_visible,near,False,0,1,1,2014-06,2016-06,https://www.mapillary.com/app/?pKey=563271817990542&focus=photo,
hard-01182,44.503563,-72.36885,True,wood_utility,vegetation,lean_slight,slight,unclear,touching,False,1,3,2,2018-06,2018-06,https://www.mapillary.com/app/?pKey=309070634009883&focus=photo,
hard-01183,44.501892,-72.37178,True,wood_utility,,lean_slight,slight,intact,near,False,1,2,2,2016-07,2018-06,https://www.mapillary.com/app/?pKey=2918866004993771&focus=photo,
hard-01184,44.500088,-72.372246,True,wood_utility,vegetation,,none,none_visible,touching,False,1,1,1,2016-07,2018-06,https://www.mapillary.com/app/?pKey=780594279317527&focus=photo,
hard-01185,44.50422,-72.368385,True,wood_utility,,lean_slight,slight,intact,near,False,2,3,2,2016-06,2016-06,https://www.mapillary.com/app/?pKey=532736164401894&focus=photo,
hard-01186,44.5071,-72.37089,True,wood_utility,,,none,intact,none,False,1,3,3,2018-07,2018-07,https://www.mapillary.com/app/?pKey=3731751500284539&focus=photo,
hard-01187,44.507175,-72.37068,True,wood_utility,,lean_slight,slight,none_visible,near,False,2,3,3,2018-07,2018-07,https://www.mapillary.com/app/?pKey=808538286750103&focus=photo,
hard-01188,44.507909,-72.37123,True,wood_utility,lean,,moderate,none_visible,near,False,1,6,4,2018-07,2018-07,https://www.mapillary.com/app/?pKey=928554987941673&focus=photo,
hard-01189,44.508602,-72.371765,True,wood_utility,,,none,intact,near,False,2,3,2,2018-07,2018-07,https://www.mapillary.com/app/?pKey=481121466544459&focus=photo,
hard-01190,44.5040525,-72.368288,True,wood_utility,,lean_slight,slight,none_visible,near,False,1,6,4,2018-07,2018-07,https://www.mapillary.com/app/?pKey=1102657403536665&focus=photo,
hard-01191,44.504482,-72.36857,True,wood_utility,,,none,none_visible,near,False,2,1,1,2016-06,2016-06,https://www.mapillary.com/app/?pKey=1183534755394104&focus=photo,
hard-01192,44.506836,-72.37058,False,unclear,,,unclear,none_visible,none,False,0,1,1,2016-06,2016-06,https://www.mapillary.com/app/?pKey=573836850612224&focus=photo,
hard-01193,44.581577,-72.2964,True,wood_utility,vegetation,,none,none_visible,touching,False,0,1,1,2019-07,2019-07,https://www.mapillary.com/app/?pKey=145346520954397&focus=photo,
hard-01194,44.557484,-72.27702,False,unclear,,,unclear,none_visible,unclear,False,0,1,1,2013-09,2019-07,https://www.mapillary.com/app/?pKey=309892810736625&focus=photo,
hard-01195,44.55775,-72.277115,False,unclear,,,unclear,none_visible,unclear,False,0,1,1,2015-07,2017-07,https://www.mapillary.com/app/?pKey=1214441195667359&focus=photo,
hard-01196,44.556957,-72.27684,False,unclear,,,unclear,none_visible,unclear,False,0,2,2,2019-07,2019-07,https://www.mapillary.com/app/?pKey=570712533912492&focus=photo,
hard-01197,44.55938,-72.27746,True,wood_utility,vegetation,,none,none_visible,touching,False,0,1,1,2015-07,2015-07,https://www.mapillary.com/app/?pKey=2845676649016613&focus=photo,
hard-01198,44.558834,-72.27733,True,wood_utility,vegetation,lean_slight,slight,none_visible,touching,False,1,3,3,2019-07,2019-07,https://www.mapillary.com/app/?pKey=1266386717149846&focus=photo,
hard-01199,44.5565545,-72.27642,False,push_brace,,,unclear,none_visible,near,False,0,6,3,2019-07,2019-07,https://www.mapillary.com/app/?pKey=511563700029952&focus=photo,
hard-01200,44.560234,-72.2779,False,unclear,,,unclear,none_visible,unclear,False,0,1,1,2015-07,2015-07,https://www.mapillary.com/app/?pKey=288949809534460&focus=photo,
hard-01201,44.56004,-72.27766,True,wood_utility,,,none,none_visible,near,False,1,3,2,2019-07,2019-07,https://www.mapillary.com/app/?pKey=917998268777199&focus=photo,
hard-01202,44.56085,-72.27804,False,unclear,,,unclear,none_visible,near,False,0,1,1,2015-07,2015-07,https://www.mapillary.com/app/?pKey=1173051449789310&focus=photo,
hard-01203,44.56067,-72.27786,True,wood_utility,,lean_slight,slight,none_visible,none,False,0,3,3,2019-07,2019-07,https://www.mapillary.com/app/?pKey=851458635777620&focus=photo,
hard-01204,44.558913,-72.2775133,False,unclear,vegetation,,unclear,none_visible,touching,False,0,9,5,2019-07,2019-07,https://www.mapillary.com/app/?pKey=2584801641825192&focus=photo,
hard-01205,44.55704,-72.276886,True,wood_utility,vegetation,lean_slight,slight,none_visible,touching,False,1,3,3,2019-07,2019-07,https://www.mapillary.com/app/?pKey=915499705967290&focus=photo,
hard-01206,44.561092,-72.278275,True,wood_utility,vegetation,lean_slight,slight,none_visible,touching,False,0,3,3,2019-07,2019-07,https://www.mapillary.com/app/?pKey=934241157395978&focus=photo,
hard-01207,44.55994,-72.27797,True,wood_utility,,,none,none_visible,none,False,0,2,2,2015-07,2015-07,https://www.mapillary.com/app/?pKey=495689148439459&focus=photo,
hard-01208,44.55824,-72.27714,True,wood_utility,vegetation,,none,none_visible,touching,False,0,3,2,2019-07,2019-07,https://www.mapillary.com/app/?pKey=789157558655046&focus=photo,
hard-01209,44.5617165,-72.278825,True,wood_utility,,,none,none_visible,near,False,2,6,5,2019-07,2019-07,https://www.mapillary.com/app/?pKey=891967098023832&focus=photo,
hard-01210,44.56039,-72.278,False,unclear,,,unclear,none_visible,unclear,False,0,3,3,2015-07,2015-07,https://www.mapillary.com/app/?pKey=958257538322305&focus=photo,
hard-01211,44.557068,-72.27673,True,wood_utility,,,none,none_visible,near,False,0,6,3,2019-07,2019-07,https://www.mapillary.com/app/?pKey=4282053151814232&focus=photo,
hard-01212,44.558975,-72.27734,True,wood_utility,,,none,none_visible,near,False,0,2,2,2015-07,2017-07,https://www.mapillary.com/app/?pKey=522869728889462&focus=photo,
hard-01213,44.559933,-72.27762,True,wood_utility,,,none,none_visible,none,True,0,3,2,2015-07,2015-07,https://www.mapillary.com/app/?pKey=521544442530334&focus=photo,
hard-01214,44.558064,-72.27721,False,unclear,,,unclear,none_visible,unclear,False,0,1,1,2015-07,2015-07,https://www.mapillary.com/app/?pKey=294790572375230&focus=photo,
hard-01215,44.561558,-72.2788,False,unclear,,,unclear,none_visible,unclear,False,0,3,3,2015-07,2019-07,https://www.mapillary.com/app/?pKey=1192582897833844&focus=photo,
hard-01216,44.5583453,-72.2773367,False,unclear,,,unclear,none_visible,unclear,False,0,9,6,2019-07,2019-07,https://www.mapillary.com/app/?pKey=547566916231776&focus=photo,
hard-01217,44.561497,-72.2787,False,other,,,unclear,none_visible,none,False,0,1,1,2013-09,2015-07,https://www.mapillary.com/app/?pKey=1229497250799193&focus=photo,
hard-01218,44.557674,-72.27694,True,wood_utility,vegetation,,unclear,none_visible,touching,False,0,3,3,2019-07,2019-07,https://www.mapillary.com/app/?pKey=143116077873487&focus=photo,
hard-01219,44.526806,-72.37509,True,wood_utility,,lean_slight,slight,intact,near,False,0,3,1,2018-07,2018-07,https://www.mapillary.com/app/?pKey=152474763529155&focus=photo,
hard-01220,44.525906,-72.37534,True,wood_utility,,lean_slight,slight,intact,near,False,0,3,3,2018-06,2018-06,https://www.mapillary.com/app/?pKey=2865071953743116&focus=photo,
hard-01221,44.52322,-72.374886,True,wood_utility,vegetation,lean_slight,slight,intact,touching,False,1,3,3,2018-07,2018-07,https://www.mapillary.com/app/?pKey=4029319387105477&focus=photo,
hard-01222,44.526104,-72.37533,True,wood_utility,vegetation,lean_slight,slight,intact,touching,False,0,3,1,2018-07,2018-07,https://www.mapillary.com/app/?pKey=1058637164543881&focus=photo,
hard-01223,44.52496,-72.37549,True,wood_utility,vegetation,lean_slight,slight,unclear,touching,False,0,1,1,2016-07,2016-07,https://www.mapillary.com/app/?pKey=181444847221295&focus=photo,
hard-01224,44.52688,-72.37508,True,wood_utility,vegetation,lean_slight,slight,intact,touching,False,0,3,2,2016-07,2016-07,https://www.mapillary.com/app/?pKey=850008152598409&focus=photo,
hard-01225,44.5233696,-72.374982,True,wood_utility,vegetation,lean_slight,slight,none_visible,touching,False,0,5,2,2016-07,2016-07,https://www.mapillary.com/app/?pKey=306721887737787&focus=photo,
hard-01226,44.535625,-72.33157,True,wood_utility,,,none,intact,none,False,1,3,2,2017-07,2017-07,https://www.mapillary.com/app/?pKey=1204277853349358&focus=photo,
hard-01227,44.524284,-72.37533,True,wood_utility,vegetation,lean_slight,slight,intact,touching,False,0,2,1,2014-06,2014-06,https://www.mapillary.com/app/?pKey=1184288362018318&focus=photo,
hard-01228,44.523937,-72.37523,True,wood_utility,,,none,intact,near,False,1,3,3,2018-06,2018-06,https://www.mapillary.com/app/?pKey=808432086734679&focus=photo,
hard-01229,44.522366,-72.37463,True,wood_utility,,lean_slight,slight,intact,near,False,0,3,1,2016-07,2016-07,https://www.mapillary.com/app/?pKey=520438698987538&focus=photo,
hard-01230,44.52254,-72.37459,True,wood_utility,,,none,intact,near,False,1,3,2,2018-07,2018-07,https://www.mapillary.com/app/?pKey=5492265934181165&focus=photo,
hard-01231,44.53479,-72.33221,True,wood_utility,vegetation,,none,none_visible,touching,True,1,6,3,2017-07,2017-07,https://www.mapillary.com/app/?pKey=405860727065192&focus=photo,
hard-01232,44.5246,-72.37551,True,wood_utility,vegetation,lean_slight,slight,intact,touching,False,0,3,3,2018-06,2018-06,https://www.mapillary.com/app/?pKey=226682138911051&focus=photo,
hard-01233,44.527065,-72.37494,False,unclear,,,unclear,none_visible,unclear,False,0,1,1,2018-06,2018-07,https://www.mapillary.com/app/?pKey=855804525279999&focus=photo,
hard-01234,44.525303,-72.375565,True,wood_utility,,,none,intact,near,False,0,3,3,2018-07,2018-07,https://www.mapillary.com/app/?pKey=324790805775234&focus=photo,
hard-01235,44.526604,-72.37511,True,wood_utility,vegetation,,none,none_visible,touching,False,0,1,1,2016-07,2018-07,https://www.mapillary.com/app/?pKey=2855585158042486&focus=photo,
hard-01236,44.476337,-72.39323,True,wood_utility,vegetation,,none,none_visible,touching,False,0,3,2,2018-07,2018-07,https://www.mapillary.com/app/?pKey=231118085041290&focus=photo,
hard-01237,44.55716,-72.31494,True,wood_utility,,lean_slight,slight,none_visible,none,False,1,6,4,2019-07,2019-07,https://www.mapillary.com/app/?pKey=1221707638262919&focus=photo,
hard-01238,44.569157,-72.28901,True,wood_utility,,,none,none_visible,near,False,1,1,1,2017-07,2017-07,https://www.mapillary.com/app/?pKey=4160870650645150&focus=photo,
hard-01239,44.481297,-72.386406,False,other,,,unclear,none_visible,unclear,False,0,1,1,2018-06,2018-06,https://www.mapillary.com/app/?pKey=305438601240105&focus=photo,
hard-01240,44.5700556,-72.289972,True,wood_utility,vegetation,lean_slight,slight,none_visible,touching,False,0,5,3,2019-07,2019-07,https://www.mapillary.com/app/?pKey=551129946060000&focus=photo,
hard-01241,44.473957,-72.28843,False,unclear,,,unclear,none_visible,unclear,False,0,1,1,2018-07,2018-07,https://www.mapillary.com/app/?pKey=779308896090064&focus=photo,
hard-01242,44.477528,-72.29953,True,wood_utility,vegetation,,none,none_visible,touching,False,0,1,1,2018-07,2018-07,https://www.mapillary.com/app/?pKey=4759718407376487&focus=photo,
hard-01243,44.565876,-72.36672,True,wood_utility,lean,,moderate,intact,near,False,0,2,1,2016-07,2016-07,https://www.mapillary.com/app/?pKey=145227760873568&focus=photo,
hard-01244,44.568348,-72.36621,False,other,vegetation,,none,none_visible,touching,False,0,1,1,2014-06,2014-06,https://www.mapillary.com/app/?pKey=381615996543703&focus=photo,
hard-01245,44.47798,-72.300835,True,wood_utility,,,none,none_visible,near,True,1,3,3,2018-07,2018-07,https://www.mapillary.com/app/?pKey=213272170434617&focus=photo,
hard-01246,44.47862,-72.30138,True,wood_utility,vegetation,lean_slight,slight,none_visible,touching,False,0,3,2,2018-07,2018-07,https://www.mapillary.com/app/?pKey=522813565382524&focus=photo,
hard-01247,44.498657,-72.37143,True,wood_utility,,lean_slight,slight,none_visible,near,True,2,3,2,2018-06,2018-06,https://www.mapillary.com/app/?pKey=499960844537093&focus=photo,
hard-01248,44.4969,-72.37193,True,wood_utility,,,none,intact,near,False,0,2,2,2016-07,2016-07,https://www.mapillary.com/app/?pKey=857618654834961&focus=photo,
hard-01249,44.495575,-72.37298,True,wood_utility,,lean_slight,slight,intact,none,False,0,3,3,2018-06,2018-06,https://www.mapillary.com/app/?pKey=591183211769397&focus=photo,
hard-01250,44.495674,-72.37275,True,wood_utility,,,none,intact,near,False,1,3,3,2016-07,2016-07,https://www.mapillary.com/app/?pKey=841873503345515&focus=photo,
hard-01251,44.495525,-72.37285,True,wood_utility,,lean_slight,slight,intact,near,False,2,3,1,2016-07,2016-07,https://www.mapillary.com/app/?pKey=1376465106061945&focus=photo,
hard-01252,44.49596,-72.37254,True,wood_utility,,lean_slight,slight,intact,near,True,1,1,1,2014-07,2018-07,https://www.mapillary.com/app/?pKey=476679636750420&focus=photo,
hard-01253,44.472225,-72.282845,True,wood_utility,lean,,moderate,none_visible,near,False,0,3,2,2018-07,2018-07,https://www.mapillary.com/app/?pKey=307046754240495&focus=photo,
hard-01254,44.496536,-72.372055,True,wood_utility,,,none,intact,near,False,0,3,2,2016-07,2016-07,https://www.mapillary.com/app/?pKey=909647866249292&focus=photo,
hard-01255,44.471405,-72.281494,True,wood_utility,vegetation,lean_slight,slight,none_visible,touching,False,0,1,1,2014-07,2016-06,https://www.mapillary.com/app/?pKey=303866291341364&focus=photo,
hard-01256,44.49603,-72.37243,True,wood_utility,,,none,intact,near,False,1,3,2,2016-07,2016-07,https://www.mapillary.com/app/?pKey=291940592623121&focus=photo,
hard-01257,44.496746,-72.37188,True,wood_utility,,lean_slight,slight,none_visible,near,True,2,3,2,2018-07,2018-07,https://www.mapillary.com/app/?pKey=921592728680634&focus=photo,
hard-01258,44.466938,-72.27089,False,unclear,,,unclear,none_visible,unclear,False,0,1,1,2016-06,2016-06,https://www.mapillary.com/app/?pKey=938318356962748&focus=photo,
hard-01259,44.5817808,-72.296475,True,wood_utility,vegetation,lean_slight,slight,intact,touching,True,0,4,2,2019-07,2019-07,https://www.mapillary.com/app/?pKey=500044701146920&focus=photo,
hard-01260,44.581688,-72.29644,False,unclear,vegetation,,unclear,unclear,touching,False,0,1,1,2019-07,2019-07,https://www.mapillary.com/app/?pKey=526295248383555&focus=photo,
hard-01261,44.581346,-72.296326,True,wood_utility,,lean_slight,slight,intact,near,False,1,5,5,2019-07,2019-07,https://www.mapillary.com/app/?pKey=4050871464992585&focus=photo,
hard-01262,44.583065,-72.296913,True,wood_utility,,,none,intact,near,False,0,6,5,2019-07,2019-07,https://www.mapillary.com/app/?pKey=770575236861974&focus=photo,
hard-01263,44.5837,-72.29727,False,unclear,,,unclear,none_visible,unclear,False,0,3,3,2017-07,2017-07,https://www.mapillary.com/app/?pKey=460750061656951&focus=photo,
hard-01264,44.509964,-72.34396,True,wood_utility,,,none,intact,near,False,0,2,1,2019-07,2019-07,https://www.mapillary.com/app/?pKey=2942308209327486&focus=photo,
hard-01265,44.51307,-72.34251,True,wood_utility,,lean_slight,slight,none_visible,none,True,1,1,1,2015-07,2019-07,https://www.mapillary.com/app/?pKey=4605815879442754&focus=photo,
hard-01266,44.517406,-72.38063,True,wood_utility,,lean_slight,slight,none_visible,near,False,0,3,3,2018-07,2018-07,https://www.mapillary.com/app/?pKey=226551542258493&focus=photo,
hard-01267,44.5124227,-72.3427275,True,wood_utility,,,none,none_visible,none,False,0,4,3,2019-07,2019-07,https://www.mapillary.com/app/?pKey=527588948242872&focus=photo,
hard-01268,44.5108,-72.343346,True,wood_utility,,lean_slight,slight,intact,near,False,1,3,1,2015-07,2015-07,https://www.mapillary.com/app/?pKey=906358373555006&focus=photo,
hard-01269,44.51648,-72.38337,True,wood_utility,,,none,intact,none,False,0,3,2,2016-06,2016-06,https://www.mapillary.com/app/?pKey=764453880924923&focus=photo,
hard-01270,44.51676,-72.38285,True,wood_utility,,lean_slight,slight,intact,near,False,1,3,2,2018-07,2018-07,https://www.mapillary.com/app/?pKey=499274121275667&focus=photo,
hard-01271,44.516277,-72.38371,True,wood_utility,,lean_slight,slight,intact,near,False,1,3,2,2014-07,2016-06,https://www.mapillary.com/app/?pKey=1467372300268506&focus=photo,
hard-01272,44.56265,-72.367744,True,wood_utility,vegetation,lean_slight,slight,intact,touching,False,1,3,3,2018-07,2018-07,https://www.mapillary.com/app/?pKey=476590333434716&focus=photo,
hard-01273,44.563915,-72.36756,True,wood_utility,,,none,intact,near,False,0,3,3,2018-07,2018-07,https://www.mapillary.com/app/?pKey=1990249401140983&focus=photo,
hard-01274,44.548615,-72.37162,True,wood_utility,,,none,intact,near,False,0,3,2,2016-07,2016-07,https://www.mapillary.com/app/?pKey=840615426879450&focus=photo,
hard-01275,44.562416,-72.3677,True,wood_utility,vegetation,,none,none_visible,touching,False,0,1,1,2016-07,2018-06,https://www.mapillary.com/app/?pKey=1420499144970305&focus=photo,
hard-01276,44.54971,-72.37031,True,wood_utility,vegetation,,none,none_visible,touching,False,0,2,2,2018-07,2018-07,https://www.mapillary.com/app/?pKey=155130766587951&focus=photo,
hard-01277,44.549698,-72.37052,True,wood_utility,,lean_slight,slight,intact,near,False,1,3,2,2016-07,2016-07,https://www.mapillary.com/app/?pKey=227330858820531&focus=photo,
hard-01278,44.550816,-72.37021,True,wood_utility,,,none,intact,none,False,0,3,2,2018-07,2018-07,https://www.mapillary.com/app/?pKey=1113493439179418&focus=photo,
hard-01279,44.548855,-72.37135,True,wood_utility,,lean_slight,slight,intact,none,False,0,3,2,2018-07,2018-07,https://www.mapillary.com/app/?pKey=312600530494716&focus=photo,
hard-01280,44.5647625,-72.367225,True,wood_utility,vegetation,lean_slight,slight,unclear,touching,False,1,4,1,2016-07,2018-06,https://www.mapillary.com/app/?pKey=1984347301728894&focus=photo,
hard-01281,44.549248,-72.370804,True,wood_utility,,lean_slight,slight,intact,near,False,0,3,3,2018-07,2018-07,https://www.mapillary.com/app/?pKey=4343067465728200&focus=photo,
hard-01282,44.54904,-72.371124,True,wood_utility,,lean_slight,slight,intact,near,False,0,3,2,2016-07,2016-07,https://www.mapillary.com/app/?pKey=146559497458324&focus=photo,
hard-01283,44.56639,-72.366684,True,wood_utility,,,none,intact,none,False,0,3,2,2014-06,2014-06,https://www.mapillary.com/app/?pKey=383682272954641&focus=photo,
hard-01284,44.549603,-72.37058,True,wood_utility,,,none,intact,near,False,0,1,1,2014-06,2018-07,https://www.mapillary.com/app/?pKey=485204626024810&focus=photo,
hard-01285,44.564865,-72.367165,True,wood_utility,vegetation,,none,intact,touching,False,1,3,2,2016-07,2018-06,https://www.mapillary.com/app/?pKey=382102633126578&focus=photo,
hard-01286,44.51125,-72.34316,True,wood_utility,,,none,none_visible,near,False,2,6,3,2019-07,2019-07,https://www.mapillary.com/app/?pKey=496549284990791&focus=photo,
hard-01287,44.5489348,-72.371234,True,wood_utility,,lean_slight,slight,intact,near,False,1,5,3,2018-07,2018-07,https://www.mapillary.com/app/?pKey=520084452679705&focus=photo,
hard-01288,44.56169,-72.367744,True,wood_utility,,,none,intact,near,False,0,3,3,2018-07,2018-07,https://www.mapillary.com/app/?pKey=116502437183888&focus=photo,
hard-01289,44.517315,-72.38174,True,wood_utility,,,none,intact,near,False,0,1,1,2016-06,2018-07,https://www.mapillary.com/app/?pKey=215328280432365&focus=photo,
hard-01290,44.54978,-72.37026,True,wood_utility,lean,,severe,none_visible,near,False,0,3,2,2016-07,2016-07,https://www.mapillary.com/app/?pKey=211597770607859&focus=photo,
hard-01291,44.56347,-72.36776,True,wood_utility,vegetation,,none,intact,touching,False,1,3,3,2018-07,2018-07,https://www.mapillary.com/app/?pKey=554952418853882&focus=photo,
hard-01292,44.548695,-72.371574,False,unclear,,,unclear,none_visible,none,False,0,1,1,2018-06,2018-06,https://www.mapillary.com/app/?pKey=3816391065149909&focus=photo,
hard-01293,44.549633,-72.3704,False,other,,,unclear,none_visible,unclear,False,0,1,1,2016-07,2016-07,https://www.mapillary.com/app/?pKey=279243047218630&focus=photo,
hard-01294,44.54916,-72.37122,True,wood_utility,,,none,intact,none,False,1,3,2,2014-06,2014-06,https://www.mapillary.com/app/?pKey=301236814990129&focus=photo,
hard-01295,44.46502,-72.41256,True,wood_utility,vegetation,,none,none_visible,touching,False,0,3,2,2016-07,2016-07,https://www.mapillary.com/app/?pKey=536183364422164&focus=photo,
hard-01296,44.465725,-72.411644,True,wood_utility,,lean_slight,slight,intact,near,False,2,3,3,2018-07,2018-07,https://www.mapillary.com/app/?pKey=762477651081295&focus=photo,
hard-01297,44.464442,-72.414078,True,wood_utility,,lean_slight,slight,intact,near,False,0,5,2,2014-07,2018-06,https://www.mapillary.com/app/?pKey=336066298053961&focus=photo,
hard-01298,44.46537,-72.41201,True,wood_utility,vegetation,lean_slight,slight,none_visible,touching,False,0,3,3,2016-07,2018-07,https://www.mapillary.com/app/?pKey=503275581118228&focus=photo,
hard-01299,44.464195,-72.4148,True,wood_utility,,,none,none_visible,near,False,0,3,2,2018-07,2018-07,https://www.mapillary.com/app/?pKey=2007592162732492&focus=photo,
hard-01300,44.463234,-72.41583,True,wood_utility,vegetation,lean_slight,slight,intact,touching,False,1,3,3,2016-07,2018-07,https://www.mapillary.com/app/?pKey=205384114734415&focus=photo,
hard-01301,44.464634,-72.413635,True,wood_utility,,lean_slight,slight,none_visible,near,False,0,2,2,2014-07,2018-06,https://www.mapillary.com/app/?pKey=1494500170895470&focus=photo,
hard-01302,44.465828,-72.4116,True,wood_utility,,,none,intact,near,False,2,3,2,2018-06,2018-06,https://www.mapillary.com/app/?pKey=799742064240920&focus=photo,
hard-01303,44.464775,-72.413216,True,wood_utility,,,none,intact,near,False,0,3,2,2016-07,2016-07,https://www.mapillary.com/app/?pKey=538335280525172&focus=photo,
hard-01304,44.46454,-72.413925,True,wood_utility,,,none,intact,near,False,0,3,3,2018-06,2018-06,https://www.mapillary.com/app/?pKey=2288445994621615&focus=photo,
hard-01305,44.46527,-72.41213,True,wood_utility,vegetation,,none,intact,touching,False,0,3,3,2016-07,2016-07,https://www.mapillary.com/app/?pKey=209787020814919&focus=photo,
hard-01306,44.573513,-72.36529,True,wood_utility,,,none,unclear,near,False,0,2,1,2016-07,2016-07,https://www.mapillary.com/app/?pKey=201544045146884&focus=photo,
hard-01307,44.464584,-72.41376,True,wood_utility,vegetation,lean_slight,slight,intact,touching,False,1,3,2,2016-07,2016-07,https://www.mapillary.com/app/?pKey=958107864999476&focus=photo,
hard-01308,44.466507,-72.41114,False,unclear,,,unclear,unclear,unclear,False,0,1,1,2014-07,2018-06,https://www.mapillary.com/app/?pKey=510726420190577&focus=photo,
hard-01309,44.545277,-72.26849,False,unclear,,,unclear,none_visible,unclear,False,0,2,1,2016-06,2016-06,https://www.mapillary.com/app/?pKey=480375349743186&focus=photo,
hard-01310,44.546406,-72.26756,True,wood_utility,lean,,moderate,none_visible,near,True,1,3,3,2018-07,2018-07,https://www.mapillary.com/app/?pKey=809970022957442&focus=photo,
hard-01311,44.545803,-72.26822,True,wood_utility,vegetation,lean_slight,slight,none_visible,touching,False,1,3,3,2018-07,2018-07,https://www.mapillary.com/app/?pKey=1190647991359557&focus=photo,
hard-01312,44.54406,-72.26891,True,wood_utility,,lean_slight,slight,none_visible,near,False,0,3,2,2018-07,2018-07,https://www.mapillary.com/app/?pKey=478505770145387&focus=photo,
hard-01313,44.56305,-72.28012,True,wood_utility,vegetation,lean_slight,slight,none_visible,touching,False,0,3,3,2019-07,2019-07,https://www.mapillary.com/app/?pKey=2522872318021450&focus=photo,
hard-01314,44.544792,-72.26854,True,wood_utility,vegetation,lean_slight,slight,none_visible,touching,False,0,1,1,2014-06,2014-06,https://www.mapillary.com/app/?pKey=843400206271718&focus=photo,
hard-01315,44.544914,-72.26857,True,wood_utility,vegetation,lean_slight,slight,none_visible,touching,False,0,3,3,2018-07,2018-07,https://www.mapillary.com/app/?pKey=883230305739826&focus=photo,
hard-01316,44.54486,-72.268295,False,unclear,,,unclear,none_visible,unclear,False,0,1,1,2018-07,2018-07,https://www.mapillary.com/app/?pKey=883230305739826&focus=photo,
hard-01317,44.53324,-72.4280205,True,wood_utility,,lean_slight,slight,none_visible,near,False,0,6,4,2018-07,2018-07,https://www.mapillary.com/app/?pKey=510450726843497&focus=photo,
hard-01318,44.534374,-72.43117,True,wood_utility,vegetation,,unclear,unclear,touching,False,0,2,2,2014-06,2016-06,https://www.mapillary.com/app/?pKey=3037929153102782&focus=photo,
hard-01319,44.534172,-72.4314,True,wood_utility,,lean_slight,slight,none_visible,none,False,1,3,3,2018-07,2018-07,https://www.mapillary.com/app/?pKey=3371672519602540&focus=photo,
hard-01320,44.5339898,-72.430593,True,wood_utility,,,none,none_visible,none,False,0,5,4,2018-07,2018-07,https://www.mapillary.com/app/?pKey=209809584149138&focus=photo,
hard-01321,44.533726,-72.429695,True,wood_utility,,lean_slight,slight,none_visible,none,False,0,3,3,2018-07,2018-07,https://www.mapillary.com/app/?pKey=2879259128984296&focus=photo,
hard-01322,44.53345,-72.42874,True,wood_utility,,,none,none_visible,none,False,0,3,3,2018-07,2018-07,https://www.mapillary.com/app/?pKey=904736376752933&focus=photo,
hard-01323,44.534386,-72.43173,True,wood_utility,,,none,none_visible,near,False,0,1,1,2016-06,2016-06,https://www.mapillary.com/app/?pKey=480301103199321&focus=photo,
hard-01324,44.532585,-72.425835,True,wood_utility,,lean_slight,slight,none_visible,near,False,0,3,3,2016-06,2016-06,https://www.mapillary.com/app/?pKey=788228385414907&focus=photo,
hard-01325,44.53289,-72.4268,True,wood_utility,,,none,none_visible,near,False,0,3,3,2018-07,2018-07,https://www.mapillary.com/app/?pKey=522499672438643&focus=photo,
hard-01326,44.5035705,-72.368525,True,wood_utility,,,none,none_visible,near,False,2,6,4,2016-07,2016-07,https://www.mapillary.com/app/?pKey=295026088970186&focus=photo,
hard-01327,44.50389,-72.36507,True,wood_utility,,,none,none_visible,near,False,1,2,2,2016-06,2016-06,https://www.mapillary.com/app/?pKey=2958826877693622&focus=photo,
hard-01328,44.504276,-72.3651,True,wood_utility,,lean_slight,slight,none_visible,near,False,1,1,1,2016-06,2018-07,https://www.mapillary.com/app/?pKey=1267671090315684&focus=photo,
hard-01329,44.503675,-72.36829,True,wood_utility,,,none,intact,near,False,1,6,4,2018-07,2018-07,https://www.mapillary.com/app/?pKey=871550906908870&focus=photo,
hard-01330,44.55974,-72.36882,True,wood_utility,vegetation,,unclear,none_visible,touching,False,0,1,1,2014-06,2018-06,https://www.mapillary.com/app/?pKey=865008741030221&focus=photo,
hard-01331,44.575928,-72.295715,True,wood_utility,,lean_slight,slight,none_visible,near,False,2,3,3,2019-07,2019-07,https://www.mapillary.com/app/?pKey=545937549737222&focus=photo,
hard-01332,44.4847145,-72.306061,True,wood_utility,,,none,none_visible,near,False,0,6,5,2018-07,2018-07,https://www.mapillary.com/app/?pKey=543080583357684&focus=photo,
hard-01333,44.486904,-72.309265,True,wood_utility,,,none,none_visible,near,False,0,3,3,2018-07,2018-07,https://www.mapillary.com/app/?pKey=747660425931173&focus=photo,
hard-01334,44.4863412,-72.30861,True,wood_utility,,,none,none_visible,near,False,0,5,5,2018-07,2018-07,https://www.mapillary.com/app/?pKey=816395305935065&focus=photo,
hard-01335,44.484425,-72.305725,True,wood_utility,,,none,none_visible,near,False,1,2,2,2016-06,2016-06,https://www.mapillary.com/app/?pKey=335504688083617&focus=photo,
hard-01336,44.57541,-72.29591,True,wood_utility,,,none,intact,none,False,2,3,3,2017-07,2017-07,https://www.mapillary.com/app/?pKey=1386280435081760&focus=photo,
hard-01337,44.48463,-72.30595,True,wood_utility,vegetation,,none,none_visible,touching,False,1,1,1,2016-06,2016-06,https://www.mapillary.com/app/?pKey=179365094099449&focus=photo,
hard-01338,44.508595,-72.34695,True,wood_utility,,lean_slight,slight,none_visible,near,False,1,3,3,2015-07,2017-07,https://www.mapillary.com/app/?pKey=462349004867193&focus=photo,
hard-01339,44.507935,-72.34834,True,wood_utility,,,none,intact,near,False,1,3,2,2015-07,2015-07,https://www.mapillary.com/app/?pKey=938736816909652&focus=photo,
hard-01340,44.506454,-72.35217,True,wood_utility,,,none,intact,near,False,1,3,1,2017-07,2017-07,https://www.mapillary.com/app/?pKey=950545982364782&focus=photo,
hard-01341,44.50652,-72.35203,True,wood_utility,,lean_slight,slight,none_visible,near,False,1,3,3,2019-07,2019-07,https://www.mapillary.com/app/?pKey=1128539397650519&focus=photo,
hard-01342,44.507412,-72.34964,True,wood_utility,,,none,none_visible,near,False,0,3,2,2017-07,2017-07,https://www.mapillary.com/app/?pKey=518054692658810&focus=photo,
hard-01343,44.507305,-72.350003,True,wood_utility,,,none,intact,none,False,0,6,3,2017-07,2017-07,https://www.mapillary.com/app/?pKey=466371941122380&focus=photo,
hard-01344,44.508705,-72.346695,True,wood_utility,,lean_slight,slight,intact,near,False,1,3,2,2013-09,2015-07,https://www.mapillary.com/app/?pKey=1935756213256253&focus=photo,
hard-01345,44.5072637,-72.3501313,True,wood_utility,,,none,intact,near,False,1,4,3,2017-07,2017-07,https://www.mapillary.com/app/?pKey=994189464718393&focus=photo,
hard-01346,44.507526,-72.34941,True,wood_utility,,,none,intact,none,False,0,2,2,2017-07,2017-07,https://www.mapillary.com/app/?pKey=186649243337822&focus=photo,
hard-01347,44.507133,-72.35055,True,wood_utility,,,none,intact,none,False,1,3,2,2019-07,2019-07,https://www.mapillary.com/app/?pKey=328877481923673&focus=photo,
hard-01348,44.50796,-72.34857,True,wood_utility,,,none,none_visible,near,False,0,3,2,2019-07,2019-07,https://www.mapillary.com/app/?pKey=149442023877909&focus=photo,
hard-01349,44.506757,-72.351345,True,wood_utility,,lean_slight,slight,intact,near,False,1,6,4,2019-07,2019-07,https://www.mapillary.com/app/?pKey=528841998139557&focus=photo,
hard-01350,44.506348,-72.352554,True,wood_utility,,lean_slight,slight,intact,near,False,1,3,2,2019-07,2019-07,https://www.mapillary.com/app/?pKey=519305782441926&focus=photo,
hard-01351,44.507572,-72.3493,True,wood_utility,,lean_slight,slight,intact,near,False,1,3,3,2019-07,2019-07,https://www.mapillary.com/app/?pKey=509950926704496&focus=photo,
hard-01352,44.506996,-72.35074,True,wood_utility,,lean_slight,slight,intact,near,False,1,1,1,2017-07,2019-07,https://www.mapillary.com/app/?pKey=514616269679012&focus=photo,
hard-01353,44.508316,-72.34756,True,wood_utility,vegetation,,none,intact,touching,False,0,3,2,2019-07,2019-07,https://www.mapillary.com/app/?pKey=3503064923127282&focus=photo,
hard-01354,44.5349136,-72.27897,True,wood_utility,,,none,intact,near,False,0,5,3,2018-07,2018-07,https://www.mapillary.com/app/?pKey=266600571898517&focus=photo,
hard-01355,44.50887,-72.34635,True,wood_utility,,,none,intact,near,False,1,3,3,2015-07,2019-07,https://www.mapillary.com/app/?pKey=740403723322064&focus=photo,
hard-01356,44.50768,-72.349175,True,wood_utility,,,none,intact,near,False,2,6,3,2019-07,2019-07,https://www.mapillary.com/app/?pKey=306967124304164&focus=photo,
hard-01357,44.50665,-72.351654,True,wood_utility,,,none,intact,near,False,0,1,1,2017-07,2017-07,https://www.mapillary.com/app/?pKey=136114211813667&focus=photo,
hard-01358,44.507874,-72.348694,True,wood_utility,vegetation,,none,intact,touching,False,1,3,2,2019-07,2019-07,https://www.mapillary.com/app/?pKey=510849693439855&focus=photo,
hard-01359,44.5087488,-72.346592,True,wood_utility,,lean_slight,slight,intact,near,True,1,5,3,2019-07,2019-07,https://www.mapillary.com/app/?pKey=522398085612753&focus=photo,
hard-01360,44.506264,-72.352615,True,wood_utility,,,none,intact,near,False,1,3,2,2019-07,2019-07,https://www.mapillary.com/app/?pKey=821532332097969&focus=photo,
hard-01361,44.506233,-72.35288,True,wood_utility,,,none,intact,near,False,1,3,2,2017-07,2017-07,https://www.mapillary.com/app/?pKey=244338207492115&focus=photo,
hard-01362,44.506718,-72.35148,True,wood_utility,,lean_slight,slight,intact,near,False,1,3,1,2017-07,2017-07,https://www.mapillary.com/app/?pKey=207685247713743&focus=photo,
hard-01363,44.506428,-72.35231,True,wood_utility,,,none,intact,near,False,1,3,2,2017-07,2019-07,https://www.mapillary.com/app/?pKey=223247002639191&focus=photo,
hard-01364,44.534447,-72.27986,True,wood_utility,,lean_slight,slight,intact,near,False,1,3,3,2018-07,2018-07,https://www.mapillary.com/app/?pKey=310052150791881&focus=photo,
hard-01365,44.507732,-72.348946,True,wood_utility,,lean_slight,slight,intact,near,False,1,3,2,2019-07,2019-07,https://www.mapillary.com/app/?pKey=579906362976328&focus=photo,
hard-01366,44.508266,-72.34765,True,wood_utility,,,none,intact,near,False,0,1,1,2017-07,2017-07,https://www.mapillary.com/app/?pKey=503244957486487&focus=photo,
hard-01367,44.50658,-72.35176,True,wood_utility,,,none,intact,near,False,1,1,1,2017-07,2017-07,https://www.mapillary.com/app/?pKey=477777916864022&focus=photo,
hard-01368,44.507847,-72.34879,True,wood_utility,,lean_slight,slight,intact,near,False,0,3,1,2017-07,2017-07,https://www.mapillary.com/app/?pKey=164099469003052&focus=photo,
hard-01369,44.534874,-72.27919,True,wood_utility,vegetation,,none,intact,touching,True,0,3,3,2018-07,2018-07,https://www.mapillary.com/app/?pKey=3727594170701446&focus=photo,
hard-01370,44.507877,-72.348434,True,wood_utility,vegetation,,unclear,none_visible,touching,False,0,3,3,2013-09,2015-07,https://www.mapillary.com/app/?pKey=956464568506259&focus=photo,
hard-01371,44.466118,-72.41129,True,wood_utility,vegetation,lean_slight,slight,intact,touching,False,1,3,2,2014-07,2016-07,https://www.mapillary.com/app/?pKey=333028574871473&focus=photo,
hard-01372,44.466793,-72.410614,True,wood_utility,vegetation,lean_slight,slight,unclear,touching,False,1,3,1,2016-07,2016-07,https://www.mapillary.com/app/?pKey=334030304919170&focus=photo,
hard-01373,44.468773,-72.40646,True,wood_utility,vegetation,lean_slight,slight,none_visible,touching,False,1,3,3,2018-07,2018-07,https://www.mapillary.com/app/?pKey=1205705326527431&focus=photo,
hard-01374,44.4664,-72.41104,True,wood_utility,,lean_slight,slight,intact,near,False,1,3,3,2016-07,2016-07,https://www.mapillary.com/app/?pKey=782803079092850&focus=photo,
hard-01375,44.466034,-72.41134,True,wood_utility,vegetation,lean_slight,slight,intact,touching,False,0,3,2,2018-07,2018-07,https://www.mapillary.com/app/?pKey=822998058615875&focus=photo,
hard-01376,44.468742,-72.40588,True,wood_utility,,lean_slight,slight,intact,near,False,0,3,3,2014-07,2016-07,https://www.mapillary.com/app/?pKey=684102709031343&focus=photo,
hard-01377,44.468582,-72.406494,True,wood_utility,vegetation,lean_slight,slight,none_visible,touching,False,0,1,1,2016-07,2016-07,https://www.mapillary.com/app/?pKey=136154365138754&focus=photo,
hard-01378,44.46733,-72.40987,True,wood_utility,vegetation,,none,intact,touching,False,1,3,3,2018-07,2018-07,https://www.mapillary.com/app/?pKey=588120945912401&focus=photo,
hard-01379,44.466194,-72.4112,True,wood_utility,vegetation,,none,intact,touching,False,0,3,3,2018-06,2018-06,https://www.mapillary.com/app/?pKey=381781636546834&focus=photo,
hard-01380,44.467094,-72.410545,False,unclear,,,unclear,none_visible,unclear,False,0,3,2,2016-07,2016-07,https://www.mapillary.com/app/?pKey=932560137564090&focus=photo,
hard-01381,44.4685,-72.4066,True,wood_utility,vegetation,,none,intact,touching,False,1,3,3,2018-07,2018-07,https://www.mapillary.com/app/?pKey=511719149958719&focus=photo,
hard-01382,44.46594,-72.411476,True,wood_utility,vegetation,lean_slight,slight,intact,touching,False,1,3,2,2018-07,2018-07,https://www.mapillary.com/app/?pKey=777110759613889&focus=photo,
hard-01383,44.467606,-72.4091,True,wood_utility,vegetation,,none,intact,touching,False,0,3,1,2014-07,2014-07,https://www.mapillary.com/app/?pKey=697538967629383&focus=photo,
hard-01384,44.46786,-72.40837,True,wood_utility,vegetation,,none,intact,touching,False,1,3,2,2014-07,2016-07,https://www.mapillary.com/app/?pKey=487719219187317&focus=photo,
hard-01385,44.466297,-72.41113,True,wood_utility,vegetation,,none,none_visible,touching,False,0,3,2,2016-07,2016-07,https://www.mapillary.com/app/?pKey=140409758144020&focus=photo,
hard-01386,44.46827,-72.407425,True,wood_utility,,lean_slight,slight,none_visible,near,False,0,2,2,2016-07,2018-06,https://www.mapillary.com/app/?pKey=301010248398745&focus=photo,
hard-01387,44.466625,-72.41078,True,wood_utility,vegetation,lean_slight,slight,none_visible,touching,False,1,3,3,2018-07,2018-07,https://www.mapillary.com/app/?pKey=482645649656948&focus=photo,
hard-01388,44.469223,-72.40529,True,wood_utility,vegetation,,unclear,unclear,touching,False,0,1,1,2014-07,2018-07,https://www.mapillary.com/app/?pKey=334857001368746&focus=photo,
hard-01389,44.563084,-72.31036,True,wood_utility,vegetation,lean_slight,slight,intact,touching,False,1,1,1,2017-07,2017-07,https://www.mapillary.com/app/?pKey=167924878607078&focus=photo,
hard-01390,44.5550925,-72.31662,True,wood_utility,vegetation,,none,none_visible,touching,False,1,4,3,2019-07,2019-07,https://www.mapillary.com/app/?pKey=820676582166191&focus=photo,
hard-01391,44.562782,-72.31064,True,wood_utility,vegetation,lean_slight,slight,unclear,touching,False,0,2,2,2019-07,2019-07,https://www.mapillary.com/app/?pKey=1448194098907001&focus=photo,
hard-01392,44.561314,-72.31189,True,wood_utility,vegetation,lean_slight,slight,none_visible,touching,False,0,1,1,2017-07,2019-07,https://www.mapillary.com/app/?pKey=771867777026169&focus=photo,
hard-01393,44.502644,-72.34563,True,wood_utility,lean;vegetation,,moderate,none_visible,touching,False,0,1,1,2018-07,2018-07,https://www.mapillary.com/app/?pKey=118087580349918&focus=photo,
hard-01394,44.5032118,-72.318742,True,wood_utility,,,none,none_visible,near,False,0,5,4,2018-07,2018-07,https://www.mapillary.com/app/?pKey=382793809737203&focus=photo,
hard-01395,44.503387,-72.31863,True,wood_utility,,lean_slight,slight,none_visible,near,False,0,3,1,2016-06,2016-06,https://www.mapillary.com/app/?pKey=173679441352884&focus=photo,
hard-01396,44.50165,-72.32027,True,wood_utility,,,none,none_visible,near,False,0,2,2,2016-06,2016-06,https://www.mapillary.com/app/?pKey=932575147601796&focus=photo,
hard-01397,44.500374,-72.321815,True,wood_utility,,lean_slight,slight,none_visible,none,False,0,3,3,2016-06,2016-06,https://www.mapillary.com/app/?pKey=798140217756947&focus=photo,
hard-01398,44.503857,-72.318115,True,wood_utility,,lean_slight,slight,none_visible,near,False,0,3,3,2018-07,2018-07,https://www.mapillary.com/app/?pKey=133388872186227&focus=photo,
hard-01399,44.50155,-72.32039,True,wood_utility,,,none,none_visible,none,False,0,3,2,2018-07,2018-07,https://www.mapillary.com/app/?pKey=531474084904105&focus=photo,
hard-01400,44.500042,-72.32338,True,wood_utility,,,unclear,unclear,near,False,0,2,2,2016-06,2016-06,https://www.mapillary.com/app/?pKey=1005000936703785&focus=photo,
hard-01401,44.56674,-72.3064,True,wood_utility,,,none,none_visible,near,False,0,2,1,2017-07,2017-07,https://www.mapillary.com/app/?pKey=143340957843027&focus=photo,
hard-01402,44.563484,-72.31025,True,wood_utility,vegetation,,none,intact,touching,False,1,1,1,2017-07,2019-07,https://www.mapillary.com/app/?pKey=216403463416636&focus=photo,
hard-01403,44.566895,-72.30618,True,wood_utility,,,none,intact,near,False,0,3,2,2019-07,2019-07,https://www.mapillary.com/app/?pKey=168025805179941&focus=photo,
hard-01404,44.566135,-72.30807,False,unclear,vegetation,,unclear,none_visible,touching,False,0,1,1,2017-07,2019-07,https://www.mapillary.com/app/?pKey=790047441653619&focus=photo,
hard-01405,44.555202,-72.27558,False,unclear,,,unclear,none_visible,unclear,False,0,3,2,2019-07,2019-07,https://www.mapillary.com/app/?pKey=2906035416318280&focus=photo,
hard-01406,44.555073,-72.275696,False,unclear,vegetation,,none,none_visible,touching,False,0,3,2,2017-07,2017-07,https://www.mapillary.com/app/?pKey=1469343230080861&focus=photo,
hard-01407,44.549142,-72.32116,True,wood_utility,,lean_slight,slight,intact,near,False,0,6,4,2019-07,2019-07,https://www.mapillary.com/app/?pKey=2863973317249710&focus=photo,
hard-01408,44.570178,-72.299685,True,wood_utility,vegetation,lean_slight,slight,none_visible,touching,False,1,9,4,2019-07,2019-07,https://www.mapillary.com/app/?pKey=975797689910131&focus=photo,
hard-01409,44.567158,-72.30522,True,wood_utility,,,none,none_visible,near,False,0,1,1,2013-09,2019-07,https://www.mapillary.com/app/?pKey=1822263061279536&focus=photo,
hard-01410,44.569804,-72.300372,True,wood_utility,,lean_slight,slight,none_visible,near,False,1,5,4,2019-07,2019-07,https://www.mapillary.com/app/?pKey=816933492573357&focus=photo,
hard-01411,44.567513,-72.30425,True,wood_utility,,lean_slight,slight,intact,near,True,1,3,3,2019-07,2019-07,https://www.mapillary.com/app/?pKey=773920726601816&focus=photo,
hard-01412,44.570015,-72.299934,True,wood_utility,vegetation,,none,intact,touching,False,1,3,2,2019-07,2019-07,https://www.mapillary.com/app/?pKey=153600336787523&focus=photo,
hard-01413,44.567043,-72.30541,True,wood_utility,,,none,intact,none,False,0,3,3,2019-07,2019-07,https://www.mapillary.com/app/?pKey=340638574062493&focus=photo,
hard-01414,44.570295,-72.29963,True,wood_utility,vegetation,lean_slight,slight,none_visible,touching,False,0,4,2,2017-07,2017-07,https://www.mapillary.com/app/?pKey=245803913983927&focus=photo,
hard-01415,44.567192,-72.30543,True,wood_utility,,lean_slight,slight,none_visible,near,False,0,3,3,2019-07,2019-07,https://www.mapillary.com/app/?pKey=310553440523451&focus=photo,
hard-01416,44.57038,-72.299644,True,wood_utility,,lean_slight,slight,none_visible,near,False,1,1,1,2017-07,2017-07,https://www.mapillary.com/app/?pKey=263979005512885&focus=photo,
hard-01417,44.5704125,-72.29954,True,wood_utility,vegetation,,none,none_visible,touching,False,0,6,5,2019-07,2019-07,https://www.mapillary.com/app/?pKey=281574993667228&focus=photo,
hard-01418,44.569736,-72.30054,True,wood_utility,,,none,intact,near,True,0,3,1,2017-07,2017-07,https://www.mapillary.com/app/?pKey=505256513926595&focus=photo,
hard-01419,44.57811,-72.36543,True,wood_utility,vegetation,,unclear,none_visible,touching,False,0,1,1,2016-07,2016-07,https://www.mapillary.com/app/?pKey=1107989329684401&focus=photo,
hard-01420,44.575462,-72.36502,False,unclear,vegetation,,unclear,none_visible,touching,False,0,1,1,2016-07,2016-07,https://www.mapillary.com/app/?pKey=1252132525225785&focus=photo,
hard-01421,44.501915,-72.32001,True,wood_utility,,lean_slight,slight,none_visible,near,False,1,1,1,2022-11,2022-11,https://www.mapillary.com/app/?pKey=152572887482764&focus=photo,
hard-01422,44.472527,-72.40162,True,wood_utility,vegetation,,none,intact,touching,False,1,1,1,2016-07,2016-07,https://www.mapillary.com/app/?pKey=836299323960228&focus=photo,
hard-01423,44.47389,-72.39975,False,unclear,,,unclear,unclear,unclear,False,0,1,1,2016-07,2018-07,https://www.mapillary.com/app/?pKey=481863392873884&focus=photo,
hard-01424,44.470634,-72.40332,True,wood_utility,vegetation,lean_slight,slight,intact,touching,False,1,3,2,2016-07,2016-07,https://www.mapillary.com/app/?pKey=337563307736086&focus=photo,
hard-01425,44.471657,-72.40228,True,wood_utility,,,none,unclear,near,False,0,2,2,2014-07,2016-07,https://www.mapillary.com/app/?pKey=524406118931506&focus=photo,
hard-01426,44.473385,-72.40049,True,wood_utility,,lean_slight,slight,unclear,near,False,1,2,2,2014-07,2016-07,https://www.mapillary.com/app/?pKey=494447061787856&focus=photo,
hard-01427,44.493397,-72.37593,True,wood_utility,,,none,intact,near,False,1,3,2,2016-07,2018-07,https://www.mapillary.com/app/?pKey=491266432118934&focus=photo,
hard-01428,44.529278,-72.33663,True,wood_utility,,,none,intact,none,False,0,3,2,2019-07,2019-07,https://www.mapillary.com/app/?pKey=270482581522887&focus=photo,
hard-01429,44.529687,-72.3362995,True,wood_utility,,lean_slight,slight,intact,none,False,0,4,4,2019-07,2019-07,https://www.mapillary.com/app/?pKey=955794998556669&focus=photo,
hard-01430,44.581158,-72.29627,False,unclear,vegetation,,unclear,none_visible,touching,False,0,2,1,2019-07,2019-07,https://www.mapillary.com/app/?pKey=520234896062216&focus=photo,
hard-01431,44.581013,-72.2962,True,wood_utility,,,unclear,none_visible,near,False,1,3,3,2019-07,2019-07,https://www.mapillary.com/app/?pKey=501514421088961&focus=photo,
hard-01432,44.581394,-72.29645,True,wood_utility,,lean_slight,slight,none_visible,unclear,False,1,3,2,2019-07,2019-07,https://www.mapillary.com/app/?pKey=4050871464992585&focus=photo,
hard-01433,44.58146,-72.29639,True,wood_utility,,lean_slight,slight,none_visible,near,False,1,3,1,2017-07,2017-07,https://www.mapillary.com/app/?pKey=899259217295958&focus=photo,
hard-01434,44.50548,-72.35907,True,wood_utility,,,none,intact,near,False,1,3,2,2019-07,2019-07,https://www.mapillary.com/app/?pKey=327340858801163&focus=photo,
hard-01435,44.505684,-72.31743,True,wood_utility,,lean_slight,slight,none_visible,near,False,0,3,2,2018-07,2018-07,https://www.mapillary.com/app/?pKey=181230033803198&focus=photo,
hard-01436,44.5079115,-72.317335,True,wood_utility,vegetation,,none,none_visible,touching,False,1,4,1,2016-06,2016-06,https://www.mapillary.com/app/?pKey=466176418003302&focus=photo,
hard-01437,44.505741,-72.31745,True,wood_utility,,,none,none_visible,near,False,1,6,4,2018-07,2018-07,https://www.mapillary.com/app/?pKey=220723569859106&focus=photo,
hard-01438,44.50612,-72.31773,True,wood_utility,vegetation,lean_slight,slight,none_visible,touching,False,0,1,1,2016-06,2016-06,https://www.mapillary.com/app/?pKey=219021716695403&focus=photo,
hard-01439,44.507526,-72.31761,False,unclear,,,unclear,none_visible,unclear,False,0,3,3,2016-06,2016-06,https://www.mapillary.com/app/?pKey=942058233262200&focus=photo,
hard-01440,44.50627,-72.317764,True,wood_utility,,lean_slight,slight,none_visible,none,False,0,3,2,2018-07,2018-07,https://www.mapillary.com/app/?pKey=257161126187405&focus=photo,
hard-01441,44.506588,-72.317566,True,wood_utility,vegetation,lean_slight,slight,none_visible,touching,False,0,3,3,2018-07,2018-07,https://www.mapillary.com/app/?pKey=1946027575554785&focus=photo,
hard-01442,44.5359535,-72.33131,True,wood_utility,,,none,intact,near,False,1,6,3,2019-07,2019-07,https://www.mapillary.com/app/?pKey=327658295439398&focus=photo,
hard-01443,44.514534,-72.37399,True,wood_utility,,lean_slight,slight,none_visible,near,False,1,2,2,2018-07,2018-07,https://www.mapillary.com/app/?pKey=1165370810590548&focus=photo,
hard-01444,44.51671,-72.37802,True,wood_utility,,lean_slight,slight,intact,near,False,0,3,2,2018-07,2018-07,https://www.mapillary.com/app/?pKey=788312938725034&focus=photo,
hard-01445,44.51341,-72.373535,True,wood_utility,,,none,intact,near,False,1,3,2,2018-07,2018-07,https://www.mapillary.com/app/?pKey=977017859711291&focus=photo,
hard-01446,44.514072,-72.373726,True,wood_utility,,,none,none_visible,near,False,1,1,1,2018-07,2018-07,https://www.mapillary.com/app/?pKey=500043428011222&focus=photo,
hard-01447,44.513145,-72.37382,True,concrete_or_steel_utility,,,none,none_visible,near,False,0,2,2,2016-06,2016-06,https://www.mapillary.com/app/?pKey=252319806689053&focus=photo,
hard-01448,44.514156,-72.3733,True,wood_utility,,lean_slight,slight,none_visible,near,False,1,3,2,2018-07,2018-07,https://www.mapillary.com/app/?pKey=554656959029668&focus=photo,
hard-01449,44.57068,-72.29061,False,other,vegetation,,unclear,unclear,touching,False,0,1,1,2019-07,2019-07,https://www.mapillary.com/app/?pKey=824115264903062&focus=photo,
hard-01450,44.5720302,-72.291833,True,wood_utility,,lean_slight,slight,intact,near,False,1,4,1,2017-07,2019-07,https://www.mapillary.com/app/?pKey=535452927590434&focus=photo,
hard-01451,44.572227,-72.291985,False,unclear,vegetation,,unclear,none_visible,touching,False,0,1,1,2019-07,2019-07,https://www.mapillary.com/app/?pKey=493781101829829&focus=photo,
hard-01452,44.571453,-72.29152,False,unclear,,,unclear,none_visible,unclear,False,0,2,2,2017-07,2017-07,https://www.mapillary.com/app/?pKey=611450686916585&focus=photo,
hard-01453,44.57188,-72.29167,True,wood_utility,vegetation,lean_slight,slight,intact,touching,False,1,3,2,2019-07,2019-07,https://www.mapillary.com/app/?pKey=391180312094785&focus=photo,
hard-01454,44.5725137,-72.2922275,True,wood_utility,vegetation,lean_slight,slight,none_visible,touching,False,0,4,2,2019-07,2019-07,https://www.mapillary.com/app/?pKey=382532673078611&focus=photo,
hard-01455,44.571575,-72.29143,True,wood_utility,vegetation,,unclear,unclear,touching,False,0,1,1,2015-07,2019-07,https://www.mapillary.com/app/?pKey=172523381471288&focus=photo,
hard-01456,44.548584,-72.2652,True,wood_utility,vegetation,lean_slight,slight,none_visible,touching,False,2,3,2,2019-07,2019-07,https://www.mapillary.com/app/?pKey=513410929837402&focus=photo,
hard-01457,44.503822,-72.364044,True,wood_utility,,lean_slight,slight,none_visible,near,False,0,3,1,2022-11,2022-11,https://www.mapillary.com/app/?pKey=435477685416353&focus=photo,
hard-01458,44.468235,-72.31476,True,wood_utility,,,unclear,none_visible,near,False,0,3,1,2022-11,2022-11,https://www.mapillary.com/app/?pKey=208165308299487&focus=photo,
hard-01459,44.580173,-72.296036,True,wood_utility,,lean_slight,slight,none_visible,near,False,1,1,1,2017-07,2017-07,https://www.mapillary.com/app/?pKey=1174704316334715&focus=photo,
hard-01460,44.582542,-72.29693,False,other,vegetation,,none,none_visible,touching,False,0,2,1,2015-07,2015-07,https://www.mapillary.com/app/?pKey=385817156077007&focus=photo,
hard-01461,44.478725,-72.39079,True,wood_utility,vegetation,lean_slight,slight,intact,touching,False,1,1,1,2016-07,2016-07,https://www.mapillary.com/app/?pKey=172675721450125&focus=photo,
hard-01462,44.480267,-72.388725,True,wood_utility,vegetation,,unclear,unclear,touching,False,0,1,1,2018-06,2018-06,https://www.mapillary.com/app/?pKey=186765073323538&focus=photo,
hard-01463,44.501934,-72.34688,True,wood_utility,vegetation,,unclear,unclear,touching,False,0,1,1,2014-06,2018-07,https://www.mapillary.com/app/?pKey=230763032147929&focus=photo,
hard-01464,44.501846,-72.3473,True,wood_utility,,,none,none_visible,near,False,1,2,1,2016-06,2016-06,https://www.mapillary.com/app/?pKey=1410366045978488&focus=photo,
hard-01465,44.50227,-72.34365,False,unclear,,,unclear,none_visible,unclear,False,0,1,1,2014-06,2016-06,https://www.mapillary.com/app/?pKey=803799640276957&focus=photo,
hard-01466,44.501854,-72.34938,True,wood_utility,,lean_slight,slight,none_visible,near,False,0,3,3,2018-07,2018-07,https://www.mapillary.com/app/?pKey=1446659495726578&focus=photo,
hard-01467,44.502457,-72.34485,True,wood_utility,,,none,none_visible,near,False,0,3,3,2018-07,2018-07,https://www.mapillary.com/app/?pKey=895218644541526&focus=photo,
hard-01468,44.502354,-72.346245,True,wood_utility,,lean_slight,slight,intact,near,False,0,3,2,2016-06,2018-07,https://www.mapillary.com/app/?pKey=1225373187918182&focus=photo,
hard-01469,44.501724,-72.34768,True,wood_utility,,lean_slight,slight,none_visible,near,False,0,3,3,2018-07,2018-07,https://www.mapillary.com/app/?pKey=233210988554137&focus=photo,
hard-01470,44.501923,-72.34902,True,wood_utility,,lean_slight,slight,none_visible,near,False,1,1,1,2014-07,2014-07,https://www.mapillary.com/app/?pKey=197906968739872&focus=photo,
hard-01471,44.5016437,-72.348678,True,wood_utility,vegetation,lean_slight,slight,intact,touching,False,1,9,4,2018-07,2018-07,https://www.mapillary.com/app/?pKey=605782287064533&focus=photo,
hard-01472,44.502514,-72.344154,True,wood_utility,,,none,none_visible,near,False,0,2,1,2016-06,2016-06,https://www.mapillary.com/app/?pKey=508891576918423&focus=photo,
hard-01473,44.501673,-72.34922,True,wood_utility,,lean_slight,slight,none_visible,near,False,0,6,3,2018-07,2018-07,https://www.mapillary.com/app/?pKey=1446659495726578&focus=photo,
hard-01474,44.50167,-72.348946,False,other,,lean_slight,slight,none_visible,near,False,0,2,2,2014-07,2016-06,https://www.mapillary.com/app/?pKey=313946697029380&focus=photo,
hard-01475,44.502613,-72.34202,True,wood_utility,,lean_slight,slight,none_visible,near,False,0,3,2,2014-06,2016-06,https://www.mapillary.com/app/?pKey=1483042545380654&focus=photo,
hard-01476,44.50174,-72.349846,True,wood_utility,vegetation,lean_slight,slight,intact,touching,False,0,1,1,2018-07,2018-07,https://www.mapillary.com/app/?pKey=196496205660039&focus=photo,
hard-01477,44.5016285,-72.348095,True,wood_utility,,lean_slight,slight,none_visible,near,False,1,6,4,2018-07,2018-07,https://www.mapillary.com/app/?pKey=995007984368183&focus=photo,
hard-01478,44.5024,-72.34607,True,wood_utility,,lean_slight,slight,intact,near,False,0,3,2,2018-07,2018-07,https://www.mapillary.com/app/?pKey=1137253870122187&focus=photo,
hard-01479,44.502556,-72.343895,True,wood_utility,,lean_slight,slight,none_visible,near,False,0,3,3,2018-07,2018-07,https://www.mapillary.com/app/?pKey=492239608713030&focus=photo,
hard-01480,44.501995,-72.34656,True,wood_utility,,lean_slight,slight,intact,near,False,0,3,3,2018-07,2018-07,https://www.mapillary.com/app/?pKey=2943117069296953&focus=photo,
hard-01481,44.5017015,-72.3502375,True,wood_utility,vegetation,lean_slight,slight,none_visible,touching,False,0,6,5,2018-07,2018-07,https://www.mapillary.com/app/?pKey=948664069232199&focus=photo,
hard-01482,44.501617,-72.34766,True,wood_utility,vegetation,lean_slight,slight,intact,touching,False,0,3,2,2016-06,2016-06,https://www.mapillary.com/app/?pKey=1468004926881842&focus=photo,
hard-01483,44.47441,-72.39707,False,unclear,,,unclear,unclear,unclear,False,0,1,1,2016-07,2016-07,https://www.mapillary.com/app/?pKey=305162471343697&focus=photo,
hard-01484,44.479584,-72.30173,True,wood_utility,,lean_slight,slight,none_visible,near,False,1,3,2,2016-06,2016-06,https://www.mapillary.com/app/?pKey=315054453418125&focus=photo,
hard-01485,44.502747,-72.34091,True,wood_utility,vegetation,lean_slight,slight,none_visible,touching,False,1,1,1,2016-06,2016-06,https://www.mapillary.com/app/?pKey=695304101259536&focus=photo,
hard-01486,44.502888,-72.34013,False,unclear,,,unclear,none_visible,unclear,False,0,1,1,2014-06,2018-07,https://www.mapillary.com/app/?pKey=818695229040846&focus=photo,
hard-01487,44.502674,-72.34151,True,wood_utility,vegetation,,none,none_visible,touching,False,0,1,1,2014-07,2016-06,https://www.mapillary.com/app/?pKey=342921874219314&focus=photo,
hard-01488,44.503033,-72.33822,False,other,,,unclear,none_visible,unclear,False,0,3,3,2014-07,2018-07,https://www.mapillary.com/app/?pKey=2946317252303852&focus=photo,
hard-01489,44.502755,-72.340715,True,wood_utility,vegetation,lean_slight,slight,none_visible,touching,False,1,6,5,2018-07,2018-07,https://www.mapillary.com/app/?pKey=520056959355220&focus=photo,
hard-01490,44.502686,-72.341354,True,wood_utility,,,none,none_visible,near,False,0,3,3,2016-06,2016-06,https://www.mapillary.com/app/?pKey=469644420787065&focus=photo,
hard-01491,44.503082,-72.337494,False,unclear,,,unclear,none_visible,unclear,False,0,2,2,2014-06,2018-07,https://www.mapillary.com/app/?pKey=503612730982526&focus=photo,
hard-01492,44.502655,-72.34192,True,wood_utility,,,none,none_visible,near,False,0,2,2,2016-06,2016-06,https://www.mapillary.com/app/?pKey=155464899814445&focus=photo,
hard-01493,44.573079,-72.297565,True,wood_utility,,,none,none_visible,near,False,0,9,6,2019-07,2019-07,https://www.mapillary.com/app/?pKey=319751836305562&focus=photo,
hard-01494,44.5718995,-72.298435,True,wood_utility,,,none,intact,near,False,1,6,3,2015-07,2017-07,https://www.mapillary.com/app/?pKey=301382838296825&focus=photo,
hard-01495,44.5721407,-72.29825,True,wood_utility,vegetation,lean_slight,slight,intact,touching,False,1,9,4,2019-07,2019-07,https://www.mapillary.com/app/?pKey=833017294286041&focus=photo,
hard-01496,44.5713633,-72.29881,True,wood_utility,vegetation,lean_slight,slight,intact,touching,False,1,7,5,2019-07,2019-07,https://www.mapillary.com/app/?pKey=1449746715358865&focus=photo,
hard-01497,44.5715549,-72.2986706,True,wood_utility,vegetation,lean_slight,slight,none_visible,touching,False,1,8,4,2017-07,2019-07,https://www.mapillary.com/app/?pKey=205744011379034&focus=photo,
hard-01498,44.574574,-72.29647,True,wood_utility,,lean_slight,slight,intact,near,False,1,3,3,2019-07,2019-07,https://www.mapillary.com/app/?pKey=3641897795939097&focus=photo,
hard-01499,44.5717353,-72.2985433,True,wood_utility,,lean_slight,slight,none_visible,near,False,1,9,6,2019-07,2019-07,https://www.mapillary.com/app/?pKey=742949576382588&focus=photo,
hard-01500,44.57526,-72.296005,True,wood_utility,,,none,none_visible,near,False,1,6,4,2019-07,2019-07,https://www.mapillary.com/app/?pKey=3000308940251445&focus=photo,
hard-01501,44.574259,-72.296705,True,wood_utility,,lean_slight,slight,none_visible,near,False,1,6,4,2019-07,2019-07,https://www.mapillary.com/app/?pKey=1239751099781511&focus=photo,
hard-01502,44.5725115,-72.29798,True,wood_utility,vegetation,lean_slight,slight,intact,touching,False,1,6,4,2019-07,2019-07,https://www.mapillary.com/app/?pKey=298333338633175&focus=photo,
hard-01503,44.572403,-72.298065,True,wood_utility,,lean_slight,slight,intact,near,False,1,3,2,2017-07,2017-07,https://www.mapillary.com/app/?pKey=905990916909171&focus=photo,
hard-01504,44.5727807,-72.297794,True,wood_utility,vegetation,lean_slight,slight,none_visible,touching,False,2,9,4,2019-07,2019-07,https://www.mapillary.com/app/?pKey=516771626024311&focus=photo,
hard-01505,44.574924,-72.296235,True,wood_utility,,,none,none_visible,none,False,1,6,4,2019-07,2019-07,https://www.mapillary.com/app/?pKey=2857359751168755&focus=photo,
hard-01506,44.5705196,-72.29945,True,wood_utility,,lean_slight,slight,intact,near,False,1,5,2,2019-07,2019-07,https://www.mapillary.com/app/?pKey=204713378134887&focus=photo,
hard-01507,44.570892,-72.29916,True,wood_utility,vegetation,lean_slight,slight,intact,touching,False,1,3,3,2019-07,2019-07,https://www.mapillary.com/app/?pKey=962598117808268&focus=photo,
hard-01508,44.57112,-72.29899,True,wood_utility,lean;vegetation,,moderate,none_visible,touching,False,1,3,2,2019-07,2019-07,https://www.mapillary.com/app/?pKey=517168602803631&focus=photo,
hard-01509,44.5736905,-72.297122,True,wood_utility,,lean_slight,slight,none_visible,near,False,1,6,4,2019-07,2019-07,https://www.mapillary.com/app/?pKey=536757493983897&focus=photo,
hard-01510,44.478237,-72.3917,True,wood_utility,vegetation,lean_slight,slight,intact,touching,False,0,3,3,2016-07,2018-06,https://www.mapillary.com/app/?pKey=519998245719206&focus=photo,
hard-01511,44.575146,-72.296104,True,wood_utility,,,none,intact,near,False,2,1,1,2013-09,2019-07,https://www.mapillary.com/app/?pKey=186159523290290&focus=photo,
hard-01512,44.574654,-72.296455,True,wood_utility,,,none,unclear,near,False,1,2,2,2019-07,2019-07,https://www.mapillary.com/app/?pKey=3641897795939097&focus=photo,
hard-01513,44.57408,-72.296844,True,wood_utility,,,none,intact,near,False,2,3,3,2017-07,2019-07,https://www.mapillary.com/app/?pKey=142338247945168&focus=photo,
hard-01514,44.478794,-72.39057,True,wood_utility,,lean_slight,slight,intact,near,False,0,2,1,2016-07,2016-07,https://www.mapillary.com/app/?pKey=792178571671686&focus=photo,
hard-01515,44.571823,-72.29847,True,wood_utility,,lean_slight,slight,none_visible,near,False,0,3,3,2019-07,2019-07,https://www.mapillary.com/app/?pKey=340863520729127&focus=photo,
hard-01516,44.57221,-72.29822,True,wood_utility,vegetation,lean_slight,slight,intact,touching,False,2,3,3,2019-07,2019-07,https://www.mapillary.com/app/?pKey=485470629235254&focus=photo,
hard-01517,44.478474,-72.391335,True,wood_utility,,,none,intact,near,False,1,2,2,2016-07,2018-06,https://www.mapillary.com/app/?pKey=776872476524832&focus=photo,
hard-01518,44.477924,-72.39229,True,wood_utility,vegetation,lean_slight,slight,none_visible,touching,False,0,3,3,2018-07,2018-07,https://www.mapillary.com/app/?pKey=186951679867622&focus=photo,
hard-01519,44.478416,-72.391655,True,wood_utility,crossarm;vegetation,lean_slight,slight,damaged,touching,False,0,1,1,2016-07,2016-07,https://www.mapillary.com/app/?pKey=925021221613034&focus=photo,
hard-01520,44.478546,-72.39119,True,wood_utility,,lean_slight,slight,intact,near,False,1,3,3,2018-07,2018-07,https://www.mapillary.com/app/?pKey=332239854989110&focus=photo,
hard-01521,44.478134,-72.39191,False,unclear,vegetation,,unclear,none_visible,touching,False,0,3,1,2018-07,2018-07,https://www.mapillary.com/app/?pKey=215105633803269&focus=photo,
hard-01522,44.572655,-72.29789,True,wood_utility,,lean_slight,slight,intact,near,False,2,3,2,2017-07,2017-07,https://www.mapillary.com/app/?pKey=317023406539555&focus=photo,
hard-01523,44.47833,-72.39185,True,wood_utility,vegetation,lean_slight,slight,none_visible,touching,False,0,3,3,2018-07,2018-07,https://www.mapillary.com/app/?pKey=2808623622783428&focus=photo,
hard-01524,44.47734,-72.3925,True,wood_utility,,,none,intact,near,False,0,3,2,2018-07,2018-07,https://www.mapillary.com/app/?pKey=611596309800001&focus=photo,
hard-01525,44.47786,-72.39213,True,wood_utility,vegetation,lean_slight,slight,intact,touching,False,1,3,3,2018-06,2018-06,https://www.mapillary.com/app/?pKey=353069106249383&focus=photo,
hard-01526,44.57501,-72.2962,True,wood_utility,,lean_slight,slight,intact,near,False,2,3,2,2017-07,2017-07,https://www.mapillary.com/app/?pKey=221473252835416&focus=photo,
hard-01527,44.57349,-72.29729,True,wood_utility,,lean_slight,slight,intact,near,False,2,3,1,2013-09,2013-09,https://www.mapillary.com/app/?pKey=791786491523405&focus=photo,
hard-01528,44.478626,-72.39142,False,unclear,,,unclear,none_visible,unclear,False,0,3,2,2018-07,2018-07,https://www.mapillary.com/app/?pKey=332239854989110&focus=photo,
hard-01529,44.477272,-72.39259,True,wood_utility,vegetation,,none,intact,touching,False,0,3,2,2016-07,2016-07,https://www.mapillary.com/app/?pKey=351005979926016&focus=photo,
hard-01530,44.51351,-72.34213,True,wood_utility,vegetation,,none,none_visible,touching,False,0,2,2,2017-07,2019-07,https://www.mapillary.com/app/?pKey=302057498210758&focus=photo,
hard-01531,44.52257,-72.297966,True,wood_utility,,,none,intact,near,False,0,2,1,2018-07,2018-07,https://www.mapillary.com/app/?pKey=987723271976746&focus=photo,
hard-01532,44.570137,-72.29005,True,wood_utility,,lean_slight,slight,none_visible,near,False,0,2,2,2019-07,2019-07,https://www.mapillary.com/app/?pKey=132264348875660&focus=photo,
hard-01533,44.571133,-72.29103,True,wood_utility,vegetation,lean_slight,slight,intact,touching,False,0,3,3,2017-07,2017-07,https://www.mapillary.com/app/?pKey=1170671276710590&focus=photo,
hard-01534,44.572964,-72.292564,True,wood_utility,,lean_slight,slight,intact,near,False,0,3,2,2019-07,2019-07,https://www.mapillary.com/app/?pKey=927274671444026&focus=photo,
hard-01535,44.5717755,-72.2915925,True,wood_utility,vegetation,lean_slight,slight,none_visible,touching,False,1,6,5,2019-07,2019-07,https://www.mapillary.com/app/?pKey=279255010605609&focus=photo,
hard-01536,44.573528,-72.29299,True,wood_utility,,lean_slight,slight,none_visible,near,False,0,6,4,2019-07,2019-07,https://www.mapillary.com/app/?pKey=744592549542819&focus=photo,
hard-01537,44.57369,-72.29312,True,wood_utility,,lean_slight,slight,intact,near,False,1,2,2,2017-07,2019-07,https://www.mapillary.com/app/?pKey=920964978755240&focus=photo,
hard-01538,44.572403,-72.29212,True,wood_utility,vegetation,lean_slight,slight,intact,touching,False,0,3,3,2019-07,2019-07,https://www.mapillary.com/app/?pKey=322601545904333&focus=photo,
hard-01539,44.568966,-72.28878,True,wood_utility,vegetation,lean_slight,slight,intact,touching,False,0,3,3,2019-07,2019-07,https://www.mapillary.com/app/?pKey=341323974094770&focus=photo,
hard-01540,44.5703975,-72.290315,True,wood_utility,vegetation,lean_slight,slight,none_visible,touching,False,0,6,4,2019-07,2019-07,https://www.mapillary.com/app/?pKey=298183132014882&focus=photo,
hard-01541,44.569893,-72.290016,True,wood_utility,vegetation,,none,none_visible,touching,False,1,1,1,2015-07,2017-07,https://www.mapillary.com/app/?pKey=974703520025972&focus=photo,
hard-01542,44.5696135,-72.289501,True,wood_utility,,,none,intact,near,False,0,4,4,2019-07,2019-07,https://www.mapillary.com/app/?pKey=524387362251658&focus=photo,
hard-01543,44.51735,-72.38086,True,wood_utility,vegetation,lean_slight,slight,none_visible,touching,False,0,1,1,2014-06,2018-07,https://www.mapillary.com/app/?pKey=1105733926576014&focus=photo,
hard-01544,44.515854,-72.38476,True,wood_utility,vegetation,lean_slight,slight,none_visible,touching,False,1,1,1,2018-07,2018-07,https://www.mapillary.com/app/?pKey=1450182151991754&focus=photo,
hard-01545,44.53784,-72.374214,True,wood_utility,,,none,intact,near,False,0,2,1,2016-07,2018-06,https://www.mapillary.com/app/?pKey=204433054711225&focus=photo,
hard-01546,44.537357,-72.374245,True,wood_utility,vegetation,lean_slight,slight,intact,touching,False,1,1,1,2018-06,2018-06,https://www.mapillary.com/app/?pKey=183542427013712&focus=photo,
hard-01547,44.538963,-72.37408,True,wood_utility,vegetation,lean_slight,slight,intact,touching,False,1,1,1,2014-06,2018-06,https://www.mapillary.com/app/?pKey=1091725227903948&focus=photo,
hard-01548,44.537918,-72.32971,True,wood_utility,,,none,intact,near,False,0,3,3,2019-07,2019-07,https://www.mapillary.com/app/?pKey=628680954724065&focus=photo,
hard-01549,44.534504,-72.33245,True,wood_utility,vegetation,lean_slight,slight,unclear,touching,True,1,1,1,2015-07,2017-07,https://www.mapillary.com/app/?pKey=762943027722633&focus=photo,
hard-01550,44.536568,-72.330826,True,wood_utility,,lean_slight,slight,intact,near,False,0,1,1,2015-07,2017-07,https://www.mapillary.com/app/?pKey=923676748421333&focus=photo,
hard-01551,44.534115,-72.332756,True,wood_utility,,,none,intact,near,False,1,1,1,2017-07,2017-07,https://www.mapillary.com/app/?pKey=325455132263855&focus=photo,
hard-01552,44.5379735,-72.3297175,True,wood_utility,vegetation,,none,intact,touching,False,1,4,3,2017-07,2019-07,https://www.mapillary.com/app/?pKey=584214749197261&focus=photo,
hard-01553,44.534245,-72.33265,True,wood_utility,vegetation,lean_slight,slight,intact,touching,False,1,1,1,2017-07,2017-07,https://www.mapillary.com/app/?pKey=473550613909612&focus=photo,
hard-01554,44.53644,-72.3309,True,wood_utility,,,none,intact,none,False,0,3,3,2019-07,2019-07,https://www.mapillary.com/app/?pKey=841405890106372&focus=photo,
hard-01555,44.533794,-72.33295,True,wood_utility,,,none,intact,none,False,0,3,2,2017-07,2017-07,https://www.mapillary.com/app/?pKey=882341238982886&focus=photo,
hard-01556,44.534355,-72.33251,True,wood_utility,,lean_slight,slight,intact,near,True,0,3,3,2019-07,2019-07,https://www.mapillary.com/app/?pKey=514699203052797&focus=photo,
hard-01557,44.537518,-72.33008,True,wood_utility,,,none,none_visible,none,False,0,2,2,2019-07,2019-07,https://www.mapillary.com/app/?pKey=132623775505882&focus=photo,
hard-01558,44.536224,-72.33111,True,wood_utility,,,none,intact,none,False,0,2,1,2017-07,2017-07,https://www.mapillary.com/app/?pKey=869324653927671&focus=photo,
hard-01559,44.535828,-72.3314,True,wood_utility,,,none,intact,none,False,1,3,2,2017-07,2017-07,https://www.mapillary.com/app/?pKey=818771838762027&focus=photo,
hard-01560,44.5369275,-72.3305275,True,wood_utility,,,none,intact,none,False,0,6,5,2019-07,2019-07,https://www.mapillary.com/app/?pKey=507666643755429&focus=photo,
hard-01561,44.537186,-72.330345,True,wood_utility,,,none,intact,near,False,1,2,1,2017-07,2017-07,https://www.mapillary.com/app/?pKey=1290260968088385&focus=photo,
hard-01562,44.536083,-72.33121,True,wood_utility,,,none,intact,near,False,1,2,1,2015-07,2017-07,https://www.mapillary.com/app/?pKey=2928945437361816&focus=photo,
hard-01563,44.535294,-72.33189,False,unclear,,,unclear,none_visible,unclear,False,0,2,1,2019-07,2019-07,https://www.mapillary.com/app/?pKey=1590718304471181&focus=photo,
hard-01564,44.53744,-72.330124,True,wood_utility,,,none,intact,none,False,0,3,2,2019-07,2019-07,https://www.mapillary.com/app/?pKey=930740061047068&focus=photo,
hard-01565,44.53522,-72.33187,True,wood_utility,,,none,intact,near,False,1,2,2,2017-07,2017-07,https://www.mapillary.com/app/?pKey=2866424263622224&focus=photo,
hard-01566,44.5349,-72.33212,True,wood_utility,,lean_slight,slight,none_visible,none,False,1,3,3,2019-07,2019-07,https://www.mapillary.com/app/?pKey=1710982215762383&focus=photo,
hard-01567,44.5353675,-72.3317425,True,wood_utility,,,none,intact,near,False,1,4,2,2017-07,2017-07,https://www.mapillary.com/app/?pKey=1170286726771339&focus=photo,
hard-01568,44.535416,-72.33171,True,wood_utility,,,none,intact,near,True,1,3,3,2019-07,2019-07,https://www.mapillary.com/app/?pKey=933636527386516&focus=photo,
hard-01569,44.504005,-72.36789,False,unclear,vegetation,,unclear,unclear,touching,False,0,3,3,2018-07,2018-07,https://www.mapillary.com/app/?pKey=2052150091593477&focus=photo,
hard-01570,44.504251,-72.3652775,True,wood_utility,,,none,none_visible,none,False,2,6,5,2018-07,2018-07,https://www.mapillary.com/app/?pKey=5631069866935674&focus=photo,
hard-01571,44.504257,-72.36545,True,wood_utility,,lean_slight,slight,intact,near,True,1,3,2,2016-06,2016-06,https://www.mapillary.com/app/?pKey=196267345702995&focus=photo,
hard-01572,44.503708,-72.368126,True,wood_utility,,,none,none_visible,none,False,2,3,3,2018-07,2018-07,https://www.mapillary.com/app/?pKey=1154520888293854&focus=photo,
hard-01573,44.50391,-72.367676,True,wood_utility,,lean_slight,slight,intact,near,False,2,3,2,2018-07,2018-07,https://www.mapillary.com/app/?pKey=555259745469229&focus=photo,
hard-01574,44.504948,-72.365776,True,wood_utility,,lean_slight,slight,intact,near,False,1,3,3,2017-07,2017-07,https://www.mapillary.com/app/?pKey=1117717602037867&focus=photo,
hard-01575,44.503857,-72.36786,True,wood_utility,,lean_slight,slight,intact,near,False,2,3,2,2018-07,2018-07,https://www.mapillary.com/app/?pKey=328693475344973&focus=photo,
hard-01576,44.503822,-72.368025,True,wood_utility,,,none,none_visible,near,False,1,4,3,2018-07,2018-07,https://www.mapillary.com/app/?pKey=3925496220902398&focus=photo,
hard-01577,44.504288,-72.3656,True,wood_utility,,,none,none_visible,near,False,1,3,3,2018-07,2018-07,https://www.mapillary.com/app/?pKey=191022256213732&focus=photo,
hard-01578,44.578106,-72.29578,True,wood_utility,,,none,intact,near,False,1,3,3,2019-07,2019-07,https://www.mapillary.com/app/?pKey=384311359928184&focus=photo,
hard-01579,44.577812,-72.29584,True,wood_utility,,,none,intact,near,False,1,3,2,2015-07,2019-07,https://www.mapillary.com/app/?pKey=865828970671146&focus=photo,
hard-01580,44.5566985,-72.31545,True,wood_utility,,lean_slight,slight,none_visible,near,False,1,6,3,2019-07,2019-07,https://www.mapillary.com/app/?pKey=326599118919136&focus=photo,
hard-01581,44.545807,-72.373146,True,wood_utility,vegetation,lean_slight,slight,intact,touching,False,1,3,3,2018-06,2018-06,https://www.mapillary.com/app/?pKey=2857515984508324&focus=photo,
hard-01582,44.545135,-72.37333,True,wood_utility,,lean_slight,slight,none_visible,near,False,0,1,1,2016-07,2016-07,https://www.mapillary.com/app/?pKey=4360237614020675&focus=photo,
hard-01583,44.555645,-72.31625,True,wood_utility,vegetation,,none,intact,touching,False,1,3,2,2013-09,2019-07,https://www.mapillary.com/app/?pKey=213613223732588&focus=photo,
hard-01584,44.557713,-72.31452,True,wood_utility,,,none,none_visible,near,False,0,3,3,2019-07,2019-07,https://www.mapillary.com/app/?pKey=813363825953377&focus=photo,
hard-01585,44.55358,-72.317825,True,wood_utility,vegetation,,none,intact,touching,False,0,3,2,2019-07,2019-07,https://www.mapillary.com/app/?pKey=195916432386320&focus=photo,
hard-01586,44.55277,-72.318375,False,unclear,,,unclear,none_visible,unclear,False,0,1,1,2015-07,2019-07,https://www.mapillary.com/app/?pKey=295574868914063&focus=photo,
hard-01587,44.550713,-72.3199,True,wood_utility,vegetation,lean_slight,slight,none_visible,touching,False,0,3,3,2019-07,2019-07,https://www.mapillary.com/app/?pKey=4122589941130406&focus=photo,
hard-01588,44.514523,-72.313835,True,wood_utility,vegetation,lean_slight,slight,none_visible,touching,False,0,3,3,2018-07,2018-07,https://www.mapillary.com/app/?pKey=596772671296739&focus=photo,
hard-01589,44.514774,-72.31272,True,wood_utility,,lean_slight,slight,none_visible,near,False,0,2,2,2014-06,2018-07,https://www.mapillary.com/app/?pKey=296794158824352&focus=photo,
hard-01590,44.468647,-72.276344,False,unclear,,,unclear,none_visible,unclear,False,0,1,1,2018-07,2018-07,https://www.mapillary.com/app/?pKey=397169461565406&focus=photo,
hard-01591,44.51721,-72.34186,True,wood_utility,vegetation,,none,intact,touching,False,1,3,2,2019-07,2019-07,https://www.mapillary.com/app/?pKey=306750134234548&focus=photo,
hard-01592,44.519283,-72.34146,True,wood_utility,,lean_slight,slight,none_visible,near,False,1,1,1,2015-07,2019-07,https://www.mapillary.com/app/?pKey=228532218705084&focus=photo,
hard-01593,44.518524,-72.34162,True,wood_utility,,lean_slight,slight,none_visible,none,False,0,2,1,2015-07,2019-07,https://www.mapillary.com/app/?pKey=209823257487106&focus=photo,
hard-01594,44.561428,-72.31177,True,wood_utility,vegetation,lean_slight,slight,none_visible,touching,False,0,3,2,2019-07,2019-07,https://www.mapillary.com/app/?pKey=228285238721578&focus=photo,
hard-01595,44.56186,-72.31132,True,wood_utility,vegetation,lean_slight,slight,none_visible,touching,False,0,3,2,2019-07,2019-07,https://www.mapillary.com/app/?pKey=329900991986019&focus=photo,
hard-01596,44.559963,-72.31292,True,wood_utility,vegetation,lean_slight,slight,none_visible,touching,True,1,3,2,2015-07,2015-07,https://www.mapillary.com/app/?pKey=330193601794218&focus=photo,
hard-01597,44.514263,-72.31396,True,wood_utility,,,none,intact,near,False,0,2,2,2018-07,2018-07,https://www.mapillary.com/app/?pKey=1037694850123992&focus=photo,
hard-01598,44.529293,-72.4233925,True,wood_utility,vegetation,lean_slight,slight,none_visible,touching,False,0,4,3,2018-07,2018-07,https://www.mapillary.com/app/?pKey=236985378227241&focus=photo,
hard-01599,44.5286465,-72.422348,True,wood_utility,,,none,none_visible,none,False,0,6,5,2018-07,2018-07,https://www.mapillary.com/app/?pKey=2326114554185148&focus=photo,
hard-01600,44.51754,-72.405235,True,wood_utility,,,none,none_visible,none,False,1,3,3,2018-07,2018-07,https://www.mapillary.com/app/?pKey=2031810233669707&focus=photo,
hard-01601,44.520042,-72.410255,True,wood_utility,,lean_slight,slight,none_visible,none,False,0,3,2,2018-07,2018-07,https://www.mapillary.com/app/?pKey=159485869481120&focus=photo,
hard-01602,44.520153,-72.40995,True,wood_utility,,lean_slight,slight,intact,none,False,0,3,3,2018-07,2018-07,https://www.mapillary.com/app/?pKey=294723918952490&focus=photo,
hard-01603,44.520363,-72.41044,True,wood_utility,,,none,intact,near,True,0,3,1,2016-06,2016-06,https://www.mapillary.com/app/?pKey=342171537246057&focus=photo,
hard-01604,44.5194985,-72.4093425,True,wood_utility,,,none,intact,near,False,0,6,4,2018-07,2018-07,https://www.mapillary.com/app/?pKey=301983461470823&focus=photo,
hard-01605,44.520237,-72.41025,True,wood_utility,,,none,intact,none,False,0,2,2,2016-06,2016-06,https://www.mapillary.com/app/?pKey=424780748843486&focus=photo,
hard-01606,44.519657,-72.40887,True,wood_utility,,lean_slight,slight,intact,none,False,0,2,1,2014-07,2014-07,https://www.mapillary.com/app/?pKey=318141213191713&focus=photo,
hard-01607,44.518307,-72.406815,True,wood_utility,,lean_slight,slight,none_visible,near,True,0,3,2,2018-07,2018-07,https://www.mapillary.com/app/?pKey=399318557821713&focus=photo,
hard-01608,44.51939,-72.408264,True,wood_utility,,lean_slight,slight,intact,near,False,1,1,1,2016-06,2016-06,https://www.mapillary.com/app/?pKey=160161149328458&focus=photo,
hard-01609,44.562527,-72.27957,True,wood_utility,,lean_slight,slight,intact,near,False,1,3,2,2017-07,2017-07,https://www.mapillary.com/app/?pKey=337587161134034&focus=photo,
hard-01610,44.5626116,-72.279686,True,wood_utility,,,none,intact,near,False,0,5,3,2019-07,2019-07,https://www.mapillary.com/app/?pKey=141312621367194&focus=photo,
hard-01611,44.562324,-72.279375,True,wood_utility,,,none,intact,near,False,0,6,5,2019-07,2019-07,https://www.mapillary.com/app/?pKey=290778142588003&focus=photo,
hard-01612,44.56495,-72.28351,True,wood_utility,,lean_slight,slight,none_visible,near,False,0,3,3,2019-07,2019-07,https://www.mapillary.com/app/?pKey=250106020244302&focus=photo,
hard-01613,44.5635,-72.28074,True,wood_utility,vegetation,lean_slight,slight,none_visible,touching,False,0,3,3,2019-07,2019-07,https://www.mapillary.com/app/?pKey=3837320966393707&focus=photo,
hard-01614,44.562945,-72.280045,True,wood_utility,,lean_slight,slight,none_visible,near,False,1,6,5,2019-07,2019-07,https://www.mapillary.com/app/?pKey=757765438246235&focus=photo,
hard-01615,44.564827,-72.28366,True,wood_utility,vegetation,,unclear,none_visible,touching,False,0,3,3,2017-07,2017-07,https://www.mapillary.com/app/?pKey=249017510357513&focus=photo,
hard-01616,44.564526,-72.28269,True,wood_utility,,,none,none_visible,near,False,0,1,1,2019-07,2019-07,https://www.mapillary.com/app/?pKey=597229891239973&focus=photo,
hard-01617,44.51782,-72.40609,True,wood_utility,,lean_slight,slight,none_visible,none,False,0,3,3,2018-07,2018-07,https://www.mapillary.com/app/?pKey=3840756286034540&focus=photo,
hard-01618,44.56314,-72.28024,False,unclear,vegetation,,unclear,none_visible,touching,False,0,2,2,2017-07,2017-07,https://www.mapillary.com/app/?pKey=862451897642931&focus=photo,
hard-01619,44.562126,-72.27919,True,wood_utility,,lean_slight,slight,intact,near,False,1,1,1,2017-07,2017-07,https://www.mapillary.com/app/?pKey=935036130626410&focus=photo,
hard-01620,44.4727,-72.40143,True,wood_utility,vegetation,lean_slight,slight,none_visible,touching,False,0,1,1,2016-07,2018-06,https://www.mapillary.com/app/?pKey=500044248082142&focus=photo,
hard-01621,44.562687,-72.27976,True,wood_utility,,,none,intact,near,False,0,3,1,2017-07,2017-07,https://www.mapillary.com/app/?pKey=152227276886068&focus=photo,
hard-01622,44.51805,-72.37847,True,wood_utility,,lean_slight,slight,none_visible,near,False,0,3,3,2018-06,2018-06,https://www.mapillary.com/app/?pKey=4554070054617557&focus=photo,
hard-01623,44.5196,-72.37714,True,wood_utility,,lean_slight,slight,intact,near,True,1,3,2,2016-07,2016-07,https://www.mapillary.com/app/?pKey=1331177557279473&focus=photo,
hard-01624,44.5192757,-72.377225,True,wood_utility,,,none,none_visible,near,False,2,9,6,2018-07,2018-07,https://www.mapillary.com/app/?pKey=744803686204209&focus=photo,
hard-01625,44.520275,-72.37627,True,wood_utility,,lean_slight,slight,intact,near,False,1,3,2,2016-07,2016-07,https://www.mapillary.com/app/?pKey=798303197470744&focus=photo,
hard-01626,44.51771,-72.37876,True,wood_utility,,,none,none_visible,none,False,0,3,3,2018-07,2018-07,https://www.mapillary.com/app/?pKey=831359264461671&focus=photo,
hard-01627,44.517853,-72.37847,True,wood_utility,,,none,intact,near,False,1,2,1,2016-07,2018-07,https://www.mapillary.com/app/?pKey=517105499447526&focus=photo,
hard-01628,44.52106,-72.37532,True,wood_utility,vegetation,lean_slight,slight,intact,touching,False,1,3,2,2016-07,2018-06,https://www.mapillary.com/app/?pKey=488397182378452&focus=photo,
hard-01629,44.519367,-72.377335,True,wood_utility,,,none,intact,near,False,1,3,3,2018-07,2018-07,https://www.mapillary.com/app/?pKey=138501418332978&focus=photo,
hard-01630,44.51948,-72.37721,True,wood_utility,,lean_slight,slight,intact,near,False,1,3,3,2016-07,2016-07,https://www.mapillary.com/app/?pKey=311455017176924&focus=photo,
hard-01631,44.521484,-72.37503,True,wood_utility,,,none,none_visible,near,False,0,3,2,2014-06,2016-07,https://www.mapillary.com/app/?pKey=183958723622593&focus=photo,
hard-01632,44.519928,-72.37711,False,unclear,,,unclear,unclear,unclear,False,0,1,1,2018-07,2018-07,https://www.mapillary.com/app/?pKey=1897021337158472&focus=photo,
hard-01633,44.51979,-72.37683,True,wood_utility,,,none,none_visible,near,False,1,2,2,2016-07,2016-07,https://www.mapillary.com/app/?pKey=982338865838814&focus=photo,
hard-01634,44.517754,-72.378555,True,wood_utility,,lean_slight,slight,intact,near,False,1,3,2,2016-07,2016-07,https://www.mapillary.com/app/?pKey=482040339729062&focus=photo,
hard-01635,44.517967,-72.378426,True,wood_utility,,,none,intact,near,False,1,3,2,2016-07,2016-07,https://www.mapillary.com/app/?pKey=328379385324701&focus=photo,
hard-01636,44.518932,-72.37757,True,wood_utility,,lean_slight,slight,intact,near,False,1,2,1,2014-06,2014-06,https://www.mapillary.com/app/?pKey=173172251301231&focus=photo,
hard-01637,44.517664,-72.3786625,True,wood_utility,,lean_slight,slight,intact,near,False,2,6,3,2016-07,2018-07,https://www.mapillary.com/app/?pKey=515520419469990&focus=photo,
hard-01638,44.519176,-72.37747,True,wood_utility,,,none,intact,near,False,1,3,2,2016-07,2016-07,https://www.mapillary.com/app/?pKey=351005556471524&focus=photo,
hard-01639,44.518864,-72.377754,True,wood_utility,vegetation,lean_slight,slight,none_visible,touching,False,1,3,3,2016-07,2016-07,https://www.mapillary.com/app/?pKey=903381833575820&focus=photo,
hard-01640,44.51831,-72.37815,False,unclear,,,unclear,unclear,unclear,False,0,2,2,2014-06,2018-06,https://www.mapillary.com/app/?pKey=822543142022566&focus=photo,
hard-01641,44.52221,-72.37469,True,wood_utility,,,unclear,none_visible,unclear,False,0,3,3,2016-07,2016-07,https://www.mapillary.com/app/?pKey=1009523119786114&focus=photo,
hard-01642,44.520702,-72.3758,True,wood_utility,,lean_slight,slight,intact,near,False,1,3,3,2016-07,2018-07,https://www.mapillary.com/app/?pKey=310710133831418&focus=photo,
hard-01643,44.561977,-72.279045,True,wood_utility,,,none,intact,near,False,1,2,1,2017-07,2017-07,https://www.mapillary.com/app/?pKey=3000564233521328&focus=photo,
hard-01644,44.51878,-72.37774,True,wood_utility,,lean_slight,slight,none_visible,near,False,1,3,3,2018-06,2018-06,https://www.mapillary.com/app/?pKey=503166284062020&focus=photo,
hard-01645,44.517506,-72.37875,True,wood_utility,,lean_slight,slight,intact,near,True,2,3,2,2018-07,2018-07,https://www.mapillary.com/app/?pKey=1102653456811701&focus=photo,
hard-01646,44.51778,-72.37866,True,wood_utility,,lean_slight,slight,none_visible,none,False,0,1,1,2014-06,2016-07,https://www.mapillary.com/app/?pKey=220472559633333&focus=photo,
hard-01647,44.474304,-72.28968,True,wood_utility,vegetation,,none,none_visible,touching,False,0,1,1,2016-06,2016-06,https://www.mapillary.com/app/?pKey=312965110408076&focus=photo,
hard-01648,44.517773,-72.40583,True,wood_utility,vegetation,lean_slight,slight,none_visible,touching,False,0,1,1,2016-06,2016-06,https://www.mapillary.com/app/?pKey=463671921392870&focus=photo,
hard-01649,44.565918,-72.30833,True,wood_utility,,,none,intact,near,False,0,3,1,2017-07,2017-07,https://www.mapillary.com/app/?pKey=271455071433107&focus=photo,
hard-01650,44.563637,-72.31019,True,wood_utility,,lean_slight,slight,intact,near,True,1,3,2,2019-07,2019-07,https://www.mapillary.com/app/?pKey=834791453797774&focus=photo,
hard-01651,44.563175,-72.31034,True,wood_utility,vegetation,lean_slight,slight,intact,touching,False,0,3,3,2019-07,2019-07,https://www.mapillary.com/app/?pKey=884433795620937&focus=photo,
hard-01652,44.56388,-72.31004,False,unclear,vegetation,,unclear,unclear,touching,False,0,2,2,2015-07,2019-07,https://www.mapillary.com/app/?pKey=1198755970575265&focus=photo,
hard-01653,44.55028,-72.32039,True,wood_utility,,lean_slight,slight,none_visible,near,False,0,3,2,2015-07,2015-07,https://www.mapillary.com/app/?pKey=992532671555477&focus=photo,
hard-01654,44.550148,-72.32047,True,wood_utility,,,unclear,none_visible,unclear,False,0,3,3,2015-07,2019-07,https://www.mapillary.com/app/?pKey=920375238811741&focus=photo,
hard-01655,44.549084,-72.3212,True,wood_utility,,lean_slight,slight,intact,near,False,0,3,2,2019-07,2019-07,https://www.mapillary.com/app/?pKey=302801908111468&focus=photo,
hard-01656,44.517796,-72.304306,False,unclear,,,unclear,none_visible,unclear,False,0,1,1,2018-07,2018-07,https://www.mapillary.com/app/?pKey=231800494963481&focus=photo,
hard-01657,44.54315,-72.373985,True,wood_utility,vegetation,lean_slight,slight,unclear,touching,False,0,2,2,2018-06,2018-06,https://www.mapillary.com/app/?pKey=208993134240014&focus=photo,
hard-01658,44.540108,-72.3741,True,wood_utility,,,none,intact,near,False,0,2,1,2014-06,2016-07,https://www.mapillary.com/app/?pKey=325022419035582&focus=photo,
hard-01659,44.540314,-72.3741,True,wood_utility,,,none,intact,near,False,1,2,2,2016-07,2018-07,https://www.mapillary.com/app/?pKey=272580087948130&focus=photo,
hard-01660,44.5399,-72.3736,True,wood_utility,vegetation,lean_slight,slight,unclear,touching,False,1,2,1,2014-06,2014-06,https://www.mapillary.com/app/?pKey=142501304534390&focus=photo,
hard-01661,44.517506,-72.40494,False,unclear,,,unclear,none_visible,none,False,0,1,1,2016-06,2016-06,https://www.mapillary.com/app/?pKey=2571120883184684&focus=photo,
hard-01662,44.51756,-72.405045,True,wood_utility,,lean_slight,slight,none_visible,none,True,1,1,1,2014-07,2016-06,https://www.mapillary.com/app/?pKey=521543165650357&focus=photo,
hard-01663,44.575073,-72.29381,True,wood_utility,,,none,intact,near,False,1,1,1,2015-07,2015-07,https://www.mapillary.com/app/?pKey=839471230333593&focus=photo,
hard-01664,44.51767,-72.405556,True,wood_utility,,,none,none_visible,none,False,1,2,1,2016-06,2016-06,https://www.mapillary.com/app/?pKey=793252231322729&focus=photo,
hard-01665,44.510506,-72.34357,True,wood_utility,,,none,intact,near,False,2,3,2,2017-07,2017-07,https://www.mapillary.com/app/?pKey=144138187750899&focus=photo,
hard-01666,44.509064,-72.345856,True,wood_utility,,,none,intact,near,False,0,3,3,2017-07,2017-07,https://www.mapillary.com/app/?pKey=830308114241190&focus=photo,
hard-01667,44.510284,-72.34389,True,wood_utility,,,none,none_visible,near,False,1,2,2,2015-07,2015-07,https://www.mapillary.com/app/?pKey=482938206251397&focus=photo,
hard-01668,44.5109975,-72.342985,True,wood_utility,,,none,none_visible,near,False,0,6,3,2017-07,2017-07,https://www.mapillary.com/app/?pKey=501633064615167&focus=photo,
hard-01669,44.509274,-72.34549,True,wood_utility,,lean_slight,slight,intact,near,False,1,3,1,2015-07,2015-07,https://www.mapillary.com/app/?pKey=528699341645980&focus=photo,
hard-01670,44.50992,-72.3443,True,wood_utility,,lean_slight,slight,intact,near,False,0,3,2,2015-07,2015-07,https://www.mapillary.com/app/?pKey=307590207578595&focus=photo,
hard-01671,44.511776,-72.34295,True,wood_utility,,,none,none_visible,near,False,0,3,3,2019-07,2019-07,https://www.mapillary.com/app/?pKey=2826432167672289&focus=photo,
hard-01672,44.51035,-72.34379,True,wood_utility,,,none,none_visible,near,False,0,2,1,2017-07,2017-07,https://www.mapillary.com/app/?pKey=144098104434491&focus=photo,
hard-01673,44.511612,-72.34286,True,wood_utility,,,none,none_visible,none,False,1,2,2,2017-07,2017-07,https://www.mapillary.com/app/?pKey=889360528277583&focus=photo,
hard-01674,44.511116,-72.342896,True,wood_utility,vegetation,,unclear,unclear,touching,False,0,1,1,2019-07,2019-07,https://www.mapillary.com/app/?pKey=505442457466415&focus=photo,
hard-01675,44.510906,-72.34313,True,wood_utility,,,unclear,unclear,near,False,0,2,1,2013-09,2017-07,https://www.mapillary.com/app/?pKey=340838070782612&focus=photo,
hard-01676,44.509495,-72.34491,True,wood_utility,vegetation,,none,intact,touching,False,0,3,3,2019-07,2019-07,https://www.mapillary.com/app/?pKey=815550532690254&focus=photo,
hard-01677,44.510605,-72.34343,True,wood_utility,,,none,none_visible,near,False,2,3,2,2019-07,2019-07,https://www.mapillary.com/app/?pKey=2905080383098962&focus=photo,
hard-01678,44.512913,-72.342545,True,wood_utility,,,none,none_visible,none,False,1,3,2,2019-07,2019-07,https://www.mapillary.com/app/?pKey=306652110924805&focus=photo,
hard-01679,44.50943,-72.34517,True,wood_utility,,lean_slight,slight,intact,near,False,1,1,1,2015-07,2015-07,https://www.mapillary.com/app/?pKey=492241562113896&focus=photo,
hard-01680,44.51196,-72.34292,True,wood_utility,vegetation,,none,none_visible,touching,False,0,3,2,2015-07,2019-07,https://www.mapillary.com/app/?pKey=514426096411027&focus=photo,
hard-01681,44.521023,-72.41196,True,wood_utility,,,none,none_visible,none,False,0,3,3,2018-07,2018-07,https://www.mapillary.com/app/?pKey=1443596432661598&focus=photo,
hard-01682,44.521915,-72.41314,True,wood_utility,vegetation,lean_slight,slight,none_visible,touching,False,1,3,3,2018-07,2018-07,https://www.mapillary.com/app/?pKey=1136821113470405&focus=photo,
hard-01683,44.52124,-72.411705,True,wood_utility,,,none,intact,near,False,1,3,3,2018-07,2018-07,https://www.mapillary.com/app/?pKey=775211716531621&focus=photo,
hard-01684,44.50868,-72.317055,True,wood_utility,,,none,none_visible,near,False,0,3,3,2018-07,2018-07,https://www.mapillary.com/app/?pKey=155275656571417&focus=photo,
hard-01685,44.507225,-72.31748,True,wood_utility,vegetation,,unclear,none_visible,touching,False,0,3,3,2018-07,2018-07,https://www.mapillary.com/app/?pKey=171700364793615&focus=photo,
hard-01686,44.504712,-72.317544,True,wood_utility,vegetation,lean_slight,slight,unclear,touching,False,1,5,3,2018-07,2018-07,https://www.mapillary.com/app/?pKey=479380153158860&focus=photo,
hard-01687,44.508247,-72.317212,True,wood_utility,vegetation,,none,none_visible,touching,False,0,6,5,2018-07,2018-07,https://www.mapillary.com/app/?pKey=2785571015087652&focus=photo,
hard-01688,44.50838,-72.31719,True,wood_utility,vegetation,lean_slight,slight,none_visible,touching,False,1,3,1,2016-06,2016-06,https://www.mapillary.com/app/?pKey=959486864820430&focus=photo,
hard-01689,44.508476,-72.31715,True,wood_utility,vegetation,,none,none_visible,touching,False,1,1,1,2016-06,2016-06,https://www.mapillary.com/app/?pKey=2912603802329798&focus=photo,
hard-01690,44.505955,-72.31762,True,wood_utility,,lean_slight,slight,none_visible,near,False,0,3,2,2016-06,2016-06,https://www.mapillary.com/app/?pKey=196528152319704&focus=photo,
hard-01691,44.50491,-72.317406,True,wood_utility,lean;vegetation,,moderate,none_visible,touching,False,1,3,3,2018-07,2018-07,https://www.mapillary.com/app/?pKey=4388672177891882&focus=photo,
hard-01692,44.50803,-72.31729,True,wood_utility,vegetation,lean_slight,slight,none_visible,touching,False,1,1,1,2016-06,2016-06,https://www.mapillary.com/app/?pKey=158309286257514&focus=photo,
hard-01693,44.52724,-72.28769,False,unclear,,,unclear,none_visible,unclear,False,0,3,1,2018-07,2018-07,https://www.mapillary.com/app/?pKey=377962500309549&focus=photo,
hard-01694,44.569973,-72.30003,True,wood_utility,,,none,none_visible,near,False,0,3,2,2019-07,2019-07,https://www.mapillary.com/app/?pKey=785239325515640&focus=photo,
hard-01695,44.54243,-72.26949,True,wood_utility,,,none,none_visible,near,False,1,3,2,2018-07,2018-07,https://www.mapillary.com/app/?pKey=876892899563097&focus=photo,
hard-01696,44.51686,-72.37862,True,wood_utility,vegetation,,none,unclear,touching,False,1,3,3,2016-06,2018-07,https://www.mapillary.com/app/?pKey=3925089747546047&focus=photo,
hard-01697,44.516964,-72.38233,True,wood_utility,,,none,intact,near,False,1,2,1,2016-06,2018-07,https://www.mapillary.com/app/?pKey=223955919230830&focus=photo,
hard-01698,44.463337,-72.4157,True,wood_utility,vegetation,,none,none_visible,touching,False,1,3,2,2018-07,2018-07,https://www.mapillary.com/app/?pKey=1089751024768263&focus=photo,
hard-01699,44.50183,-72.350845,True,wood_utility,vegetation,,none,none_visible,touching,False,0,3,3,2018-07,2018-07,https://www.mapillary.com/app/?pKey=141879497973266&focus=photo,
hard-01700,44.502598,-72.35478,True,wood_utility,,,none,none_visible,near,False,0,3,2,2018-07,2018-07,https://www.mapillary.com/app/?pKey=214404913637789&focus=photo,
hard-01701,44.5017305,-72.3509275,True,wood_utility,,lean_slight,slight,none_visible,near,False,0,4,2,2018-07,2018-07,https://www.mapillary.com/app/?pKey=2786926684951342&focus=photo,
hard-01702,44.501682,-72.349737,True,wood_utility,,,none,intact,near,False,1,9,6,2018-07,2018-07,https://www.mapillary.com/app/?pKey=337491714478593&focus=photo,
hard-01703,44.50251,-72.354935,True,wood_utility,vegetation,,none,intact,touching,False,0,3,2,2018-07,2018-07,https://www.mapillary.com/app/?pKey=214404913637789&focus=photo,
hard-01704,44.502144,-72.35384,True,wood_utility,,lean_slight,slight,intact,near,False,0,6,4,2018-07,2018-07,https://www.mapillary.com/app/?pKey=140079708175184&focus=photo,
hard-01705,44.501774,-72.35045,False,unclear,,,unclear,none_visible,unclear,False,0,2,2,2016-06,2016-06,https://www.mapillary.com/app/?pKey=352833199510030&focus=photo,
hard-01706,44.50176,-72.35078,True,wood_utility,vegetation,lean_slight,slight,intact,touching,False,1,3,1,2018-07,2018-07,https://www.mapillary.com/app/?pKey=141879497973266&focus=photo,
hard-01707,44.506218,-72.35253,True,wood_utility,vegetation,,none,none_visible,touching,False,0,3,1,2015-07,2015-07,https://www.mapillary.com/app/?pKey=125056846294707&focus=photo,
hard-01708,44.5071,-72.35046,True,wood_utility,,lean_slight,slight,intact,near,False,1,1,1,2017-07,2017-07,https://www.mapillary.com/app/?pKey=403393220680811&focus=photo,
hard-01709,44.50842,-72.34735,True,wood_utility,vegetation,lean_slight,slight,intact,touching,False,0,1,1,2015-07,2017-07,https://www.mapillary.com/app/?pKey=531214534917297&focus=photo,
hard-01710,44.487757,-72.3799705,False,unclear,,,unclear,none_visible,unclear,False,0,4,3,2016-07,2018-07,https://www.mapillary.com/app/?pKey=499916344461017&focus=photo,
hard-01711,44.556183,-72.315834,True,wood_utility,,lean_slight,slight,none_visible,near,False,1,3,2,2019-07,2019-07,https://www.mapillary.com/app/?pKey=260647649133255&focus=photo,
hard-01712,44.550682,-72.26661,True,wood_utility,vegetation,lean_slight,slight,none_visible,touching,False,0,3,2,2019-07,2019-07,https://www.mapillary.com/app/?pKey=1187339138376001&focus=photo,
hard-01713,44.475315,-72.39444,True,wood_utility,vegetation,,none,none_visible,touching,False,1,1,1,2016-07,2016-07,https://www.mapillary.com/app/?pKey=1394030157645573&focus=photo,
hard-01714,44.474697,-72.395744,True,wood_utility,,,none,none_visible,near,False,0,2,1,2016-07,2016-07,https://www.mapillary.com/app/?pKey=509888190294167&focus=photo,
hard-01715,44.47502,-72.39496,True,wood_utility,vegetation,lean_slight,slight,intact,touching,False,1,3,1,2016-07,2016-07,https://www.mapillary.com/app/?pKey=309464120819795&focus=photo,
hard-01716,44.475506,-72.394105,True,wood_utility,vegetation,,none,intact,touching,False,0,6,5,2018-07,2018-07,https://www.mapillary.com/app/?pKey=519419285879500&focus=photo,
hard-01717,44.473644,-72.40001,True,wood_utility,,lean_slight,slight,intact,near,False,1,3,3,2018-07,2018-07,https://www.mapillary.com/app/?pKey=238723011357477&focus=photo,
hard-01718,44.54323,-72.2692,True,wood_utility,,,none,none_visible,none,False,0,3,2,2016-06,2016-06,https://www.mapillary.com/app/?pKey=205173648114959&focus=photo,
hard-01719,44.47427,-72.398575,True,wood_utility,vegetation,lean_slight,slight,intact,touching,False,0,3,2,2014-07,2018-07,https://www.mapillary.com/app/?pKey=163378539077618&focus=photo,
hard-01720,44.475155,-72.39465,True,wood_utility,,lean_slight,slight,none_visible,near,False,0,3,3,2016-07,2016-07,https://www.mapillary.com/app/?pKey=841542843129839&focus=photo,
hard-01721,44.4744,-72.39766,True,wood_utility,vegetation,,none,intact,touching,False,0,3,3,2018-07,2018-07,https://www.mapillary.com/app/?pKey=260303415782255&focus=photo,
hard-01722,44.474575,-72.39601,True,wood_utility,vegetation,,none,none_visible,touching,False,0,3,3,2018-06,2018-06,https://www.mapillary.com/app/?pKey=775945426443281&focus=photo,
hard-01723,44.542995,-72.26922,True,wood_utility,lean;vegetation,,moderate,none_visible,touching,False,0,1,1,2016-06,2016-06,https://www.mapillary.com/app/?pKey=630365294590236&focus=photo,
hard-01724,44.542793,-72.26929,False,unclear,,,unclear,none_visible,unclear,False,0,1,1,2014-06,2018-07,https://www.mapillary.com/app/?pKey=893676837845536&focus=photo,
hard-01725,44.474072,-72.3993475,True,wood_utility,,lean_slight,slight,intact,near,False,1,6,4,2018-07,2018-07,https://www.mapillary.com/app/?pKey=830824851149408&focus=photo,
hard-01726,44.47452,-72.39687,True,wood_utility,,,none,intact,near,False,1,3,3,2018-07,2018-07,https://www.mapillary.com/app/?pKey=320411932940625&focus=photo,
hard-01727,44.519085,-72.37745,True,wood_utility,vegetation,lean_slight,slight,unclear,touching,False,1,1,1,2018-07,2018-07,https://www.mapillary.com/app/?pKey=744803686204209&focus=photo,
hard-01728,44.520615,-72.37586,True,wood_utility,vegetation,lean_slight,slight,intact,touching,False,1,3,3,2018-07,2018-07,https://www.mapillary.com/app/?pKey=893850287844523&focus=photo,
hard-01729,44.518665,-72.37772,True,wood_utility,,lean_slight,slight,intact,near,False,1,3,2,2018-07,2018-07,https://www.mapillary.com/app/?pKey=859593661298922&focus=photo,
hard-01730,44.519672,-72.37708,True,wood_utility,,lean_slight,slight,none_visible,near,False,1,3,3,2018-06,2018-06,https://www.mapillary.com/app/?pKey=310771980492610&focus=photo,

"Imagery and detections © Mapillary contributors, CC BY-SA 4.0. Derived data ODbL. Basemap © OpenStreetMap contributors. OSM pole comparison © OpenStreetMap contributors, ODbL."
