{"type": "FeatureCollection", "license": "ODbL 1.0", "attribution": "Imagery and detections \u00a9 Mapillary contributors, CC BY-SA 4.0. Derived data ODbL. Basemap \u00a9 OpenStreetMap contributors. OSM pole comparison \u00a9 OpenStreetMap contributors, ODbL.", "features": [{"type": "Feature", "geometry": {"type": "Point", "coordinates": [-72.266106, 44.55049]}, "properties": {"id": "hard-00000", "is_utility_pole": true, "pole_type": "wood_utility", "model_flags": [], "model_watch": [], "lean": "none", "crossarm": "none_visible", "vegetation": "near", "transformer": false, "attachments_estimate": 1, "photos_assessed": 3, "capture_sequences": 3, "photo_shown_date": "2019-07", "latest_available_photo_date": "2019-07", "source_photo_url": "https://www.mapillary.com/app/?pKey=787715018547753&focus=photo", "nearest_osm_pole_m": null}}, {"type": "Feature", "geometry": {"type": "Point", "coordinates": [-72.3456, 44.502296]}, "properties": {"id": "hard-00001", "is_utility_pole": true, "pole_type": "wood_utility", "model_flags": ["vegetation"], "model_watch": [], "lean": "none", "crossarm": "none_visible", "vegetation": "touching", "transformer": false, "attachments_estimate": 1, "photos_assessed": 2, "capture_sequences": 2, "photo_shown_date": "2016-06", "latest_available_photo_date": "2016-06", "source_photo_url": "https://www.mapillary.com/app/?pKey=169588465168930&focus=photo", "nearest_osm_pole_m": null}}, {"type": "Feature", "geometry": {"type": "Point", "coordinates": [-72.3429214, 44.5025106]}, "properties": {"id": "hard-00002", "is_utility_pole": true, "pole_type": "wood_utility", "model_flags": [], "model_watch": [], "lean": "none", "crossarm": "none_visible", "vegetation": "near", "transformer": false, "attachments_estimate": 0, "photos_assessed": 7, "capture_sequences": 4, "photo_shown_date": "2018-07", "latest_available_photo_date": "2018-07", "source_photo_url": "https://www.mapillary.com/app/?pKey=191606232725687&focus=photo", "nearest_osm_pole_m": null}}, {"type": "Feature", "geometry": {"type": "Point", "coordinates": [-72.347892, 44.5016984]}, "properties": {"id": "hard-00003", "is_utility_pole": true, "pole_type": "wood_utility", "model_flags": ["vegetation"], "model_watch": ["lean_slight"], "lean": "slight", "crossarm": "intact", "vegetation": "touching", "transformer": false, "attachments_estimate": 1, "photos_assessed": 5, "capture_sequences": 2, "photo_shown_date": "2018-07", "latest_available_photo_date": "2018-07", "source_photo_url": "https://www.mapillary.com/app/?pKey=576127033372538&focus=photo", "nearest_osm_pole_m": null}}, {"type": "Feature", "geometry": {"type": "Point", "coordinates": [-72.351974, 44.50176]}, "properties": {"id": "hard-00004", "is_utility_pole": true, "pole_type": "wood_utility", "model_flags": ["vegetation"], "model_watch": [], "lean": "none", "crossarm": "unclear", "vegetation": "touching", "transformer": false, "attachments_estimate": 0, "photos_assessed": 3, "capture_sequences": 2, "photo_shown_date": "2016-06", "latest_available_photo_date": "2018-07", "source_photo_url": "https://www.mapillary.com/app/?pKey=137411578446916&focus=photo", "nearest_osm_pole_m": null}}, {"type": "Feature", "geometry": {"type": "Point", "coordinates": [-72.305305, 44.517594]}, "properties": {"id": "hard-00005", "is_utility_pole": true, "pole_type": "wood_utility", "model_flags": ["vegetation"], "model_watch": ["lean_slight"], "lean": "slight", "crossarm": "none_visible", "vegetation": "touching", "transformer": false, "attachments_estimate": 1, "photos_assessed": 5, "capture_sequences": 4, "photo_shown_date": "2018-07", "latest_available_photo_date": "2018-07", "source_photo_url": "https://www.mapillary.com/app/?pKey=529567788416455&focus=photo", "nearest_osm_pole_m": null}}, {"type": "Feature", "geometry": {"type": "Point", "coordinates": [-72.3027, 44.51877]}, "properties": {"id": "hard-00006", "is_utility_pole": true, "pole_type": "wood_utility", "model_flags": ["vegetation"], "model_watch": ["lean_slight"], "lean": "slight", "crossarm": "unclear", "vegetation": "touching", "transformer": false, "attachments_estimate": 1, "photos_assessed": 2, "capture_sequences": 2, "photo_shown_date": "2018-07", "latest_available_photo_date": "2018-07", "source_photo_url": "https://www.mapillary.com/app/?pKey=207704927857208&focus=photo", "nearest_osm_pole_m": null}}, {"type": "Feature", "geometry": {"type": "Point", "coordinates": [-72.30599, 44.51741]}, "properties": {"id": "hard-00007", "is_utility_pole": true, "pole_type": "wood_utility", "model_flags": [], "model_watch": ["lean_slight"], "lean": "slight", "crossarm": "none_visible", "vegetation": "near", "transformer": false, "attachments_estimate": 0, "photos_assessed": 3, "capture_sequences": 3, "photo_shown_date": "2018-07", "latest_available_photo_date": "2018-07", "source_photo_url": "https://www.mapillary.com/app/?pKey=1718755588308808&focus=photo", "nearest_osm_pole_m": null}}, {"type": "Feature", "geometry": {"type": "Point", "coordinates": [-72.30519, 44.51761]}, "properties": {"id": "hard-00008", "is_utility_pole": true, "pole_type": "wood_utility", "model_flags": [], "model_watch": ["lean_slight"], "lean": "slight", "crossarm": "intact", "vegetation": "near", "transformer": false, "attachments_estimate": 1, "photos_assessed": 3, "capture_sequences": 2, "photo_shown_date": "2018-07", "latest_available_photo_date": "2018-07", "source_photo_url": "https://www.mapillary.com/app/?pKey=774984399667022&focus=photo", "nearest_osm_pole_m": null}}, {"type": "Feature", "geometry": {"type": "Point", "coordinates": [-72.30478, 44.517586]}, "properties": {"id": "hard-00009", "is_utility_pole": true, "pole_type": "wood_utility", "model_flags": [], "model_watch": [], "lean": "none", "crossarm": "intact", "vegetation": "none", "transformer": false, "attachments_estimate": 1, "photos_assessed": 1, "capture_sequences": 1, "photo_shown_date": "2016-06", "latest_available_photo_date": "2016-06", "source_photo_url": "https://www.mapillary.com/app/?pKey=1211480299266383&focus=photo", "nearest_osm_pole_m": null}}, {"type": "Feature", "geometry": {"type": "Point", "coordinates": [-72.305435, 44.5173185]}, "properties": {"id": "hard-00010", "is_utility_pole": true, "pole_type": "wood_utility", "model_flags": [], "model_watch": [], "lean": "none", "crossarm": "intact", "vegetation": "near", "transformer": false, "attachments_estimate": 1, "photos_assessed": 6, "capture_sequences": 3, "photo_shown_date": "2016-06", "latest_available_photo_date": "2016-06", "source_photo_url": "https://www.mapillary.com/app/?pKey=481996539547946&focus=photo", "nearest_osm_pole_m": null}}, {"type": "Feature", "geometry": {"type": "Point", "coordinates": [-72.30448, 44.517704]}, "properties": {"id": "hard-00011", "is_utility_pole": false, "pole_type": "unclear", "model_flags": [], "model_watch": [], "lean": "unclear", "crossarm": "none_visible", "vegetation": "unclear", "transformer": false, "attachments_estimate": 0, "photos_assessed": 3, "capture_sequences": 2, "photo_shown_date": "2018-07", "latest_available_photo_date": "2018-07", "source_photo_url": "https://www.mapillary.com/app/?pKey=1306336343094861&focus=photo", "nearest_osm_pole_m": null}}, {"type": "Feature", "geometry": {"type": "Point", "coordinates": [-72.3019576, 44.5194764]}, "properties": {"id": "hard-00012", "is_utility_pole": true, "pole_type": "wood_utility", "model_flags": [], "model_watch": [], "lean": "unclear", "crossarm": "none_visible", "vegetation": "none", "transformer": false, "attachments_estimate": 0, "photos_assessed": 5, "capture_sequences": 3, "photo_shown_date": "2018-07", "latest_available_photo_date": "2018-07", "source_photo_url": "https://www.mapillary.com/app/?pKey=348506573284222&focus=photo", "nearest_osm_pole_m": null}}, {"type": "Feature", "geometry": {"type": "Point", "coordinates": [-72.3022, 44.519234]}, "properties": {"id": "hard-00013", "is_utility_pole": true, "pole_type": "wood_utility", "model_flags": ["vegetation"], "model_watch": [], "lean": "none", "crossarm": "none_visible", "vegetation": "touching", "transformer": false, "attachments_estimate": 1, "photos_assessed": 3, "capture_sequences": 2, "photo_shown_date": "2016-06", "latest_available_photo_date": "2018-07", "source_photo_url": "https://www.mapillary.com/app/?pKey=325547868920231&focus=photo", "nearest_osm_pole_m": null}}, {"type": "Feature", "geometry": {"type": "Point", "coordinates": [-72.305633, 44.5172235]}, "properties": {"id": "hard-00014", "is_utility_pole": true, "pole_type": "wood_utility", "model_flags": [], "model_watch": ["lean_slight"], "lean": "slight", "crossarm": "intact", "vegetation": "near", "transformer": true, "attachments_estimate": 1, "photos_assessed": 6, "capture_sequences": 5, "photo_shown_date": "2018-07", "latest_available_photo_date": "2018-07", "source_photo_url": "https://www.mapillary.com/app/?pKey=470882417311961&focus=photo", "nearest_osm_pole_m": null}}, {"type": "Feature", "geometry": {"type": "Point", "coordinates": [-72.30463, 44.51763]}, "properties": {"id": "hard-00015", "is_utility_pole": true, "pole_type": "wood_utility", "model_flags": [], "model_watch": ["lean_slight"], "lean": "slight", "crossarm": "intact", "vegetation": "near", "transformer": false, "attachments_estimate": 1, "photos_assessed": 3, "capture_sequences": 2, "photo_shown_date": "2014-06", "latest_available_photo_date": "2016-06", "source_photo_url": "https://www.mapillary.com/app/?pKey=465020481259373&focus=photo", "nearest_osm_pole_m": null}}, {"type": "Feature", "geometry": {"type": "Point", "coordinates": [-72.30528, 44.517376]}, "properties": {"id": "hard-00016", "is_utility_pole": true, "pole_type": "wood_utility", "model_flags": [], "model_watch": [], "lean": "none", "crossarm": "intact", "vegetation": "near", "transformer": false, "attachments_estimate": 1, "photos_assessed": 3, "capture_sequences": 2, "photo_shown_date": "2016-06", "latest_available_photo_date": "2016-06", "source_photo_url": "https://www.mapillary.com/app/?pKey=334104748059513&focus=photo", "nearest_osm_pole_m": null}}, {"type": "Feature", "geometry": {"type": "Point", "coordinates": [-72.37332, 44.495224]}, "properties": {"id": "hard-00017", "is_utility_pole": true, "pole_type": "wood_utility", "model_flags": [], "model_watch": [], "lean": "none", "crossarm": "none_visible", "vegetation": "none", "transformer": false, "attachments_estimate": 0, "photos_assessed": 2, "capture_sequences": 2, "photo_shown_date": "2018-07", "latest_available_photo_date": "2018-07", "source_photo_url": "https://www.mapillary.com/app/?pKey=2818521458478683&focus=photo", "nearest_osm_pole_m": 19.3}}, {"type": "Feature", "geometry": {"type": "Point", "coordinates": [-72.37269, 44.496014]}, "properties": {"id": "hard-00018", "is_utility_pole": true, "pole_type": "wood_utility", "model_flags": [], "model_watch": ["lean_slight"], "lean": "slight", "crossarm": "intact", "vegetation": "near", "transformer": false, "attachments_estimate": 0, "photos_assessed": 1, "capture_sequences": 1, "photo_shown_date": "2016-07", "latest_available_photo_date": "2018-07", "source_photo_url": "https://www.mapillary.com/app/?pKey=770096580369763&focus=photo", "nearest_osm_pole_m": null}}, {"type": "Feature", "geometry": {"type": "Point", "coordinates": [-72.26982, 44.541542]}, "properties": {"id": "hard-00019", "is_utility_pole": true, "pole_type": "wood_utility", "model_flags": [], "model_watch": ["lean_slight"], "lean": "slight", "crossarm": "intact", "vegetation": "near", "transformer": false, "attachments_estimate": 1, "photos_assessed": 3, "capture_sequences": 3, "photo_shown_date": "2018-07", "latest_available_photo_date": "2018-07", "source_photo_url": "https://www.mapillary.com/app/?pKey=1161123224406490&focus=photo", "nearest_osm_pole_m": null}}, {"type": "Feature", "geometry": {"type": "Point", "coordinates": [-72.269844, 44.541363]}, "properties": {"id": "hard-00020", "is_utility_pole": false, "pole_type": "unclear", "model_flags": [], "model_watch": [], "lean": "unclear", "crossarm": "none_visible", "vegetation": "unclear", "transformer": false, "attachments_estimate": 0, "photos_assessed": 3, "capture_sequences": 3, "photo_shown_date": "2018-07", "latest_available_photo_date": "2018-07", "source_photo_url": "https://www.mapillary.com/app/?pKey=1736654309839664&focus=photo", "nearest_osm_pole_m": null}}, {"type": "Feature", "geometry": {"type": "Point", "coordinates": [-72.269875, 44.54171]}, "properties": {"id": "hard-00021", "is_utility_pole": true, "pole_type": "wood_utility", "model_flags": ["vegetation"], "model_watch": [], "lean": "unclear", "crossarm": "unclear", "vegetation": "touching", "transformer": false, "attachments_estimate": 0, "photos_assessed": 1, "capture_sequences": 1, "photo_shown_date": "2016-06", "latest_available_photo_date": "2016-06", "source_photo_url": "https://www.mapillary.com/app/?pKey=522352112462966&focus=photo", "nearest_osm_pole_m": null}}, {"type": "Feature", "geometry": {"type": "Point", "coordinates": [-72.27022, 44.54062]}, "properties": {"id": "hard-00022", "is_utility_pole": false, "pole_type": "unclear", "model_flags": [], "model_watch": [], "lean": "unclear", "crossarm": "none_visible", "vegetation": "unclear", "transformer": false, "attachments_estimate": 0, "photos_assessed": 3, "capture_sequences": 2, "photo_shown_date": "2016-06", "latest_available_photo_date": "2016-06", "source_photo_url": "https://www.mapillary.com/app/?pKey=3760300380764425&focus=photo", "nearest_osm_pole_m": null}}, {"type": "Feature", "geometry": {"type": "Point", "coordinates": [-72.323435, 44.49881]}, "properties": {"id": "hard-00023", "is_utility_pole": true, "pole_type": "wood_utility", "model_flags": [], "model_watch": [], "lean": "none", "crossarm": "intact", "vegetation": "near", "transformer": false, "attachments_estimate": 0, "photos_assessed": 4, "capture_sequences": 2, "photo_shown_date": "2016-06", "latest_available_photo_date": "2018-07", "source_photo_url": "https://www.mapillary.com/app/?pKey=250746916846966&focus=photo", "nearest_osm_pole_m": null}}, {"type": "Feature", "geometry": {"type": "Point", "coordinates": [-72.31952, 44.495384]}, "properties": {"id": "hard-00024", "is_utility_pole": true, "pole_type": "wood_utility", "model_flags": [], "model_watch": ["lean_slight"], "lean": "slight", "crossarm": "none_visible", "vegetation": "near", "transformer": false, "attachments_estimate": 1, "photos_assessed": 3, "capture_sequences": 1, "photo_shown_date": "2018-07", "latest_available_photo_date": "2018-07", "source_photo_url": "https://www.mapillary.com/app/?pKey=377856296975323&focus=photo", "nearest_osm_pole_m": null}}, {"type": "Feature", "geometry": {"type": "Point", "coordinates": [-72.31922, 44.495285]}, "properties": {"id": "hard-00025", "is_utility_pole": true, "pole_type": "wood_utility", "model_flags": [], "model_watch": [], "lean": "none", "crossarm": "intact", "vegetation": "near", "transformer": false, "attachments_estimate": 0, "photos_assessed": 2, "capture_sequences": 1, "photo_shown_date": "2018-07", "latest_available_photo_date": "2018-07", "source_photo_url": "https://www.mapillary.com/app/?pKey=1483927121949308&focus=photo", "nearest_osm_pole_m": null}}, {"type": "Feature", "geometry": {"type": "Point", "coordinates": [-72.31028, 44.56329]}, "properties": {"id": "hard-00026", "is_utility_pole": true, "pole_type": "wood_utility", "model_flags": [], "model_watch": ["lean_slight"], "lean": "slight", "crossarm": "intact", "vegetation": "near", "transformer": false, "attachments_estimate": 1, "photos_assessed": 3, "capture_sequences": 1, "photo_shown_date": "2019-07", "latest_available_photo_date": "2019-07", "source_photo_url": "https://www.mapillary.com/app/?pKey=316475883437481&focus=photo", "nearest_osm_pole_m": null}}, {"type": "Feature", "geometry": {"type": "Point", "coordinates": [-72.37426, 44.54115]}, "properties": {"id": "hard-00027", "is_utility_pole": true, "pole_type": "wood_utility", "model_flags": [], "model_watch": ["lean_slight"], "lean": "slight", "crossarm": "intact", "vegetation": "near", "transformer": false, "attachments_estimate": 0, "photos_assessed": 3, "capture_sequences": 3, "photo_shown_date": "2018-07", "latest_available_photo_date": "2018-07", "source_photo_url": "https://www.mapillary.com/app/?pKey=883053252286066&focus=photo", "nearest_osm_pole_m": null}}, {"type": "Feature", "geometry": {"type": "Point", "coordinates": [-72.37394, 44.543476]}, "properties": {"id": "hard-00028", "is_utility_pole": true, "pole_type": "wood_utility", "model_flags": [], "model_watch": ["lean_slight"], "lean": "slight", "crossarm": "intact", "vegetation": "near", "transformer": false, "attachments_estimate": 0, "photos_assessed": 3, "capture_sequences": 3, "photo_shown_date": "2018-07", "latest_available_photo_date": "2018-07", "source_photo_url": "https://www.mapillary.com/app/?pKey=497545318124084&focus=photo", "nearest_osm_pole_m": null}}, {"type": "Feature", "geometry": {"type": "Point", "coordinates": [-72.374105, 44.539444]}, "properties": {"id": "hard-00029", "is_utility_pole": true, "pole_type": "wood_utility", "model_flags": [], "model_watch": ["lean_slight"], "lean": "slight", "crossarm": "intact", "vegetation": "near", "transformer": false, "attachments_estimate": 1, "photos_assessed": 6, "capture_sequences": 6, "photo_shown_date": "2018-07", "latest_available_photo_date": "2018-07", "source_photo_url": "https://www.mapillary.com/app/?pKey=165579175574164&focus=photo", "nearest_osm_pole_m": null}}, {"type": "Feature", "geometry": {"type": "Point", "coordinates": [-72.374155, 44.538793]}, "properties": {"id": "hard-00030", "is_utility_pole": true, "pole_type": "wood_utility", "model_flags": ["vegetation"], "model_watch": ["lean_slight"], "lean": "slight", "crossarm": "intact", "vegetation": "touching", "transformer": false, "attachments_estimate": 0, "photos_assessed": 4, "capture_sequences": 3, "photo_shown_date": "2018-07", "latest_available_photo_date": "2018-07", "source_photo_url": "https://www.mapillary.com/app/?pKey=884761578740287&focus=photo", "nearest_osm_pole_m": null}}, {"type": "Feature", "geometry": {"type": "Point", "coordinates": [-72.37429, 44.54128]}, "properties": {"id": "hard-00031", "is_utility_pole": true, "pole_type": "wood_utility", "model_flags": [], "model_watch": ["lean_slight"], "lean": "slight", "crossarm": "intact", "vegetation": "near", "transformer": false, "attachments_estimate": 0, "photos_assessed": 3, "capture_sequences": 3, "photo_shown_date": "2018-06", "latest_available_photo_date": "2018-06", "source_photo_url": "https://www.mapillary.com/app/?pKey=168538791798864&focus=photo", "nearest_osm_pole_m": null}}, {"type": "Feature", "geometry": {"type": "Point", "coordinates": [-72.37359, 44.539154]}, "properties": {"id": "hard-00032", "is_utility_pole": true, "pole_type": "wood_utility", "model_flags": ["vegetation"], "model_watch": ["lean_slight"], "lean": "slight", "crossarm": "none_visible", "vegetation": "touching", "transformer": false, "attachments_estimate": 0, "photos_assessed": 3, "capture_sequences": 2, "photo_shown_date": "2016-07", "latest_available_photo_date": "2016-07", "source_photo_url": "https://www.mapillary.com/app/?pKey=813216249619119&focus=photo", "nearest_osm_pole_m": null}}, {"type": "Feature", "geometry": {"type": "Point", "coordinates": [-72.37386, 44.538208]}, "properties": {"id": "hard-00033", "is_utility_pole": true, "pole_type": "wood_utility", "model_flags": ["vegetation"], "model_watch": [], "lean": "none", "crossarm": "none_visible", "vegetation": "touching", "transformer": false, "attachments_estimate": 1, "photos_assessed": 1, "capture_sequences": 1, "photo_shown_date": "2014-06", "latest_available_photo_date": "2014-06", "source_photo_url": "https://www.mapillary.com/app/?pKey=814968665801740&focus=photo", "nearest_osm_pole_m": null}}, {"type": "Feature", "geometry": {"type": "Point", "coordinates": [-72.37407, 44.538673]}, "properties": {"id": "hard-00034", "is_utility_pole": false, "pole_type": "unclear", "model_flags": [], "model_watch": [], "lean": "unclear", "crossarm": "none_visible", "vegetation": "unclear", "transformer": false, "attachments_estimate": 0, "photos_assessed": 1, "capture_sequences": 1, "photo_shown_date": "2016-07", "latest_available_photo_date": "2016-07", "source_photo_url": "https://www.mapillary.com/app/?pKey=911027946128735&focus=photo", "nearest_osm_pole_m": null}}, {"type": "Feature", "geometry": {"type": "Point", "coordinates": [-72.374225, 44.542647]}, "properties": {"id": "hard-00035", "is_utility_pole": true, "pole_type": "wood_utility", "model_flags": [], "model_watch": ["lean_slight"], "lean": "slight", "crossarm": "intact", "vegetation": "near", "transformer": false, "attachments_estimate": 0, "photos_assessed": 6, "capture_sequences": 4, "photo_shown_date": "2018-06", "latest_available_photo_date": "2018-07", "source_photo_url": "https://www.mapillary.com/app/?pKey=301210464918832&focus=photo", "nearest_osm_pole_m": null}}, {"type": "Feature", "geometry": {"type": "Point", "coordinates": [-72.374084, 44.53918]}, "properties": {"id": "hard-00036", "is_utility_pole": true, "pole_type": "wood_utility", "model_flags": ["lean", "vegetation"], "model_watch": [], "lean": "moderate", "crossarm": "intact", "vegetation": "touching", "transformer": false, "attachments_estimate": 2, "photos_assessed": 1, "capture_sequences": 1, "photo_shown_date": "2016-07", "latest_available_photo_date": "2018-06", "source_photo_url": "https://www.mapillary.com/app/?pKey=1215095365598805&focus=photo", "nearest_osm_pole_m": null}}, {"type": "Feature", "geometry": {"type": "Point", "coordinates": [-72.37407, 44.539093]}, "properties": {"id": "hard-00037", "is_utility_pole": true, "pole_type": "wood_utility", "model_flags": ["vegetation"], "model_watch": ["lean_slight"], "lean": "slight", "crossarm": "intact", "vegetation": "touching", "transformer": false, "attachments_estimate": 1, "photos_assessed": 3, "capture_sequences": 3, "photo_shown_date": "2014-06", "latest_available_photo_date": "2016-07", "source_photo_url": "https://www.mapillary.com/app/?pKey=4297644410286405&focus=photo", "nearest_osm_pole_m": null}}, {"type": "Feature", "geometry": {"type": "Point", "coordinates": [-72.374054, 44.53973]}, "properties": {"id": "hard-00038", "is_utility_pole": true, "pole_type": "wood_utility", "model_flags": [], "model_watch": [], "lean": "none", "crossarm": "intact", "vegetation": "near", "transformer": false, "attachments_estimate": 1, "photos_assessed": 3, "capture_sequences": 2, "photo_shown_date": "2016-07", "latest_available_photo_date": "2016-07", "source_photo_url": "https://www.mapillary.com/app/?pKey=1145519029248845&focus=photo", "nearest_osm_pole_m": null}}, {"type": "Feature", "geometry": {"type": "Point", "coordinates": [-72.37411, 44.53848]}, "properties": {"id": "hard-00039", "is_utility_pole": true, "pole_type": "wood_utility", "model_flags": ["vegetation"], "model_watch": ["lean_slight"], "lean": "slight", "crossarm": "none_visible", "vegetation": "touching", "transformer": false, "attachments_estimate": 0, "photos_assessed": 1, "capture_sequences": 1, "photo_shown_date": "2016-07", "latest_available_photo_date": "2016-07", "source_photo_url": "https://www.mapillary.com/app/?pKey=847419652530835&focus=photo", "nearest_osm_pole_m": null}}, {"type": "Feature", "geometry": {"type": "Point", "coordinates": [-72.37407, 44.539917]}, "properties": {"id": "hard-00040", "is_utility_pole": true, "pole_type": "wood_utility", "model_flags": [], "model_watch": [], "lean": "none", "crossarm": "intact", "vegetation": "near", "transformer": false, "attachments_estimate": 0, "photos_assessed": 3, "capture_sequences": 2, "photo_shown_date": "2018-07", "latest_available_photo_date": "2018-07", "source_photo_url": "https://www.mapillary.com/app/?pKey=394171551758516&focus=photo", "nearest_osm_pole_m": null}}, {"type": "Feature", "geometry": {"type": "Point", "coordinates": [-72.374176, 44.54054]}, "properties": {"id": "hard-00041", "is_utility_pole": true, "pole_type": "wood_utility", "model_flags": ["vegetation"], "model_watch": ["lean_slight"], "lean": "slight", "crossarm": "intact", "vegetation": "touching", "transformer": true, "attachments_estimate": 1, "photos_assessed": 3, "capture_sequences": 2, "photo_shown_date": "2018-06", "latest_available_photo_date": "2018-06", "source_photo_url": "https://www.mapillary.com/app/?pKey=1201041556999725&focus=photo", "nearest_osm_pole_m": null}}, {"type": "Feature", "geometry": {"type": "Point", "coordinates": [-72.31795, 44.494663]}, "properties": {"id": "hard-00042", "is_utility_pole": true, "pole_type": "wood_utility", "model_flags": ["vegetation"], "model_watch": ["lean_slight"], "lean": "slight", "crossarm": "none_visible", "vegetation": "touching", "transformer": false, "attachments_estimate": 0, "photos_assessed": 3, "capture_sequences": 3, "photo_shown_date": "2016-06", "latest_available_photo_date": "2016-06", "source_photo_url": "https://www.mapillary.com/app/?pKey=328076305413800&focus=photo", "nearest_osm_pole_m": null}}, {"type": "Feature", "geometry": {"type": "Point", "coordinates": [-72.31727, 44.494484]}, "properties": {"id": "hard-00043", "is_utility_pole": true, "pole_type": "wood_utility", "model_flags": ["vegetation"], "model_watch": [], "lean": "none", "crossarm": "none_visible", "vegetation": "touching", "transformer": false, "attachments_estimate": 0, "photos_assessed": 1, "capture_sequences": 1, "photo_shown_date": "2016-06", "latest_available_photo_date": "2016-06", "source_photo_url": "https://www.mapillary.com/app/?pKey=801879027122939&focus=photo", "nearest_osm_pole_m": null}}, {"type": "Feature", "geometry": {"type": "Point", "coordinates": [-72.31707, 44.494407]}, "properties": {"id": "hard-00044", "is_utility_pole": true, "pole_type": "wood_utility", "model_flags": ["vegetation"], "model_watch": [], "lean": "none", "crossarm": "none_visible", "vegetation": "touching", "transformer": true, "attachments_estimate": 1, "photos_assessed": 6, "capture_sequences": 4, "photo_shown_date": "2018-07", "latest_available_photo_date": "2018-07", "source_photo_url": "https://www.mapillary.com/app/?pKey=799332430699947&focus=photo", "nearest_osm_pole_m": null}}, {"type": "Feature", "geometry": {"type": "Point", "coordinates": [-72.3188, 44.495117]}, "properties": {"id": "hard-00045", "is_utility_pole": true, "pole_type": "wood_utility", "model_flags": ["vegetation"], "model_watch": [], "lean": "unclear", "crossarm": "unclear", "vegetation": "touching", "transformer": false, "attachments_estimate": 0, "photos_assessed": 1, "capture_sequences": 1, "photo_shown_date": "2016-06", "latest_available_photo_date": "2016-06", "source_photo_url": "https://www.mapillary.com/app/?pKey=208530211098089&focus=photo", "nearest_osm_pole_m": null}}, {"type": "Feature", "geometry": {"type": "Point", "coordinates": [-72.31963, 44.495476]}, "properties": {"id": "hard-00046", "is_utility_pole": true, "pole_type": "wood_utility", "model_flags": [], "model_watch": ["lean_slight"], "lean": "slight", "crossarm": "none_visible", "vegetation": "near", "transformer": false, "attachments_estimate": 1, "photos_assessed": 3, "capture_sequences": 1, "photo_shown_date": "2016-06", "latest_available_photo_date": "2016-06", "source_photo_url": "https://www.mapillary.com/app/?pKey=524808605224805&focus=photo", "nearest_osm_pole_m": null}}, {"type": "Feature", "geometry": {"type": "Point", "coordinates": [-72.321, 44.496445]}, "properties": {"id": "hard-00047", "is_utility_pole": true, "pole_type": "wood_utility", "model_flags": [], "model_watch": [], "lean": "none", "crossarm": "none_visible", "vegetation": "near", "transformer": false, "attachments_estimate": 0, "photos_assessed": 3, "capture_sequences": 2, "photo_shown_date": "2018-07", "latest_available_photo_date": "2018-07", "source_photo_url": "https://www.mapillary.com/app/?pKey=297474248675744&focus=photo", "nearest_osm_pole_m": null}}, {"type": "Feature", "geometry": {"type": "Point", "coordinates": [-72.32135, 44.49679]}, "properties": {"id": "hard-00048", "is_utility_pole": false, "pole_type": "unclear", "model_flags": [], "model_watch": [], "lean": "unclear", "crossarm": "none_visible", "vegetation": "unclear", "transformer": false, "attachments_estimate": 0, "photos_assessed": 1, "capture_sequences": 1, "photo_shown_date": "2016-06", "latest_available_photo_date": "2016-06", "source_photo_url": "https://www.mapillary.com/app/?pKey=149312530523515&focus=photo", "nearest_osm_pole_m": null}}, {"type": "Feature", "geometry": {"type": "Point", "coordinates": [-72.31686, 44.494385]}, "properties": {"id": "hard-00049", "is_utility_pole": true, "pole_type": "wood_utility", "model_flags": ["vegetation"], "model_watch": [], "lean": "none", "crossarm": "none_visible", "vegetation": "touching", "transformer": false, "attachments_estimate": 1, "photos_assessed": 1, "capture_sequences": 1, "photo_shown_date": "2016-06", "latest_available_photo_date": "2016-06", "source_photo_url": "https://www.mapillary.com/app/?pKey=1626090527576906&focus=photo", "nearest_osm_pole_m": null}}, {"type": "Feature", "geometry": {"type": "Point", "coordinates": [-72.318436, 44.495407]}, "properties": {"id": "hard-00050", "is_utility_pole": true, "pole_type": "wood_utility", "model_flags": [], "model_watch": ["lean_slight"], "lean": "slight", "crossarm": "unclear", "vegetation": "near", "transformer": false, "attachments_estimate": 1, "photos_assessed": 3, "capture_sequences": 3, "photo_shown_date": "2014-06", "latest_available_photo_date": "2016-06", "source_photo_url": "https://www.mapillary.com/app/?pKey=600123424280633&focus=photo", "nearest_osm_pole_m": null}}, {"type": "Feature", "geometry": {"type": "Point", "coordinates": [-72.31976, 44.4956]}, "properties": {"id": "hard-00051", "is_utility_pole": true, "pole_type": "wood_utility", "model_flags": [], "model_watch": ["lean_slight"], "lean": "slight", "crossarm": "intact", "vegetation": "near", "transformer": false, "attachments_estimate": 1, "photos_assessed": 3, "capture_sequences": 2, "photo_shown_date": "2016-06", "latest_available_photo_date": "2016-06", "source_photo_url": "https://www.mapillary.com/app/?pKey=808194469814047&focus=photo", "nearest_osm_pole_m": null}}, {"type": "Feature", "geometry": {"type": "Point", "coordinates": [-72.39981, 44.51589]}, "properties": {"id": "hard-00052", "is_utility_pole": false, "pole_type": "unclear", "model_flags": [], "model_watch": [], "lean": "unclear", "crossarm": "unclear", "vegetation": "unclear", "transformer": false, "attachments_estimate": 0, "photos_assessed": 1, "capture_sequences": 1, "photo_shown_date": "2016-06", "latest_available_photo_date": "2016-06", "source_photo_url": "https://www.mapillary.com/app/?pKey=1427952997574499&focus=photo", "nearest_osm_pole_m": null}}, {"type": "Feature", "geometry": {"type": "Point", "coordinates": [-72.29413, 44.57565]}, "properties": {"id": "hard-00053", "is_utility_pole": true, "pole_type": "wood_utility", "model_flags": [], "model_watch": ["lean_slight"], "lean": "slight", "crossarm": "none_visible", "vegetation": "near", "transformer": false, "attachments_estimate": 2, "photos_assessed": 3, "capture_sequences": 3, "photo_shown_date": "2019-07", "latest_available_photo_date": "2019-07", "source_photo_url": "https://www.mapillary.com/app/?pKey=782582115776036&focus=photo", "nearest_osm_pole_m": null}}, {"type": "Feature", "geometry": {"type": "Point", "coordinates": [-72.29493, 44.575962]}, "properties": {"id": "hard-00054", "is_utility_pole": true, "pole_type": "wood_utility", "model_flags": ["vegetation"], "model_watch": ["lean_slight"], "lean": "slight", "crossarm": "none_visible", "vegetation": "touching", "transformer": false, "attachments_estimate": 1, "photos_assessed": 3, "capture_sequences": 3, "photo_shown_date": "2015-07", "latest_available_photo_date": "2015-07", "source_photo_url": "https://www.mapillary.com/app/?pKey=470704617333354&focus=photo", "nearest_osm_pole_m": null}}, {"type": "Feature", "geometry": {"type": "Point", "coordinates": [-72.29473, 44.575962]}, "properties": {"id": "hard-00055", "is_utility_pole": true, "pole_type": "wood_utility", "model_flags": [], "model_watch": ["lean_slight"], "lean": "slight", "crossarm": "none_visible", "vegetation": "near", "transformer": false, "attachments_estimate": 1, "photos_assessed": 3, "capture_sequences": 2, "photo_shown_date": "2019-07", "latest_available_photo_date": "2019-07", "source_photo_url": "https://www.mapillary.com/app/?pKey=779084909417815&focus=photo", "nearest_osm_pole_m": null}}, {"type": "Feature", "geometry": {"type": "Point", "coordinates": [-72.293884, 44.57514]}, "properties": {"id": "hard-00056", "is_utility_pole": true, "pole_type": "wood_utility", "model_flags": [], "model_watch": [], "lean": "none", "crossarm": "none_visible", "vegetation": "near", "transformer": false, "attachments_estimate": 0, "photos_assessed": 3, "capture_sequences": 2, "photo_shown_date": "2019-07", "latest_available_photo_date": "2019-07", "source_photo_url": "https://www.mapillary.com/app/?pKey=2618653158435622&focus=photo", "nearest_osm_pole_m": null}}, {"type": "Feature", "geometry": {"type": "Point", "coordinates": [-72.337364, 44.52832]}, "properties": {"id": "hard-00057", "is_utility_pole": true, "pole_type": "wood_utility", "model_flags": [], "model_watch": [], "lean": "none", "crossarm": "none_visible", "vegetation": "none", "transformer": false, "attachments_estimate": 0, "photos_assessed": 3, "capture_sequences": 2, "photo_shown_date": "2019-07", "latest_available_photo_date": "2019-07", "source_photo_url": "https://www.mapillary.com/app/?pKey=292415235871849&focus=photo", "nearest_osm_pole_m": null}}, {"type": "Feature", "geometry": {"type": "Point", "coordinates": [-72.293205, 44.57382]}, "properties": {"id": "hard-00058", "is_utility_pole": true, "pole_type": "wood_utility", "model_flags": [], "model_watch": ["lean_slight"], "lean": "slight", "crossarm": "none_visible", "vegetation": "near", "transformer": false, "attachments_estimate": 0, "photos_assessed": 6, "capture_sequences": 4, "photo_shown_date": "2019-07", "latest_available_photo_date": "2019-07", "source_photo_url": "https://www.mapillary.com/app/?pKey=1740433789679422&focus=photo", "nearest_osm_pole_m": null}}, {"type": "Feature", "geometry": {"type": "Point", "coordinates": [-72.29509, 44.57595]}, "properties": {"id": "hard-00059", "is_utility_pole": true, "pole_type": "wood_utility", "model_flags": ["vegetation"], "model_watch": ["lean_slight"], "lean": "slight", "crossarm": "none_visible", "vegetation": "touching", "transformer": false, "attachments_estimate": 1, "photos_assessed": 3, "capture_sequences": 2, "photo_shown_date": "2017-07", "latest_available_photo_date": "2017-07", "source_photo_url": "https://www.mapillary.com/app/?pKey=185417723473114&focus=photo", "nearest_osm_pole_m": null}}, {"type": "Feature", "geometry": {"type": "Point", "coordinates": [-72.33671, 44.52913]}, "properties": {"id": "hard-00060", "is_utility_pole": true, "pole_type": "wood_utility", "model_flags": [], "model_watch": [], "lean": "none", "crossarm": "none_visible", "vegetation": "none", "transformer": false, "attachments_estimate": 1, "photos_assessed": 2, "capture_sequences": 2, "photo_shown_date": "2017-07", "latest_available_photo_date": "2017-07", "source_photo_url": "https://www.mapillary.com/app/?pKey=795858071071154&focus=photo", "nearest_osm_pole_m": null}}, {"type": "Feature", "geometry": {"type": "Point", "coordinates": [-72.33701, 44.5287893]}, "properties": {"id": "hard-00061", "is_utility_pole": true, "pole_type": "wood_utility", "model_flags": [], "model_watch": [], "lean": "none", "crossarm": "intact", "vegetation": "none", "transformer": true, "attachments_estimate": 1, "photos_assessed": 9, "capture_sequences": 5, "photo_shown_date": "2019-07", "latest_available_photo_date": "2019-07", "source_photo_url": "https://www.mapillary.com/app/?pKey=1629073703956050&focus=photo", "nearest_osm_pole_m": null}}, {"type": "Feature", "geometry": {"type": "Point", "coordinates": [-72.374306, 44.534187]}, "properties": {"id": "hard-00062", "is_utility_pole": true, "pole_type": "wood_utility", "model_flags": [], "model_watch": [], "lean": "none", "crossarm": "intact", "vegetation": "none", "transformer": false, "attachments_estimate": 0, "photos_assessed": 3, "capture_sequences": 2, "photo_shown_date": "2018-07", "latest_available_photo_date": "2018-07", "source_photo_url": "https://www.mapillary.com/app/?pKey=174224797966900&focus=photo", "nearest_osm_pole_m": null}}, {"type": "Feature", "geometry": {"type": "Point", "coordinates": [-72.374275, 44.53404]}, "properties": {"id": "hard-00063", "is_utility_pole": true, "pole_type": "wood_utility", "model_flags": [], "model_watch": ["lean_slight"], "lean": "slight", "crossarm": "none_visible", "vegetation": "near", "transformer": false, "attachments_estimate": 1, "photos_assessed": 1, "capture_sequences": 1, "photo_shown_date": "2016-07", "latest_available_photo_date": "2016-07", "source_photo_url": "https://www.mapillary.com/app/?pKey=1418803471812476&focus=photo", "nearest_osm_pole_m": null}}, {"type": "Feature", "geometry": {"type": "Point", "coordinates": [-72.37407, 44.531235]}, "properties": {"id": "hard-00064", "is_utility_pole": true, "pole_type": "wood_utility", "model_flags": [], "model_watch": ["lean_slight"], "lean": "slight", "crossarm": "intact", "vegetation": "near", "transformer": false, "attachments_estimate": 0, "photos_assessed": 1, "capture_sequences": 1, "photo_shown_date": "2016-07", "latest_available_photo_date": "2018-06", "source_photo_url": "https://www.mapillary.com/app/?pKey=2568173683491195&focus=photo", "nearest_osm_pole_m": null}}, {"type": "Feature", "geometry": {"type": "Point", "coordinates": [-72.37419, 44.535027]}, "properties": {"id": "hard-00065", "is_utility_pole": true, "pole_type": "wood_utility", "model_flags": [], "model_watch": ["lean_slight"], "lean": "slight", "crossarm": "intact", "vegetation": "near", "transformer": false, "attachments_estimate": 0, "photos_assessed": 2, "capture_sequences": 1, "photo_shown_date": "2016-07", "latest_available_photo_date": "2018-06", "source_photo_url": "https://www.mapillary.com/app/?pKey=170787794986698&focus=photo", "nearest_osm_pole_m": null}}, {"type": "Feature", "geometry": {"type": "Point", "coordinates": [-72.433914, 44.53451]}, "properties": {"id": "hard-00066", "is_utility_pole": true, "pole_type": "wood_utility", "model_flags": [], "model_watch": ["lean_slight"], "lean": "slight", "crossarm": "none_visible", "vegetation": "near", "transformer": false, "attachments_estimate": 0, "photos_assessed": 3, "capture_sequences": 3, "photo_shown_date": "2018-07", "latest_available_photo_date": "2018-07", "source_photo_url": "https://www.mapillary.com/app/?pKey=2616186062019489&focus=photo", "nearest_osm_pole_m": null}}, {"type": "Feature", "geometry": {"type": "Point", "coordinates": [-72.30268, 44.518658]}, "properties": {"id": "hard-00067", "is_utility_pole": true, "pole_type": "wood_utility", "model_flags": ["vegetation"], "model_watch": ["lean_slight"], "lean": "slight", "crossarm": "unclear", "vegetation": "touching", "transformer": false, "attachments_estimate": 0, "photos_assessed": 1, "capture_sequences": 1, "photo_shown_date": "2016-06", "latest_available_photo_date": "2016-06", "source_photo_url": "https://www.mapillary.com/app/?pKey=3945335868895891&focus=photo", "nearest_osm_pole_m": null}}, {"type": "Feature", "geometry": {"type": "Point", "coordinates": [-72.36116, 44.50488]}, "properties": {"id": "hard-00068", "is_utility_pole": true, "pole_type": "wood_utility", "model_flags": [], "model_watch": [], "lean": "none", "crossarm": "none_visible", "vegetation": "near", "transformer": false, "attachments_estimate": 1, "photos_assessed": 2, "capture_sequences": 1, "photo_shown_date": "2013-09", "latest_available_photo_date": "2015-07", "source_photo_url": "https://www.mapillary.com/app/?pKey=776732759681548&focus=photo", "nearest_osm_pole_m": null}}, {"type": "Feature", "geometry": {"type": "Point", "coordinates": [-72.3645406, 44.5055657]}, "properties": {"id": "hard-00069", "is_utility_pole": true, "pole_type": "wood_utility", "model_flags": [], "model_watch": [], "lean": "none", "crossarm": "intact", "vegetation": "near", "transformer": true, "attachments_estimate": 1, "photos_assessed": 8, "capture_sequences": 2, "photo_shown_date": "2019-07", "latest_available_photo_date": "2019-07", "source_photo_url": "https://www.mapillary.com/app/?pKey=769920660332843&focus=photo", "nearest_osm_pole_m": null}}, {"type": "Feature", "geometry": {"type": "Point", "coordinates": [-72.3642687, 44.5053823]}, "properties": {"id": "hard-00070", "is_utility_pole": true, "pole_type": "wood_utility", "model_flags": [], "model_watch": [], "lean": "none", "crossarm": "none_visible", "vegetation": "near", "transformer": false, "attachments_estimate": 2, "photos_assessed": 9, "capture_sequences": 3, "photo_shown_date": "2019-07", "latest_available_photo_date": "2019-07", "source_photo_url": "https://www.mapillary.com/app/?pKey=289259999557169&focus=photo", "nearest_osm_pole_m": null}}, {"type": "Feature", "geometry": {"type": "Point", "coordinates": [-72.3639056, 44.505126]}, "properties": {"id": "hard-00071", "is_utility_pole": true, "pole_type": "wood_utility", "model_flags": [], "model_watch": ["lean_slight"], "lean": "slight", "crossarm": "none_visible", "vegetation": "near", "transformer": false, "attachments_estimate": 2, "photos_assessed": 5, "capture_sequences": 3, "photo_shown_date": "2019-07", "latest_available_photo_date": "2019-07", "source_photo_url": "https://www.mapillary.com/app/?pKey=3940780149362847&focus=photo", "nearest_osm_pole_m": null}}, {"type": "Feature", "geometry": {"type": "Point", "coordinates": [-72.36188, 44.50455]}, "properties": {"id": "hard-00072", "is_utility_pole": true, "pole_type": "wood_utility", "model_flags": [], "model_watch": [], "lean": "none", "crossarm": "none_visible", "vegetation": "near", "transformer": false, "attachments_estimate": 1, "photos_assessed": 2, "capture_sequences": 2, "photo_shown_date": "2017-07", "latest_available_photo_date": "2017-07", "source_photo_url": "https://www.mapillary.com/app/?pKey=3744603405661816&focus=photo", "nearest_osm_pole_m": null}}, {"type": "Feature", "geometry": {"type": "Point", "coordinates": [-72.36396, 44.50517]}, "properties": {"id": "hard-00073", "is_utility_pole": true, "pole_type": "wood_utility", "model_flags": [], "model_watch": ["lean_slight"], "lean": "slight", "crossarm": "none_visible", "vegetation": "near", "transformer": false, "attachments_estimate": 2, "photos_assessed": 3, "capture_sequences": 3, "photo_shown_date": "2019-07", "latest_available_photo_date": "2019-07", "source_photo_url": "https://www.mapillary.com/app/?pKey=125376969596648&focus=photo", "nearest_osm_pole_m": null}}, {"type": "Feature", "geometry": {"type": "Point", "coordinates": [-72.36154, 44.50458]}, "properties": {"id": "hard-00074", "is_utility_pole": true, "pole_type": "wood_utility", "model_flags": [], "model_watch": [], "lean": "none", "crossarm": "intact", "vegetation": "near", "transformer": false, "attachments_estimate": 0, "photos_assessed": 2, "capture_sequences": 2, "photo_shown_date": "2019-07", "latest_available_photo_date": "2019-07", "source_photo_url": "https://www.mapillary.com/app/?pKey=3869855929809514&focus=photo", "nearest_osm_pole_m": null}}, {"type": "Feature", "geometry": {"type": "Point", "coordinates": [-72.36286, 44.5044738]}, "properties": {"id": "hard-00075", "is_utility_pole": true, "pole_type": "wood_utility", "model_flags": [], "model_watch": [], "lean": "none", "crossarm": "none_visible", "vegetation": "near", "transformer": false, "attachments_estimate": 1, "photos_assessed": 4, "capture_sequences": 3, "photo_shown_date": "2017-07", "latest_available_photo_date": "2019-07", "source_photo_url": "https://www.mapillary.com/app/?pKey=220767769860294&focus=photo", "nearest_osm_pole_m": null}}, {"type": "Feature", "geometry": {"type": "Point", "coordinates": [-72.36204, 44.50452]}, "properties": {"id": "hard-00076", "is_utility_pole": true, "pole_type": "wood_utility", "model_flags": [], "model_watch": [], "lean": "none", "crossarm": "none_visible", "vegetation": "near", "transformer": false, "attachments_estimate": 0, "photos_assessed": 3, "capture_sequences": 3, "photo_shown_date": "2019-07", "latest_available_photo_date": "2019-07", "source_photo_url": "https://www.mapillary.com/app/?pKey=789118548248567&focus=photo", "nearest_osm_pole_m": null}}, {"type": "Feature", "geometry": {"type": "Point", "coordinates": [-72.36161, 44.504677]}, "properties": {"id": "hard-00077", "is_utility_pole": true, "pole_type": "wood_utility", "model_flags": [], "model_watch": ["lean_slight"], "lean": "slight", "crossarm": "none_visible", "vegetation": "near", "transformer": false, "attachments_estimate": 1, "photos_assessed": 3, "capture_sequences": 3, "photo_shown_date": "2019-07", "latest_available_photo_date": "2019-07", "source_photo_url": "https://www.mapillary.com/app/?pKey=334513924683226&focus=photo", "nearest_osm_pole_m": null}}, {"type": "Feature", "geometry": {"type": "Point", "coordinates": [-72.36346, 44.50482]}, "properties": {"id": "hard-00078", "is_utility_pole": true, "pole_type": "wood_utility", "model_flags": [], "model_watch": [], "lean": "none", "crossarm": "none_visible", "vegetation": "none", "transformer": false, "attachments_estimate": 2, "photos_assessed": 3, "capture_sequences": 3, "photo_shown_date": "2017-07", "latest_available_photo_date": "2017-07", "source_photo_url": "https://www.mapillary.com/app/?pKey=1220401761722410&focus=photo", "nearest_osm_pole_m": null}}, {"type": "Feature", "geometry": {"type": "Point", "coordinates": [-72.363655, 44.50497]}, "properties": {"id": "hard-00079", "is_utility_pole": true, "pole_type": "wood_utility", "model_flags": [], "model_watch": ["lean_slight"], "lean": "slight", "crossarm": "none_visible", "vegetation": "near", "transformer": false, "attachments_estimate": 2, "photos_assessed": 3, "capture_sequences": 2, "photo_shown_date": "2019-07", "latest_available_photo_date": "2019-07", "source_photo_url": "https://www.mapillary.com/app/?pKey=804054346888231&focus=photo", "nearest_osm_pole_m": null}}, {"type": "Feature", "geometry": {"type": "Point", "coordinates": [-72.36142, 44.504752]}, "properties": {"id": "hard-00080", "is_utility_pole": true, "pole_type": "wood_utility", "model_flags": [], "model_watch": [], "lean": "none", "crossarm": "intact", "vegetation": "near", "transformer": false, "attachments_estimate": 1, "photos_assessed": 6, "capture_sequences": 2, "photo_shown_date": "2019-07", "latest_available_photo_date": "2019-07", "source_photo_url": "https://www.mapillary.com/app/?pKey=3869855929809514&focus=photo", "nearest_osm_pole_m": null}}, {"type": "Feature", "geometry": {"type": "Point", "coordinates": [-72.36259, 44.504307]}, "properties": {"id": "hard-00081", "is_utility_pole": true, "pole_type": "wood_utility", "model_flags": ["vegetation"], "model_watch": [], "lean": "none", "crossarm": "none_visible", "vegetation": "touching", "transformer": false, "attachments_estimate": 1, "photos_assessed": 6, "capture_sequences": 3, "photo_shown_date": "2019-07", "latest_available_photo_date": "2019-07", "source_photo_url": "https://www.mapillary.com/app/?pKey=222363862755726&focus=photo", "nearest_osm_pole_m": null}}, {"type": "Feature", "geometry": {"type": "Point", "coordinates": [-72.364204, 44.505447]}, "properties": {"id": "hard-00082", "is_utility_pole": true, "pole_type": "wood_utility", "model_flags": [], "model_watch": [], "lean": "none", "crossarm": "none_visible", "vegetation": "near", "transformer": false, "attachments_estimate": 1, "photos_assessed": 3, "capture_sequences": 3, "photo_shown_date": "2019-07", "latest_available_photo_date": "2019-07", "source_photo_url": "https://www.mapillary.com/app/?pKey=152286106878773&focus=photo", "nearest_osm_pole_m": null}}, {"type": "Feature", "geometry": {"type": "Point", "coordinates": [-72.36034, 44.50521]}, "properties": {"id": "hard-00083", "is_utility_pole": true, "pole_type": "wood_utility", "model_flags": [], "model_watch": ["lean_slight"], "lean": "slight", "crossarm": "none_visible", "vegetation": "near", "transformer": true, "attachments_estimate": 2, "photos_assessed": 3, "capture_sequences": 2, "photo_shown_date": "2019-07", "latest_available_photo_date": "2019-07", "source_photo_url": "https://www.mapillary.com/app/?pKey=592725915027439&focus=photo", "nearest_osm_pole_m": null}}, {"type": "Feature", "geometry": {"type": "Point", "coordinates": [-72.36299, 44.504562]}, "properties": {"id": "hard-00084", "is_utility_pole": true, "pole_type": "wood_utility", "model_flags": [], "model_watch": [], "lean": "none", "crossarm": "none_visible", "vegetation": "near", "transformer": false, "attachments_estimate": 1, "photos_assessed": 2, "capture_sequences": 2, "photo_shown_date": "2015-07", "latest_available_photo_date": "2015-07", "source_photo_url": "https://www.mapillary.com/app/?pKey=299342298530088&focus=photo", "nearest_osm_pole_m": null}}, {"type": "Feature", "geometry": {"type": "Point", "coordinates": [-72.361268, 44.504812]}, "properties": {"id": "hard-00085", "is_utility_pole": true, "pole_type": "wood_utility", "model_flags": [], "model_watch": [], "lean": "none", "crossarm": "none_visible", "vegetation": "near", "transformer": false, "attachments_estimate": 1, "photos_assessed": 5, "capture_sequences": 3, "photo_shown_date": "2019-07", "latest_available_photo_date": "2019-07", "source_photo_url": "https://www.mapillary.com/app/?pKey=286764629820033&focus=photo", "nearest_osm_pole_m": null}}, {"type": "Feature", "geometry": {"type": "Point", "coordinates": [-72.36326, 44.504723]}, "properties": {"id": "hard-00086", "is_utility_pole": true, "pole_type": "wood_utility", "model_flags": [], "model_watch": [], "lean": "none", "crossarm": "none_visible", "vegetation": "near", "transformer": false, "attachments_estimate": 1, "photos_assessed": 3, "capture_sequences": 3, "photo_shown_date": "2019-07", "latest_available_photo_date": "2019-07", "source_photo_url": "https://www.mapillary.com/app/?pKey=764827904202045&focus=photo", "nearest_osm_pole_m": null}}, {"type": "Feature", "geometry": {"type": "Point", "coordinates": [-72.36334, 44.504784]}, "properties": {"id": "hard-00087", "is_utility_pole": true, "pole_type": "wood_utility", "model_flags": [], "model_watch": ["lean_slight"], "lean": "slight", "crossarm": "none_visible", "vegetation": "near", "transformer": false, "attachments_estimate": 2, "photos_assessed": 3, "capture_sequences": 3, "photo_shown_date": "2019-07", "latest_available_photo_date": "2019-07", "source_photo_url": "https://www.mapillary.com/app/?pKey=483318689605942&focus=photo", "nearest_osm_pole_m": null}}, {"type": "Feature", "geometry": {"type": "Point", "coordinates": [-72.360555, 44.5051135]}, "properties": {"id": "hard-00088", "is_utility_pole": true, "pole_type": "wood_utility", "model_flags": [], "model_watch": ["lean_slight"], "lean": "slight", "crossarm": "none_visible", "vegetation": "near", "transformer": false, "attachments_estimate": 1, "photos_assessed": 6, "capture_sequences": 2, "photo_shown_date": "2019-07", "latest_available_photo_date": "2019-07", "source_photo_url": "https://www.mapillary.com/app/?pKey=500654660988534&focus=photo", "nearest_osm_pole_m": null}}, {"type": "Feature", "geometry": {"type": "Point", "coordinates": [-72.363106, 44.50464]}, "properties": {"id": "hard-00089", "is_utility_pole": true, "pole_type": "wood_utility", "model_flags": [], "model_watch": [], "lean": "none", "crossarm": "none_visible", "vegetation": "near", "transformer": false, "attachments_estimate": 0, "photos_assessed": 3, "capture_sequences": 2, "photo_shown_date": "2019-07", "latest_available_photo_date": "2019-07", "source_photo_url": "https://www.mapillary.com/app/?pKey=214834250266025&focus=photo", "nearest_osm_pole_m": null}}, {"type": "Feature", "geometry": {"type": "Point", "coordinates": [-72.364204, 44.50534]}, "properties": {"id": "hard-00090", "is_utility_pole": true, "pole_type": "wood_utility", "model_flags": [], "model_watch": ["lean_slight"], "lean": "slight", "crossarm": "none_visible", "vegetation": "near", "transformer": false, "attachments_estimate": 2, "photos_assessed": 3, "capture_sequences": 3, "photo_shown_date": "2019-07", "latest_available_photo_date": "2019-07", "source_photo_url": "https://www.mapillary.com/app/?pKey=168457948554229&focus=photo", "nearest_osm_pole_m": null}}, {"type": "Feature", "geometry": {"type": "Point", "coordinates": [-72.36094, 44.504944]}, "properties": {"id": "hard-00091", "is_utility_pole": true, "pole_type": "wood_utility", "model_flags": [], "model_watch": [], "lean": "none", "crossarm": "none_visible", "vegetation": "near", "transformer": false, "attachments_estimate": 1, "photos_assessed": 3, "capture_sequences": 2, "photo_shown_date": "2019-07", "latest_available_photo_date": "2019-07", "source_photo_url": "https://www.mapillary.com/app/?pKey=159838826103970&focus=photo", "nearest_osm_pole_m": null}}, {"type": "Feature", "geometry": {"type": "Point", "coordinates": [-72.36444, 44.50544]}, "properties": {"id": "hard-00092", "is_utility_pole": true, "pole_type": "wood_utility", "model_flags": [], "model_watch": ["lean_slight"], "lean": "slight", "crossarm": "none_visible", "vegetation": "none", "transformer": false, "attachments_estimate": 2, "photos_assessed": 2, "capture_sequences": 2, "photo_shown_date": "2017-07", "latest_available_photo_date": "2017-07", "source_photo_url": "https://www.mapillary.com/app/?pKey=267286691846150&focus=photo", "nearest_osm_pole_m": null}}, {"type": "Feature", "geometry": {"type": "Point", "coordinates": [-72.328476, 44.53956]}, "properties": {"id": "hard-00093", "is_utility_pole": true, "pole_type": "wood_utility", "model_flags": [], "model_watch": [], "lean": "none", "crossarm": "none_visible", "vegetation": "none", "transformer": false, "attachments_estimate": 0, "photos_assessed": 3, "capture_sequences": 3, "photo_shown_date": "2019-07", "latest_available_photo_date": "2019-07", "source_photo_url": "https://www.mapillary.com/app/?pKey=2869782363289175&focus=photo", "nearest_osm_pole_m": null}}, {"type": "Feature", "geometry": {"type": "Point", "coordinates": [-72.3276, 44.540665]}, "properties": {"id": "hard-00094", "is_utility_pole": true, "pole_type": "wood_utility", "model_flags": [], "model_watch": [], "lean": "none", "crossarm": "intact", "vegetation": "none", "transformer": false, "attachments_estimate": 0, "photos_assessed": 3, "capture_sequences": 3, "photo_shown_date": "2019-07", "latest_available_photo_date": "2019-07", "source_photo_url": "https://www.mapillary.com/app/?pKey=612695386800283&focus=photo", "nearest_osm_pole_m": null}}, {"type": "Feature", "geometry": {"type": "Point", "coordinates": [-72.3293067, 44.5384743]}, "properties": {"id": "hard-00095", "is_utility_pole": true, "pole_type": "wood_utility", "model_flags": [], "model_watch": [], "lean": "none", "crossarm": "none_visible", "vegetation": "near", "transformer": false, "attachments_estimate": 0, "photos_assessed": 9, "capture_sequences": 6, "photo_shown_date": "2019-07", "latest_available_photo_date": "2019-07", "source_photo_url": "https://www.mapillary.com/app/?pKey=330795141768756&focus=photo", "nearest_osm_pole_m": null}}, {"type": "Feature", "geometry": {"type": "Point", "coordinates": [-72.32717, 44.541218]}, "properties": {"id": "hard-00096", "is_utility_pole": true, "pole_type": "wood_utility", "model_flags": [], "model_watch": [], "lean": "none", "crossarm": "none_visible", "vegetation": "near", "transformer": false, "attachments_estimate": 0, "photos_assessed": 3, "capture_sequences": 2, "photo_shown_date": "2017-07", "latest_available_photo_date": "2017-07", "source_photo_url": "https://www.mapillary.com/app/?pKey=921554375294719&focus=photo", "nearest_osm_pole_m": null}}, {"type": "Feature", "geometry": {"type": "Point", "coordinates": [-72.328043, 44.540114]}, "properties": {"id": "hard-00097", "is_utility_pole": true, "pole_type": "wood_utility", "model_flags": [], "model_watch": [], "lean": "none", "crossarm": "intact", "vegetation": "none", "transformer": false, "attachments_estimate": 0, "photos_assessed": 6, "capture_sequences": 4, "photo_shown_date": "2019-07", "latest_available_photo_date": "2019-07", "source_photo_url": "https://www.mapillary.com/app/?pKey=2922089301399831&focus=photo", "nearest_osm_pole_m": null}}, {"type": "Feature", "geometry": {"type": "Point", "coordinates": [-72.329636, 44.53809]}, "properties": {"id": "hard-00098", "is_utility_pole": true, "pole_type": "wood_utility", "model_flags": [], "model_watch": ["lean_slight"], "lean": "slight", "crossarm": "intact", "vegetation": "near", "transformer": false, "attachments_estimate": 1, "photos_assessed": 1, "capture_sequences": 1, "photo_shown_date": "2017-07", "latest_available_photo_date": "2017-07", "source_photo_url": "https://www.mapillary.com/app/?pKey=497855214840925&focus=photo", "nearest_osm_pole_m": null}}, {"type": "Feature", "geometry": {"type": "Point", "coordinates": [-72.413412, 44.464696]}, "properties": {"id": "hard-00099", "is_utility_pole": true, "pole_type": "wood_utility", "model_flags": [], "model_watch": [], "lean": "unclear", "crossarm": "intact", "vegetation": "near", "transformer": false, "attachments_estimate": 0, "photos_assessed": 5, "capture_sequences": 3, "photo_shown_date": "2018-07", "latest_available_photo_date": "2018-07", "source_photo_url": "https://www.mapillary.com/app/?pKey=142453231160052&focus=photo", "nearest_osm_pole_m": null}}, {"type": "Feature", "geometry": {"type": "Point", "coordinates": [-72.4109, 44.46667]}, "properties": {"id": "hard-00100", "is_utility_pole": false, "pole_type": "unclear", "model_flags": [], "model_watch": [], "lean": "unclear", "crossarm": "none_visible", "vegetation": "unclear", "transformer": false, "attachments_estimate": 0, "photos_assessed": 2, "capture_sequences": 2, "photo_shown_date": "2018-06", "latest_available_photo_date": "2018-06", "source_photo_url": "https://www.mapillary.com/app/?pKey=827128231267516&focus=photo", "nearest_osm_pole_m": null}}, {"type": "Feature", "geometry": {"type": "Point", "coordinates": [-72.41184, 44.465534]}, "properties": {"id": "hard-00101", "is_utility_pole": true, "pole_type": "wood_utility", "model_flags": ["vegetation"], "model_watch": ["lean_slight"], "lean": "slight", "crossarm": "none_visible", "vegetation": "touching", "transformer": false, "attachments_estimate": 0, "photos_assessed": 3, "capture_sequences": 2, "photo_shown_date": "2016-07", "latest_available_photo_date": "2016-07", "source_photo_url": "https://www.mapillary.com/app/?pKey=528600408520676&focus=photo", "nearest_osm_pole_m": null}}, {"type": "Feature", "geometry": {"type": "Point", "coordinates": [-72.31687, 44.509346]}, "properties": {"id": "hard-00102", "is_utility_pole": true, "pole_type": "wood_utility", "model_flags": [], "model_watch": [], "lean": "none", "crossarm": "none_visible", "vegetation": "near", "transformer": false, "attachments_estimate": 0, "photos_assessed": 3, "capture_sequences": 3, "photo_shown_date": "2018-07", "latest_available_photo_date": "2018-07", "source_photo_url": "https://www.mapillary.com/app/?pKey=3938759172828387&focus=photo", "nearest_osm_pole_m": null}}, {"type": "Feature", "geometry": {"type": "Point", "coordinates": [-72.3166788, 44.5099961]}, "properties": {"id": "hard-00103", "is_utility_pole": true, "pole_type": "wood_utility", "model_flags": [], "model_watch": [], "lean": "none", "crossarm": "none_visible", "vegetation": "near", "transformer": false, "attachments_estimate": 0, "photos_assessed": 10, "capture_sequences": 6, "photo_shown_date": "2018-07", "latest_available_photo_date": "2018-07", "source_photo_url": "https://www.mapillary.com/app/?pKey=318495306458132&focus=photo", "nearest_osm_pole_m": null}}, {"type": "Feature", "geometry": {"type": "Point", "coordinates": [-72.31485, 44.51352]}, "properties": {"id": "hard-00104", "is_utility_pole": true, "pole_type": "wood_utility", "model_flags": [], "model_watch": ["lean_slight"], "lean": "slight", "crossarm": "intact", "vegetation": "near", "transformer": false, "attachments_estimate": 0, "photos_assessed": 2, "capture_sequences": 1, "photo_shown_date": "2016-06", "latest_available_photo_date": "2016-06", "source_photo_url": "https://www.mapillary.com/app/?pKey=2451731808296978&focus=photo", "nearest_osm_pole_m": null}}, {"type": "Feature", "geometry": {"type": "Point", "coordinates": [-72.3162453, 44.5112483]}, "properties": {"id": "hard-00105", "is_utility_pole": true, "pole_type": "wood_utility", "model_flags": [], "model_watch": [], "lean": "none", "crossarm": "none_visible", "vegetation": "near", "transformer": false, "attachments_estimate": 0, "photos_assessed": 9, "capture_sequences": 5, "photo_shown_date": "2018-07", "latest_available_photo_date": "2018-07", "source_photo_url": "https://www.mapillary.com/app/?pKey=534490187898642&focus=photo", "nearest_osm_pole_m": null}}, {"type": "Feature", "geometry": {"type": "Point", "coordinates": [-72.3147495, 44.5136277]}, "properties": {"id": "hard-00106", "is_utility_pole": true, "pole_type": "wood_utility", "model_flags": [], "model_watch": ["lean_slight"], "lean": "slight", "crossarm": "intact", "vegetation": "near", "transformer": false, "attachments_estimate": 0, "photos_assessed": 4, "capture_sequences": 3, "photo_shown_date": "2018-07", "latest_available_photo_date": "2018-07", "source_photo_url": "https://www.mapillary.com/app/?pKey=1667657303435183&focus=photo", "nearest_osm_pole_m": null}}, {"type": "Feature", "geometry": {"type": "Point", "coordinates": [-72.31512, 44.513027]}, "properties": {"id": "hard-00107", "is_utility_pole": true, "pole_type": "wood_utility", "model_flags": [], "model_watch": ["lean_slight"], "lean": "slight", "crossarm": "intact", "vegetation": "near", "transformer": false, "attachments_estimate": 0, "photos_assessed": 3, "capture_sequences": 2, "photo_shown_date": "2018-07", "latest_available_photo_date": "2018-07", "source_photo_url": "https://www.mapillary.com/app/?pKey=942734969605476&focus=photo", "nearest_osm_pole_m": null}}, {"type": "Feature", "geometry": {"type": "Point", "coordinates": [-72.314316, 44.51397]}, "properties": {"id": "hard-00108", "is_utility_pole": true, "pole_type": "wood_utility", "model_flags": ["vegetation"], "model_watch": ["lean_slight"], "lean": "slight", "crossarm": "none_visible", "vegetation": "touching", "transformer": false, "attachments_estimate": 0, "photos_assessed": 2, "capture_sequences": 2, "photo_shown_date": "2014-06", "latest_available_photo_date": "2018-07", "source_photo_url": "https://www.mapillary.com/app/?pKey=929142884486891&focus=photo", "nearest_osm_pole_m": null}}, {"type": "Feature", "geometry": {"type": "Point", "coordinates": [-72.315932, 44.511852]}, "properties": {"id": "hard-00109", "is_utility_pole": true, "pole_type": "wood_utility", "model_flags": [], "model_watch": [], "lean": "none", "crossarm": "none_visible", "vegetation": "near", "transformer": false, "attachments_estimate": 0, "photos_assessed": 9, "capture_sequences": 5, "photo_shown_date": "2018-07", "latest_available_photo_date": "2018-07", "source_photo_url": "https://www.mapillary.com/app/?pKey=231596315000461&focus=photo", "nearest_osm_pole_m": null}}, {"type": "Feature", "geometry": {"type": "Point", "coordinates": [-72.298915, 44.571223]}, "properties": {"id": "hard-00110", "is_utility_pole": true, "pole_type": "wood_utility", "model_flags": ["vegetation"], "model_watch": ["lean_slight"], "lean": "slight", "crossarm": "intact", "vegetation": "touching", "transformer": false, "attachments_estimate": 1, "photos_assessed": 6, "capture_sequences": 5, "photo_shown_date": "2019-07", "latest_available_photo_date": "2019-07", "source_photo_url": "https://www.mapillary.com/app/?pKey=318884316284543&focus=photo", "nearest_osm_pole_m": null}}, {"type": "Feature", "geometry": {"type": "Point", "coordinates": [-72.29722, 44.573578]}, "properties": {"id": "hard-00111", "is_utility_pole": true, "pole_type": "wood_utility", "model_flags": [], "model_watch": ["lean_slight"], "lean": "slight", "crossarm": "intact", "vegetation": "near", "transformer": false, "attachments_estimate": 2, "photos_assessed": 3, "capture_sequences": 2, "photo_shown_date": "2017-07", "latest_available_photo_date": "2017-07", "source_photo_url": "https://www.mapillary.com/app/?pKey=336409374579757&focus=photo", "nearest_osm_pole_m": null}}, {"type": "Feature", "geometry": {"type": "Point", "coordinates": [-72.2973967, 44.573331]}, "properties": {"id": "hard-00112", "is_utility_pole": true, "pole_type": "wood_utility", "model_flags": [], "model_watch": ["lean_slight"], "lean": "slight", "crossarm": "none_visible", "vegetation": "near", "transformer": false, "attachments_estimate": 1, "photos_assessed": 9, "capture_sequences": 5, "photo_shown_date": "2019-07", "latest_available_photo_date": "2019-07", "source_photo_url": "https://www.mapillary.com/app/?pKey=493114688572720&focus=photo", "nearest_osm_pole_m": null}}, {"type": "Feature", "geometry": {"type": "Point", "coordinates": [-72.29876, 44.571445]}, "properties": {"id": "hard-00113", "is_utility_pole": true, "pole_type": "wood_utility", "model_flags": ["vegetation"], "model_watch": ["lean_slight"], "lean": "slight", "crossarm": "intact", "vegetation": "touching", "transformer": false, "attachments_estimate": 1, "photos_assessed": 3, "capture_sequences": 2, "photo_shown_date": "2019-07", "latest_available_photo_date": "2019-07", "source_photo_url": "https://www.mapillary.com/app/?pKey=530792431295655&focus=photo", "nearest_osm_pole_m": null}}, {"type": "Feature", "geometry": {"type": "Point", "coordinates": [-72.298164, 44.572273]}, "properties": {"id": "hard-00114", "is_utility_pole": true, "pole_type": "wood_utility", "model_flags": [], "model_watch": ["lean_slight"], "lean": "slight", "crossarm": "none_visible", "vegetation": "near", "transformer": false, "attachments_estimate": 1, "photos_assessed": 3, "capture_sequences": 3, "photo_shown_date": "2015-07", "latest_available_photo_date": "2017-07", "source_photo_url": "https://www.mapillary.com/app/?pKey=181153420589525&focus=photo", "nearest_osm_pole_m": null}}, {"type": "Feature", "geometry": {"type": "Point", "coordinates": [-72.2969587, 44.573931]}, "properties": {"id": "hard-00115", "is_utility_pole": true, "pole_type": "wood_utility", "model_flags": [], "model_watch": ["lean_slight"], "lean": "slight", "crossarm": "intact", "vegetation": "near", "transformer": false, "attachments_estimate": 1, "photos_assessed": 9, "capture_sequences": 6, "photo_shown_date": "2019-07", "latest_available_photo_date": "2019-07", "source_photo_url": "https://www.mapillary.com/app/?pKey=508198890306872&focus=photo", "nearest_osm_pole_m": null}}, {"type": "Feature", "geometry": {"type": "Point", "coordinates": [-72.26615, 44.463245]}, "properties": {"id": "hard-00116", "is_utility_pole": true, "pole_type": "wood_utility", "model_flags": [], "model_watch": ["lean_slight"], "lean": "slight", "crossarm": "none_visible", "vegetation": "none", "transformer": false, "attachments_estimate": 0, "photos_assessed": 3, "capture_sequences": 2, "photo_shown_date": "2018-07", "latest_available_photo_date": "2018-07", "source_photo_url": "https://www.mapillary.com/app/?pKey=4059319700781190&focus=photo", "nearest_osm_pole_m": null}}, {"type": "Feature", "geometry": {"type": "Point", "coordinates": [-72.41581, 44.495033]}, "properties": {"id": "hard-00117", "is_utility_pole": true, "pole_type": "wood_utility", "model_flags": [], "model_watch": [], "lean": "none", "crossarm": "intact", "vegetation": "none", "transformer": false, "attachments_estimate": 1, "photos_assessed": 2, "capture_sequences": 1, "photo_shown_date": "2022-11", "latest_available_photo_date": "2022-11", "source_photo_url": "https://www.mapillary.com/app/?pKey=832280844644399&focus=photo", "nearest_osm_pole_m": null}}, {"type": "Feature", "geometry": {"type": "Point", "coordinates": [-72.2888925, 44.5690365]}, "properties": {"id": "hard-00118", "is_utility_pole": true, "pole_type": "wood_utility", "model_flags": [], "model_watch": ["lean_slight"], "lean": "slight", "crossarm": "intact", "vegetation": "near", "transformer": false, "attachments_estimate": 0, "photos_assessed": 4, "capture_sequences": 2, "photo_shown_date": "2019-07", "latest_available_photo_date": "2019-07", "source_photo_url": "https://www.mapillary.com/app/?pKey=1898101823699505&focus=photo", "nearest_osm_pole_m": null}}, {"type": "Feature", "geometry": {"type": "Point", "coordinates": [-72.28986, 44.569942]}, "properties": {"id": "hard-00119", "is_utility_pole": true, "pole_type": "wood_utility", "model_flags": [], "model_watch": ["lean_slight"], "lean": "slight", "crossarm": "none_visible", "vegetation": "near", "transformer": false, "attachments_estimate": 1, "photos_assessed": 2, "capture_sequences": 1, "photo_shown_date": "2015-07", "latest_available_photo_date": "2019-07", "source_photo_url": "https://www.mapillary.com/app/?pKey=1089394364917101&focus=photo", "nearest_osm_pole_m": null}}, {"type": "Feature", "geometry": {"type": "Point", "coordinates": [-72.2895425, 44.5696725]}, "properties": {"id": "hard-00120", "is_utility_pole": true, "pole_type": "wood_utility", "model_flags": [], "model_watch": ["lean_slight"], "lean": "slight", "crossarm": "intact", "vegetation": "near", "transformer": false, "attachments_estimate": 0, "photos_assessed": 4, "capture_sequences": 1, "photo_shown_date": "2017-07", "latest_available_photo_date": "2017-07", "source_photo_url": "https://www.mapillary.com/app/?pKey=509801380203585&focus=photo", "nearest_osm_pole_m": null}}, {"type": "Feature", "geometry": {"type": "Point", "coordinates": [-72.271265, 44.467143]}, "properties": {"id": "hard-00121", "is_utility_pole": true, "pole_type": "wood_utility", "model_flags": [], "model_watch": ["lean_slight"], "lean": "slight", "crossarm": "none_visible", "vegetation": "near", "transformer": false, "attachments_estimate": 0, "photos_assessed": 4, "capture_sequences": 2, "photo_shown_date": "2016-06", "latest_available_photo_date": "2018-07", "source_photo_url": "https://www.mapillary.com/app/?pKey=290380606105811&focus=photo", "nearest_osm_pole_m": null}}, {"type": "Feature", "geometry": {"type": "Point", "coordinates": [-72.27174, 44.467503]}, "properties": {"id": "hard-00122", "is_utility_pole": true, "pole_type": "wood_utility", "model_flags": [], "model_watch": [], "lean": "none", "crossarm": "none_visible", "vegetation": "near", "transformer": false, "attachments_estimate": 0, "photos_assessed": 3, "capture_sequences": 3, "photo_shown_date": "2018-07", "latest_available_photo_date": "2018-07", "source_photo_url": "https://www.mapillary.com/app/?pKey=544573950257825&focus=photo", "nearest_osm_pole_m": null}}, {"type": "Feature", "geometry": {"type": "Point", "coordinates": [-72.28316, 44.530724]}, "properties": {"id": "hard-00123", "is_utility_pole": true, "pole_type": "wood_utility", "model_flags": [], "model_watch": [], "lean": "none", "crossarm": "intact", "vegetation": "near", "transformer": false, "attachments_estimate": 1, "photos_assessed": 3, "capture_sequences": 2, "photo_shown_date": "2016-06", "latest_available_photo_date": "2016-06", "source_photo_url": "https://www.mapillary.com/app/?pKey=856393988280941&focus=photo", "nearest_osm_pole_m": null}}, {"type": "Feature", "geometry": {"type": "Point", "coordinates": [-72.28362, 44.530178]}, "properties": {"id": "hard-00124", "is_utility_pole": true, "pole_type": "wood_utility", "model_flags": [], "model_watch": ["lean_slight"], "lean": "slight", "crossarm": "intact", "vegetation": "none", "transformer": false, "attachments_estimate": 0, "photos_assessed": 3, "capture_sequences": 2, "photo_shown_date": "2016-06", "latest_available_photo_date": "2016-06", "source_photo_url": "https://www.mapillary.com/app/?pKey=473051340621813&focus=photo", "nearest_osm_pole_m": null}}, {"type": "Feature", "geometry": {"type": "Point", "coordinates": [-72.284676, 44.52927]}, "properties": {"id": "hard-00125", "is_utility_pole": false, "pole_type": "unclear", "model_flags": [], "model_watch": [], "lean": "unclear", "crossarm": "none_visible", "vegetation": "unclear", "transformer": false, "attachments_estimate": 0, "photos_assessed": 2, "capture_sequences": 2, "photo_shown_date": "2014-06", "latest_available_photo_date": "2016-06", "source_photo_url": "https://www.mapillary.com/app/?pKey=941679930018070&focus=photo", "nearest_osm_pole_m": null}}, {"type": "Feature", "geometry": {"type": "Point", "coordinates": [-72.284117, 44.5294825]}, "properties": {"id": "hard-00126", "is_utility_pole": true, "pole_type": "wood_utility", "model_flags": [], "model_watch": [], "lean": "none", "crossarm": "intact", "vegetation": "none", "transformer": false, "attachments_estimate": 1, "photos_assessed": 6, "capture_sequences": 4, "photo_shown_date": "2018-07", "latest_available_photo_date": "2018-07", "source_photo_url": "https://www.mapillary.com/app/?pKey=539639077196640&focus=photo", "nearest_osm_pole_m": null}}, {"type": "Feature", "geometry": {"type": "Point", "coordinates": [-72.285202, 44.528655]}, "properties": {"id": "hard-00127", "is_utility_pole": true, "pole_type": "wood_utility", "model_flags": [], "model_watch": ["lean_slight"], "lean": "slight", "crossarm": "intact", "vegetation": "near", "transformer": false, "attachments_estimate": 0, "photos_assessed": 6, "capture_sequences": 5, "photo_shown_date": "2018-07", "latest_available_photo_date": "2018-07", "source_photo_url": "https://www.mapillary.com/app/?pKey=2544566155850451&focus=photo", "nearest_osm_pole_m": null}}, {"type": "Feature", "geometry": {"type": "Point", "coordinates": [-72.2829495, 44.5310065]}, "properties": {"id": "hard-00128", "is_utility_pole": true, "pole_type": "wood_utility", "model_flags": [], "model_watch": ["lean_slight"], "lean": "slight", "crossarm": "intact", "vegetation": "near", "transformer": false, "attachments_estimate": 0, "photos_assessed": 4, "capture_sequences": 3, "photo_shown_date": "2018-07", "latest_available_photo_date": "2018-07", "source_photo_url": "https://www.mapillary.com/app/?pKey=3747789365350118&focus=photo", "nearest_osm_pole_m": null}}, {"type": "Feature", "geometry": {"type": "Point", "coordinates": [-72.2835, 44.530304]}, "properties": {"id": "hard-00129", "is_utility_pole": true, "pole_type": "wood_utility", "model_flags": [], "model_watch": [], "lean": "none", "crossarm": "intact", "vegetation": "near", "transformer": false, "attachments_estimate": 1, "photos_assessed": 3, "capture_sequences": 2, "photo_shown_date": "2016-06", "latest_available_photo_date": "2016-06", "source_photo_url": "https://www.mapillary.com/app/?pKey=338852924283702&focus=photo", "nearest_osm_pole_m": null}}, {"type": "Feature", "geometry": {"type": "Point", "coordinates": [-72.284744, 44.529133]}, "properties": {"id": "hard-00130", "is_utility_pole": false, "pole_type": "unclear", "model_flags": [], "model_watch": [], "lean": "unclear", "crossarm": "none_visible", "vegetation": "unclear", "transformer": false, "attachments_estimate": 0, "photos_assessed": 2, "capture_sequences": 1, "photo_shown_date": "2018-07", "latest_available_photo_date": "2018-07", "source_photo_url": "https://www.mapillary.com/app/?pKey=205414061420007&focus=photo", "nearest_osm_pole_m": null}}, {"type": "Feature", "geometry": {"type": "Point", "coordinates": [-72.282865, 44.5310785]}, "properties": {"id": "hard-00131", "is_utility_pole": true, "pole_type": "wood_utility", "model_flags": [], "model_watch": [], "lean": "none", "crossarm": "intact", "vegetation": "near", "transformer": false, "attachments_estimate": 0, "photos_assessed": 6, "capture_sequences": 4, "photo_shown_date": "2016-06", "latest_available_photo_date": "2018-07", "source_photo_url": "https://www.mapillary.com/app/?pKey=271696671355686&focus=photo", "nearest_osm_pole_m": null}}, {"type": "Feature", "geometry": {"type": "Point", "coordinates": [-72.28324, 44.53061]}, "properties": {"id": "hard-00132", "is_utility_pole": true, "pole_type": "wood_utility", "model_flags": [], "model_watch": [], "lean": "none", "crossarm": "intact", "vegetation": "none", "transformer": false, "attachments_estimate": 1, "photos_assessed": 3, "capture_sequences": 1, "photo_shown_date": "2016-06", "latest_available_photo_date": "2016-06", "source_photo_url": "https://www.mapillary.com/app/?pKey=498631821553680&focus=photo", "nearest_osm_pole_m": null}}, {"type": "Feature", "geometry": {"type": "Point", "coordinates": [-72.28368, 44.530052]}, "properties": {"id": "hard-00133", "is_utility_pole": true, "pole_type": "wood_utility", "model_flags": [], "model_watch": [], "lean": "none", "crossarm": "intact", "vegetation": "none", "transformer": false, "attachments_estimate": 0, "photos_assessed": 3, "capture_sequences": 2, "photo_shown_date": "2018-07", "latest_available_photo_date": "2018-07", "source_photo_url": "https://www.mapillary.com/app/?pKey=1179616892479007&focus=photo", "nearest_osm_pole_m": null}}, {"type": "Feature", "geometry": {"type": "Point", "coordinates": [-72.28391, 44.529785]}, "properties": {"id": "hard-00134", "is_utility_pole": true, "pole_type": "wood_utility", "model_flags": [], "model_watch": [], "lean": "none", "crossarm": "intact", "vegetation": "near", "transformer": false, "attachments_estimate": 0, "photos_assessed": 3, "capture_sequences": 3, "photo_shown_date": "2016-06", "latest_available_photo_date": "2016-06", "source_photo_url": "https://www.mapillary.com/app/?pKey=332531524933586&focus=photo", "nearest_osm_pole_m": null}}, {"type": "Feature", "geometry": {"type": "Point", "coordinates": [-72.28445, 44.52924]}, "properties": {"id": "hard-00135", "is_utility_pole": true, "pole_type": "wood_utility", "model_flags": [], "model_watch": ["lean_slight"], "lean": "slight", "crossarm": "intact", "vegetation": "near", "transformer": false, "attachments_estimate": 1, "photos_assessed": 3, "capture_sequences": 2, "photo_shown_date": "2016-06", "latest_available_photo_date": "2016-06", "source_photo_url": "https://www.mapillary.com/app/?pKey=292410959230991&focus=photo", "nearest_osm_pole_m": null}}, {"type": "Feature", "geometry": {"type": "Point", "coordinates": [-72.282326, 44.531796]}, "properties": {"id": "hard-00136", "is_utility_pole": true, "pole_type": "wood_utility", "model_flags": [], "model_watch": [], "lean": "none", "crossarm": "intact", "vegetation": "near", "transformer": false, "attachments_estimate": 1, "photos_assessed": 2, "capture_sequences": 1, "photo_shown_date": "2016-06", "latest_available_photo_date": "2016-06", "source_photo_url": "https://www.mapillary.com/app/?pKey=1871280659700115&focus=photo", "nearest_osm_pole_m": null}}, {"type": "Feature", "geometry": {"type": "Point", "coordinates": [-72.28503, 44.528793]}, "properties": {"id": "hard-00137", "is_utility_pole": true, "pole_type": "wood_utility", "model_flags": [], "model_watch": [], "lean": "none", "crossarm": "intact", "vegetation": "near", "transformer": false, "attachments_estimate": 1, "photos_assessed": 3, "capture_sequences": 3, "photo_shown_date": "2018-07", "latest_available_photo_date": "2018-07", "source_photo_url": "https://www.mapillary.com/app/?pKey=143843297734370&focus=photo", "nearest_osm_pole_m": null}}, {"type": "Feature", "geometry": {"type": "Point", "coordinates": [-72.283295, 44.530525]}, "properties": {"id": "hard-00138", "is_utility_pole": true, "pole_type": "wood_utility", "model_flags": [], "model_watch": [], "lean": "none", "crossarm": "intact", "vegetation": "none", "transformer": false, "attachments_estimate": 0, "photos_assessed": 3, "capture_sequences": 2, "photo_shown_date": "2018-07", "latest_available_photo_date": "2018-07", "source_photo_url": "https://www.mapillary.com/app/?pKey=303611761471507&focus=photo", "nearest_osm_pole_m": null}}, {"type": "Feature", "geometry": {"type": "Point", "coordinates": [-72.310104, 44.48817]}, "properties": {"id": "hard-00139", "is_utility_pole": true, "pole_type": "wood_utility", "model_flags": ["vegetation"], "model_watch": ["lean_slight"], "lean": "slight", "crossarm": "none_visible", "vegetation": "touching", "transformer": false, "attachments_estimate": 0, "photos_assessed": 3, "capture_sequences": 2, "photo_shown_date": "2018-07", "latest_available_photo_date": "2018-07", "source_photo_url": "https://www.mapillary.com/app/?pKey=988016678621669&focus=photo", "nearest_osm_pole_m": null}}, {"type": "Feature", "geometry": {"type": "Point", "coordinates": [-72.345726, 44.50912]}, "properties": {"id": "hard-00140", "is_utility_pole": true, "pole_type": "wood_utility", "model_flags": [], "model_watch": ["lean_slight"], "lean": "slight", "crossarm": "none_visible", "vegetation": "near", "transformer": false, "attachments_estimate": 0, "photos_assessed": 3, "capture_sequences": 2, "photo_shown_date": "2017-07", "latest_available_photo_date": "2017-07", "source_photo_url": "https://www.mapillary.com/app/?pKey=173841164667308&focus=photo", "nearest_osm_pole_m": null}}, {"type": "Feature", "geometry": {"type": "Point", "coordinates": [-72.3504, 44.507]}, "properties": {"id": "hard-00141", "is_utility_pole": true, "pole_type": "wood_utility", "model_flags": ["vegetation"], "model_watch": ["lean_slight"], "lean": "slight", "crossarm": "none_visible", "vegetation": "touching", "transformer": false, "attachments_estimate": 0, "photos_assessed": 3, "capture_sequences": 1, "photo_shown_date": "2015-07", "latest_available_photo_date": "2015-07", "source_photo_url": "https://www.mapillary.com/app/?pKey=3126596940893997&focus=photo", "nearest_osm_pole_m": null}}, {"type": "Feature", "geometry": {"type": "Point", "coordinates": [-72.35193, 44.506584]}, "properties": {"id": "hard-00142", "is_utility_pole": true, "pole_type": "wood_utility", "model_flags": [], "model_watch": [], "lean": "none", "crossarm": "intact", "vegetation": "near", "transformer": false, "attachments_estimate": 1, "photos_assessed": 3, "capture_sequences": 2, "photo_shown_date": "2019-07", "latest_available_photo_date": "2019-07", "source_photo_url": "https://www.mapillary.com/app/?pKey=566150681042194&focus=photo", "nearest_osm_pole_m": null}}, {"type": "Feature", "geometry": {"type": "Point", "coordinates": [-72.410918, 44.4665225]}, "properties": {"id": "hard-00143", "is_utility_pole": true, "pole_type": "wood_utility", "model_flags": [], "model_watch": ["lean_slight"], "lean": "slight", "crossarm": "intact", "vegetation": "near", "transformer": false, "attachments_estimate": 1, "photos_assessed": 4, "capture_sequences": 3, "photo_shown_date": "2016-07", "latest_available_photo_date": "2018-06", "source_photo_url": "https://www.mapillary.com/app/?pKey=212703840667064&focus=photo", "nearest_osm_pole_m": null}}, {"type": "Feature", "geometry": {"type": "Point", "coordinates": [-72.29451, 44.524574]}, "properties": {"id": "hard-00144", "is_utility_pole": true, "pole_type": "wood_utility", "model_flags": [], "model_watch": [], "lean": "none", "crossarm": "intact", "vegetation": "near", "transformer": false, "attachments_estimate": 1, "photos_assessed": 1, "capture_sequences": 1, "photo_shown_date": "2018-07", "latest_available_photo_date": "2018-07", "source_photo_url": "https://www.mapillary.com/app/?pKey=1175326199602764&focus=photo", "nearest_osm_pole_m": null}}, {"type": "Feature", "geometry": {"type": "Point", "coordinates": [-72.294075, 44.5244]}, "properties": {"id": "hard-00145", "is_utility_pole": false, "pole_type": "unclear", "model_flags": [], "model_watch": [], "lean": "unclear", "crossarm": "none_visible", "vegetation": "unclear", "transformer": false, "attachments_estimate": 0, "photos_assessed": 1, "capture_sequences": 1, "photo_shown_date": "2014-06", "latest_available_photo_date": "2016-06", "source_photo_url": "https://www.mapillary.com/app/?pKey=5521802541224814&focus=photo", "nearest_osm_pole_m": null}}, {"type": "Feature", "geometry": {"type": "Point", "coordinates": [-72.3686, 44.559086]}, "properties": {"id": "hard-00146", "is_utility_pole": true, "pole_type": "wood_utility", "model_flags": ["vegetation"], "model_watch": [], "lean": "unclear", "crossarm": "unclear", "vegetation": "touching", "transformer": false, "attachments_estimate": 0, "photos_assessed": 1, "capture_sequences": 1, "photo_shown_date": "2016-07", "latest_available_photo_date": "2018-07", "source_photo_url": "https://www.mapillary.com/app/?pKey=1208752942906485&focus=photo", "nearest_osm_pole_m": null}}, {"type": "Feature", "geometry": {"type": "Point", "coordinates": [-72.31817, 44.503918]}, "properties": {"id": "hard-00147", "is_utility_pole": false, "pole_type": "unclear", "model_flags": [], "model_watch": [], "lean": "unclear", "crossarm": "none_visible", "vegetation": "none", "transformer": false, "attachments_estimate": 0, "photos_assessed": 1, "capture_sequences": 1, "photo_shown_date": "2018-07", "latest_available_photo_date": "2018-07", "source_photo_url": "https://www.mapillary.com/app/?pKey=204066808206862&focus=photo", "nearest_osm_pole_m": null}}, {"type": "Feature", "geometry": {"type": "Point", "coordinates": [-72.31755, 44.504487]}, "properties": {"id": "hard-00148", "is_utility_pole": true, "pole_type": "wood_utility", "model_flags": ["lean", "vegetation"], "model_watch": [], "lean": "moderate", "crossarm": "none_visible", "vegetation": "touching", "transformer": false, "attachments_estimate": 1, "photos_assessed": 6, "capture_sequences": 4, "photo_shown_date": "2018-07", "latest_available_photo_date": "2018-07", "source_photo_url": "https://www.mapillary.com/app/?pKey=476401790137479&focus=photo", "nearest_osm_pole_m": null}}, {"type": "Feature", "geometry": {"type": "Point", "coordinates": [-72.283175, 44.47239]}, "properties": {"id": "hard-00149", "is_utility_pole": true, "pole_type": "wood_utility", "model_flags": ["vegetation"], "model_watch": [], "lean": "none", "crossarm": "none_visible", "vegetation": "touching", "transformer": false, "attachments_estimate": 0, "photos_assessed": 6, "capture_sequences": 4, "photo_shown_date": "2018-07", "latest_available_photo_date": "2018-07", "source_photo_url": "https://www.mapillary.com/app/?pKey=296884382098251&focus=photo", "nearest_osm_pole_m": null}}, {"type": "Feature", "geometry": {"type": "Point", "coordinates": [-72.28852, 44.474106]}, "properties": {"id": "hard-00150", "is_utility_pole": true, "pole_type": "wood_utility", "model_flags": ["vegetation"], "model_watch": ["lean_slight"], "lean": "slight", "crossarm": "unclear", "vegetation": "touching", "transformer": false, "attachments_estimate": 0, "photos_assessed": 3, "capture_sequences": 2, "photo_shown_date": "2016-06", "latest_available_photo_date": "2016-06", "source_photo_url": "https://www.mapillary.com/app/?pKey=541264743536912&focus=photo", "nearest_osm_pole_m": null}}, {"type": "Feature", "geometry": {"type": "Point", "coordinates": [-72.28772, 44.47393]}, "properties": {"id": "hard-00151", "is_utility_pole": true, "pole_type": "wood_utility", "model_flags": [], "model_watch": [], "lean": "none", "crossarm": "none_visible", "vegetation": "near", "transformer": false, "attachments_estimate": 0, "photos_assessed": 3, "capture_sequences": 2, "photo_shown_date": "2016-06", "latest_available_photo_date": "2016-06", "source_photo_url": "https://www.mapillary.com/app/?pKey=559902965414544&focus=photo", "nearest_osm_pole_m": null}}, {"type": "Feature", "geometry": {"type": "Point", "coordinates": [-72.284, 44.472912]}, "properties": {"id": "hard-00152", "is_utility_pole": true, "pole_type": "wood_utility", "model_flags": ["vegetation"], "model_watch": ["lean_slight"], "lean": "slight", "crossarm": "none_visible", "vegetation": "touching", "transformer": false, "attachments_estimate": 0, "photos_assessed": 6, "capture_sequences": 4, "photo_shown_date": "2016-06", "latest_available_photo_date": "2016-06", "source_photo_url": "https://www.mapillary.com/app/?pKey=330794148398086&focus=photo", "nearest_osm_pole_m": null}}, {"type": "Feature", "geometry": {"type": "Point", "coordinates": [-72.286835, 44.473648]}, "properties": {"id": "hard-00153", "is_utility_pole": false, "pole_type": "unclear", "model_flags": [], "model_watch": [], "lean": "unclear", "crossarm": "none_visible", "vegetation": "unclear", "transformer": false, "attachments_estimate": 0, "photos_assessed": 3, "capture_sequences": 1, "photo_shown_date": "2014-07", "latest_available_photo_date": "2014-07", "source_photo_url": "https://www.mapillary.com/app/?pKey=298942821881841&focus=photo", "nearest_osm_pole_m": null}}, {"type": "Feature", "geometry": {"type": "Point", "coordinates": [-72.296326, 44.574646]}, "properties": {"id": "hard-00154", "is_utility_pole": true, "pole_type": "wood_utility", "model_flags": [], "model_watch": [], "lean": "none", "crossarm": "none_visible", "vegetation": "none", "transformer": false, "attachments_estimate": 1, "photos_assessed": 2, "capture_sequences": 2, "photo_shown_date": "2019-07", "latest_available_photo_date": "2019-07", "source_photo_url": "https://www.mapillary.com/app/?pKey=3956170297831115&focus=photo", "nearest_osm_pole_m": null}}, {"type": "Feature", "geometry": {"type": "Point", "coordinates": [-72.287094, 44.473732]}, "properties": {"id": "hard-00155", "is_utility_pole": true, "pole_type": "wood_utility", "model_flags": [], "model_watch": ["lean_slight"], "lean": "slight", "crossarm": "none_visible", "vegetation": "near", "transformer": false, "attachments_estimate": 0, "photos_assessed": 3, "capture_sequences": 3, "photo_shown_date": "2016-06", "latest_available_photo_date": "2016-06", "source_photo_url": "https://www.mapillary.com/app/?pKey=774277330123213&focus=photo", "nearest_osm_pole_m": null}}, {"type": "Feature", "geometry": {"type": "Point", "coordinates": [-72.28632, 44.473515]}, "properties": {"id": "hard-00156", "is_utility_pole": true, "pole_type": "wood_utility", "model_flags": [], "model_watch": ["lean_slight"], "lean": "slight", "crossarm": "none_visible", "vegetation": "near", "transformer": false, "attachments_estimate": 0, "photos_assessed": 3, "capture_sequences": 3, "photo_shown_date": "2018-07", "latest_available_photo_date": "2018-07", "source_photo_url": "https://www.mapillary.com/app/?pKey=1186711688437499&focus=photo", "nearest_osm_pole_m": null}}, {"type": "Feature", "geometry": {"type": "Point", "coordinates": [-72.296665, 44.57434]}, "properties": {"id": "hard-00157", "is_utility_pole": true, "pole_type": "wood_utility", "model_flags": [], "model_watch": [], "lean": "none", "crossarm": "none_visible", "vegetation": "near", "transformer": false, "attachments_estimate": 0, "photos_assessed": 6, "capture_sequences": 4, "photo_shown_date": "2019-07", "latest_available_photo_date": "2019-07", "source_photo_url": "https://www.mapillary.com/app/?pKey=806149080279576&focus=photo", "nearest_osm_pole_m": null}}, {"type": "Feature", "geometry": {"type": "Point", "coordinates": [-72.36471, 44.505627]}, "properties": {"id": "hard-00158", "is_utility_pole": true, "pole_type": "wood_utility", "model_flags": [], "model_watch": [], "lean": "none", "crossarm": "none_visible", "vegetation": "near", "transformer": false, "attachments_estimate": 1, "photos_assessed": 3, "capture_sequences": 3, "photo_shown_date": "2019-07", "latest_available_photo_date": "2019-07", "source_photo_url": "https://www.mapillary.com/app/?pKey=539472924093393&focus=photo", "nearest_osm_pole_m": null}}, {"type": "Feature", "geometry": {"type": "Point", "coordinates": [-72.29916, 44.5224]}, "properties": {"id": "hard-00159", "is_utility_pole": true, "pole_type": "wood_utility", "model_flags": [], "model_watch": [], "lean": "none", "crossarm": "intact", "vegetation": "near", "transformer": false, "attachments_estimate": 1, "photos_assessed": 3, "capture_sequences": 2, "photo_shown_date": "2016-06", "latest_available_photo_date": "2016-06", "source_photo_url": "https://www.mapillary.com/app/?pKey=332088121667989&focus=photo", "nearest_osm_pole_m": null}}, {"type": "Feature", "geometry": {"type": "Point", "coordinates": [-72.31577, 44.512127]}, "properties": {"id": "hard-00160", "is_utility_pole": true, "pole_type": "wood_utility", "model_flags": [], "model_watch": ["lean_slight"], "lean": "slight", "crossarm": "intact", "vegetation": "near", "transformer": false, "attachments_estimate": 0, "photos_assessed": 2, "capture_sequences": 1, "photo_shown_date": "2016-06", "latest_available_photo_date": "2018-07", "source_photo_url": "https://www.mapillary.com/app/?pKey=1984690171688205&focus=photo", "nearest_osm_pole_m": null}}, {"type": "Feature", "geometry": {"type": "Point", "coordinates": [-72.2983831, 44.5719807]}, "properties": {"id": "hard-00161", "is_utility_pole": true, "pole_type": "wood_utility", "model_flags": ["vegetation"], "model_watch": ["lean_slight"], "lean": "slight", "crossarm": "intact", "vegetation": "touching", "transformer": false, "attachments_estimate": 1, "photos_assessed": 7, "capture_sequences": 6, "photo_shown_date": "2019-07", "latest_available_photo_date": "2019-07", "source_photo_url": "https://www.mapillary.com/app/?pKey=782963945712843&focus=photo", "nearest_osm_pole_m": null}}, {"type": "Feature", "geometry": {"type": "Point", "coordinates": [-72.36289, 44.504738]}, "properties": {"id": "hard-00162", "is_utility_pole": true, "pole_type": "wood_utility", "model_flags": ["vegetation"], "model_watch": [], "lean": "unclear", "crossarm": "unclear", "vegetation": "touching", "transformer": false, "attachments_estimate": 0, "photos_assessed": 1, "capture_sequences": 1, "photo_shown_date": "2015-07", "latest_available_photo_date": "2019-07", "source_photo_url": "https://www.mapillary.com/app/?pKey=337215531093872&focus=photo", "nearest_osm_pole_m": null}}, {"type": "Feature", "geometry": {"type": "Point", "coordinates": [-72.28725, 44.473792]}, "properties": {"id": "hard-00163", "is_utility_pole": true, "pole_type": "wood_utility", "model_flags": [], "model_watch": ["lean_slight"], "lean": "slight", "crossarm": "none_visible", "vegetation": "near", "transformer": false, "attachments_estimate": 0, "photos_assessed": 5, "capture_sequences": 3, "photo_shown_date": "2014-07", "latest_available_photo_date": "2018-07", "source_photo_url": "https://www.mapillary.com/app/?pKey=5645299928845296&focus=photo", "nearest_osm_pole_m": null}}, {"type": "Feature", "geometry": {"type": "Point", "coordinates": [-72.31635, 44.510647]}, "properties": {"id": "hard-00164", "is_utility_pole": true, "pole_type": "wood_utility", "model_flags": [], "model_watch": [], "lean": "none", "crossarm": "none_visible", "vegetation": "none", "transformer": false, "attachments_estimate": 1, "photos_assessed": 3, "capture_sequences": 2, "photo_shown_date": "2018-07", "latest_available_photo_date": "2018-07", "source_photo_url": "https://www.mapillary.com/app/?pKey=208827254417498&focus=photo", "nearest_osm_pole_m": null}}, {"type": "Feature", "geometry": {"type": "Point", "coordinates": [-72.316, 44.511784]}, "properties": {"id": "hard-00165", "is_utility_pole": true, "pole_type": "wood_utility", "model_flags": [], "model_watch": [], "lean": "none", "crossarm": "none_visible", "vegetation": "near", "transformer": false, "attachments_estimate": 0, "photos_assessed": 3, "capture_sequences": 2, "photo_shown_date": "2016-06", "latest_available_photo_date": "2016-06", "source_photo_url": "https://www.mapillary.com/app/?pKey=2902755309849172&focus=photo", "nearest_osm_pole_m": null}}, {"type": "Feature", "geometry": {"type": "Point", "coordinates": [-72.28797, 44.4739]}, "properties": {"id": "hard-00166", "is_utility_pole": false, "pole_type": "unclear", "model_flags": [], "model_watch": [], "lean": "unclear", "crossarm": "none_visible", "vegetation": "none", "transformer": false, "attachments_estimate": 0, "photos_assessed": 1, "capture_sequences": 1, "photo_shown_date": "2014-07", "latest_available_photo_date": "2014-07", "source_photo_url": "https://www.mapillary.com/app/?pKey=4307110279307187&focus=photo", "nearest_osm_pole_m": null}}, {"type": "Feature", "geometry": {"type": "Point", "coordinates": [-72.31549, 44.51242]}, "properties": {"id": "hard-00167", "is_utility_pole": true, "pole_type": "wood_utility", "model_flags": [], "model_watch": ["lean_slight"], "lean": "slight", "crossarm": "intact", "vegetation": "near", "transformer": false, "attachments_estimate": 1, "photos_assessed": 3, "capture_sequences": 3, "photo_shown_date": "2018-07", "latest_available_photo_date": "2018-07", "source_photo_url": "https://www.mapillary.com/app/?pKey=497901441331582&focus=photo", "nearest_osm_pole_m": null}}, {"type": "Feature", "geometry": {"type": "Point", "coordinates": [-72.31621, 44.51141]}, "properties": {"id": "hard-00168", "is_utility_pole": true, "pole_type": "wood_utility", "model_flags": [], "model_watch": [], "lean": "none", "crossarm": "none_visible", "vegetation": "none", "transformer": false, "attachments_estimate": 0, "photos_assessed": 3, "capture_sequences": 2, "photo_shown_date": "2016-06", "latest_available_photo_date": "2018-07", "source_photo_url": "https://www.mapillary.com/app/?pKey=502257487785790&focus=photo", "nearest_osm_pole_m": null}}, {"type": "Feature", "geometry": {"type": "Point", "coordinates": [-72.31655, 44.510456]}, "properties": {"id": "hard-00169", "is_utility_pole": true, "pole_type": "wood_utility", "model_flags": [], "model_watch": [], "lean": "none", "crossarm": "none_visible", "vegetation": "none", "transformer": false, "attachments_estimate": 0, "photos_assessed": 1, "capture_sequences": 1, "photo_shown_date": "2016-06", "latest_available_photo_date": "2018-07", "source_photo_url": "https://www.mapillary.com/app/?pKey=209230157695685&focus=photo", "nearest_osm_pole_m": null}}, {"type": "Feature", "geometry": {"type": "Point", "coordinates": [-72.359727, 44.505384]}, "properties": {"id": "hard-00170", "is_utility_pole": true, "pole_type": "wood_utility", "model_flags": ["vegetation"], "model_watch": [], "lean": "none", "crossarm": "none_visible", "vegetation": "touching", "transformer": false, "attachments_estimate": 1, "photos_assessed": 6, "capture_sequences": 2, "photo_shown_date": "2019-07", "latest_available_photo_date": "2019-07", "source_photo_url": "https://www.mapillary.com/app/?pKey=1118730328603834&focus=photo", "nearest_osm_pole_m": null}}, {"type": "Feature", "geometry": {"type": "Point", "coordinates": [-72.36668, 44.56608]}, "properties": {"id": "hard-00171", "is_utility_pole": true, "pole_type": "wood_utility", "model_flags": [], "model_watch": ["lean_slight"], "lean": "slight", "crossarm": "none_visible", "vegetation": "near", "transformer": false, "attachments_estimate": 0, "photos_assessed": 3, "capture_sequences": 1, "photo_shown_date": "2016-07", "latest_available_photo_date": "2016-07", "source_photo_url": "https://www.mapillary.com/app/?pKey=296810038760262&focus=photo", "nearest_osm_pole_m": null}}, {"type": "Feature", "geometry": {"type": "Point", "coordinates": [-72.366554, 44.566647]}, "properties": {"id": "hard-00172", "is_utility_pole": true, "pole_type": "wood_utility", "model_flags": [], "model_watch": ["lean_slight"], "lean": "slight", "crossarm": "intact", "vegetation": "none", "transformer": false, "attachments_estimate": 0, "photos_assessed": 2, "capture_sequences": 2, "photo_shown_date": "2018-07", "latest_available_photo_date": "2018-07", "source_photo_url": "https://www.mapillary.com/app/?pKey=2903640936538461&focus=photo", "nearest_osm_pole_m": null}}, {"type": "Feature", "geometry": {"type": "Point", "coordinates": [-72.36523, 44.505955]}, "properties": {"id": "hard-00173", "is_utility_pole": true, "pole_type": "wood_utility", "model_flags": [], "model_watch": [], "lean": "none", "crossarm": "intact", "vegetation": "near", "transformer": false, "attachments_estimate": 1, "photos_assessed": 2, "capture_sequences": 2, "photo_shown_date": "2015-07", "latest_available_photo_date": "2019-07", "source_photo_url": "https://www.mapillary.com/app/?pKey=488516592595094&focus=photo", "nearest_osm_pole_m": null}}, {"type": "Feature", "geometry": {"type": "Point", "coordinates": [-72.37942, 44.51706]}, "properties": {"id": "hard-00174", "is_utility_pole": true, "pole_type": "wood_utility", "model_flags": [], "model_watch": ["lean_slight"], "lean": "slight", "crossarm": "intact", "vegetation": "near", "transformer": false, "attachments_estimate": 1, "photos_assessed": 3, "capture_sequences": 3, "photo_shown_date": "2018-07", "latest_available_photo_date": "2018-07", "source_photo_url": "https://www.mapillary.com/app/?pKey=2471700606309299&focus=photo", "nearest_osm_pole_m": null}}, {"type": "Feature", "geometry": {"type": "Point", "coordinates": [-72.38325, 44.516533]}, "properties": {"id": "hard-00175", "is_utility_pole": true, "pole_type": "wood_utility", "model_flags": [], "model_watch": [], "lean": "none", "crossarm": "intact", "vegetation": "near", "transformer": false, "attachments_estimate": 1, "photos_assessed": 3, "capture_sequences": 1, "photo_shown_date": "2016-06", "latest_available_photo_date": "2016-06", "source_photo_url": "https://www.mapillary.com/app/?pKey=148722727178209&focus=photo", "nearest_osm_pole_m": null}}, {"type": "Feature", "geometry": {"type": "Point", "coordinates": [-72.37983, 44.517166]}, "properties": {"id": "hard-00176", "is_utility_pole": true, "pole_type": "wood_utility", "model_flags": [], "model_watch": [], "lean": "none", "crossarm": "intact", "vegetation": "near", "transformer": false, "attachments_estimate": 0, "photos_assessed": 3, "capture_sequences": 3, "photo_shown_date": "2018-07", "latest_available_photo_date": "2018-07", "source_photo_url": "https://www.mapillary.com/app/?pKey=1705435382996384&focus=photo", "nearest_osm_pole_m": null}}, {"type": "Feature", "geometry": {"type": "Point", "coordinates": [-72.38314, 44.51659]}, "properties": {"id": "hard-00177", "is_utility_pole": true, "pole_type": "wood_utility", "model_flags": [], "model_watch": [], "lean": "none", "crossarm": "intact", "vegetation": "near", "transformer": false, "attachments_estimate": 1, "photos_assessed": 2, "capture_sequences": 2, "photo_shown_date": "2018-07", "latest_available_photo_date": "2018-07", "source_photo_url": "https://www.mapillary.com/app/?pKey=873827083344415&focus=photo", "nearest_osm_pole_m": null}}, {"type": "Feature", "geometry": {"type": "Point", "coordinates": [-72.382164, 44.517117]}, "properties": {"id": "hard-00178", "is_utility_pole": true, "pole_type": "wood_utility", "model_flags": ["vegetation"], "model_watch": ["lean_slight"], "lean": "slight", "crossarm": "unclear", "vegetation": "touching", "transformer": false, "attachments_estimate": 1, "photos_assessed": 1, "capture_sequences": 1, "photo_shown_date": "2014-06", "latest_available_photo_date": "2014-07", "source_photo_url": "https://www.mapillary.com/app/?pKey=199884711957176&focus=photo", "nearest_osm_pole_m": null}}, {"type": "Feature", "geometry": {"type": "Point", "coordinates": [-72.36045, 44.50518]}, "properties": {"id": "hard-00179", "is_utility_pole": true, "pole_type": "wood_utility", "model_flags": [], "model_watch": [], "lean": "none", "crossarm": "none_visible", "vegetation": "none", "transformer": false, "attachments_estimate": 1, "photos_assessed": 3, "capture_sequences": 2, "photo_shown_date": "2019-07", "latest_available_photo_date": "2019-07", "source_photo_url": "https://www.mapillary.com/app/?pKey=541799943651526&focus=photo", "nearest_osm_pole_m": null}}, {"type": "Feature", "geometry": {"type": "Point", "coordinates": [-72.38385, 44.516212]}, "properties": {"id": "hard-00180", "is_utility_pole": true, "pole_type": "wood_utility", "model_flags": [], "model_watch": [], "lean": "none", "crossarm": "intact", "vegetation": "none", "transformer": false, "attachments_estimate": 1, "photos_assessed": 3, "capture_sequences": 3, "photo_shown_date": "2018-07", "latest_available_photo_date": "2018-07", "source_photo_url": "https://www.mapillary.com/app/?pKey=1221602294928756&focus=photo", "nearest_osm_pole_m": null}}, {"type": "Feature", "geometry": {"type": "Point", "coordinates": [-72.37928, 44.517002]}, "properties": {"id": "hard-00181", "is_utility_pole": true, "pole_type": "wood_utility", "model_flags": [], "model_watch": [], "lean": "none", "crossarm": "intact", "vegetation": "near", "transformer": false, "attachments_estimate": 2, "photos_assessed": 3, "capture_sequences": 3, "photo_shown_date": "2016-06", "latest_available_photo_date": "2016-06", "source_photo_url": "https://www.mapillary.com/app/?pKey=1006610366748420&focus=photo", "nearest_osm_pole_m": null}}, {"type": "Feature", "geometry": {"type": "Point", "coordinates": [-72.38344, 44.5164]}, "properties": {"id": "hard-00182", "is_utility_pole": true, "pole_type": "wood_utility", "model_flags": [], "model_watch": [], "lean": "none", "crossarm": "intact", "vegetation": "none", "transformer": false, "attachments_estimate": 0, "photos_assessed": 3, "capture_sequences": 3, "photo_shown_date": "2018-07", "latest_available_photo_date": "2018-07", "source_photo_url": "https://www.mapillary.com/app/?pKey=304396941145372&focus=photo", "nearest_osm_pole_m": null}}, {"type": "Feature", "geometry": {"type": "Point", "coordinates": [-72.3797, 44.517136]}, "properties": {"id": "hard-00183", "is_utility_pole": true, "pole_type": "wood_utility", "model_flags": [], "model_watch": [], "lean": "none", "crossarm": "intact", "vegetation": "near", "transformer": false, "attachments_estimate": 1, "photos_assessed": 3, "capture_sequences": 3, "photo_shown_date": "2018-07", "latest_available_photo_date": "2018-07", "source_photo_url": "https://www.mapillary.com/app/?pKey=176297554414044&focus=photo", "nearest_osm_pole_m": null}}, {"type": "Feature", "geometry": {"type": "Point", "coordinates": [-72.38256, 44.516888]}, "properties": {"id": "hard-00184", "is_utility_pole": true, "pole_type": "wood_utility", "model_flags": [], "model_watch": [], "lean": "none", "crossarm": "intact", "vegetation": "near", "transformer": false, "attachments_estimate": 1, "photos_assessed": 3, "capture_sequences": 2, "photo_shown_date": "2018-07", "latest_available_photo_date": "2018-07", "source_photo_url": "https://www.mapillary.com/app/?pKey=325409852357252&focus=photo", "nearest_osm_pole_m": null}}, {"type": "Feature", "geometry": {"type": "Point", "coordinates": [-72.3791684, 44.5170542]}, "properties": {"id": "hard-00185", "is_utility_pole": true, "pole_type": "wood_utility", "model_flags": [], "model_watch": [], "lean": "none", "crossarm": "intact", "vegetation": "near", "transformer": false, "attachments_estimate": 0, "photos_assessed": 5, "capture_sequences": 4, "photo_shown_date": "2018-07", "latest_available_photo_date": "2018-07", "source_photo_url": "https://www.mapillary.com/app/?pKey=209372467674017&focus=photo", "nearest_osm_pole_m": null}}, {"type": "Feature", "geometry": {"type": "Point", "coordinates": [-72.37905, 44.517391]}, "properties": {"id": "hard-00186", "is_utility_pole": true, "pole_type": "wood_utility", "model_flags": [], "model_watch": ["lean_slight"], "lean": "slight", "crossarm": "none_visible", "vegetation": "none", "transformer": false, "attachments_estimate": 0, "photos_assessed": 6, "capture_sequences": 4, "photo_shown_date": "2018-07", "latest_available_photo_date": "2018-07", "source_photo_url": "https://www.mapillary.com/app/?pKey=463698988066435&focus=photo", "nearest_osm_pole_m": null}}, {"type": "Feature", "geometry": {"type": "Point", "coordinates": [-72.38422, 44.516024]}, "properties": {"id": "hard-00187", "is_utility_pole": true, "pole_type": "wood_utility", "model_flags": [], "model_watch": ["lean_slight"], "lean": "slight", "crossarm": "intact", "vegetation": "near", "transformer": false, "attachments_estimate": 1, "photos_assessed": 6, "capture_sequences": 3, "photo_shown_date": "2018-07", "latest_available_photo_date": "2018-07", "source_photo_url": "https://www.mapillary.com/app/?pKey=337844101073980&focus=photo", "nearest_osm_pole_m": null}}, {"type": "Feature", "geometry": {"type": "Point", "coordinates": [-72.37954, 44.51707]}, "properties": {"id": "hard-00188", "is_utility_pole": true, "pole_type": "wood_utility", "model_flags": ["vegetation"], "model_watch": [], "lean": "none", "crossarm": "intact", "vegetation": "touching", "transformer": false, "attachments_estimate": 1, "photos_assessed": 3, "capture_sequences": 2, "photo_shown_date": "2016-06", "latest_available_photo_date": "2016-06", "source_photo_url": "https://www.mapillary.com/app/?pKey=194504359209563&focus=photo", "nearest_osm_pole_m": null}}, {"type": "Feature", "geometry": {"type": "Point", "coordinates": [-72.3839775, 44.516115]}, "properties": {"id": "hard-00189", "is_utility_pole": true, "pole_type": "wood_utility", "model_flags": [], "model_watch": ["lean_slight"], "lean": "slight", "crossarm": "none_visible", "vegetation": "near", "transformer": false, "attachments_estimate": 0, "photos_assessed": 6, "capture_sequences": 4, "photo_shown_date": "2018-07", "latest_available_photo_date": "2018-07", "source_photo_url": "https://www.mapillary.com/app/?pKey=530641081302802&focus=photo", "nearest_osm_pole_m": null}}, {"type": "Feature", "geometry": {"type": "Point", "coordinates": [-72.379265, 44.517387]}, "properties": {"id": "hard-00190", "is_utility_pole": true, "pole_type": "wood_utility", "model_flags": [], "model_watch": [], "lean": "none", "crossarm": "none_visible", "vegetation": "near", "transformer": false, "attachments_estimate": 0, "photos_assessed": 2, "capture_sequences": 2, "photo_shown_date": "2016-06", "latest_available_photo_date": "2018-07", "source_photo_url": "https://www.mapillary.com/app/?pKey=194504359209563&focus=photo", "nearest_osm_pole_m": null}}, {"type": "Feature", "geometry": {"type": "Point", "coordinates": [-72.381983, 44.5171815]}, "properties": {"id": "hard-00191", "is_utility_pole": true, "pole_type": "wood_utility", "model_flags": ["vegetation"], "model_watch": ["lean_slight"], "lean": "slight", "crossarm": "intact", "vegetation": "touching", "transformer": false, "attachments_estimate": 0, "photos_assessed": 6, "capture_sequences": 3, "photo_shown_date": "2018-07", "latest_available_photo_date": "2018-07", "source_photo_url": "https://www.mapillary.com/app/?pKey=737017990299508&focus=photo", "nearest_osm_pole_m": null}}, {"type": "Feature", "geometry": {"type": "Point", "coordinates": [-72.36553, 44.505184]}, "properties": {"id": "hard-00192", "is_utility_pole": true, "pole_type": "wood_utility", "model_flags": [], "model_watch": [], "lean": "none", "crossarm": "none_visible", "vegetation": "near", "transformer": false, "attachments_estimate": 2, "photos_assessed": 3, "capture_sequences": 2, "photo_shown_date": "2019-07", "latest_available_photo_date": "2019-07", "source_photo_url": "https://www.mapillary.com/app/?pKey=831088514215631&focus=photo", "nearest_osm_pole_m": null}}, {"type": "Feature", "geometry": {"type": "Point", "coordinates": [-72.36559, 44.50512]}, "properties": {"id": "hard-00193", "is_utility_pole": true, "pole_type": "wood_utility", "model_flags": [], "model_watch": ["lean_slight"], "lean": "slight", "crossarm": "intact", "vegetation": "near", "transformer": true, "attachments_estimate": 2, "photos_assessed": 3, "capture_sequences": 3, "photo_shown_date": "2019-07", "latest_available_photo_date": "2019-07", "source_photo_url": "https://www.mapillary.com/app/?pKey=182948247058052&focus=photo", "nearest_osm_pole_m": null}}, {"type": "Feature", "geometry": {"type": "Point", "coordinates": [-72.36471, 44.505997]}, "properties": {"id": "hard-00194", "is_utility_pole": true, "pole_type": "wood_utility", "model_flags": [], "model_watch": ["lean_slight"], "lean": "slight", "crossarm": "intact", "vegetation": "near", "transformer": false, "attachments_estimate": 2, "photos_assessed": 3, "capture_sequences": 3, "photo_shown_date": "2017-07", "latest_available_photo_date": "2017-07", "source_photo_url": "https://www.mapillary.com/app/?pKey=182404267006826&focus=photo", "nearest_osm_pole_m": null}}, {"type": "Feature", "geometry": {"type": "Point", "coordinates": [-72.364925, 44.505753]}, "properties": {"id": "hard-00195", "is_utility_pole": true, "pole_type": "wood_utility", "model_flags": [], "model_watch": [], "lean": "none", "crossarm": "none_visible", "vegetation": "near", "transformer": false, "attachments_estimate": 2, "photos_assessed": 6, "capture_sequences": 3, "photo_shown_date": "2019-07", "latest_available_photo_date": "2019-07", "source_photo_url": "https://www.mapillary.com/app/?pKey=1136421103539079&focus=photo", "nearest_osm_pole_m": null}}, {"type": "Feature", "geometry": {"type": "Point", "coordinates": [-72.3649825, 44.505896]}, "properties": {"id": "hard-00196", "is_utility_pole": true, "pole_type": "wood_utility", "model_flags": [], "model_watch": [], "lean": "none", "crossarm": "none_visible", "vegetation": "near", "transformer": false, "attachments_estimate": 1, "photos_assessed": 6, "capture_sequences": 4, "photo_shown_date": "2019-07", "latest_available_photo_date": "2019-07", "source_photo_url": "https://www.mapillary.com/app/?pKey=4338069019610852&focus=photo", "nearest_osm_pole_m": null}}, {"type": "Feature", "geometry": {"type": "Point", "coordinates": [-72.36485, 44.50586]}, "properties": {"id": "hard-00197", "is_utility_pole": true, "pole_type": "wood_utility", "model_flags": [], "model_watch": [], "lean": "none", "crossarm": "intact", "vegetation": "near", "transformer": false, "attachments_estimate": 1, "photos_assessed": 3, "capture_sequences": 2, "photo_shown_date": "2017-07", "latest_available_photo_date": "2017-07", "source_photo_url": "https://www.mapillary.com/app/?pKey=2866898956910346&focus=photo", "nearest_osm_pole_m": null}}, {"type": "Feature", "geometry": {"type": "Point", "coordinates": [-72.36474, 44.505917]}, "properties": {"id": "hard-00198", "is_utility_pole": true, "pole_type": "wood_utility", "model_flags": [], "model_watch": [], "lean": "none", "crossarm": "intact", "vegetation": "near", "transformer": false, "attachments_estimate": 2, "photos_assessed": 3, "capture_sequences": 2, "photo_shown_date": "2019-07", "latest_available_photo_date": "2019-07", "source_photo_url": "https://www.mapillary.com/app/?pKey=471957560537505&focus=photo", "nearest_osm_pole_m": null}}, {"type": "Feature", "geometry": {"type": "Point", "coordinates": [-72.365295, 44.505413]}, "properties": {"id": "hard-00199", "is_utility_pole": true, "pole_type": "wood_utility", "model_flags": [], "model_watch": [], "lean": "none", "crossarm": "intact", "vegetation": "near", "transformer": false, "attachments_estimate": 2, "photos_assessed": 3, "capture_sequences": 2, "photo_shown_date": "2017-07", "latest_available_photo_date": "2017-07", "source_photo_url": "https://www.mapillary.com/app/?pKey=1296632100792092&focus=photo", "nearest_osm_pole_m": null}}, {"type": "Feature", "geometry": {"type": "Point", "coordinates": [-72.34815, 44.508007]}, "properties": {"id": "hard-00200", "is_utility_pole": true, "pole_type": "wood_utility", "model_flags": [], "model_watch": [], "lean": "none", "crossarm": "intact", "vegetation": "near", "transformer": false, "attachments_estimate": 1, "photos_assessed": 3, "capture_sequences": 2, "photo_shown_date": "2019-07", "latest_available_photo_date": "2019-07", "source_photo_url": "https://www.mapillary.com/app/?pKey=296397422154116&focus=photo", "nearest_osm_pole_m": null}}, {"type": "Feature", "geometry": {"type": "Point", "coordinates": [-72.347466, 44.508312]}, "properties": {"id": "hard-00201", "is_utility_pole": true, "pole_type": "wood_utility", "model_flags": ["vegetation"], "model_watch": ["lean_slight"], "lean": "slight", "crossarm": "intact", "vegetation": "touching", "transformer": false, "attachments_estimate": 0, "photos_assessed": 3, "capture_sequences": 1, "photo_shown_date": "2019-07", "latest_available_photo_date": "2019-07", "source_photo_url": "https://www.mapillary.com/app/?pKey=347218050070455&focus=photo", "nearest_osm_pole_m": null}}, {"type": "Feature", "geometry": {"type": "Point", "coordinates": [-72.265755, 44.55024]}, "properties": {"id": "hard-00202", "is_utility_pole": true, "pole_type": "wood_utility", "model_flags": ["vegetation"], "model_watch": ["lean_slight"], "lean": "slight", "crossarm": "none_visible", "vegetation": "touching", "transformer": false, "attachments_estimate": 1, "photos_assessed": 3, "capture_sequences": 2, "photo_shown_date": "2019-07", "latest_available_photo_date": "2019-07", "source_photo_url": "https://www.mapillary.com/app/?pKey=932509547534977&focus=photo", "nearest_osm_pole_m": null}}, {"type": "Feature", "geometry": {"type": "Point", "coordinates": [-72.265075, 44.5486545]}, "properties": {"id": "hard-00203", "is_utility_pole": true, "pole_type": "wood_utility", "model_flags": [], "model_watch": ["lean_slight"], "lean": "slight", "crossarm": "none_visible", "vegetation": "near", "transformer": false, "attachments_estimate": 0, "photos_assessed": 6, "capture_sequences": 4, "photo_shown_date": "2019-07", "latest_available_photo_date": "2019-07", "source_photo_url": "https://www.mapillary.com/app/?pKey=229025035655720&focus=photo", "nearest_osm_pole_m": null}}, {"type": "Feature", "geometry": {"type": "Point", "coordinates": [-72.26554, 44.54947]}, "properties": {"id": "hard-00204", "is_utility_pole": true, "pole_type": "wood_utility", "model_flags": ["vegetation"], "model_watch": ["lean_slight"], "lean": "slight", "crossarm": "none_visible", "vegetation": "touching", "transformer": false, "attachments_estimate": 1, "photos_assessed": 3, "capture_sequences": 2, "photo_shown_date": "2017-07", "latest_available_photo_date": "2017-07", "source_photo_url": "https://www.mapillary.com/app/?pKey=864931807395550&focus=photo", "nearest_osm_pole_m": null}}, {"type": "Feature", "geometry": {"type": "Point", "coordinates": [-72.26579, 44.54983]}, "properties": {"id": "hard-00205", "is_utility_pole": true, "pole_type": "wood_utility", "model_flags": [], "model_watch": ["lean_slight"], "lean": "slight", "crossarm": "none_visible", "vegetation": "near", "transformer": false, "attachments_estimate": 1, "photos_assessed": 3, "capture_sequences": 3, "photo_shown_date": "2019-07", "latest_available_photo_date": "2019-07", "source_photo_url": "https://www.mapillary.com/app/?pKey=299409571857669&focus=photo", "nearest_osm_pole_m": null}}, {"type": "Feature", "geometry": {"type": "Point", "coordinates": [-72.26537, 44.548855]}, "properties": {"id": "hard-00206", "is_utility_pole": true, "pole_type": "wood_utility", "model_flags": ["vegetation"], "model_watch": [], "lean": "none", "crossarm": "none_visible", "vegetation": "touching", "transformer": false, "attachments_estimate": 0, "photos_assessed": 3, "capture_sequences": 3, "photo_shown_date": "2019-07", "latest_available_photo_date": "2019-07", "source_photo_url": "https://www.mapillary.com/app/?pKey=479297743143666&focus=photo", "nearest_osm_pole_m": null}}, {"type": "Feature", "geometry": {"type": "Point", "coordinates": [-72.26465, 44.54805]}, "properties": {"id": "hard-00207", "is_utility_pole": true, "pole_type": "wood_utility", "model_flags": [], "model_watch": ["lean_slight"], "lean": "slight", "crossarm": "none_visible", "vegetation": "near", "transformer": false, "attachments_estimate": 1, "photos_assessed": 3, "capture_sequences": 3, "photo_shown_date": "2017-07", "latest_available_photo_date": "2017-07", "source_photo_url": "https://www.mapillary.com/app/?pKey=489828032341669&focus=photo", "nearest_osm_pole_m": null}}, {"type": "Feature", "geometry": {"type": "Point", "coordinates": [-72.26583, 44.54996]}, "properties": {"id": "hard-00208", "is_utility_pole": true, "pole_type": "wood_utility", "model_flags": [], "model_watch": ["lean_slight"], "lean": "slight", "crossarm": "none_visible", "vegetation": "near", "transformer": false, "attachments_estimate": 1, "photos_assessed": 3, "capture_sequences": 3, "photo_shown_date": "2019-07", "latest_available_photo_date": "2019-07", "source_photo_url": "https://www.mapillary.com/app/?pKey=957626398110511&focus=photo", "nearest_osm_pole_m": null}}, {"type": "Feature", "geometry": {"type": "Point", "coordinates": [-72.38811, 44.480324]}, "properties": {"id": "hard-00209", "is_utility_pole": true, "pole_type": "wood_utility", "model_flags": [], "model_watch": [], "lean": "none", "crossarm": "intact", "vegetation": "near", "transformer": false, "attachments_estimate": 0, "photos_assessed": 3, "capture_sequences": 3, "photo_shown_date": "2018-07", "latest_available_photo_date": "2018-07", "source_photo_url": "https://www.mapillary.com/app/?pKey=6188874717805031&focus=photo", "nearest_osm_pole_m": null}}, {"type": "Feature", "geometry": {"type": "Point", "coordinates": [-72.39041, 44.47883]}, "properties": {"id": "hard-00210", "is_utility_pole": true, "pole_type": "wood_utility", "model_flags": [], "model_watch": ["lean_slight"], "lean": "slight", "crossarm": "intact", "vegetation": "near", "transformer": false, "attachments_estimate": 1, "photos_assessed": 3, "capture_sequences": 3, "photo_shown_date": "2018-07", "latest_available_photo_date": "2018-07", "source_photo_url": "https://www.mapillary.com/app/?pKey=470712040671525&focus=photo", "nearest_osm_pole_m": null}}, {"type": "Feature", "geometry": {"type": "Point", "coordinates": [-72.38962, 44.4791235]}, "properties": {"id": "hard-00211", "is_utility_pole": true, "pole_type": "wood_utility", "model_flags": ["vegetation"], "model_watch": ["lean_slight"], "lean": "slight", "crossarm": "intact", "vegetation": "touching", "transformer": false, "attachments_estimate": 0, "photos_assessed": 6, "capture_sequences": 4, "photo_shown_date": "2018-07", "latest_available_photo_date": "2018-07", "source_photo_url": "https://www.mapillary.com/app/?pKey=565122284457370&focus=photo", "nearest_osm_pole_m": null}}, {"type": "Feature", "geometry": {"type": "Point", "coordinates": [-72.38668, 44.480854]}, "properties": {"id": "hard-00212", "is_utility_pole": true, "pole_type": "wood_utility", "model_flags": ["vegetation"], "model_watch": [], "lean": "none", "crossarm": "intact", "vegetation": "touching", "transformer": false, "attachments_estimate": 0, "photos_assessed": 3, "capture_sequences": 2, "photo_shown_date": "2014-07", "latest_available_photo_date": "2016-07", "source_photo_url": "https://www.mapillary.com/app/?pKey=524925922254210&focus=photo", "nearest_osm_pole_m": null}}, {"type": "Feature", "geometry": {"type": "Point", "coordinates": [-72.28211, 44.564293]}, "properties": {"id": "hard-00213", "is_utility_pole": true, "pole_type": "wood_utility", "model_flags": [], "model_watch": [], "lean": "none", "crossarm": "none_visible", "vegetation": "none", "transformer": false, "attachments_estimate": 0, "photos_assessed": 1, "capture_sequences": 1, "photo_shown_date": "2015-07", "latest_available_photo_date": "2019-07", "source_photo_url": "https://www.mapillary.com/app/?pKey=5656110737763293&focus=photo", "nearest_osm_pole_m": null}}, {"type": "Feature", "geometry": {"type": "Point", "coordinates": [-72.281685, 44.564007]}, "properties": {"id": "hard-00214", "is_utility_pole": true, "pole_type": "wood_utility", "model_flags": ["vegetation"], "model_watch": ["lean_slight"], "lean": "slight", "crossarm": "none_visible", "vegetation": "touching", "transformer": false, "attachments_estimate": 0, "photos_assessed": 3, "capture_sequences": 2, "photo_shown_date": "2019-07", "latest_available_photo_date": "2019-07", "source_photo_url": "https://www.mapillary.com/app/?pKey=498150941235195&focus=photo", "nearest_osm_pole_m": null}}, {"type": "Feature", "geometry": {"type": "Point", "coordinates": [-72.357475, 44.505596]}, "properties": {"id": "hard-00215", "is_utility_pole": true, "pole_type": "wood_utility", "model_flags": [], "model_watch": [], "lean": "none", "crossarm": "intact", "vegetation": "near", "transformer": false, "attachments_estimate": 0, "photos_assessed": 1, "capture_sequences": 1, "photo_shown_date": "2017-07", "latest_available_photo_date": "2017-07", "source_photo_url": "https://www.mapillary.com/app/?pKey=822459292031472&focus=photo", "nearest_osm_pole_m": null}}, {"type": "Feature", "geometry": {"type": "Point", "coordinates": [-72.354454, 44.505978]}, "properties": {"id": "hard-00216", "is_utility_pole": true, "pole_type": "wood_utility", "model_flags": [], "model_watch": ["lean_slight"], "lean": "slight", "crossarm": "intact", "vegetation": "near", "transformer": false, "attachments_estimate": 1, "photos_assessed": 3, "capture_sequences": 1, "photo_shown_date": "2017-07", "latest_available_photo_date": "2017-07", "source_photo_url": "https://www.mapillary.com/app/?pKey=963088684460851&focus=photo", "nearest_osm_pole_m": null}}, {"type": "Feature", "geometry": {"type": "Point", "coordinates": [-72.349495, 44.5016968]}, "properties": {"id": "hard-00217", "is_utility_pole": true, "pole_type": "wood_utility", "model_flags": [], "model_watch": ["lean_slight"], "lean": "slight", "crossarm": "intact", "vegetation": "near", "transformer": false, "attachments_estimate": 1, "photos_assessed": 4, "capture_sequences": 2, "photo_shown_date": "2018-07", "latest_available_photo_date": "2018-07", "source_photo_url": "https://www.mapillary.com/app/?pKey=915875095867283&focus=photo", "nearest_osm_pole_m": null}}, {"type": "Feature", "geometry": {"type": "Point", "coordinates": [-72.35164, 44.501762]}, "properties": {"id": "hard-00218", "is_utility_pole": true, "pole_type": "wood_utility", "model_flags": ["vegetation"], "model_watch": ["lean_slight"], "lean": "slight", "crossarm": "unclear", "vegetation": "touching", "transformer": false, "attachments_estimate": 0, "photos_assessed": 3, "capture_sequences": 2, "photo_shown_date": "2018-07", "latest_available_photo_date": "2018-07", "source_photo_url": "https://www.mapillary.com/app/?pKey=309119997531583&focus=photo", "nearest_osm_pole_m": null}}, {"type": "Feature", "geometry": {"type": "Point", "coordinates": [-72.35822, 44.505516]}, "properties": {"id": "hard-00219", "is_utility_pole": true, "pole_type": "wood_utility", "model_flags": ["vegetation"], "model_watch": ["lean_slight"], "lean": "slight", "crossarm": "none_visible", "vegetation": "touching", "transformer": false, "attachments_estimate": 1, "photos_assessed": 1, "capture_sequences": 1, "photo_shown_date": "2017-07", "latest_available_photo_date": "2017-07", "source_photo_url": "https://www.mapillary.com/app/?pKey=924502481458542&focus=photo", "nearest_osm_pole_m": null}}, {"type": "Feature", "geometry": {"type": "Point", "coordinates": [-72.3485, 44.50167]}, "properties": {"id": "hard-00220", "is_utility_pole": true, "pole_type": "wood_utility", "model_flags": [], "model_watch": ["lean_slight"], "lean": "slight", "crossarm": "intact", "vegetation": "near", "transformer": false, "attachments_estimate": 1, "photos_assessed": 3, "capture_sequences": 2, "photo_shown_date": "2018-07", "latest_available_photo_date": "2018-07", "source_photo_url": "https://www.mapillary.com/app/?pKey=174944551218443&focus=photo", "nearest_osm_pole_m": null}}, {"type": "Feature", "geometry": {"type": "Point", "coordinates": [-72.35059, 44.50174]}, "properties": {"id": "hard-00221", "is_utility_pole": true, "pole_type": "wood_utility", "model_flags": ["vegetation"], "model_watch": ["lean_slight"], "lean": "slight", "crossarm": "none_visible", "vegetation": "touching", "transformer": false, "attachments_estimate": 0, "photos_assessed": 1, "capture_sequences": 1, "photo_shown_date": "2018-07", "latest_available_photo_date": "2018-07", "source_photo_url": "https://www.mapillary.com/app/?pKey=186873883212291&focus=photo", "nearest_osm_pole_m": null}}, {"type": "Feature", "geometry": {"type": "Point", "coordinates": [-72.27993, 44.56301]}, "properties": {"id": "hard-00222", "is_utility_pole": true, "pole_type": "wood_utility", "model_flags": ["vegetation"], "model_watch": [], "lean": "none", "crossarm": "none_visible", "vegetation": "touching", "transformer": false, "attachments_estimate": 0, "photos_assessed": 3, "capture_sequences": 3, "photo_shown_date": "2019-07", "latest_available_photo_date": "2019-07", "source_photo_url": "https://www.mapillary.com/app/?pKey=757765438246235&focus=photo", "nearest_osm_pole_m": null}}, {"type": "Feature", "geometry": {"type": "Point", "coordinates": [-72.415344, 44.522396]}, "properties": {"id": "hard-00223", "is_utility_pole": true, "pole_type": "wood_utility", "model_flags": [], "model_watch": [], "lean": "none", "crossarm": "none_visible", "vegetation": "none", "transformer": false, "attachments_estimate": 1, "photos_assessed": 2, "capture_sequences": 2, "photo_shown_date": "2016-06", "latest_available_photo_date": "2018-07", "source_photo_url": "https://www.mapillary.com/app/?pKey=801531720496216&focus=photo", "nearest_osm_pole_m": null}}, {"type": "Feature", "geometry": {"type": "Point", "coordinates": [-72.41517, 44.522354]}, "properties": {"id": "hard-00224", "is_utility_pole": true, "pole_type": "wood_utility", "model_flags": [], "model_watch": [], "lean": "none", "crossarm": "unclear", "vegetation": "near", "transformer": false, "attachments_estimate": 0, "photos_assessed": 2, "capture_sequences": 2, "photo_shown_date": "2016-06", "latest_available_photo_date": "2018-07", "source_photo_url": "https://www.mapillary.com/app/?pKey=961394028012216&focus=photo", "nearest_osm_pole_m": null}}, {"type": "Feature", "geometry": {"type": "Point", "coordinates": [-72.4154, 44.52279]}, "properties": {"id": "hard-00225", "is_utility_pole": false, "pole_type": "unclear", "model_flags": [], "model_watch": [], "lean": "unclear", "crossarm": "none_visible", "vegetation": "unclear", "transformer": false, "attachments_estimate": 0, "photos_assessed": 2, "capture_sequences": 2, "photo_shown_date": "2014-07", "latest_available_photo_date": "2016-06", "source_photo_url": "https://www.mapillary.com/app/?pKey=218022686798459&focus=photo", "nearest_osm_pole_m": null}}, {"type": "Feature", "geometry": {"type": "Point", "coordinates": [-72.42603, 44.532654]}, "properties": {"id": "hard-00226", "is_utility_pole": true, "pole_type": "wood_utility", "model_flags": ["vegetation"], "model_watch": [], "lean": "unclear", "crossarm": "none_visible", "vegetation": "touching", "transformer": false, "attachments_estimate": 0, "photos_assessed": 1, "capture_sequences": 1, "photo_shown_date": "2014-07", "latest_available_photo_date": "2016-06", "source_photo_url": "https://www.mapillary.com/app/?pKey=238801924680242&focus=photo", "nearest_osm_pole_m": null}}, {"type": "Feature", "geometry": {"type": "Point", "coordinates": [-72.42491, 44.53114]}, "properties": {"id": "hard-00227", "is_utility_pole": true, "pole_type": "wood_utility", "model_flags": [], "model_watch": [], "lean": "none", "crossarm": "none_visible", "vegetation": "near", "transformer": false, "attachments_estimate": 1, "photos_assessed": 1, "capture_sequences": 1, "photo_shown_date": "2018-07", "latest_available_photo_date": "2018-07", "source_photo_url": "https://www.mapillary.com/app/?pKey=2905418019746611&focus=photo", "nearest_osm_pole_m": null}}, {"type": "Feature", "geometry": {"type": "Point", "coordinates": [-72.42525, 44.531773]}, "properties": {"id": "hard-00228", "is_utility_pole": true, "pole_type": "wood_utility", "model_flags": ["vegetation"], "model_watch": ["lean_slight"], "lean": "slight", "crossarm": "none_visible", "vegetation": "touching", "transformer": false, "attachments_estimate": 0, "photos_assessed": 3, "capture_sequences": 3, "photo_shown_date": "2018-07", "latest_available_photo_date": "2018-07", "source_photo_url": "https://www.mapillary.com/app/?pKey=290247446164234&focus=photo", "nearest_osm_pole_m": null}}, {"type": "Feature", "geometry": {"type": "Point", "coordinates": [-72.42542, 44.531963]}, "properties": {"id": "hard-00229", "is_utility_pole": true, "pole_type": "wood_utility", "model_flags": ["vegetation"], "model_watch": ["lean_slight"], "lean": "slight", "crossarm": "none_visible", "vegetation": "touching", "transformer": false, "attachments_estimate": 0, "photos_assessed": 1, "capture_sequences": 1, "photo_shown_date": "2018-07", "latest_available_photo_date": "2018-07", "source_photo_url": "https://www.mapillary.com/app/?pKey=376730667089276&focus=photo", "nearest_osm_pole_m": null}}, {"type": "Feature", "geometry": {"type": "Point", "coordinates": [-72.31553, 44.512585]}, "properties": {"id": "hard-00230", "is_utility_pole": true, "pole_type": "wood_utility", "model_flags": [], "model_watch": ["lean_slight"], "lean": "slight", "crossarm": "intact", "vegetation": "near", "transformer": false, "attachments_estimate": 1, "photos_assessed": 1, "capture_sequences": 1, "photo_shown_date": "2014-06", "latest_available_photo_date": "2014-06", "source_photo_url": "https://www.mapillary.com/app/?pKey=943443739780826&focus=photo", "nearest_osm_pole_m": null}}, {"type": "Feature", "geometry": {"type": "Point", "coordinates": [-72.37964, 44.48871]}, "properties": {"id": "hard-00231", "is_utility_pole": true, "pole_type": "wood_utility", "model_flags": [], "model_watch": ["lean_slight"], "lean": "slight", "crossarm": "intact", "vegetation": "none", "transformer": false, "attachments_estimate": 0, "photos_assessed": 3, "capture_sequences": 2, "photo_shown_date": "2016-07", "latest_available_photo_date": "2016-07", "source_photo_url": "https://www.mapillary.com/app/?pKey=1257786311343081&focus=photo", "nearest_osm_pole_m": null}}, {"type": "Feature", "geometry": {"type": "Point", "coordinates": [-72.3798356, 44.488316]}, "properties": {"id": "hard-00232", "is_utility_pole": true, "pole_type": "wood_utility", "model_flags": [], "model_watch": ["lean_slight"], "lean": "slight", "crossarm": "none_visible", "vegetation": "none", "transformer": false, "attachments_estimate": 0, "photos_assessed": 5, "capture_sequences": 3, "photo_shown_date": "2018-07", "latest_available_photo_date": "2018-07", "source_photo_url": "https://www.mapillary.com/app/?pKey=309353627408634&focus=photo", "nearest_osm_pole_m": null}}, {"type": "Feature", "geometry": {"type": "Point", "coordinates": [-72.380052, 44.4879356]}, "properties": {"id": "hard-00233", "is_utility_pole": true, "pole_type": "wood_utility", "model_flags": [], "model_watch": ["lean_slight"], "lean": "slight", "crossarm": "none_visible", "vegetation": "none", "transformer": false, "attachments_estimate": 0, "photos_assessed": 5, "capture_sequences": 4, "photo_shown_date": "2018-07", "latest_available_photo_date": "2018-07", "source_photo_url": "https://www.mapillary.com/app/?pKey=757580911599658&focus=photo", "nearest_osm_pole_m": null}}, {"type": "Feature", "geometry": {"type": "Point", "coordinates": [-72.37995, 44.48809]}, "properties": {"id": "hard-00234", "is_utility_pole": true, "pole_type": "wood_utility", "model_flags": [], "model_watch": ["lean_slight"], "lean": "slight", "crossarm": "intact", "vegetation": "near", "transformer": false, "attachments_estimate": 1, "photos_assessed": 1, "capture_sequences": 1, "photo_shown_date": "2016-07", "latest_available_photo_date": "2018-07", "source_photo_url": "https://www.mapillary.com/app/?pKey=488387495818989&focus=photo", "nearest_osm_pole_m": null}}, {"type": "Feature", "geometry": {"type": "Point", "coordinates": [-72.31125, 44.561985]}, "properties": {"id": "hard-00235", "is_utility_pole": true, "pole_type": "wood_utility", "model_flags": ["vegetation"], "model_watch": ["lean_slight"], "lean": "slight", "crossarm": "none_visible", "vegetation": "touching", "transformer": false, "attachments_estimate": 0, "photos_assessed": 3, "capture_sequences": 2, "photo_shown_date": "2019-07", "latest_available_photo_date": "2019-07", "source_photo_url": "https://www.mapillary.com/app/?pKey=532419818164333&focus=photo", "nearest_osm_pole_m": null}}, {"type": "Feature", "geometry": {"type": "Point", "coordinates": [-72.3114775, 44.5616915]}, "properties": {"id": "hard-00236", "is_utility_pole": true, "pole_type": "wood_utility", "model_flags": [], "model_watch": ["lean_slight"], "lean": "slight", "crossarm": "none_visible", "vegetation": "near", "transformer": false, "attachments_estimate": 0, "photos_assessed": 4, "capture_sequences": 3, "photo_shown_date": "2019-07", "latest_available_photo_date": "2019-07", "source_photo_url": "https://www.mapillary.com/app/?pKey=551039689612263&focus=photo", "nearest_osm_pole_m": null}}, {"type": "Feature", "geometry": {"type": "Point", "coordinates": [-72.31068, 44.562687]}, "properties": {"id": "hard-00237", "is_utility_pole": true, "pole_type": "wood_utility", "model_flags": ["vegetation"], "model_watch": ["lean_slight"], "lean": "slight", "crossarm": "none_visible", "vegetation": "touching", "transformer": true, "attachments_estimate": 0, "photos_assessed": 3, "capture_sequences": 3, "photo_shown_date": "2017-07", "latest_available_photo_date": "2019-07", "source_photo_url": "https://www.mapillary.com/app/?pKey=947652069383370&focus=photo", "nearest_osm_pole_m": null}}, {"type": "Feature", "geometry": {"type": "Point", "coordinates": [-72.311005, 44.562283]}, "properties": {"id": "hard-00238", "is_utility_pole": true, "pole_type": "wood_utility", "model_flags": ["vegetation"], "model_watch": ["lean_slight"], "lean": "slight", "crossarm": "intact", "vegetation": "touching", "transformer": true, "attachments_estimate": 0, "photos_assessed": 3, "capture_sequences": 2, "photo_shown_date": "2017-07", "latest_available_photo_date": "2017-07", "source_photo_url": "https://www.mapillary.com/app/?pKey=809399239681920&focus=photo", "nearest_osm_pole_m": null}}, {"type": "Feature", "geometry": {"type": "Point", "coordinates": [-72.39209, 44.47796]}, "properties": {"id": "hard-00239", "is_utility_pole": true, "pole_type": "wood_utility", "model_flags": ["vegetation"], "model_watch": [], "lean": "none", "crossarm": "intact", "vegetation": "touching", "transformer": false, "attachments_estimate": 1, "photos_assessed": 1, "capture_sequences": 1, "photo_shown_date": "2016-07", "latest_available_photo_date": "2016-07", "source_photo_url": "https://www.mapillary.com/app/?pKey=766479174015398&focus=photo", "nearest_osm_pole_m": null}}, {"type": "Feature", "geometry": {"type": "Point", "coordinates": [-72.31355, 44.49305]}, "properties": {"id": "hard-00240", "is_utility_pole": true, "pole_type": "wood_utility", "model_flags": [], "model_watch": [], "lean": "none", "crossarm": "none_visible", "vegetation": "near", "transformer": false, "attachments_estimate": 1, "photos_assessed": 1, "capture_sequences": 1, "photo_shown_date": "2016-06", "latest_available_photo_date": "2016-06", "source_photo_url": "https://www.mapillary.com/app/?pKey=980238699382532&focus=photo", "nearest_osm_pole_m": null}}, {"type": "Feature", "geometry": {"type": "Point", "coordinates": [-72.30467, 44.5672515]}, "properties": {"id": "hard-00241", "is_utility_pole": true, "pole_type": "wood_utility", "model_flags": [], "model_watch": [], "lean": "none", "crossarm": "intact", "vegetation": "near", "transformer": true, "attachments_estimate": 1, "photos_assessed": 6, "capture_sequences": 4, "photo_shown_date": "2019-07", "latest_available_photo_date": "2019-07", "source_photo_url": "https://www.mapillary.com/app/?pKey=2559540531017860&focus=photo", "nearest_osm_pole_m": null}}, {"type": "Feature", "geometry": {"type": "Point", "coordinates": [-72.30608, 44.56699]}, "properties": {"id": "hard-00242", "is_utility_pole": true, "pole_type": "wood_utility", "model_flags": ["vegetation"], "model_watch": [], "lean": "none", "crossarm": "none_visible", "vegetation": "touching", "transformer": false, "attachments_estimate": 0, "photos_assessed": 6, "capture_sequences": 4, "photo_shown_date": "2015-07", "latest_available_photo_date": "2019-07", "source_photo_url": "https://www.mapillary.com/app/?pKey=983226842214629&focus=photo", "nearest_osm_pole_m": null}}, {"type": "Feature", "geometry": {"type": "Point", "coordinates": [-72.30402, 44.567604]}, "properties": {"id": "hard-00243", "is_utility_pole": false, "pole_type": "unclear", "model_flags": [], "model_watch": [], "lean": "unclear", "crossarm": "none_visible", "vegetation": "near", "transformer": false, "attachments_estimate": 0, "photos_assessed": 1, "capture_sequences": 1, "photo_shown_date": "2017-07", "latest_available_photo_date": "2017-07", "source_photo_url": "https://www.mapillary.com/app/?pKey=1310338782700574&focus=photo", "nearest_osm_pole_m": null}}, {"type": "Feature", "geometry": {"type": "Point", "coordinates": [-72.30633, 44.56685]}, "properties": {"id": "hard-00244", "is_utility_pole": true, "pole_type": "wood_utility", "model_flags": [], "model_watch": [], "lean": "none", "crossarm": "intact", "vegetation": "near", "transformer": false, "attachments_estimate": 0, "photos_assessed": 3, "capture_sequences": 2, "photo_shown_date": "2019-07", "latest_available_photo_date": "2019-07", "source_photo_url": "https://www.mapillary.com/app/?pKey=287777589742078&focus=photo", "nearest_osm_pole_m": null}}, {"type": "Feature", "geometry": {"type": "Point", "coordinates": [-72.340904, 44.521008]}, "properties": {"id": "hard-00245", "is_utility_pole": true, "pole_type": "wood_utility", "model_flags": [], "model_watch": ["lean_slight"], "lean": "slight", "crossarm": "none_visible", "vegetation": "near", "transformer": false, "attachments_estimate": 0, "photos_assessed": 1, "capture_sequences": 1, "photo_shown_date": "2019-07", "latest_available_photo_date": "2019-07", "source_photo_url": "https://www.mapillary.com/app/?pKey=495430778178500&focus=photo", "nearest_osm_pole_m": null}}, {"type": "Feature", "geometry": {"type": "Point", "coordinates": [-72.30353, 44.56797]}, "properties": {"id": "hard-00246", "is_utility_pole": true, "pole_type": "wood_utility", "model_flags": [], "model_watch": [], "lean": "none", "crossarm": "intact", "vegetation": "near", "transformer": false, "attachments_estimate": 1, "photos_assessed": 3, "capture_sequences": 3, "photo_shown_date": "2019-07", "latest_available_photo_date": "2019-07", "source_photo_url": "https://www.mapillary.com/app/?pKey=1368177430210312&focus=photo", "nearest_osm_pole_m": null}}, {"type": "Feature", "geometry": {"type": "Point", "coordinates": [-72.30061, 44.5696527]}, "properties": {"id": "hard-00247", "is_utility_pole": true, "pole_type": "wood_utility", "model_flags": [], "model_watch": [], "lean": "none", "crossarm": "intact", "vegetation": "near", "transformer": false, "attachments_estimate": 0, "photos_assessed": 9, "capture_sequences": 5, "photo_shown_date": "2019-07", "latest_available_photo_date": "2019-07", "source_photo_url": "https://www.mapillary.com/app/?pKey=233271328134555&focus=photo", "nearest_osm_pole_m": null}}, {"type": "Feature", "geometry": {"type": "Point", "coordinates": [-72.30084, 44.569603]}, "properties": {"id": "hard-00248", "is_utility_pole": true, "pole_type": "wood_utility", "model_flags": ["vegetation"], "model_watch": [], "lean": "none", "crossarm": "unclear", "vegetation": "touching", "transformer": false, "attachments_estimate": 1, "photos_assessed": 2, "capture_sequences": 2, "photo_shown_date": "2015-07", "latest_available_photo_date": "2019-07", "source_photo_url": "https://www.mapillary.com/app/?pKey=792743191377155&focus=photo", "nearest_osm_pole_m": null}}, {"type": "Feature", "geometry": {"type": "Point", "coordinates": [-72.28193, 44.532257]}, "properties": {"id": "hard-00249", "is_utility_pole": true, "pole_type": "wood_utility", "model_flags": ["vegetation"], "model_watch": ["lean_slight"], "lean": "slight", "crossarm": "none_visible", "vegetation": "touching", "transformer": false, "attachments_estimate": 1, "photos_assessed": 1, "capture_sequences": 1, "photo_shown_date": "2016-06", "latest_available_photo_date": "2018-07", "source_photo_url": "https://www.mapillary.com/app/?pKey=1138823056617661&focus=photo", "nearest_osm_pole_m": null}}, {"type": "Feature", "geometry": {"type": "Point", "coordinates": [-72.282364, 44.531715]}, "properties": {"id": "hard-00250", "is_utility_pole": true, "pole_type": "wood_utility", "model_flags": [], "model_watch": ["lean_slight"], "lean": "slight", "crossarm": "intact", "vegetation": "near", "transformer": false, "attachments_estimate": 1, "photos_assessed": 1, "capture_sequences": 1, "photo_shown_date": "2016-06", "latest_available_photo_date": "2016-06", "source_photo_url": "https://www.mapillary.com/app/?pKey=322440262853273&focus=photo", "nearest_osm_pole_m": null}}, {"type": "Feature", "geometry": {"type": "Point", "coordinates": [-72.3217333, 44.5484693]}, "properties": {"id": "hard-00251", "is_utility_pole": true, "pole_type": "wood_utility", "model_flags": ["vegetation"], "model_watch": ["lean_slight"], "lean": "slight", "crossarm": "intact", "vegetation": "touching", "transformer": false, "attachments_estimate": 1, "photos_assessed": 3, "capture_sequences": 2, "photo_shown_date": "2017-07", "latest_available_photo_date": "2019-07", "source_photo_url": "https://www.mapillary.com/app/?pKey=1001742560363642&focus=photo", "nearest_osm_pole_m": null}}, {"type": "Feature", "geometry": {"type": "Point", "coordinates": [-72.32313, 44.546535]}, "properties": {"id": "hard-00252", "is_utility_pole": true, "pole_type": "wood_utility", "model_flags": [], "model_watch": ["lean_slight"], "lean": "slight", "crossarm": "intact", "vegetation": "near", "transformer": false, "attachments_estimate": 0, "photos_assessed": 3, "capture_sequences": 3, "photo_shown_date": "2019-07", "latest_available_photo_date": "2019-07", "source_photo_url": "https://www.mapillary.com/app/?pKey=1125385037943759&focus=photo", "nearest_osm_pole_m": null}}, {"type": "Feature", "geometry": {"type": "Point", "coordinates": [-72.3219469, 44.5481375]}, "properties": {"id": "hard-00253", "is_utility_pole": true, "pole_type": "wood_utility", "model_flags": ["vegetation"], "model_watch": ["lean_slight"], "lean": "slight", "crossarm": "none_visible", "vegetation": "touching", "transformer": false, "attachments_estimate": 0, "photos_assessed": 8, "capture_sequences": 5, "photo_shown_date": "2019-07", "latest_available_photo_date": "2019-07", "source_photo_url": "https://www.mapillary.com/app/?pKey=260065745877273&focus=photo", "nearest_osm_pole_m": null}}, {"type": "Feature", "geometry": {"type": "Point", "coordinates": [-72.34124, 44.52025]}, "properties": {"id": "hard-00254", "is_utility_pole": false, "pole_type": "unclear", "model_flags": [], "model_watch": [], "lean": "unclear", "crossarm": "none_visible", "vegetation": "unclear", "transformer": false, "attachments_estimate": 0, "photos_assessed": 2, "capture_sequences": 2, "photo_shown_date": "2017-07", "latest_available_photo_date": "2017-07", "source_photo_url": "https://www.mapillary.com/app/?pKey=203121961631211&focus=photo", "nearest_osm_pole_m": null}}, {"type": "Feature", "geometry": {"type": "Point", "coordinates": [-72.266075, 44.547237]}, "properties": {"id": "hard-00255", "is_utility_pole": true, "pole_type": "wood_utility", "model_flags": [], "model_watch": [], "lean": "none", "crossarm": "none_visible", "vegetation": "near", "transformer": false, "attachments_estimate": 1, "photos_assessed": 3, "capture_sequences": 3, "photo_shown_date": "2018-07", "latest_available_photo_date": "2018-07", "source_photo_url": "https://www.mapillary.com/app/?pKey=1224759664647786&focus=photo", "nearest_osm_pole_m": null}}, {"type": "Feature", "geometry": {"type": "Point", "coordinates": [-72.26468, 44.54814]}, "properties": {"id": "hard-00256", "is_utility_pole": true, "pole_type": "wood_utility", "model_flags": [], "model_watch": [], "lean": "none", "crossarm": "none_visible", "vegetation": "near", "transformer": false, "attachments_estimate": 2, "photos_assessed": 3, "capture_sequences": 2, "photo_shown_date": "2019-07", "latest_available_photo_date": "2019-07", "source_photo_url": "https://www.mapillary.com/app/?pKey=467393317654622&focus=photo", "nearest_osm_pole_m": null}}, {"type": "Feature", "geometry": {"type": "Point", "coordinates": [-72.26723, 44.54662]}, "properties": {"id": "hard-00257", "is_utility_pole": true, "pole_type": "wood_utility", "model_flags": [], "model_watch": ["lean_slight"], "lean": "slight", "crossarm": "none_visible", "vegetation": "near", "transformer": false, "attachments_estimate": 1, "photos_assessed": 2, "capture_sequences": 1, "photo_shown_date": "2014-06", "latest_available_photo_date": "2016-06", "source_photo_url": "https://www.mapillary.com/app/?pKey=142823541224964&focus=photo", "nearest_osm_pole_m": null}}, {"type": "Feature", "geometry": {"type": "Point", "coordinates": [-72.26684, 44.547066]}, "properties": {"id": "hard-00258", "is_utility_pole": true, "pole_type": "wood_utility", "model_flags": [], "model_watch": ["lean_slight"], "lean": "slight", "crossarm": "intact", "vegetation": "near", "transformer": false, "attachments_estimate": 1, "photos_assessed": 3, "capture_sequences": 3, "photo_shown_date": "2016-06", "latest_available_photo_date": "2016-06", "source_photo_url": "https://www.mapillary.com/app/?pKey=861900918003071&focus=photo", "nearest_osm_pole_m": null}}, {"type": "Feature", "geometry": {"type": "Point", "coordinates": [-72.26591, 44.547367]}, "properties": {"id": "hard-00259", "is_utility_pole": true, "pole_type": "wood_utility", "model_flags": [], "model_watch": ["lean_slight"], "lean": "slight", "crossarm": "none_visible", "vegetation": "near", "transformer": false, "attachments_estimate": 1, "photos_assessed": 1, "capture_sequences": 1, "photo_shown_date": "2014-06", "latest_available_photo_date": "2016-06", "source_photo_url": "https://www.mapillary.com/app/?pKey=239330187949326&focus=photo", "nearest_osm_pole_m": null}}, {"type": "Feature", "geometry": {"type": "Point", "coordinates": [-72.36373, 44.580772]}, "properties": {"id": "hard-00260", "is_utility_pole": true, "pole_type": "wood_utility", "model_flags": [], "model_watch": ["lean_slight"], "lean": "slight", "crossarm": "intact", "vegetation": "near", "transformer": false, "attachments_estimate": 0, "photos_assessed": 2, "capture_sequences": 1, "photo_shown_date": "2014-06", "latest_available_photo_date": "2014-06", "source_photo_url": "https://www.mapillary.com/app/?pKey=384144096243797&focus=photo", "nearest_osm_pole_m": null}}, {"type": "Feature", "geometry": {"type": "Point", "coordinates": [-72.363174, 44.58153]}, "properties": {"id": "hard-00261", "is_utility_pole": true, "pole_type": "wood_utility", "model_flags": ["vegetation"], "model_watch": ["lean_slight"], "lean": "slight", "crossarm": "intact", "vegetation": "touching", "transformer": false, "attachments_estimate": 1, "photos_assessed": 1, "capture_sequences": 1, "photo_shown_date": "2014-06", "latest_available_photo_date": "2018-07", "source_photo_url": "https://www.mapillary.com/app/?pKey=2898278960413118&focus=photo", "nearest_osm_pole_m": null}}, {"type": "Feature", "geometry": {"type": "Point", "coordinates": [-72.2765, 44.556664]}, "properties": {"id": "hard-00262", "is_utility_pole": true, "pole_type": "wood_utility", "model_flags": [], "model_watch": [], "lean": "none", "crossarm": "none_visible", "vegetation": "near", "transformer": false, "attachments_estimate": 1, "photos_assessed": 2, "capture_sequences": 1, "photo_shown_date": "2017-07", "latest_available_photo_date": "2017-07", "source_photo_url": "https://www.mapillary.com/app/?pKey=314821880296703&focus=photo", "nearest_osm_pole_m": null}}, {"type": "Feature", "geometry": {"type": "Point", "coordinates": [-72.36331, 44.581367]}, "properties": {"id": "hard-00263", "is_utility_pole": true, "pole_type": "wood_utility", "model_flags": ["lean"], "model_watch": [], "lean": "moderate", "crossarm": "intact", "vegetation": "near", "transformer": false, "attachments_estimate": 0, "photos_assessed": 3, "capture_sequences": 2, "photo_shown_date": "2018-07", "latest_available_photo_date": "2018-07", "source_photo_url": "https://www.mapillary.com/app/?pKey=505425320897779&focus=photo", "nearest_osm_pole_m": null}}, {"type": "Feature", "geometry": {"type": "Point", "coordinates": [-72.36304, 44.582]}, "properties": {"id": "hard-00264", "is_utility_pole": true, "pole_type": "wood_utility", "model_flags": [], "model_watch": [], "lean": "none", "crossarm": "none_visible", "vegetation": "near", "transformer": false, "attachments_estimate": 0, "photos_assessed": 2, "capture_sequences": 2, "photo_shown_date": "2018-07", "latest_available_photo_date": "2018-07", "source_photo_url": "https://www.mapillary.com/app/?pKey=1847082962134234&focus=photo", "nearest_osm_pole_m": null}}, {"type": "Feature", "geometry": {"type": "Point", "coordinates": [-72.379105, 44.517334]}, "properties": {"id": "hard-00265", "is_utility_pole": true, "pole_type": "wood_utility", "model_flags": ["lean"], "model_watch": [], "lean": "severe", "crossarm": "none_visible", "vegetation": "near", "transformer": false, "attachments_estimate": 1, "photos_assessed": 3, "capture_sequences": 3, "photo_shown_date": "2018-07", "latest_available_photo_date": "2018-07", "source_photo_url": "https://www.mapillary.com/app/?pKey=250912406798909&focus=photo", "nearest_osm_pole_m": null}}, {"type": "Feature", "geometry": {"type": "Point", "coordinates": [-72.3778267, 44.5186857]}, "properties": {"id": "hard-00266", "is_utility_pole": true, "pole_type": "wood_utility", "model_flags": [], "model_watch": ["lean_slight"], "lean": "slight", "crossarm": "unclear", "vegetation": "near", "transformer": false, "attachments_estimate": 1, "photos_assessed": 3, "capture_sequences": 2, "photo_shown_date": "2014-06", "latest_available_photo_date": "2018-06", "source_photo_url": "https://www.mapillary.com/app/?pKey=1144908112645083&focus=photo", "nearest_osm_pole_m": null}}, {"type": "Feature", "geometry": {"type": "Point", "coordinates": [-72.37696, 44.519764]}, "properties": {"id": "hard-00267", "is_utility_pole": true, "pole_type": "wood_utility", "model_flags": [], "model_watch": [], "lean": "none", "crossarm": "intact", "vegetation": "near", "transformer": false, "attachments_estimate": 1, "photos_assessed": 3, "capture_sequences": 2, "photo_shown_date": "2016-07", "latest_available_photo_date": "2016-07", "source_photo_url": "https://www.mapillary.com/app/?pKey=2888749088030096&focus=photo", "nearest_osm_pole_m": null}}, {"type": "Feature", "geometry": {"type": "Point", "coordinates": [-72.379074, 44.516994]}, "properties": {"id": "hard-00268", "is_utility_pole": true, "pole_type": "wood_utility", "model_flags": [], "model_watch": ["lean_slight"], "lean": "slight", "crossarm": "intact", "vegetation": "near", "transformer": false, "attachments_estimate": 0, "photos_assessed": 3, "capture_sequences": 3, "photo_shown_date": "2018-07", "latest_available_photo_date": "2018-07", "source_photo_url": "https://www.mapillary.com/app/?pKey=960101338099009&focus=photo", "nearest_osm_pole_m": null}}, {"type": "Feature", "geometry": {"type": "Point", "coordinates": [-72.37798, 44.518517]}, "properties": {"id": "hard-00269", "is_utility_pole": true, "pole_type": "wood_utility", "model_flags": [], "model_watch": [], "lean": "none", "crossarm": "none_visible", "vegetation": "none", "transformer": false, "attachments_estimate": 0, "photos_assessed": 2, "capture_sequences": 2, "photo_shown_date": "2016-07", "latest_available_photo_date": "2016-07", "source_photo_url": "https://www.mapillary.com/app/?pKey=3555643897993203&focus=photo", "nearest_osm_pole_m": null}}, {"type": "Feature", "geometry": {"type": "Point", "coordinates": [-72.36518, 44.579086]}, "properties": {"id": "hard-00270", "is_utility_pole": true, "pole_type": "wood_utility", "model_flags": ["vegetation"], "model_watch": [], "lean": "unclear", "crossarm": "unclear", "vegetation": "touching", "transformer": false, "attachments_estimate": 0, "photos_assessed": 1, "capture_sequences": 1, "photo_shown_date": "2014-06", "latest_available_photo_date": "2016-07", "source_photo_url": "https://www.mapillary.com/app/?pKey=1296823604048349&focus=photo", "nearest_osm_pole_m": null}}, {"type": "Feature", "geometry": {"type": "Point", "coordinates": [-72.3791283, 44.516942]}, "properties": {"id": "hard-00271", "is_utility_pole": true, "pole_type": "wood_utility", "model_flags": [], "model_watch": ["lean_slight"], "lean": "slight", "crossarm": "intact", "vegetation": "near", "transformer": false, "attachments_estimate": 1, "photos_assessed": 9, "capture_sequences": 7, "photo_shown_date": "2018-07", "latest_available_photo_date": "2018-07", "source_photo_url": "https://www.mapillary.com/app/?pKey=1129915487475375&focus=photo", "nearest_osm_pole_m": null}}, {"type": "Feature", "geometry": {"type": "Point", "coordinates": [-72.37648, 44.520153]}, "properties": {"id": "hard-00272", "is_utility_pole": true, "pole_type": "wood_utility", "model_flags": [], "model_watch": ["lean_slight"], "lean": "slight", "crossarm": "intact", "vegetation": "near", "transformer": false, "attachments_estimate": 1, "photos_assessed": 3, "capture_sequences": 3, "photo_shown_date": "2018-06", "latest_available_photo_date": "2018-06", "source_photo_url": "https://www.mapillary.com/app/?pKey=163402989078759&focus=photo", "nearest_osm_pole_m": null}}, {"type": "Feature", "geometry": {"type": "Point", "coordinates": [-72.376162, 44.5203625]}, "properties": {"id": "hard-00273", "is_utility_pole": true, "pole_type": "wood_utility", "model_flags": [], "model_watch": ["lean_slight"], "lean": "slight", "crossarm": "intact", "vegetation": "near", "transformer": false, "attachments_estimate": 1, "photos_assessed": 6, "capture_sequences": 3, "photo_shown_date": "2018-07", "latest_available_photo_date": "2018-07", "source_photo_url": "https://www.mapillary.com/app/?pKey=324843329130225&focus=photo", "nearest_osm_pole_m": null}}, {"type": "Feature", "geometry": {"type": "Point", "coordinates": [-72.376785, 44.519882]}, "properties": {"id": "hard-00274", "is_utility_pole": true, "pole_type": "wood_utility", "model_flags": [], "model_watch": [], "lean": "none", "crossarm": "none_visible", "vegetation": "near", "transformer": false, "attachments_estimate": 1, "photos_assessed": 2, "capture_sequences": 2, "photo_shown_date": "2016-07", "latest_available_photo_date": "2016-07", "source_photo_url": "https://www.mapillary.com/app/?pKey=835237723752663&focus=photo", "nearest_osm_pole_m": null}}, {"type": "Feature", "geometry": {"type": "Point", "coordinates": [-72.37821, 44.518116]}, "properties": {"id": "hard-00275", "is_utility_pole": true, "pole_type": "wood_utility", "model_flags": [], "model_watch": ["lean_slight"], "lean": "slight", "crossarm": "intact", "vegetation": "none", "transformer": false, "attachments_estimate": 1, "photos_assessed": 3, "capture_sequences": 2, "photo_shown_date": "2018-07", "latest_available_photo_date": "2018-07", "source_photo_url": "https://www.mapillary.com/app/?pKey=4403946306311715&focus=photo", "nearest_osm_pole_m": null}}, {"type": "Feature", "geometry": {"type": "Point", "coordinates": [-72.37883, 44.5174262]}, "properties": {"id": "hard-00276", "is_utility_pole": true, "pole_type": "wood_utility", "model_flags": [], "model_watch": [], "lean": "none", "crossarm": "intact", "vegetation": "near", "transformer": false, "attachments_estimate": 1, "photos_assessed": 5, "capture_sequences": 3, "photo_shown_date": "2018-06", "latest_available_photo_date": "2018-07", "source_photo_url": "https://www.mapillary.com/app/?pKey=510876993292405&focus=photo", "nearest_osm_pole_m": null}}, {"type": "Feature", "geometry": {"type": "Point", "coordinates": [-72.3648, 44.579525]}, "properties": {"id": "hard-00277", "is_utility_pole": true, "pole_type": "wood_utility", "model_flags": ["vegetation"], "model_watch": ["lean_slight"], "lean": "slight", "crossarm": "intact", "vegetation": "touching", "transformer": false, "attachments_estimate": 0, "photos_assessed": 3, "capture_sequences": 2, "photo_shown_date": "2016-07", "latest_available_photo_date": "2016-07", "source_photo_url": "https://www.mapillary.com/app/?pKey=479810576578663&focus=photo", "nearest_osm_pole_m": null}}, {"type": "Feature", "geometry": {"type": "Point", "coordinates": [-72.37286, 44.546097]}, "properties": {"id": "hard-00278", "is_utility_pole": true, "pole_type": "wood_utility", "model_flags": [], "model_watch": [], "lean": "none", "crossarm": "intact", "vegetation": "none", "transformer": false, "attachments_estimate": 0, "photos_assessed": 3, "capture_sequences": 2, "photo_shown_date": "2016-07", "latest_available_photo_date": "2016-07", "source_photo_url": "https://www.mapillary.com/app/?pKey=3080881495494807&focus=photo", "nearest_osm_pole_m": null}}, {"type": "Feature", "geometry": {"type": "Point", "coordinates": [-72.3723, 44.547756]}, "properties": {"id": "hard-00279", "is_utility_pole": true, "pole_type": "wood_utility", "model_flags": [], "model_watch": [], "lean": "none", "crossarm": "none_visible", "vegetation": "near", "transformer": false, "attachments_estimate": 1, "photos_assessed": 2, "capture_sequences": 1, "photo_shown_date": "2016-07", "latest_available_photo_date": "2018-07", "source_photo_url": "https://www.mapillary.com/app/?pKey=479899566416176&focus=photo", "nearest_osm_pole_m": null}}, {"type": "Feature", "geometry": {"type": "Point", "coordinates": [-72.37877, 44.5176]}, "properties": {"id": "hard-00280", "is_utility_pole": true, "pole_type": "wood_utility", "model_flags": [], "model_watch": ["lean_slight"], "lean": "slight", "crossarm": "none_visible", "vegetation": "near", "transformer": false, "attachments_estimate": 2, "photos_assessed": 1, "capture_sequences": 1, "photo_shown_date": "2014-06", "latest_available_photo_date": "2016-07", "source_photo_url": "https://www.mapillary.com/app/?pKey=1051379998724542&focus=photo", "nearest_osm_pole_m": null}}, {"type": "Feature", "geometry": {"type": "Point", "coordinates": [-72.37763, 44.51883]}, "properties": {"id": "hard-00281", "is_utility_pole": true, "pole_type": "wood_utility", "model_flags": [], "model_watch": ["lean_slight"], "lean": "slight", "crossarm": "intact", "vegetation": "near", "transformer": false, "attachments_estimate": 1, "photos_assessed": 3, "capture_sequences": 2, "photo_shown_date": "2016-07", "latest_available_photo_date": "2016-07", "source_photo_url": "https://www.mapillary.com/app/?pKey=298253541778505&focus=photo", "nearest_osm_pole_m": null}}, {"type": "Feature", "geometry": {"type": "Point", "coordinates": [-72.29698, 44.583153]}, "properties": {"id": "hard-00282", "is_utility_pole": true, "pole_type": "wood_utility", "model_flags": ["vegetation"], "model_watch": [], "lean": "none", "crossarm": "unclear", "vegetation": "touching", "transformer": false, "attachments_estimate": 0, "photos_assessed": 1, "capture_sequences": 1, "photo_shown_date": "2015-07", "latest_available_photo_date": "2019-07", "source_photo_url": "https://www.mapillary.com/app/?pKey=1407580996295303&focus=photo", "nearest_osm_pole_m": null}}, {"type": "Feature", "geometry": {"type": "Point", "coordinates": [-72.3841, 44.483177]}, "properties": {"id": "hard-00283", "is_utility_pole": true, "pole_type": "wood_utility", "model_flags": [], "model_watch": ["lean_slight"], "lean": "slight", "crossarm": "intact", "vegetation": "near", "transformer": false, "attachments_estimate": 0, "photos_assessed": 3, "capture_sequences": 2, "photo_shown_date": "2016-07", "latest_available_photo_date": "2018-07", "source_photo_url": "https://www.mapillary.com/app/?pKey=327415558738857&focus=photo", "nearest_osm_pole_m": null}}, {"type": "Feature", "geometry": {"type": "Point", "coordinates": [-72.38221, 44.48485]}, "properties": {"id": "hard-00284", "is_utility_pole": true, "pole_type": "wood_utility", "model_flags": [], "model_watch": [], "lean": "none", "crossarm": "intact", "vegetation": "none", "transformer": false, "attachments_estimate": 0, "photos_assessed": 3, "capture_sequences": 2, "photo_shown_date": "2016-07", "latest_available_photo_date": "2016-07", "source_photo_url": "https://www.mapillary.com/app/?pKey=238902798004197&focus=photo", "nearest_osm_pole_m": null}}, {"type": "Feature", "geometry": {"type": "Point", "coordinates": [-72.381905, 44.48512]}, "properties": {"id": "hard-00285", "is_utility_pole": true, "pole_type": "wood_utility", "model_flags": [], "model_watch": ["lean_slight"], "lean": "slight", "crossarm": "intact", "vegetation": "near", "transformer": false, "attachments_estimate": 1, "photos_assessed": 3, "capture_sequences": 2, "photo_shown_date": "2018-07", "latest_available_photo_date": "2018-07", "source_photo_url": "https://www.mapillary.com/app/?pKey=313586336897837&focus=photo", "nearest_osm_pole_m": null}}, {"type": "Feature", "geometry": {"type": "Point", "coordinates": [-72.3836116, 44.4836518]}, "properties": {"id": "hard-00286", "is_utility_pole": true, "pole_type": "wood_utility", "model_flags": [], "model_watch": ["lean_slight"], "lean": "slight", "crossarm": "intact", "vegetation": "near", "transformer": false, "attachments_estimate": 1, "photos_assessed": 5, "capture_sequences": 5, "photo_shown_date": "2018-07", "latest_available_photo_date": "2018-07", "source_photo_url": "https://www.mapillary.com/app/?pKey=481717179712759&focus=photo", "nearest_osm_pole_m": null}}, {"type": "Feature", "geometry": {"type": "Point", "coordinates": [-72.38292, 44.484245]}, "properties": {"id": "hard-00287", "is_utility_pole": true, "pole_type": "wood_utility", "model_flags": [], "model_watch": [], "lean": "none", "crossarm": "intact", "vegetation": "near", "transformer": false, "attachments_estimate": 0, "photos_assessed": 1, "capture_sequences": 1, "photo_shown_date": "2016-07", "latest_available_photo_date": "2018-06", "source_photo_url": "https://www.mapillary.com/app/?pKey=3778529812270238&focus=photo", "nearest_osm_pole_m": null}}, {"type": "Feature", "geometry": {"type": "Point", "coordinates": [-72.38212, 44.484943]}, "properties": {"id": "hard-00288", "is_utility_pole": true, "pole_type": "wood_utility", "model_flags": [], "model_watch": ["lean_slight"], "lean": "slight", "crossarm": "intact", "vegetation": "near", "transformer": false, "attachments_estimate": 1, "photos_assessed": 3, "capture_sequences": 2, "photo_shown_date": "2016-07", "latest_available_photo_date": "2016-07", "source_photo_url": "https://www.mapillary.com/app/?pKey=506407560507175&focus=photo", "nearest_osm_pole_m": null}}, {"type": "Feature", "geometry": {"type": "Point", "coordinates": [-72.383143, 44.4840035]}, "properties": {"id": "hard-00289", "is_utility_pole": true, "pole_type": "wood_utility", "model_flags": [], "model_watch": [], "lean": "none", "crossarm": "intact", "vegetation": "near", "transformer": false, "attachments_estimate": 0, "photos_assessed": 6, "capture_sequences": 4, "photo_shown_date": "2018-07", "latest_available_photo_date": "2018-07", "source_photo_url": "https://www.mapillary.com/app/?pKey=235021195049727&focus=photo", "nearest_osm_pole_m": null}}, {"type": "Feature", "geometry": {"type": "Point", "coordinates": [-72.382034, 44.48502]}, "properties": {"id": "hard-00290", "is_utility_pole": true, "pole_type": "wood_utility", "model_flags": [], "model_watch": [], "lean": "none", "crossarm": "intact", "vegetation": "near", "transformer": false, "attachments_estimate": 1, "photos_assessed": 3, "capture_sequences": 2, "photo_shown_date": "2016-07", "latest_available_photo_date": "2016-07", "source_photo_url": "https://www.mapillary.com/app/?pKey=538619600493413&focus=photo", "nearest_osm_pole_m": null}}, {"type": "Feature", "geometry": {"type": "Point", "coordinates": [-72.38504, 44.48231]}, "properties": {"id": "hard-00291", "is_utility_pole": true, "pole_type": "wood_utility", "model_flags": [], "model_watch": ["lean_slight"], "lean": "slight", "crossarm": "none_visible", "vegetation": "near", "transformer": false, "attachments_estimate": 0, "photos_assessed": 1, "capture_sequences": 1, "photo_shown_date": "2016-07", "latest_available_photo_date": "2016-07", "source_photo_url": "https://www.mapillary.com/app/?pKey=224208509187426&focus=photo", "nearest_osm_pole_m": null}}, {"type": "Feature", "geometry": {"type": "Point", "coordinates": [-72.38157, 44.485706]}, "properties": {"id": "hard-00292", "is_utility_pole": true, "pole_type": "wood_utility", "model_flags": [], "model_watch": [], "lean": "none", "crossarm": "intact", "vegetation": "none", "transformer": false, "attachments_estimate": 2, "photos_assessed": 3, "capture_sequences": 3, "photo_shown_date": "2018-06", "latest_available_photo_date": "2018-06", "source_photo_url": "https://www.mapillary.com/app/?pKey=849612582337993&focus=photo", "nearest_osm_pole_m": null}}, {"type": "Feature", "geometry": {"type": "Point", "coordinates": [-72.38227, 44.484768]}, "properties": {"id": "hard-00293", "is_utility_pole": true, "pole_type": "wood_utility", "model_flags": [], "model_watch": [], "lean": "none", "crossarm": "intact", "vegetation": "near", "transformer": false, "attachments_estimate": 0, "photos_assessed": 3, "capture_sequences": 3, "photo_shown_date": "2018-07", "latest_available_photo_date": "2018-07", "source_photo_url": "https://www.mapillary.com/app/?pKey=1133854580454793&focus=photo", "nearest_osm_pole_m": null}}, {"type": "Feature", "geometry": {"type": "Point", "coordinates": [-72.385535, 44.481862]}, "properties": {"id": "hard-00294", "is_utility_pole": true, "pole_type": "wood_utility", "model_flags": [], "model_watch": [], "lean": "none", "crossarm": "intact", "vegetation": "near", "transformer": false, "attachments_estimate": 1, "photos_assessed": 6, "capture_sequences": 3, "photo_shown_date": "2014-07", "latest_available_photo_date": "2018-07", "source_photo_url": "https://www.mapillary.com/app/?pKey=382838603059663&focus=photo", "nearest_osm_pole_m": null}}, {"type": "Feature", "geometry": {"type": "Point", "coordinates": [-72.382675, 44.4844]}, "properties": {"id": "hard-00295", "is_utility_pole": true, "pole_type": "wood_utility", "model_flags": [], "model_watch": [], "lean": "none", "crossarm": "intact", "vegetation": "none", "transformer": false, "attachments_estimate": 0, "photos_assessed": 3, "capture_sequences": 3, "photo_shown_date": "2018-07", "latest_available_photo_date": "2018-07", "source_photo_url": "https://www.mapillary.com/app/?pKey=960323314727597&focus=photo", "nearest_osm_pole_m": null}}, {"type": "Feature", "geometry": {"type": "Point", "coordinates": [-72.38174, 44.485394]}, "properties": {"id": "hard-00296", "is_utility_pole": true, "pole_type": "wood_utility", "model_flags": [], "model_watch": [], "lean": "none", "crossarm": "intact", "vegetation": "near", "transformer": false, "attachments_estimate": 0, "photos_assessed": 3, "capture_sequences": 2, "photo_shown_date": "2014-07", "latest_available_photo_date": "2016-07", "source_photo_url": "https://www.mapillary.com/app/?pKey=483084746103208&focus=photo", "nearest_osm_pole_m": null}}, {"type": "Feature", "geometry": {"type": "Point", "coordinates": [-72.28847, 44.52619]}, "properties": {"id": "hard-00297", "is_utility_pole": true, "pole_type": "wood_utility", "model_flags": [], "model_watch": ["lean_slight"], "lean": "slight", "crossarm": "intact", "vegetation": "near", "transformer": false, "attachments_estimate": 1, "photos_assessed": 3, "capture_sequences": 3, "photo_shown_date": "2018-07", "latest_available_photo_date": "2018-07", "source_photo_url": "https://www.mapillary.com/app/?pKey=223361085962340&focus=photo", "nearest_osm_pole_m": null}}, {"type": "Feature", "geometry": {"type": "Point", "coordinates": [-72.29053, 44.52516]}, "properties": {"id": "hard-00298", "is_utility_pole": true, "pole_type": "wood_utility", "model_flags": [], "model_watch": ["lean_slight"], "lean": "slight", "crossarm": "intact", "vegetation": "near", "transformer": false, "attachments_estimate": 0, "photos_assessed": 6, "capture_sequences": 4, "photo_shown_date": "2018-07", "latest_available_photo_date": "2018-07", "source_photo_url": "https://www.mapillary.com/app/?pKey=1156404794787746&focus=photo", "nearest_osm_pole_m": null}}, {"type": "Feature", "geometry": {"type": "Point", "coordinates": [-72.291916, 44.52516]}, "properties": {"id": "hard-00299", "is_utility_pole": true, "pole_type": "wood_utility", "model_flags": [], "model_watch": ["lean_slight"], "lean": "slight", "crossarm": "none_visible", "vegetation": "none", "transformer": false, "attachments_estimate": 0, "photos_assessed": 3, "capture_sequences": 3, "photo_shown_date": "2018-07", "latest_available_photo_date": "2018-07", "source_photo_url": "https://www.mapillary.com/app/?pKey=595879068060532&focus=photo", "nearest_osm_pole_m": null}}, {"type": "Feature", "geometry": {"type": "Point", "coordinates": [-72.29363, 44.5248]}, "properties": {"id": "hard-00300", "is_utility_pole": true, "pole_type": "wood_utility", "model_flags": [], "model_watch": [], "lean": "none", "crossarm": "intact", "vegetation": "near", "transformer": false, "attachments_estimate": 1, "photos_assessed": 3, "capture_sequences": 3, "photo_shown_date": "2016-06", "latest_available_photo_date": "2018-07", "source_photo_url": "https://www.mapillary.com/app/?pKey=325011975695202&focus=photo", "nearest_osm_pole_m": null}}, {"type": "Feature", "geometry": {"type": "Point", "coordinates": [-72.29094, 44.525146]}, "properties": {"id": "hard-00301", "is_utility_pole": true, "pole_type": "wood_utility", "model_flags": ["vegetation"], "model_watch": [], "lean": "none", "crossarm": "intact", "vegetation": "touching", "transformer": false, "attachments_estimate": 1, "photos_assessed": 3, "capture_sequences": 1, "photo_shown_date": "2016-06", "latest_available_photo_date": "2016-06", "source_photo_url": "https://www.mapillary.com/app/?pKey=176743831117969&focus=photo", "nearest_osm_pole_m": null}}, {"type": "Feature", "geometry": {"type": "Point", "coordinates": [-72.29306, 44.524952]}, "properties": {"id": "hard-00302", "is_utility_pole": true, "pole_type": "wood_utility", "model_flags": [], "model_watch": [], "lean": "none", "crossarm": "intact", "vegetation": "near", "transformer": false, "attachments_estimate": 1, "photos_assessed": 1, "capture_sequences": 1, "photo_shown_date": "2016-06", "latest_available_photo_date": "2016-06", "source_photo_url": "https://www.mapillary.com/app/?pKey=516422929698454&focus=photo", "nearest_osm_pole_m": null}}, {"type": "Feature", "geometry": {"type": "Point", "coordinates": [-72.2920003, 44.524995]}, "properties": {"id": "hard-00303", "is_utility_pole": true, "pole_type": "wood_utility", "model_flags": [], "model_watch": [], "lean": "none", "crossarm": "none_visible", "vegetation": "near", "transformer": false, "attachments_estimate": 1, "photos_assessed": 4, "capture_sequences": 2, "photo_shown_date": "2018-07", "latest_available_photo_date": "2018-07", "source_photo_url": "https://www.mapillary.com/app/?pKey=595879068060532&focus=photo", "nearest_osm_pole_m": null}}, {"type": "Feature", "geometry": {"type": "Point", "coordinates": [-72.289566, 44.525414]}, "properties": {"id": "hard-00304", "is_utility_pole": true, "pole_type": "wood_utility", "model_flags": [], "model_watch": [], "lean": "none", "crossarm": "intact", "vegetation": "near", "transformer": true, "attachments_estimate": 1, "photos_assessed": 3, "capture_sequences": 3, "photo_shown_date": "2018-07", "latest_available_photo_date": "2018-07", "source_photo_url": "https://www.mapillary.com/app/?pKey=846996746232349&focus=photo", "nearest_osm_pole_m": null}}, {"type": "Feature", "geometry": {"type": "Point", "coordinates": [-72.29155, 44.525063]}, "properties": {"id": "hard-00305", "is_utility_pole": true, "pole_type": "wood_utility", "model_flags": [], "model_watch": ["lean_slight"], "lean": "slight", "crossarm": "intact", "vegetation": "near", "transformer": false, "attachments_estimate": 1, "photos_assessed": 3, "capture_sequences": 2, "photo_shown_date": "2016-06", "latest_available_photo_date": "2016-06", "source_photo_url": "https://www.mapillary.com/app/?pKey=226783522223469&focus=photo", "nearest_osm_pole_m": null}}, {"type": "Feature", "geometry": {"type": "Point", "coordinates": [-72.29373, 44.524776]}, "properties": {"id": "hard-00306", "is_utility_pole": true, "pole_type": "wood_utility", "model_flags": [], "model_watch": [], "lean": "none", "crossarm": "intact", "vegetation": "none", "transformer": false, "attachments_estimate": 1, "photos_assessed": 3, "capture_sequences": 3, "photo_shown_date": "2018-07", "latest_available_photo_date": "2018-07", "source_photo_url": "https://www.mapillary.com/app/?pKey=251718526712019&focus=photo", "nearest_osm_pole_m": null}}, {"type": "Feature", "geometry": {"type": "Point", "coordinates": [-72.28891, 44.5257785]}, "properties": {"id": "hard-00307", "is_utility_pole": true, "pole_type": "wood_utility", "model_flags": ["vegetation"], "model_watch": ["lean_slight"], "lean": "slight", "crossarm": "intact", "vegetation": "touching", "transformer": false, "attachments_estimate": 0, "photos_assessed": 6, "capture_sequences": 5, "photo_shown_date": "2016-06", "latest_available_photo_date": "2018-07", "source_photo_url": "https://www.mapillary.com/app/?pKey=3060444560842682&focus=photo", "nearest_osm_pole_m": null}}, {"type": "Feature", "geometry": {"type": "Point", "coordinates": [-72.29433, 44.524624]}, "properties": {"id": "hard-00308", "is_utility_pole": true, "pole_type": "wood_utility", "model_flags": [], "model_watch": [], "lean": "none", "crossarm": "intact", "vegetation": "near", "transformer": false, "attachments_estimate": 1, "photos_assessed": 3, "capture_sequences": 3, "photo_shown_date": "2016-06", "latest_available_photo_date": "2018-07", "source_photo_url": "https://www.mapillary.com/app/?pKey=760856994496270&focus=photo", "nearest_osm_pole_m": null}}, {"type": "Feature", "geometry": {"type": "Point", "coordinates": [-72.294395, 44.524567]}, "properties": {"id": "hard-00309", "is_utility_pole": true, "pole_type": "wood_utility", "model_flags": ["vegetation"], "model_watch": ["lean_slight"], "lean": "slight", "crossarm": "none_visible", "vegetation": "touching", "transformer": false, "attachments_estimate": 0, "photos_assessed": 3, "capture_sequences": 3, "photo_shown_date": "2018-07", "latest_available_photo_date": "2018-07", "source_photo_url": "https://www.mapillary.com/app/?pKey=4004977952902513&focus=photo", "nearest_osm_pole_m": null}}, {"type": "Feature", "geometry": {"type": "Point", "coordinates": [-72.29536, 44.524296]}, "properties": {"id": "hard-00310", "is_utility_pole": true, "pole_type": "wood_utility", "model_flags": [], "model_watch": ["lean_slight"], "lean": "slight", "crossarm": "intact", "vegetation": "near", "transformer": false, "attachments_estimate": 2, "photos_assessed": 1, "capture_sequences": 1, "photo_shown_date": "2016-06", "latest_available_photo_date": "2016-06", "source_photo_url": "https://www.mapillary.com/app/?pKey=956483898448821&focus=photo", "nearest_osm_pole_m": null}}, {"type": "Feature", "geometry": {"type": "Point", "coordinates": [-72.29417, 44.52467]}, "properties": {"id": "hard-00311", "is_utility_pole": true, "pole_type": "wood_utility", "model_flags": [], "model_watch": ["lean_slight"], "lean": "slight", "crossarm": "intact", "vegetation": "near", "transformer": false, "attachments_estimate": 1, "photos_assessed": 3, "capture_sequences": 3, "photo_shown_date": "2016-06", "latest_available_photo_date": "2018-07", "source_photo_url": "https://www.mapillary.com/app/?pKey=156588546435437&focus=photo", "nearest_osm_pole_m": null}}, {"type": "Feature", "geometry": {"type": "Point", "coordinates": [-72.294754, 44.524498]}, "properties": {"id": "hard-00312", "is_utility_pole": true, "pole_type": "wood_utility", "model_flags": ["vegetation"], "model_watch": [], "lean": "none", "crossarm": "intact", "vegetation": "touching", "transformer": false, "attachments_estimate": 1, "photos_assessed": 3, "capture_sequences": 2, "photo_shown_date": "2016-06", "latest_available_photo_date": "2016-06", "source_photo_url": "https://www.mapillary.com/app/?pKey=331804155214276&focus=photo", "nearest_osm_pole_m": null}}, {"type": "Feature", "geometry": {"type": "Point", "coordinates": [-72.295662, 44.524172]}, "properties": {"id": "hard-00313", "is_utility_pole": true, "pole_type": "wood_utility", "model_flags": [], "model_watch": [], "lean": "none", "crossarm": "intact", "vegetation": "near", "transformer": false, "attachments_estimate": 0, "photos_assessed": 6, "capture_sequences": 6, "photo_shown_date": "2018-07", "latest_available_photo_date": "2018-07", "source_photo_url": "https://www.mapillary.com/app/?pKey=3849330741832238&focus=photo", "nearest_osm_pole_m": null}}, {"type": "Feature", "geometry": {"type": "Point", "coordinates": [-72.29497, 44.524548]}, "properties": {"id": "hard-00314", "is_utility_pole": true, "pole_type": "wood_utility", "model_flags": [], "model_watch": ["lean_slight"], "lean": "slight", "crossarm": "none_visible", "vegetation": "near", "transformer": false, "attachments_estimate": 0, "photos_assessed": 3, "capture_sequences": 3, "photo_shown_date": "2018-07", "latest_available_photo_date": "2018-07", "source_photo_url": "https://www.mapillary.com/app/?pKey=529297421570946&focus=photo", "nearest_osm_pole_m": null}}, {"type": "Feature", "geometry": {"type": "Point", "coordinates": [-72.29526, 44.524334]}, "properties": {"id": "hard-00315", "is_utility_pole": true, "pole_type": "wood_utility", "model_flags": [], "model_watch": [], "lean": "none", "crossarm": "intact", "vegetation": "near", "transformer": false, "attachments_estimate": 1, "photos_assessed": 1, "capture_sequences": 1, "photo_shown_date": "2016-06", "latest_available_photo_date": "2018-07", "source_photo_url": "https://www.mapillary.com/app/?pKey=328508898786305&focus=photo", "nearest_osm_pole_m": null}}, {"type": "Feature", "geometry": {"type": "Point", "coordinates": [-72.29191, 44.52504]}, "properties": {"id": "hard-00316", "is_utility_pole": true, "pole_type": "wood_utility", "model_flags": [], "model_watch": [], "lean": "none", "crossarm": "none_visible", "vegetation": "near", "transformer": false, "attachments_estimate": 1, "photos_assessed": 2, "capture_sequences": 2, "photo_shown_date": "2018-07", "latest_available_photo_date": "2018-07", "source_photo_url": "https://www.mapillary.com/app/?pKey=238221371395957&focus=photo", "nearest_osm_pole_m": null}}, {"type": "Feature", "geometry": {"type": "Point", "coordinates": [-72.29303, 44.52486]}, "properties": {"id": "hard-00317", "is_utility_pole": false, "pole_type": "unclear", "model_flags": [], "model_watch": [], "lean": "unclear", "crossarm": "none_visible", "vegetation": "none", "transformer": false, "attachments_estimate": 0, "photos_assessed": 1, "capture_sequences": 1, "photo_shown_date": "2016-06", "latest_available_photo_date": "2016-06", "source_photo_url": "https://www.mapillary.com/app/?pKey=4352221178145331&focus=photo", "nearest_osm_pole_m": null}}, {"type": "Feature", "geometry": {"type": "Point", "coordinates": [-72.33284, 44.533806]}, "properties": {"id": "hard-00318", "is_utility_pole": true, "pole_type": "wood_utility", "model_flags": ["vegetation"], "model_watch": [], "lean": "none", "crossarm": "none_visible", "vegetation": "touching", "transformer": false, "attachments_estimate": 0, "photos_assessed": 1, "capture_sequences": 1, "photo_shown_date": "2019-07", "latest_available_photo_date": "2019-07", "source_photo_url": "https://www.mapillary.com/app/?pKey=1151749201915437&focus=photo", "nearest_osm_pole_m": null}}, {"type": "Feature", "geometry": {"type": "Point", "coordinates": [-72.33369, 44.532375]}, "properties": {"id": "hard-00319", "is_utility_pole": true, "pole_type": "wood_utility", "model_flags": ["vegetation"], "model_watch": ["lean_slight"], "lean": "slight", "crossarm": "none_visible", "vegetation": "touching", "transformer": false, "attachments_estimate": 0, "photos_assessed": 1, "capture_sequences": 1, "photo_shown_date": "2019-07", "latest_available_photo_date": "2019-07", "source_photo_url": "https://www.mapillary.com/app/?pKey=476798553402185&focus=photo", "nearest_osm_pole_m": null}}, {"type": "Feature", "geometry": {"type": "Point", "coordinates": [-72.30187, 44.48015]}, "properties": {"id": "hard-00320", "is_utility_pole": true, "pole_type": "wood_utility", "model_flags": [], "model_watch": [], "lean": "none", "crossarm": "none_visible", "vegetation": "near", "transformer": false, "attachments_estimate": 0, "photos_assessed": 2, "capture_sequences": 1, "photo_shown_date": "2016-06", "latest_available_photo_date": "2018-07", "source_photo_url": "https://www.mapillary.com/app/?pKey=324967095672389&focus=photo", "nearest_osm_pole_m": null}}, {"type": "Feature", "geometry": {"type": "Point", "coordinates": [-72.33481, 44.53178]}, "properties": {"id": "hard-00321", "is_utility_pole": true, "pole_type": "wood_utility", "model_flags": [], "model_watch": [], "lean": "none", "crossarm": "intact", "vegetation": "near", "transformer": false, "attachments_estimate": 0, "photos_assessed": 3, "capture_sequences": 1, "photo_shown_date": "2019-07", "latest_available_photo_date": "2019-07", "source_photo_url": "https://www.mapillary.com/app/?pKey=1822534044574974&focus=photo", "nearest_osm_pole_m": null}}, {"type": "Feature", "geometry": {"type": "Point", "coordinates": [-72.433395, 44.534657]}, "properties": {"id": "hard-00322", "is_utility_pole": true, "pole_type": "wood_utility", "model_flags": [], "model_watch": ["lean_slight"], "lean": "slight", "crossarm": "none_visible", "vegetation": "none", "transformer": false, "attachments_estimate": 0, "photos_assessed": 1, "capture_sequences": 1, "photo_shown_date": "2016-06", "latest_available_photo_date": "2018-07", "source_photo_url": "https://www.mapillary.com/app/?pKey=528983348482668&focus=photo", "nearest_osm_pole_m": null}}, {"type": "Feature", "geometry": {"type": "Point", "coordinates": [-72.37225, 44.501404]}, "properties": {"id": "hard-00323", "is_utility_pole": true, "pole_type": "wood_utility", "model_flags": [], "model_watch": [], "lean": "unclear", "crossarm": "none_visible", "vegetation": "near", "transformer": false, "attachments_estimate": 1, "photos_assessed": 3, "capture_sequences": 3, "photo_shown_date": "2016-07", "latest_available_photo_date": "2016-07", "source_photo_url": "https://www.mapillary.com/app/?pKey=325030075939100&focus=photo", "nearest_osm_pole_m": null}}, {"type": "Feature", "geometry": {"type": "Point", "coordinates": [-72.369221, 44.5033233]}, "properties": {"id": "hard-00324", "is_utility_pole": true, "pole_type": "wood_utility", "model_flags": [], "model_watch": [], "lean": "none", "crossarm": "intact", "vegetation": "near", "transformer": false, "attachments_estimate": 2, "photos_assessed": 12, "capture_sequences": 4, "photo_shown_date": "2018-06", "latest_available_photo_date": "2018-06", "source_photo_url": "https://www.mapillary.com/app/?pKey=893139747901789&focus=photo", "nearest_osm_pole_m": null}}, {"type": "Feature", "geometry": {"type": "Point", "coordinates": [-72.374146, 44.54278]}, "properties": {"id": "hard-00325", "is_utility_pole": true, "pole_type": "wood_utility", "model_flags": [], "model_watch": ["lean_slight"], "lean": "slight", "crossarm": "intact", "vegetation": "near", "transformer": false, "attachments_estimate": 0, "photos_assessed": 2, "capture_sequences": 1, "photo_shown_date": "2018-07", "latest_available_photo_date": "2018-07", "source_photo_url": "https://www.mapillary.com/app/?pKey=1864905647012039&focus=photo", "nearest_osm_pole_m": null}}, {"type": "Feature", "geometry": {"type": "Point", "coordinates": [-72.36849, 44.503662]}, "properties": {"id": "hard-00326", "is_utility_pole": true, "pole_type": "wood_utility", "model_flags": [], "model_watch": [], "lean": "none", "crossarm": "intact", "vegetation": "near", "transformer": false, "attachments_estimate": 2, "photos_assessed": 3, "capture_sequences": 3, "photo_shown_date": "2016-07", "latest_available_photo_date": "2016-07", "source_photo_url": "https://www.mapillary.com/app/?pKey=143231177799592&focus=photo", "nearest_osm_pole_m": null}}, {"type": "Feature", "geometry": {"type": "Point", "coordinates": [-72.37392, 44.538704]}, "properties": {"id": "hard-00327", "is_utility_pole": false, "pole_type": "unclear", "model_flags": [], "model_watch": [], "lean": "unclear", "crossarm": "unclear", "vegetation": "unclear", "transformer": false, "attachments_estimate": 0, "photos_assessed": 2, "capture_sequences": 1, "photo_shown_date": "2016-07", "latest_available_photo_date": "2016-07", "source_photo_url": "https://www.mapillary.com/app/?pKey=819152978712042&focus=photo", "nearest_osm_pole_m": null}}, {"type": "Feature", "geometry": {"type": "Point", "coordinates": [-72.36891, 44.5034]}, "properties": {"id": "hard-00328", "is_utility_pole": true, "pole_type": "wood_utility", "model_flags": [], "model_watch": [], "lean": "none", "crossarm": "none_visible", "vegetation": "near", "transformer": false, "attachments_estimate": 0, "photos_assessed": 3, "capture_sequences": 3, "photo_shown_date": "2018-07", "latest_available_photo_date": "2018-07", "source_photo_url": "https://www.mapillary.com/app/?pKey=153848270089886&focus=photo", "nearest_osm_pole_m": null}}, {"type": "Feature", "geometry": {"type": "Point", "coordinates": [-72.3720588, 44.5011675]}, "properties": {"id": "hard-00329", "is_utility_pole": true, "pole_type": "wood_utility", "model_flags": ["vegetation"], "model_watch": [], "lean": "none", "crossarm": "intact", "vegetation": "touching", "transformer": false, "attachments_estimate": 1, "photos_assessed": 4, "capture_sequences": 3, "photo_shown_date": "2018-07", "latest_available_photo_date": "2018-07", "source_photo_url": "https://www.mapillary.com/app/?pKey=222575646063062&focus=photo", "nearest_osm_pole_m": null}}, {"type": "Feature", "geometry": {"type": "Point", "coordinates": [-72.34189, 44.517086]}, "properties": {"id": "hard-00330", "is_utility_pole": true, "pole_type": "wood_utility", "model_flags": [], "model_watch": ["lean_slight"], "lean": "slight", "crossarm": "intact", "vegetation": "near", "transformer": false, "attachments_estimate": 1, "photos_assessed": 2, "capture_sequences": 1, "photo_shown_date": "2017-07", "latest_available_photo_date": "2017-07", "source_photo_url": "https://www.mapillary.com/app/?pKey=313116230390254&focus=photo", "nearest_osm_pole_m": null}}, {"type": "Feature", "geometry": {"type": "Point", "coordinates": [-72.372025, 44.50083]}, "properties": {"id": "hard-00331", "is_utility_pole": true, "pole_type": "wood_utility", "model_flags": [], "model_watch": [], "lean": "none", "crossarm": "intact", "vegetation": "near", "transformer": false, "attachments_estimate": 1, "photos_assessed": 3, "capture_sequences": 3, "photo_shown_date": "2018-07", "latest_available_photo_date": "2018-07", "source_photo_url": "https://www.mapillary.com/app/?pKey=803845086928604&focus=photo", "nearest_osm_pole_m": null}}, {"type": "Feature", "geometry": {"type": "Point", "coordinates": [-72.3712717, 44.50225]}, "properties": {"id": "hard-00332", "is_utility_pole": true, "pole_type": "wood_utility", "model_flags": [], "model_watch": ["lean_slight"], "lean": "slight", "crossarm": "intact", "vegetation": "near", "transformer": false, "attachments_estimate": 1, "photos_assessed": 9, "capture_sequences": 5, "photo_shown_date": "2018-06", "latest_available_photo_date": "2018-06", "source_photo_url": "https://www.mapillary.com/app/?pKey=859580998275339&focus=photo", "nearest_osm_pole_m": null}}, {"type": "Feature", "geometry": {"type": "Point", "coordinates": [-72.37427, 44.533756]}, "properties": {"id": "hard-00333", "is_utility_pole": true, "pole_type": "wood_utility", "model_flags": [], "model_watch": ["lean_slight"], "lean": "slight", "crossarm": "intact", "vegetation": "near", "transformer": false, "attachments_estimate": 0, "photos_assessed": 1, "capture_sequences": 1, "photo_shown_date": "2016-07", "latest_available_photo_date": "2016-07", "source_photo_url": "https://www.mapillary.com/app/?pKey=213977353673756&focus=photo", "nearest_osm_pole_m": null}}, {"type": "Feature", "geometry": {"type": "Point", "coordinates": [-72.372185, 44.501217]}, "properties": {"id": "hard-00334", "is_utility_pole": false, "pole_type": "unclear", "model_flags": [], "model_watch": [], "lean": "unclear", "crossarm": "none_visible", "vegetation": "unclear", "transformer": false, "attachments_estimate": 0, "photos_assessed": 2, "capture_sequences": 2, "photo_shown_date": "2018-07", "latest_available_photo_date": "2018-07", "source_photo_url": "https://www.mapillary.com/app/?pKey=1162586927498663&focus=photo", "nearest_osm_pole_m": null}}, {"type": "Feature", "geometry": {"type": "Point", "coordinates": [-72.3720336, 44.5013711]}, "properties": {"id": "hard-00335", "is_utility_pole": true, "pole_type": "wood_utility", "model_flags": ["vegetation"], "model_watch": [], "lean": "none", "crossarm": "intact", "vegetation": "touching", "transformer": false, "attachments_estimate": 1, "photos_assessed": 7, "capture_sequences": 4, "photo_shown_date": "2018-07", "latest_available_photo_date": "2018-07", "source_photo_url": "https://www.mapillary.com/app/?pKey=382014776474340&focus=photo", "nearest_osm_pole_m": null}}, {"type": "Feature", "geometry": {"type": "Point", "coordinates": [-72.3742347, 44.53312]}, "properties": {"id": "hard-00336", "is_utility_pole": true, "pole_type": "wood_utility", "model_flags": [], "model_watch": [], "lean": "none", "crossarm": "none_visible", "vegetation": "none", "transformer": false, "attachments_estimate": 1, "photos_assessed": 3, "capture_sequences": 3, "photo_shown_date": "2016-07", "latest_available_photo_date": "2018-07", "source_photo_url": "https://www.mapillary.com/app/?pKey=1448116465520919&focus=photo", "nearest_osm_pole_m": null}}, {"type": "Feature", "geometry": {"type": "Point", "coordinates": [-72.37429, 44.532932]}, "properties": {"id": "hard-00337", "is_utility_pole": true, "pole_type": "wood_utility", "model_flags": [], "model_watch": ["lean_slight"], "lean": "slight", "crossarm": "intact", "vegetation": "near", "transformer": true, "attachments_estimate": 1, "photos_assessed": 3, "capture_sequences": 1, "photo_shown_date": "2018-06", "latest_available_photo_date": "2018-06", "source_photo_url": "https://www.mapillary.com/app/?pKey=1210253509435527&focus=photo", "nearest_osm_pole_m": null}}, {"type": "Feature", "geometry": {"type": "Point", "coordinates": [-72.37426, 44.53342]}, "properties": {"id": "hard-00338", "is_utility_pole": true, "pole_type": "wood_utility", "model_flags": ["vegetation"], "model_watch": ["lean_slight"], "lean": "slight", "crossarm": "intact", "vegetation": "touching", "transformer": false, "attachments_estimate": 0, "photos_assessed": 3, "capture_sequences": 1, "photo_shown_date": "2014-06", "latest_available_photo_date": "2014-06", "source_photo_url": "https://www.mapillary.com/app/?pKey=300589218274188&focus=photo", "nearest_osm_pole_m": null}}, {"type": "Feature", "geometry": {"type": "Point", "coordinates": [-72.37428, 44.536953]}, "properties": {"id": "hard-00339", "is_utility_pole": true, "pole_type": "wood_utility", "model_flags": ["vegetation"], "model_watch": [], "lean": "none", "crossarm": "unclear", "vegetation": "touching", "transformer": false, "attachments_estimate": 1, "photos_assessed": 1, "capture_sequences": 1, "photo_shown_date": "2018-07", "latest_available_photo_date": "2018-07", "source_photo_url": "https://www.mapillary.com/app/?pKey=482607243165605&focus=photo", "nearest_osm_pole_m": null}}, {"type": "Feature", "geometry": {"type": "Point", "coordinates": [-72.37426, 44.5333]}, "properties": {"id": "hard-00340", "is_utility_pole": true, "pole_type": "wood_utility", "model_flags": ["vegetation"], "model_watch": ["lean_slight"], "lean": "slight", "crossarm": "unclear", "vegetation": "touching", "transformer": false, "attachments_estimate": 1, "photos_assessed": 3, "capture_sequences": 2, "photo_shown_date": "2014-06", "latest_available_photo_date": "2016-07", "source_photo_url": "https://www.mapillary.com/app/?pKey=1008158629721835&focus=photo", "nearest_osm_pole_m": null}}, {"type": "Feature", "geometry": {"type": "Point", "coordinates": [-72.37423, 44.538013]}, "properties": {"id": "hard-00341", "is_utility_pole": true, "pole_type": "wood_utility", "model_flags": [], "model_watch": ["lean_slight"], "lean": "slight", "crossarm": "intact", "vegetation": "near", "transformer": false, "attachments_estimate": 1, "photos_assessed": 3, "capture_sequences": 2, "photo_shown_date": "2016-07", "latest_available_photo_date": "2016-07", "source_photo_url": "https://www.mapillary.com/app/?pKey=2015125705303506&focus=photo", "nearest_osm_pole_m": null}}, {"type": "Feature", "geometry": {"type": "Point", "coordinates": [-72.37415, 44.536285]}, "properties": {"id": "hard-00342", "is_utility_pole": true, "pole_type": "wood_utility", "model_flags": ["vegetation"], "model_watch": ["lean_slight"], "lean": "slight", "crossarm": "intact", "vegetation": "touching", "transformer": false, "attachments_estimate": 1, "photos_assessed": 3, "capture_sequences": 3, "photo_shown_date": "2018-06", "latest_available_photo_date": "2018-06", "source_photo_url": "https://www.mapillary.com/app/?pKey=382709983107253&focus=photo", "nearest_osm_pole_m": null}}, {"type": "Feature", "geometry": {"type": "Point", "coordinates": [-72.37423, 44.536697]}, "properties": {"id": "hard-00343", "is_utility_pole": true, "pole_type": "wood_utility", "model_flags": ["vegetation"], "model_watch": [], "lean": "none", "crossarm": "none_visible", "vegetation": "touching", "transformer": false, "attachments_estimate": 0, "photos_assessed": 1, "capture_sequences": 1, "photo_shown_date": "2016-07", "latest_available_photo_date": "2018-06", "source_photo_url": "https://www.mapillary.com/app/?pKey=306737354288030&focus=photo", "nearest_osm_pole_m": null}}, {"type": "Feature", "geometry": {"type": "Point", "coordinates": [-72.374176, 44.534607]}, "properties": {"id": "hard-00344", "is_utility_pole": true, "pole_type": "wood_utility", "model_flags": [], "model_watch": ["lean_slight"], "lean": "slight", "crossarm": "intact", "vegetation": "near", "transformer": false, "attachments_estimate": 0, "photos_assessed": 3, "capture_sequences": 1, "photo_shown_date": "2016-07", "latest_available_photo_date": "2016-07", "source_photo_url": "https://www.mapillary.com/app/?pKey=191649829382656&focus=photo", "nearest_osm_pole_m": null}}, {"type": "Feature", "geometry": {"type": "Point", "coordinates": [-72.3743, 44.53357]}, "properties": {"id": "hard-00345", "is_utility_pole": true, "pole_type": "wood_utility", "model_flags": ["lean"], "model_watch": [], "lean": "moderate", "crossarm": "intact", "vegetation": "near", "transformer": false, "attachments_estimate": 0, "photos_assessed": 3, "capture_sequences": 2, "photo_shown_date": "2018-06", "latest_available_photo_date": "2018-06", "source_photo_url": "https://www.mapillary.com/app/?pKey=329594248845135&focus=photo", "nearest_osm_pole_m": null}}, {"type": "Feature", "geometry": {"type": "Point", "coordinates": [-72.37411, 44.532922]}, "properties": {"id": "hard-00346", "is_utility_pole": true, "pole_type": "wood_utility", "model_flags": [], "model_watch": [], "lean": "none", "crossarm": "none_visible", "vegetation": "near", "transformer": false, "attachments_estimate": 0, "photos_assessed": 4, "capture_sequences": 3, "photo_shown_date": "2018-07", "latest_available_photo_date": "2018-07", "source_photo_url": "https://www.mapillary.com/app/?pKey=4322584304476193&focus=photo", "nearest_osm_pole_m": null}}, {"type": "Feature", "geometry": {"type": "Point", "coordinates": [-72.37432, 44.53426]}, "properties": {"id": "hard-00347", "is_utility_pole": true, "pole_type": "wood_utility", "model_flags": [], "model_watch": ["lean_slight"], "lean": "slight", "crossarm": "intact", "vegetation": "near", "transformer": false, "attachments_estimate": 1, "photos_assessed": 3, "capture_sequences": 3, "photo_shown_date": "2018-07", "latest_available_photo_date": "2018-07", "source_photo_url": "https://www.mapillary.com/app/?pKey=295470848787782&focus=photo", "nearest_osm_pole_m": null}}, {"type": "Feature", "geometry": {"type": "Point", "coordinates": [-72.374344, 44.536755]}, "properties": {"id": "hard-00348", "is_utility_pole": true, "pole_type": "wood_utility", "model_flags": [], "model_watch": [], "lean": "none", "crossarm": "intact", "vegetation": "near", "transformer": false, "attachments_estimate": 0, "photos_assessed": 3, "capture_sequences": 3, "photo_shown_date": "2018-07", "latest_available_photo_date": "2018-07", "source_photo_url": "https://www.mapillary.com/app/?pKey=1155402191639262&focus=photo", "nearest_osm_pole_m": null}}, {"type": "Feature", "geometry": {"type": "Point", "coordinates": [-72.37381, 44.543785]}, "properties": {"id": "hard-00349", "is_utility_pole": false, "pole_type": "unclear", "model_flags": ["vegetation"], "model_watch": [], "lean": "unclear", "crossarm": "unclear", "vegetation": "touching", "transformer": false, "attachments_estimate": 0, "photos_assessed": 1, "capture_sequences": 1, "photo_shown_date": "2016-07", "latest_available_photo_date": "2018-07", "source_photo_url": "https://www.mapillary.com/app/?pKey=346332600181611&focus=photo", "nearest_osm_pole_m": null}}, {"type": "Feature", "geometry": {"type": "Point", "coordinates": [-72.374146, 44.53542]}, "properties": {"id": "hard-00350", "is_utility_pole": true, "pole_type": "wood_utility", "model_flags": [], "model_watch": [], "lean": "none", "crossarm": "intact", "vegetation": "near", "transformer": false, "attachments_estimate": 1, "photos_assessed": 3, "capture_sequences": 3, "photo_shown_date": "2018-07", "latest_available_photo_date": "2018-07", "source_photo_url": "https://www.mapillary.com/app/?pKey=1477899795892578&focus=photo", "nearest_osm_pole_m": null}}, {"type": "Feature", "geometry": {"type": "Point", "coordinates": [-72.37416, 44.53477]}, "properties": {"id": "hard-00351", "is_utility_pole": true, "pole_type": "wood_utility", "model_flags": [], "model_watch": ["lean_slight"], "lean": "slight", "crossarm": "intact", "vegetation": "near", "transformer": false, "attachments_estimate": 0, "photos_assessed": 3, "capture_sequences": 3, "photo_shown_date": "2018-06", "latest_available_photo_date": "2018-06", "source_photo_url": "https://www.mapillary.com/app/?pKey=1419830391713677&focus=photo", "nearest_osm_pole_m": null}}, {"type": "Feature", "geometry": {"type": "Point", "coordinates": [-72.3738, 44.512558]}, "properties": {"id": "hard-00352", "is_utility_pole": true, "pole_type": "wood_utility", "model_flags": [], "model_watch": [], "lean": "none", "crossarm": "unclear", "vegetation": "near", "transformer": true, "attachments_estimate": 1, "photos_assessed": 3, "capture_sequences": 2, "photo_shown_date": "2018-07", "latest_available_photo_date": "2018-07", "source_photo_url": "https://www.mapillary.com/app/?pKey=485576609206671&focus=photo", "nearest_osm_pole_m": null}}, {"type": "Feature", "geometry": {"type": "Point", "coordinates": [-72.3720207, 44.5089216]}, "properties": {"id": "hard-00353", "is_utility_pole": true, "pole_type": "wood_utility", "model_flags": [], "model_watch": [], "lean": "none", "crossarm": "intact", "vegetation": "near", "transformer": false, "attachments_estimate": 1, "photos_assessed": 7, "capture_sequences": 4, "photo_shown_date": "2018-07", "latest_available_photo_date": "2018-07", "source_photo_url": "https://www.mapillary.com/app/?pKey=159106762844512&focus=photo", "nearest_osm_pole_m": null}}, {"type": "Feature", "geometry": {"type": "Point", "coordinates": [-72.373285, 44.51117]}, "properties": {"id": "hard-00354", "is_utility_pole": true, "pole_type": "wood_utility", "model_flags": ["vegetation"], "model_watch": ["lean_slight"], "lean": "slight", "crossarm": "none_visible", "vegetation": "touching", "transformer": false, "attachments_estimate": 1, "photos_assessed": 6, "capture_sequences": 5, "photo_shown_date": "2018-07", "latest_available_photo_date": "2018-07", "source_photo_url": "https://www.mapillary.com/app/?pKey=609604073765941&focus=photo", "nearest_osm_pole_m": null}}, {"type": "Feature", "geometry": {"type": "Point", "coordinates": [-72.37429, 44.537437]}, "properties": {"id": "hard-00355", "is_utility_pole": true, "pole_type": "wood_utility", "model_flags": [], "model_watch": ["lean_slight"], "lean": "slight", "crossarm": "intact", "vegetation": "near", "transformer": true, "attachments_estimate": 0, "photos_assessed": 3, "capture_sequences": 3, "photo_shown_date": "2018-06", "latest_available_photo_date": "2018-06", "source_photo_url": "https://www.mapillary.com/app/?pKey=844359416435207&focus=photo", "nearest_osm_pole_m": null}}, {"type": "Feature", "geometry": {"type": "Point", "coordinates": [-72.37353, 44.51254]}, "properties": {"id": "hard-00356", "is_utility_pole": true, "pole_type": "wood_utility", "model_flags": [], "model_watch": [], "lean": "none", "crossarm": "intact", "vegetation": "near", "transformer": false, "attachments_estimate": 0, "photos_assessed": 3, "capture_sequences": 2, "photo_shown_date": "2014-06", "latest_available_photo_date": "2016-06", "source_photo_url": "https://www.mapillary.com/app/?pKey=4226716987368064&focus=photo", "nearest_osm_pole_m": null}}, {"type": "Feature", "geometry": {"type": "Point", "coordinates": [-72.373795, 44.51248]}, "properties": {"id": "hard-00357", "is_utility_pole": true, "pole_type": "wood_utility", "model_flags": [], "model_watch": [], "lean": "unclear", "crossarm": "unclear", "vegetation": "near", "transformer": false, "attachments_estimate": 1, "photos_assessed": 2, "capture_sequences": 2, "photo_shown_date": "2016-06", "latest_available_photo_date": "2016-06", "source_photo_url": "https://www.mapillary.com/app/?pKey=525926851873276&focus=photo", "nearest_osm_pole_m": null}}, {"type": "Feature", "geometry": {"type": "Point", "coordinates": [-72.37427, 44.533955]}, "properties": {"id": "hard-00358", "is_utility_pole": true, "pole_type": "wood_utility", "model_flags": [], "model_watch": ["lean_slight"], "lean": "slight", "crossarm": "intact", "vegetation": "near", "transformer": false, "attachments_estimate": 0, "photos_assessed": 3, "capture_sequences": 3, "photo_shown_date": "2014-06", "latest_available_photo_date": "2016-07", "source_photo_url": "https://www.mapillary.com/app/?pKey=889860784925643&focus=photo", "nearest_osm_pole_m": null}}, {"type": "Feature", "geometry": {"type": "Point", "coordinates": [-72.280754, 44.53368]}, "properties": {"id": "hard-00359", "is_utility_pole": true, "pole_type": "wood_utility", "model_flags": [], "model_watch": [], "lean": "none", "crossarm": "intact", "vegetation": "near", "transformer": false, "attachments_estimate": 1, "photos_assessed": 1, "capture_sequences": 1, "photo_shown_date": "2014-06", "latest_available_photo_date": "2018-07", "source_photo_url": "https://www.mapillary.com/app/?pKey=1411365275892214&focus=photo", "nearest_osm_pole_m": null}}, {"type": "Feature", "geometry": {"type": "Point", "coordinates": [-72.27878, 44.53506]}, "properties": {"id": "hard-00360", "is_utility_pole": true, "pole_type": "wood_utility", "model_flags": [], "model_watch": ["lean_slight"], "lean": "slight", "crossarm": "intact", "vegetation": "near", "transformer": false, "attachments_estimate": 0, "photos_assessed": 3, "capture_sequences": 3, "photo_shown_date": "2018-07", "latest_available_photo_date": "2018-07", "source_photo_url": "https://www.mapillary.com/app/?pKey=2865400420440986&focus=photo", "nearest_osm_pole_m": null}}, {"type": "Feature", "geometry": {"type": "Point", "coordinates": [-72.280292, 44.534193]}, "properties": {"id": "hard-00361", "is_utility_pole": true, "pole_type": "wood_utility", "model_flags": [], "model_watch": [], "lean": "none", "crossarm": "intact", "vegetation": "none", "transformer": false, "attachments_estimate": 1, "photos_assessed": 6, "capture_sequences": 3, "photo_shown_date": "2018-07", "latest_available_photo_date": "2018-07", "source_photo_url": "https://www.mapillary.com/app/?pKey=1001246863746401&focus=photo", "nearest_osm_pole_m": null}}, {"type": "Feature", "geometry": {"type": "Point", "coordinates": [-72.2795792, 44.5345818]}, "properties": {"id": "hard-00362", "is_utility_pole": true, "pole_type": "wood_utility", "model_flags": [], "model_watch": [], "lean": "none", "crossarm": "intact", "vegetation": "none", "transformer": false, "attachments_estimate": 1, "photos_assessed": 4, "capture_sequences": 3, "photo_shown_date": "2018-07", "latest_available_photo_date": "2018-07", "source_photo_url": "https://www.mapillary.com/app/?pKey=393889081789557&focus=photo", "nearest_osm_pole_m": null}}, {"type": "Feature", "geometry": {"type": "Point", "coordinates": [-72.31329, 44.492363]}, "properties": {"id": "hard-00363", "is_utility_pole": true, "pole_type": "wood_utility", "model_flags": [], "model_watch": ["lean_slight"], "lean": "slight", "crossarm": "none_visible", "vegetation": "near", "transformer": false, "attachments_estimate": 0, "photos_assessed": 3, "capture_sequences": 2, "photo_shown_date": "2016-06", "latest_available_photo_date": "2016-06", "source_photo_url": "https://www.mapillary.com/app/?pKey=512793216736706&focus=photo", "nearest_osm_pole_m": null}}, {"type": "Feature", "geometry": {"type": "Point", "coordinates": [-72.31313, 44.49222]}, "properties": {"id": "hard-00364", "is_utility_pole": true, "pole_type": "wood_utility", "model_flags": [], "model_watch": [], "lean": "none", "crossarm": "none_visible", "vegetation": "near", "transformer": false, "attachments_estimate": 0, "photos_assessed": 1, "capture_sequences": 1, "photo_shown_date": "2016-06", "latest_available_photo_date": "2016-06", "source_photo_url": "https://www.mapillary.com/app/?pKey=3935097146586596&focus=photo", "nearest_osm_pole_m": null}}, {"type": "Feature", "geometry": {"type": "Point", "coordinates": [-72.310748, 44.4897392]}, "properties": {"id": "hard-00365", "is_utility_pole": true, "pole_type": "wood_utility", "model_flags": ["vegetation"], "model_watch": ["lean_slight"], "lean": "slight", "crossarm": "none_visible", "vegetation": "touching", "transformer": false, "attachments_estimate": 0, "photos_assessed": 5, "capture_sequences": 4, "photo_shown_date": "2018-07", "latest_available_photo_date": "2018-07", "source_photo_url": "https://www.mapillary.com/app/?pKey=1879053445606487&focus=photo", "nearest_osm_pole_m": null}}, {"type": "Feature", "geometry": {"type": "Point", "coordinates": [-72.31302, 44.492165]}, "properties": {"id": "hard-00366", "is_utility_pole": true, "pole_type": "wood_utility", "model_flags": [], "model_watch": [], "lean": "none", "crossarm": "none_visible", "vegetation": "near", "transformer": false, "attachments_estimate": 0, "photos_assessed": 2, "capture_sequences": 2, "photo_shown_date": "2016-06", "latest_available_photo_date": "2016-06", "source_photo_url": "https://www.mapillary.com/app/?pKey=230592348828098&focus=photo", "nearest_osm_pole_m": null}}, {"type": "Feature", "geometry": {"type": "Point", "coordinates": [-72.31268, 44.491737]}, "properties": {"id": "hard-00367", "is_utility_pole": true, "pole_type": "wood_utility", "model_flags": ["vegetation"], "model_watch": ["lean_slight"], "lean": "slight", "crossarm": "none_visible", "vegetation": "touching", "transformer": false, "attachments_estimate": 0, "photos_assessed": 3, "capture_sequences": 3, "photo_shown_date": "2016-06", "latest_available_photo_date": "2016-06", "source_photo_url": "https://www.mapillary.com/app/?pKey=305605944538364&focus=photo", "nearest_osm_pole_m": null}}, {"type": "Feature", "geometry": {"type": "Point", "coordinates": [-72.310425, 44.488964]}, "properties": {"id": "hard-00368", "is_utility_pole": true, "pole_type": "wood_utility", "model_flags": ["vegetation"], "model_watch": ["lean_slight"], "lean": "slight", "crossarm": "none_visible", "vegetation": "touching", "transformer": false, "attachments_estimate": 0, "photos_assessed": 3, "capture_sequences": 3, "photo_shown_date": "2018-07", "latest_available_photo_date": "2018-07", "source_photo_url": "https://www.mapillary.com/app/?pKey=485045639465695&focus=photo", "nearest_osm_pole_m": null}}, {"type": "Feature", "geometry": {"type": "Point", "coordinates": [-72.354956, 44.505926]}, "properties": {"id": "hard-00369", "is_utility_pole": true, "pole_type": "wood_utility", "model_flags": [], "model_watch": ["lean_slight"], "lean": "slight", "crossarm": "intact", "vegetation": "near", "transformer": false, "attachments_estimate": 0, "photos_assessed": 5, "capture_sequences": 4, "photo_shown_date": "2019-07", "latest_available_photo_date": "2019-07", "source_photo_url": "https://www.mapillary.com/app/?pKey=3658743230893789&focus=photo", "nearest_osm_pole_m": null}}, {"type": "Feature", "geometry": {"type": "Point", "coordinates": [-72.35792, 44.50554]}, "properties": {"id": "hard-00370", "is_utility_pole": true, "pole_type": "wood_utility", "model_flags": [], "model_watch": [], "lean": "none", "crossarm": "intact", "vegetation": "near", "transformer": false, "attachments_estimate": 1, "photos_assessed": 3, "capture_sequences": 2, "photo_shown_date": "2017-07", "latest_available_photo_date": "2017-07", "source_photo_url": "https://www.mapillary.com/app/?pKey=225871469300241&focus=photo", "nearest_osm_pole_m": null}}, {"type": "Feature", "geometry": {"type": "Point", "coordinates": [-72.35932, 44.505436]}, "properties": {"id": "hard-00371", "is_utility_pole": true, "pole_type": "wood_utility", "model_flags": [], "model_watch": [], "lean": "none", "crossarm": "intact", "vegetation": "near", "transformer": false, "attachments_estimate": 1, "photos_assessed": 2, "capture_sequences": 2, "photo_shown_date": "2017-07", "latest_available_photo_date": "2017-07", "source_photo_url": "https://www.mapillary.com/app/?pKey=177598740963811&focus=photo", "nearest_osm_pole_m": null}}, {"type": "Feature", "geometry": {"type": "Point", "coordinates": [-72.3002425, 44.569866]}, "properties": {"id": "hard-00372", "is_utility_pole": true, "pole_type": "wood_utility", "model_flags": [], "model_watch": [], "lean": "none", "crossarm": "intact", "vegetation": "near", "transformer": false, "attachments_estimate": 1, "photos_assessed": 6, "capture_sequences": 3, "photo_shown_date": "2019-07", "latest_available_photo_date": "2019-07", "source_photo_url": "https://www.mapillary.com/app/?pKey=286673253158037&focus=photo", "nearest_osm_pole_m": null}}, {"type": "Feature", "geometry": {"type": "Point", "coordinates": [-72.30194, 44.569122]}, "properties": {"id": "hard-00373", "is_utility_pole": false, "pole_type": "unclear", "model_flags": [], "model_watch": [], "lean": "unclear", "crossarm": "none_visible", "vegetation": "unclear", "transformer": false, "attachments_estimate": 0, "photos_assessed": 1, "capture_sequences": 1, "photo_shown_date": "2017-07", "latest_available_photo_date": "2017-07", "source_photo_url": "https://www.mapillary.com/app/?pKey=204792691467554&focus=photo", "nearest_osm_pole_m": null}}, {"type": "Feature", "geometry": {"type": "Point", "coordinates": [-72.299465, 44.570456]}, "properties": {"id": "hard-00374", "is_utility_pole": true, "pole_type": "wood_utility", "model_flags": [], "model_watch": [], "lean": "none", "crossarm": "none_visible", "vegetation": "near", "transformer": false, "attachments_estimate": 0, "photos_assessed": 6, "capture_sequences": 4, "photo_shown_date": "2019-07", "latest_available_photo_date": "2019-07", "source_photo_url": "https://www.mapillary.com/app/?pKey=918709868698765&focus=photo", "nearest_osm_pole_m": null}}, {"type": "Feature", "geometry": {"type": "Point", "coordinates": [-72.3038, 44.56769]}, "properties": {"id": "hard-00375", "is_utility_pole": false, "pole_type": "unclear", "model_flags": [], "model_watch": [], "lean": "unclear", "crossarm": "none_visible", "vegetation": "near", "transformer": false, "attachments_estimate": 0, "photos_assessed": 1, "capture_sequences": 1, "photo_shown_date": "2017-07", "latest_available_photo_date": "2017-07", "source_photo_url": "https://www.mapillary.com/app/?pKey=322751056046946&focus=photo", "nearest_osm_pole_m": null}}, {"type": "Feature", "geometry": {"type": "Point", "coordinates": [-72.30446, 44.567406]}, "properties": {"id": "hard-00376", "is_utility_pole": true, "pole_type": "wood_utility", "model_flags": [], "model_watch": ["lean_slight"], "lean": "slight", "crossarm": "intact", "vegetation": "near", "transformer": false, "attachments_estimate": 1, "photos_assessed": 2, "capture_sequences": 2, "photo_shown_date": "2017-07", "latest_available_photo_date": "2019-07", "source_photo_url": "https://www.mapillary.com/app/?pKey=537964177199320&focus=photo", "nearest_osm_pole_m": null}}, {"type": "Feature", "geometry": {"type": "Point", "coordinates": [-72.30071, 44.569656]}, "properties": {"id": "hard-00377", "is_utility_pole": true, "pole_type": "wood_utility", "model_flags": [], "model_watch": [], "lean": "none", "crossarm": "intact", "vegetation": "near", "transformer": true, "attachments_estimate": 0, "photos_assessed": 1, "capture_sequences": 1, "photo_shown_date": "2017-07", "latest_available_photo_date": "2019-07", "source_photo_url": "https://www.mapillary.com/app/?pKey=184435890246936&focus=photo", "nearest_osm_pole_m": null}}, {"type": "Feature", "geometry": {"type": "Point", "coordinates": [-72.29984, 44.57009]}, "properties": {"id": "hard-00378", "is_utility_pole": true, "pole_type": "wood_utility", "model_flags": ["vegetation"], "model_watch": ["lean_slight"], "lean": "slight", "crossarm": "intact", "vegetation": "touching", "transformer": false, "attachments_estimate": 1, "photos_assessed": 3, "capture_sequences": 2, "photo_shown_date": "2019-07", "latest_available_photo_date": "2019-07", "source_photo_url": "https://www.mapillary.com/app/?pKey=4267335713306307&focus=photo", "nearest_osm_pole_m": null}}, {"type": "Feature", "geometry": {"type": "Point", "coordinates": [-72.3012, 44.569527]}, "properties": {"id": "hard-00379", "is_utility_pole": false, "pole_type": "unclear", "model_flags": [], "model_watch": [], "lean": "unclear", "crossarm": "none_visible", "vegetation": "near", "transformer": false, "attachments_estimate": 0, "photos_assessed": 2, "capture_sequences": 2, "photo_shown_date": "2017-07", "latest_available_photo_date": "2017-07", "source_photo_url": "https://www.mapillary.com/app/?pKey=376926623735620&focus=photo", "nearest_osm_pole_m": null}}, {"type": "Feature", "geometry": {"type": "Point", "coordinates": [-72.30363, 44.56789]}, "properties": {"id": "hard-00380", "is_utility_pole": true, "pole_type": "wood_utility", "model_flags": [], "model_watch": [], "lean": "none", "crossarm": "intact", "vegetation": "near", "transformer": false, "attachments_estimate": 0, "photos_assessed": 3, "capture_sequences": 1, "photo_shown_date": "2017-07", "latest_available_photo_date": "2017-07", "source_photo_url": "https://www.mapillary.com/app/?pKey=1014514842639242&focus=photo", "nearest_osm_pole_m": null}}, {"type": "Feature", "geometry": {"type": "Point", "coordinates": [-72.36941, 44.553654]}, "properties": {"id": "hard-00381", "is_utility_pole": true, "pole_type": "wood_utility", "model_flags": [], "model_watch": ["lean_slight"], "lean": "slight", "crossarm": "intact", "vegetation": "none", "transformer": false, "attachments_estimate": 0, "photos_assessed": 1, "capture_sequences": 1, "photo_shown_date": "2016-07", "latest_available_photo_date": "2018-06", "source_photo_url": "https://www.mapillary.com/app/?pKey=5509464212460164&focus=photo", "nearest_osm_pole_m": null}}, {"type": "Feature", "geometry": {"type": "Point", "coordinates": [-72.26885, 44.543884]}, "properties": {"id": "hard-00382", "is_utility_pole": true, "pole_type": "wood_utility", "model_flags": [], "model_watch": [], "lean": "none", "crossarm": "none_visible", "vegetation": "near", "transformer": false, "attachments_estimate": 0, "photos_assessed": 1, "capture_sequences": 1, "photo_shown_date": "2018-07", "latest_available_photo_date": "2018-07", "source_photo_url": "https://www.mapillary.com/app/?pKey=964053220804107&focus=photo", "nearest_osm_pole_m": null}}, {"type": "Feature", "geometry": {"type": "Point", "coordinates": [-72.35353, 44.50602]}, "properties": {"id": "hard-00383", "is_utility_pole": true, "pole_type": "wood_utility", "model_flags": ["vegetation"], "model_watch": [], "lean": "none", "crossarm": "unclear", "vegetation": "touching", "transformer": false, "attachments_estimate": 0, "photos_assessed": 2, "capture_sequences": 2, "photo_shown_date": "2015-07", "latest_available_photo_date": "2017-07", "source_photo_url": "https://www.mapillary.com/app/?pKey=376784123767115&focus=photo", "nearest_osm_pole_m": null}}, {"type": "Feature", "geometry": {"type": "Point", "coordinates": [-72.30494, 44.4838]}, "properties": {"id": "hard-00384", "is_utility_pole": true, "pole_type": "wood_utility", "model_flags": [], "model_watch": ["lean_slight"], "lean": "slight", "crossarm": "intact", "vegetation": "near", "transformer": false, "attachments_estimate": 0, "photos_assessed": 1, "capture_sequences": 1, "photo_shown_date": "2016-06", "latest_available_photo_date": "2016-06", "source_photo_url": "https://www.mapillary.com/app/?pKey=783597528991969&focus=photo", "nearest_osm_pole_m": null}}, {"type": "Feature", "geometry": {"type": "Point", "coordinates": [-72.30892, 44.486637]}, "properties": {"id": "hard-00385", "is_utility_pole": true, "pole_type": "wood_utility", "model_flags": ["vegetation"], "model_watch": [], "lean": "none", "crossarm": "none_visible", "vegetation": "touching", "transformer": false, "attachments_estimate": 0, "photos_assessed": 3, "capture_sequences": 3, "photo_shown_date": "2018-07", "latest_available_photo_date": "2018-07", "source_photo_url": "https://www.mapillary.com/app/?pKey=209757240980828&focus=photo", "nearest_osm_pole_m": null}}, {"type": "Feature", "geometry": {"type": "Point", "coordinates": [-72.302826, 44.482]}, "properties": {"id": "hard-00386", "is_utility_pole": true, "pole_type": "wood_utility", "model_flags": ["vegetation"], "model_watch": ["lean_slight"], "lean": "slight", "crossarm": "unclear", "vegetation": "touching", "transformer": false, "attachments_estimate": 0, "photos_assessed": 2, "capture_sequences": 2, "photo_shown_date": "2014-07", "latest_available_photo_date": "2018-07", "source_photo_url": "https://www.mapillary.com/app/?pKey=775668279782814&focus=photo", "nearest_osm_pole_m": null}}, {"type": "Feature", "geometry": {"type": "Point", "coordinates": [-72.30307, 44.482334]}, "properties": {"id": "hard-00387", "is_utility_pole": true, "pole_type": "wood_utility", "model_flags": [], "model_watch": ["lean_slight"], "lean": "slight", "crossarm": "none_visible", "vegetation": "near", "transformer": false, "attachments_estimate": 2, "photos_assessed": 3, "capture_sequences": 3, "photo_shown_date": "2018-07", "latest_available_photo_date": "2018-07", "source_photo_url": "https://www.mapillary.com/app/?pKey=2385216424956703&focus=photo", "nearest_osm_pole_m": null}}, {"type": "Feature", "geometry": {"type": "Point", "coordinates": [-72.302145, 44.481067]}, "properties": {"id": "hard-00388", "is_utility_pole": true, "pole_type": "wood_utility", "model_flags": ["vegetation"], "model_watch": ["lean_slight"], "lean": "slight", "crossarm": "intact", "vegetation": "touching", "transformer": false, "attachments_estimate": 1, "photos_assessed": 6, "capture_sequences": 4, "photo_shown_date": "2018-07", "latest_available_photo_date": "2018-07", "source_photo_url": "https://www.mapillary.com/app/?pKey=307363214399012&focus=photo", "nearest_osm_pole_m": null}}, {"type": "Feature", "geometry": {"type": "Point", "coordinates": [-72.304487, 44.48357]}, "properties": {"id": "hard-00389", "is_utility_pole": true, "pole_type": "wood_utility", "model_flags": [], "model_watch": ["lean_slight"], "lean": "slight", "crossarm": "none_visible", "vegetation": "near", "transformer": false, "attachments_estimate": 0, "photos_assessed": 6, "capture_sequences": 5, "photo_shown_date": "2018-07", "latest_available_photo_date": "2018-07", "source_photo_url": "https://www.mapillary.com/app/?pKey=909782493133462&focus=photo", "nearest_osm_pole_m": null}}, {"type": "Feature", "geometry": {"type": "Point", "coordinates": [-72.3016571, 44.4794566]}, "properties": {"id": "hard-00390", "is_utility_pole": true, "pole_type": "wood_utility", "model_flags": ["vegetation"], "model_watch": [], "lean": "none", "crossarm": "none_visible", "vegetation": "touching", "transformer": false, "attachments_estimate": 1, "photos_assessed": 7, "capture_sequences": 4, "photo_shown_date": "2018-07", "latest_available_photo_date": "2018-07", "source_photo_url": "https://www.mapillary.com/app/?pKey=152088083601634&focus=photo", "nearest_osm_pole_m": null}}, {"type": "Feature", "geometry": {"type": "Point", "coordinates": [-72.30252, 44.481747]}, "properties": {"id": "hard-00391", "is_utility_pole": true, "pole_type": "wood_utility", "model_flags": ["vegetation"], "model_watch": ["lean_slight"], "lean": "slight", "crossarm": "none_visible", "vegetation": "touching", "transformer": false, "attachments_estimate": 1, "photos_assessed": 3, "capture_sequences": 3, "photo_shown_date": "2018-07", "latest_available_photo_date": "2018-07", "source_photo_url": "https://www.mapillary.com/app/?pKey=962877504565452&focus=photo", "nearest_osm_pole_m": null}}, {"type": "Feature", "geometry": {"type": "Point", "coordinates": [-72.30472, 44.4837]}, "properties": {"id": "hard-00392", "is_utility_pole": true, "pole_type": "wood_utility", "model_flags": [], "model_watch": ["lean_slight"], "lean": "slight", "crossarm": "none_visible", "vegetation": "near", "transformer": false, "attachments_estimate": 1, "photos_assessed": 3, "capture_sequences": 1, "photo_shown_date": "2016-06", "latest_available_photo_date": "2016-06", "source_photo_url": "https://www.mapillary.com/app/?pKey=854188161844055&focus=photo", "nearest_osm_pole_m": null}}, {"type": "Feature", "geometry": {"type": "Point", "coordinates": [-72.30184, 44.479965]}, "properties": {"id": "hard-00393", "is_utility_pole": true, "pole_type": "wood_utility", "model_flags": [], "model_watch": ["lean_slight"], "lean": "slight", "crossarm": "none_visible", "vegetation": "near", "transformer": false, "attachments_estimate": 0, "photos_assessed": 2, "capture_sequences": 2, "photo_shown_date": "2016-06", "latest_available_photo_date": "2018-07", "source_photo_url": "https://www.mapillary.com/app/?pKey=831948374115153&focus=photo", "nearest_osm_pole_m": null}}, {"type": "Feature", "geometry": {"type": "Point", "coordinates": [-72.30537, 44.4842136]}, "properties": {"id": "hard-00394", "is_utility_pole": true, "pole_type": "wood_utility", "model_flags": [], "model_watch": ["lean_slight"], "lean": "slight", "crossarm": "none_visible", "vegetation": "near", "transformer": false, "attachments_estimate": 1, "photos_assessed": 5, "capture_sequences": 4, "photo_shown_date": "2018-07", "latest_available_photo_date": "2018-07", "source_photo_url": "https://www.mapillary.com/app/?pKey=955700425283845&focus=photo", "nearest_osm_pole_m": null}}, {"type": "Feature", "geometry": {"type": "Point", "coordinates": [-72.3019, 44.480286]}, "properties": {"id": "hard-00395", "is_utility_pole": true, "pole_type": "wood_utility", "model_flags": [], "model_watch": ["lean_slight"], "lean": "slight", "crossarm": "intact", "vegetation": "near", "transformer": false, "attachments_estimate": 0, "photos_assessed": 3, "capture_sequences": 3, "photo_shown_date": "2018-07", "latest_available_photo_date": "2018-07", "source_photo_url": "https://www.mapillary.com/app/?pKey=3349911978568625&focus=photo", "nearest_osm_pole_m": null}}, {"type": "Feature", "geometry": {"type": "Point", "coordinates": [-72.30344, 44.48262]}, "properties": {"id": "hard-00396", "is_utility_pole": true, "pole_type": "wood_utility", "model_flags": [], "model_watch": ["lean_slight"], "lean": "slight", "crossarm": "intact", "vegetation": "near", "transformer": false, "attachments_estimate": 1, "photos_assessed": 1, "capture_sequences": 1, "photo_shown_date": "2016-06", "latest_available_photo_date": "2016-06", "source_photo_url": "https://www.mapillary.com/app/?pKey=817920849157614&focus=photo", "nearest_osm_pole_m": null}}, {"type": "Feature", "geometry": {"type": "Point", "coordinates": [-72.36564, 44.57046]}, "properties": {"id": "hard-00397", "is_utility_pole": true, "pole_type": "wood_utility", "model_flags": ["vegetation"], "model_watch": [], "lean": "none", "crossarm": "intact", "vegetation": "touching", "transformer": false, "attachments_estimate": 0, "photos_assessed": 3, "capture_sequences": 2, "photo_shown_date": "2018-06", "latest_available_photo_date": "2018-06", "source_photo_url": "https://www.mapillary.com/app/?pKey=1489769874748448&focus=photo", "nearest_osm_pole_m": null}}, {"type": "Feature", "geometry": {"type": "Point", "coordinates": [-72.366196, 44.56908]}, "properties": {"id": "hard-00398", "is_utility_pole": true, "pole_type": "wood_utility", "model_flags": [], "model_watch": ["lean_slight"], "lean": "slight", "crossarm": "intact", "vegetation": "near", "transformer": false, "attachments_estimate": 0, "photos_assessed": 3, "capture_sequences": 3, "photo_shown_date": "2016-07", "latest_available_photo_date": "2016-07", "source_photo_url": "https://www.mapillary.com/app/?pKey=993978841411096&focus=photo", "nearest_osm_pole_m": null}}, {"type": "Feature", "geometry": {"type": "Point", "coordinates": [-72.36656, 44.566906]}, "properties": {"id": "hard-00399", "is_utility_pole": true, "pole_type": "wood_utility", "model_flags": [], "model_watch": ["lean_slight"], "lean": "slight", "crossarm": "intact", "vegetation": "near", "transformer": false, "attachments_estimate": 0, "photos_assessed": 2, "capture_sequences": 1, "photo_shown_date": "2018-07", "latest_available_photo_date": "2018-07", "source_photo_url": "https://www.mapillary.com/app/?pKey=182023100496780&focus=photo", "nearest_osm_pole_m": null}}, {"type": "Feature", "geometry": {"type": "Point", "coordinates": [-72.36656, 44.567398]}, "properties": {"id": "hard-00400", "is_utility_pole": true, "pole_type": "wood_utility", "model_flags": [], "model_watch": [], "lean": "none", "crossarm": "intact", "vegetation": "near", "transformer": false, "attachments_estimate": 0, "photos_assessed": 3, "capture_sequences": 2, "photo_shown_date": "2018-07", "latest_available_photo_date": "2018-07", "source_photo_url": "https://www.mapillary.com/app/?pKey=1963063687184836&focus=photo", "nearest_osm_pole_m": null}}, {"type": "Feature", "geometry": {"type": "Point", "coordinates": [-72.3654, 44.57126]}, "properties": {"id": "hard-00401", "is_utility_pole": true, "pole_type": "wood_utility", "model_flags": [], "model_watch": ["lean_slight"], "lean": "slight", "crossarm": "unclear", "vegetation": "near", "transformer": false, "attachments_estimate": 0, "photos_assessed": 2, "capture_sequences": 2, "photo_shown_date": "2018-06", "latest_available_photo_date": "2018-06", "source_photo_url": "https://www.mapillary.com/app/?pKey=325343145879077&focus=photo", "nearest_osm_pole_m": null}}, {"type": "Feature", "geometry": {"type": "Point", "coordinates": [-72.365456, 44.57134]}, "properties": {"id": "hard-00402", "is_utility_pole": true, "pole_type": "wood_utility", "model_flags": ["vegetation"], "model_watch": ["lean_slight"], "lean": "slight", "crossarm": "intact", "vegetation": "touching", "transformer": false, "attachments_estimate": 0, "photos_assessed": 3, "capture_sequences": 3, "photo_shown_date": "2018-07", "latest_available_photo_date": "2018-07", "source_photo_url": "https://www.mapillary.com/app/?pKey=3985275301548704&focus=photo", "nearest_osm_pole_m": null}}, {"type": "Feature", "geometry": {"type": "Point", "coordinates": [-72.36635, 44.567802]}, "properties": {"id": "hard-00403", "is_utility_pole": true, "pole_type": "wood_utility", "model_flags": ["vegetation"], "model_watch": [], "lean": "unclear", "crossarm": "none_visible", "vegetation": "touching", "transformer": false, "attachments_estimate": 0, "photos_assessed": 2, "capture_sequences": 2, "photo_shown_date": "2014-06", "latest_available_photo_date": "2018-06", "source_photo_url": "https://www.mapillary.com/app/?pKey=321227796283599&focus=photo", "nearest_osm_pole_m": null}}, {"type": "Feature", "geometry": {"type": "Point", "coordinates": [-72.36593, 44.56974]}, "properties": {"id": "hard-00404", "is_utility_pole": true, "pole_type": "wood_utility", "model_flags": [], "model_watch": ["lean_slight"], "lean": "slight", "crossarm": "intact", "vegetation": "near", "transformer": false, "attachments_estimate": 0, "photos_assessed": 3, "capture_sequences": 3, "photo_shown_date": "2018-06", "latest_available_photo_date": "2018-06", "source_photo_url": "https://www.mapillary.com/app/?pKey=322290472737214&focus=photo", "nearest_osm_pole_m": null}}, {"type": "Feature", "geometry": {"type": "Point", "coordinates": [-72.365265, 44.57214]}, "properties": {"id": "hard-00405", "is_utility_pole": true, "pole_type": "wood_utility", "model_flags": [], "model_watch": [], "lean": "none", "crossarm": "intact", "vegetation": "near", "transformer": false, "attachments_estimate": 0, "photos_assessed": 2, "capture_sequences": 2, "photo_shown_date": "2014-06", "latest_available_photo_date": "2016-07", "source_photo_url": "https://www.mapillary.com/app/?pKey=319019266439543&focus=photo", "nearest_osm_pole_m": null}}, {"type": "Feature", "geometry": {"type": "Point", "coordinates": [-72.3654675, 44.5704375]}, "properties": {"id": "hard-00406", "is_utility_pole": true, "pole_type": "wood_utility", "model_flags": ["vegetation"], "model_watch": ["lean_slight"], "lean": "slight", "crossarm": "none_visible", "vegetation": "touching", "transformer": false, "attachments_estimate": 0, "photos_assessed": 8, "capture_sequences": 4, "photo_shown_date": "2014-06", "latest_available_photo_date": "2018-07", "source_photo_url": "https://www.mapillary.com/app/?pKey=1668534589995814&focus=photo", "nearest_osm_pole_m": null}}, {"type": "Feature", "geometry": {"type": "Point", "coordinates": [-72.3659, 44.569824]}, "properties": {"id": "hard-00407", "is_utility_pole": false, "pole_type": "unclear", "model_flags": [], "model_watch": [], "lean": "unclear", "crossarm": "unclear", "vegetation": "unclear", "transformer": false, "attachments_estimate": 0, "photos_assessed": 2, "capture_sequences": 2, "photo_shown_date": "2016-07", "latest_available_photo_date": "2016-07", "source_photo_url": "https://www.mapillary.com/app/?pKey=326823248906287&focus=photo", "nearest_osm_pole_m": null}}, {"type": "Feature", "geometry": {"type": "Point", "coordinates": [-72.30425, 44.48348]}, "properties": {"id": "hard-00408", "is_utility_pole": true, "pole_type": "wood_utility", "model_flags": [], "model_watch": ["lean_slight"], "lean": "slight", "crossarm": "none_visible", "vegetation": "near", "transformer": false, "attachments_estimate": 0, "photos_assessed": 1, "capture_sequences": 1, "photo_shown_date": "2014-07", "latest_available_photo_date": "2018-07", "source_photo_url": "https://www.mapillary.com/app/?pKey=2847791435535690&focus=photo", "nearest_osm_pole_m": null}}, {"type": "Feature", "geometry": {"type": "Point", "coordinates": [-72.303865, 44.483053]}, "properties": {"id": "hard-00409", "is_utility_pole": true, "pole_type": "wood_utility", "model_flags": [], "model_watch": ["lean_slight"], "lean": "slight", "crossarm": "none_visible", "vegetation": "near", "transformer": false, "attachments_estimate": 1, "photos_assessed": 6, "capture_sequences": 4, "photo_shown_date": "2018-07", "latest_available_photo_date": "2018-07", "source_photo_url": "https://www.mapillary.com/app/?pKey=529364181394558&focus=photo", "nearest_osm_pole_m": null}}, {"type": "Feature", "geometry": {"type": "Point", "coordinates": [-72.366394, 44.568066]}, "properties": {"id": "hard-00410", "is_utility_pole": true, "pole_type": "wood_utility", "model_flags": ["vegetation"], "model_watch": ["lean_slight"], "lean": "slight", "crossarm": "unclear", "vegetation": "touching", "transformer": false, "attachments_estimate": 0, "photos_assessed": 1, "capture_sequences": 1, "photo_shown_date": "2018-07", "latest_available_photo_date": "2018-07", "source_photo_url": "https://www.mapillary.com/app/?pKey=201515375029434&focus=photo", "nearest_osm_pole_m": null}}, {"type": "Feature", "geometry": {"type": "Point", "coordinates": [-72.36645, 44.568413]}, "properties": {"id": "hard-00411", "is_utility_pole": true, "pole_type": "wood_utility", "model_flags": [], "model_watch": ["lean_slight"], "lean": "slight", "crossarm": "intact", "vegetation": "near", "transformer": false, "attachments_estimate": 0, "photos_assessed": 3, "capture_sequences": 3, "photo_shown_date": "2018-06", "latest_available_photo_date": "2018-06", "source_photo_url": "https://www.mapillary.com/app/?pKey=214255687187574&focus=photo", "nearest_osm_pole_m": null}}, {"type": "Feature", "geometry": {"type": "Point", "coordinates": [-72.29375, 44.574814]}, "properties": {"id": "hard-00412", "is_utility_pole": true, "pole_type": "wood_utility", "model_flags": ["vegetation"], "model_watch": [], "lean": "none", "crossarm": "unclear", "vegetation": "touching", "transformer": false, "attachments_estimate": 1, "photos_assessed": 1, "capture_sequences": 1, "photo_shown_date": "2019-07", "latest_available_photo_date": "2019-07", "source_photo_url": "https://www.mapillary.com/app/?pKey=476606877006097&focus=photo", "nearest_osm_pole_m": null}}, {"type": "Feature", "geometry": {"type": "Point", "coordinates": [-72.29343, 44.574154]}, "properties": {"id": "hard-00413", "is_utility_pole": true, "pole_type": "wood_utility", "model_flags": ["vegetation"], "model_watch": [], "lean": "none", "crossarm": "intact", "vegetation": "touching", "transformer": false, "attachments_estimate": 0, "photos_assessed": 2, "capture_sequences": 2, "photo_shown_date": "2017-07", "latest_available_photo_date": "2019-07", "source_photo_url": "https://www.mapillary.com/app/?pKey=846844182613408&focus=photo", "nearest_osm_pole_m": null}}, {"type": "Feature", "geometry": {"type": "Point", "coordinates": [-72.29328, 44.574097]}, "properties": {"id": "hard-00414", "is_utility_pole": true, "pole_type": "wood_utility", "model_flags": [], "model_watch": ["lean_slight"], "lean": "slight", "crossarm": "unclear", "vegetation": "near", "transformer": false, "attachments_estimate": 0, "photos_assessed": 2, "capture_sequences": 2, "photo_shown_date": "2017-07", "latest_available_photo_date": "2019-07", "source_photo_url": "https://www.mapillary.com/app/?pKey=470199267575077&focus=photo", "nearest_osm_pole_m": null}}, {"type": "Feature", "geometry": {"type": "Point", "coordinates": [-72.29373, 44.574734]}, "properties": {"id": "hard-00415", "is_utility_pole": true, "pole_type": "wood_utility", "model_flags": ["vegetation"], "model_watch": [], "lean": "none", "crossarm": "none_visible", "vegetation": "touching", "transformer": false, "attachments_estimate": 0, "photos_assessed": 1, "capture_sequences": 1, "photo_shown_date": "2017-07", "latest_available_photo_date": "2017-07", "source_photo_url": "https://www.mapillary.com/app/?pKey=841184813153323&focus=photo", "nearest_osm_pole_m": null}}, {"type": "Feature", "geometry": {"type": "Point", "coordinates": [-72.293396, 44.573727]}, "properties": {"id": "hard-00416", "is_utility_pole": true, "pole_type": "wood_utility", "model_flags": ["vegetation"], "model_watch": ["lean_slight"], "lean": "slight", "crossarm": "none_visible", "vegetation": "touching", "transformer": false, "attachments_estimate": 1, "photos_assessed": 2, "capture_sequences": 1, "photo_shown_date": "2017-07", "latest_available_photo_date": "2017-07", "source_photo_url": "https://www.mapillary.com/app/?pKey=920964978755240&focus=photo", "nearest_osm_pole_m": null}}, {"type": "Feature", "geometry": {"type": "Point", "coordinates": [-72.2942, 44.575733]}, "properties": {"id": "hard-00417", "is_utility_pole": true, "pole_type": "wood_utility", "model_flags": ["lean"], "model_watch": [], "lean": "moderate", "crossarm": "none_visible", "vegetation": "none", "transformer": false, "attachments_estimate": 2, "photos_assessed": 1, "capture_sequences": 1, "photo_shown_date": "2017-07", "latest_available_photo_date": "2017-07", "source_photo_url": "https://www.mapillary.com/app/?pKey=188207873072070&focus=photo", "nearest_osm_pole_m": null}}, {"type": "Feature", "geometry": {"type": "Point", "coordinates": [-72.29436, 44.57605]}, "properties": {"id": "hard-00418", "is_utility_pole": true, "pole_type": "wood_utility", "model_flags": [], "model_watch": [], "lean": "none", "crossarm": "intact", "vegetation": "near", "transformer": false, "attachments_estimate": 1, "photos_assessed": 2, "capture_sequences": 1, "photo_shown_date": "2017-07", "latest_available_photo_date": "2017-07", "source_photo_url": "https://www.mapillary.com/app/?pKey=743198239705884&focus=photo", "nearest_osm_pole_m": null}}, {"type": "Feature", "geometry": {"type": "Point", "coordinates": [-72.31866, 44.55247]}, "properties": {"id": "hard-00419", "is_utility_pole": true, "pole_type": "wood_utility", "model_flags": [], "model_watch": [], "lean": "none", "crossarm": "none_visible", "vegetation": "near", "transformer": false, "attachments_estimate": 1, "photos_assessed": 2, "capture_sequences": 1, "photo_shown_date": "2019-07", "latest_available_photo_date": "2019-07", "source_photo_url": "https://www.mapillary.com/app/?pKey=195770322405664&focus=photo", "nearest_osm_pole_m": null}}, {"type": "Feature", "geometry": {"type": "Point", "coordinates": [-72.317375, 44.5539515]}, "properties": {"id": "hard-00420", "is_utility_pole": true, "pole_type": "wood_utility", "model_flags": ["vegetation"], "model_watch": ["lean_slight"], "lean": "slight", "crossarm": "none_visible", "vegetation": "touching", "transformer": false, "attachments_estimate": 0, "photos_assessed": 6, "capture_sequences": 3, "photo_shown_date": "2019-07", "latest_available_photo_date": "2019-07", "source_photo_url": "https://www.mapillary.com/app/?pKey=376333373849558&focus=photo", "nearest_osm_pole_m": null}}, {"type": "Feature", "geometry": {"type": "Point", "coordinates": [-72.315315, 44.556683]}, "properties": {"id": "hard-00421", "is_utility_pole": true, "pole_type": "wood_utility", "model_flags": ["vegetation"], "model_watch": ["lean_slight"], "lean": "slight", "crossarm": "none_visible", "vegetation": "touching", "transformer": false, "attachments_estimate": 1, "photos_assessed": 3, "capture_sequences": 1, "photo_shown_date": "2017-07", "latest_available_photo_date": "2017-07", "source_photo_url": "https://www.mapillary.com/app/?pKey=2894682244181026&focus=photo", "nearest_osm_pole_m": null}}, {"type": "Feature", "geometry": {"type": "Point", "coordinates": [-72.31773, 44.5535]}, "properties": {"id": "hard-00422", "is_utility_pole": true, "pole_type": "wood_utility", "model_flags": ["vegetation"], "model_watch": [], "lean": "none", "crossarm": "intact", "vegetation": "touching", "transformer": false, "attachments_estimate": 0, "photos_assessed": 3, "capture_sequences": 1, "photo_shown_date": "2017-07", "latest_available_photo_date": "2017-07", "source_photo_url": "https://www.mapillary.com/app/?pKey=478048993428819&focus=photo", "nearest_osm_pole_m": null}}, {"type": "Feature", "geometry": {"type": "Point", "coordinates": [-72.316986, 44.554417]}, "properties": {"id": "hard-00423", "is_utility_pole": true, "pole_type": "wood_utility", "model_flags": [], "model_watch": [], "lean": "none", "crossarm": "none_visible", "vegetation": "near", "transformer": false, "attachments_estimate": 0, "photos_assessed": 2, "capture_sequences": 1, "photo_shown_date": "2017-07", "latest_available_photo_date": "2017-07", "source_photo_url": "https://www.mapillary.com/app/?pKey=901904387053157&focus=photo", "nearest_osm_pole_m": null}}, {"type": "Feature", "geometry": {"type": "Point", "coordinates": [-72.31825, 44.5529493]}, "properties": {"id": "hard-00424", "is_utility_pole": true, "pole_type": "wood_utility", "model_flags": [], "model_watch": [], "lean": "none", "crossarm": "none_visible", "vegetation": "near", "transformer": false, "attachments_estimate": 1, "photos_assessed": 9, "capture_sequences": 6, "photo_shown_date": "2019-07", "latest_available_photo_date": "2019-07", "source_photo_url": "https://www.mapillary.com/app/?pKey=464344564632706&focus=photo", "nearest_osm_pole_m": null}}, {"type": "Feature", "geometry": {"type": "Point", "coordinates": [-72.41381, 44.52244]}, "properties": {"id": "hard-00425", "is_utility_pole": true, "pole_type": "wood_utility", "model_flags": [], "model_watch": [], "lean": "none", "crossarm": "unclear", "vegetation": "near", "transformer": false, "attachments_estimate": 0, "photos_assessed": 1, "capture_sequences": 1, "photo_shown_date": "2014-06", "latest_available_photo_date": "2016-06", "source_photo_url": "https://www.mapillary.com/app/?pKey=776195893098713&focus=photo", "nearest_osm_pole_m": null}}, {"type": "Feature", "geometry": {"type": "Point", "coordinates": [-72.32352, 44.54601]}, "properties": {"id": "hard-00426", "is_utility_pole": true, "pole_type": "wood_utility", "model_flags": [], "model_watch": [], "lean": "none", "crossarm": "intact", "vegetation": "near", "transformer": false, "attachments_estimate": 1, "photos_assessed": 3, "capture_sequences": 3, "photo_shown_date": "2019-07", "latest_available_photo_date": "2019-07", "source_photo_url": "https://www.mapillary.com/app/?pKey=504924547217688&focus=photo", "nearest_osm_pole_m": null}}, {"type": "Feature", "geometry": {"type": "Point", "coordinates": [-72.325356, 44.543827]}, "properties": {"id": "hard-00427", "is_utility_pole": true, "pole_type": "wood_utility", "model_flags": [], "model_watch": [], "lean": "none", "crossarm": "none_visible", "vegetation": "none", "transformer": false, "attachments_estimate": 1, "photos_assessed": 3, "capture_sequences": 3, "photo_shown_date": "2019-07", "latest_available_photo_date": "2019-07", "source_photo_url": "https://www.mapillary.com/app/?pKey=886607591945228&focus=photo", "nearest_osm_pole_m": null}}, {"type": "Feature", "geometry": {"type": "Point", "coordinates": [-72.3223, 44.54764]}, "properties": {"id": "hard-00428", "is_utility_pole": true, "pole_type": "wood_utility", "model_flags": ["vegetation"], "model_watch": ["lean_slight"], "lean": "slight", "crossarm": "intact", "vegetation": "touching", "transformer": false, "attachments_estimate": 0, "photos_assessed": 3, "capture_sequences": 2, "photo_shown_date": "2013-09", "latest_available_photo_date": "2019-07", "source_photo_url": "https://www.mapillary.com/app/?pKey=520554038967453&focus=photo", "nearest_osm_pole_m": null}}, {"type": "Feature", "geometry": {"type": "Point", "coordinates": [-72.32528, 44.544052]}, "properties": {"id": "hard-00429", "is_utility_pole": true, "pole_type": "wood_utility", "model_flags": [], "model_watch": [], "lean": "none", "crossarm": "none_visible", "vegetation": "near", "transformer": false, "attachments_estimate": 0, "photos_assessed": 1, "capture_sequences": 1, "photo_shown_date": "2019-07", "latest_available_photo_date": "2019-07", "source_photo_url": "https://www.mapillary.com/app/?pKey=329299915218221&focus=photo", "nearest_osm_pole_m": null}}, {"type": "Feature", "geometry": {"type": "Point", "coordinates": [-72.323925, 44.545467]}, "properties": {"id": "hard-00430", "is_utility_pole": true, "pole_type": "wood_utility", "model_flags": [], "model_watch": [], "lean": "none", "crossarm": "intact", "vegetation": "near", "transformer": false, "attachments_estimate": 1, "photos_assessed": 6, "capture_sequences": 3, "photo_shown_date": "2019-07", "latest_available_photo_date": "2019-07", "source_photo_url": "https://www.mapillary.com/app/?pKey=2700225870267571&focus=photo", "nearest_osm_pole_m": null}}, {"type": "Feature", "geometry": {"type": "Point", "coordinates": [-72.323715, 44.54579]}, "properties": {"id": "hard-00431", "is_utility_pole": false, "pole_type": "unclear", "model_flags": [], "model_watch": [], "lean": "unclear", "crossarm": "none_visible", "vegetation": "unclear", "transformer": false, "attachments_estimate": 0, "photos_assessed": 2, "capture_sequences": 1, "photo_shown_date": "2019-07", "latest_available_photo_date": "2019-07", "source_photo_url": "https://www.mapillary.com/app/?pKey=4185369458150295&focus=photo", "nearest_osm_pole_m": null}}, {"type": "Feature", "geometry": {"type": "Point", "coordinates": [-72.32486, 44.54446]}, "properties": {"id": "hard-00432", "is_utility_pole": true, "pole_type": "wood_utility", "model_flags": ["vegetation"], "model_watch": [], "lean": "none", "crossarm": "none_visible", "vegetation": "touching", "transformer": false, "attachments_estimate": 1, "photos_assessed": 3, "capture_sequences": 2, "photo_shown_date": "2019-07", "latest_available_photo_date": "2019-07", "source_photo_url": "https://www.mapillary.com/app/?pKey=503029440991325&focus=photo", "nearest_osm_pole_m": null}}, {"type": "Feature", "geometry": {"type": "Point", "coordinates": [-72.32568, 44.543415]}, "properties": {"id": "hard-00433", "is_utility_pole": true, "pole_type": "wood_utility", "model_flags": ["vegetation"], "model_watch": [], "lean": "none", "crossarm": "none_visible", "vegetation": "touching", "transformer": false, "attachments_estimate": 0, "photos_assessed": 3, "capture_sequences": 3, "photo_shown_date": "2019-07", "latest_available_photo_date": "2019-07", "source_photo_url": "https://www.mapillary.com/app/?pKey=329587982103742&focus=photo", "nearest_osm_pole_m": null}}, {"type": "Feature", "geometry": {"type": "Point", "coordinates": [-72.322716, 44.547092]}, "properties": {"id": "hard-00434", "is_utility_pole": true, "pole_type": "wood_utility", "model_flags": ["vegetation"], "model_watch": ["lean_slight"], "lean": "slight", "crossarm": "intact", "vegetation": "touching", "transformer": false, "attachments_estimate": 0, "photos_assessed": 3, "capture_sequences": 2, "photo_shown_date": "2017-07", "latest_available_photo_date": "2017-07", "source_photo_url": "https://www.mapillary.com/app/?pKey=782713595744352&focus=photo", "nearest_osm_pole_m": null}}, {"type": "Feature", "geometry": {"type": "Point", "coordinates": [-72.32601, 44.54295]}, "properties": {"id": "hard-00435", "is_utility_pole": true, "pole_type": "wood_utility", "model_flags": [], "model_watch": ["lean_slight"], "lean": "slight", "crossarm": "intact", "vegetation": "near", "transformer": false, "attachments_estimate": 1, "photos_assessed": 3, "capture_sequences": 3, "photo_shown_date": "2019-07", "latest_available_photo_date": "2019-07", "source_photo_url": "https://www.mapillary.com/app/?pKey=229872211863913&focus=photo", "nearest_osm_pole_m": null}}, {"type": "Feature", "geometry": {"type": "Point", "coordinates": [-72.32433, 44.544926]}, "properties": {"id": "hard-00436", "is_utility_pole": true, "pole_type": "wood_utility", "model_flags": [], "model_watch": ["lean_slight"], "lean": "slight", "crossarm": "none_visible", "vegetation": "near", "transformer": false, "attachments_estimate": 0, "photos_assessed": 3, "capture_sequences": 3, "photo_shown_date": "2019-07", "latest_available_photo_date": "2019-07", "source_photo_url": "https://www.mapillary.com/app/?pKey=491814218629728&focus=photo", "nearest_osm_pole_m": null}}, {"type": "Feature", "geometry": {"type": "Point", "coordinates": [-72.31732, 44.50777]}, "properties": {"id": "hard-00437", "is_utility_pole": true, "pole_type": "wood_utility", "model_flags": ["vegetation"], "model_watch": [], "lean": "none", "crossarm": "none_visible", "vegetation": "touching", "transformer": false, "attachments_estimate": 2, "photos_assessed": 3, "capture_sequences": 2, "photo_shown_date": "2018-07", "latest_available_photo_date": "2018-07", "source_photo_url": "https://www.mapillary.com/app/?pKey=507026200734205&focus=photo", "nearest_osm_pole_m": null}}, {"type": "Feature", "geometry": {"type": "Point", "coordinates": [-72.37312, 44.545887]}, "properties": {"id": "hard-00438", "is_utility_pole": true, "pole_type": "wood_utility", "model_flags": [], "model_watch": ["lean_slight"], "lean": "slight", "crossarm": "none_visible", "vegetation": "near", "transformer": false, "attachments_estimate": 1, "photos_assessed": 3, "capture_sequences": 2, "photo_shown_date": "2018-07", "latest_available_photo_date": "2018-07", "source_photo_url": "https://www.mapillary.com/app/?pKey=289528596198963&focus=photo", "nearest_osm_pole_m": null}}, {"type": "Feature", "geometry": {"type": "Point", "coordinates": [-72.33376, 44.532764]}, "properties": {"id": "hard-00439", "is_utility_pole": true, "pole_type": "wood_utility", "model_flags": [], "model_watch": ["lean_slight"], "lean": "slight", "crossarm": "intact", "vegetation": "near", "transformer": false, "attachments_estimate": 0, "photos_assessed": 3, "capture_sequences": 1, "photo_shown_date": "2019-07", "latest_available_photo_date": "2019-07", "source_photo_url": "https://www.mapillary.com/app/?pKey=1919778358187222&focus=photo", "nearest_osm_pole_m": null}}, {"type": "Feature", "geometry": {"type": "Point", "coordinates": [-72.28963, 44.474457]}, "properties": {"id": "hard-00440", "is_utility_pole": true, "pole_type": "wood_utility", "model_flags": [], "model_watch": [], "lean": "none", "crossarm": "none_visible", "vegetation": "near", "transformer": false, "attachments_estimate": 0, "photos_assessed": 2, "capture_sequences": 2, "photo_shown_date": "2016-06", "latest_available_photo_date": "2016-06", "source_photo_url": "https://www.mapillary.com/app/?pKey=312965110408076&focus=photo", "nearest_osm_pole_m": null}}, {"type": "Feature", "geometry": {"type": "Point", "coordinates": [-72.29006, 44.474255]}, "properties": {"id": "hard-00441", "is_utility_pole": true, "pole_type": "wood_utility", "model_flags": [], "model_watch": ["lean_slight"], "lean": "slight", "crossarm": "none_visible", "vegetation": "near", "transformer": false, "attachments_estimate": 0, "photos_assessed": 3, "capture_sequences": 3, "photo_shown_date": "2016-06", "latest_available_photo_date": "2016-06", "source_photo_url": "https://www.mapillary.com/app/?pKey=277079810812451&focus=photo", "nearest_osm_pole_m": null}}, {"type": "Feature", "geometry": {"type": "Point", "coordinates": [-72.2903, 44.474434]}, "properties": {"id": "hard-00442", "is_utility_pole": true, "pole_type": "wood_utility", "model_flags": [], "model_watch": [], "lean": "none", "crossarm": "none_visible", "vegetation": "near", "transformer": false, "attachments_estimate": 0, "photos_assessed": 3, "capture_sequences": 2, "photo_shown_date": "2018-07", "latest_available_photo_date": "2018-07", "source_photo_url": "https://www.mapillary.com/app/?pKey=505133754164303&focus=photo", "nearest_osm_pole_m": null}}, {"type": "Feature", "geometry": {"type": "Point", "coordinates": [-72.28995, 44.474361]}, "properties": {"id": "hard-00443", "is_utility_pole": true, "pole_type": "wood_utility", "model_flags": [], "model_watch": [], "lean": "none", "crossarm": "none_visible", "vegetation": "near", "transformer": false, "attachments_estimate": 0, "photos_assessed": 8, "capture_sequences": 5, "photo_shown_date": "2018-07", "latest_available_photo_date": "2018-07", "source_photo_url": "https://www.mapillary.com/app/?pKey=292033512567954&focus=photo", "nearest_osm_pole_m": null}}, {"type": "Feature", "geometry": {"type": "Point", "coordinates": [-72.37045, 44.549814]}, "properties": {"id": "hard-00444", "is_utility_pole": true, "pole_type": "wood_utility", "model_flags": [], "model_watch": ["lean_slight"], "lean": "slight", "crossarm": "intact", "vegetation": "none", "transformer": false, "attachments_estimate": 1, "photos_assessed": 6, "capture_sequences": 5, "photo_shown_date": "2018-07", "latest_available_photo_date": "2018-07", "source_photo_url": "https://www.mapillary.com/app/?pKey=290249032739428&focus=photo", "nearest_osm_pole_m": null}}, {"type": "Feature", "geometry": {"type": "Point", "coordinates": [-72.372696, 44.546593]}, "properties": {"id": "hard-00445", "is_utility_pole": true, "pole_type": "wood_utility", "model_flags": [], "model_watch": ["lean_slight"], "lean": "slight", "crossarm": "intact", "vegetation": "near", "transformer": false, "attachments_estimate": 0, "photos_assessed": 2, "capture_sequences": 1, "photo_shown_date": "2014-06", "latest_available_photo_date": "2018-07", "source_photo_url": "https://www.mapillary.com/app/?pKey=4067240530049548&focus=photo", "nearest_osm_pole_m": null}}, {"type": "Feature", "geometry": {"type": "Point", "coordinates": [-72.373085, 44.545986]}, "properties": {"id": "hard-00446", "is_utility_pole": true, "pole_type": "wood_utility", "model_flags": ["vegetation"], "model_watch": ["lean_slight"], "lean": "slight", "crossarm": "intact", "vegetation": "touching", "transformer": false, "attachments_estimate": 0, "photos_assessed": 3, "capture_sequences": 1, "photo_shown_date": "2014-06", "latest_available_photo_date": "2014-06", "source_photo_url": "https://www.mapillary.com/app/?pKey=1012024779609582&focus=photo", "nearest_osm_pole_m": null}}, {"type": "Feature", "geometry": {"type": "Point", "coordinates": [-72.3725, 44.547695]}, "properties": {"id": "hard-00447", "is_utility_pole": true, "pole_type": "wood_utility", "model_flags": ["vegetation"], "model_watch": ["lean_slight"], "lean": "slight", "crossarm": "none_visible", "vegetation": "touching", "transformer": false, "attachments_estimate": 0, "photos_assessed": 3, "capture_sequences": 3, "photo_shown_date": "2018-07", "latest_available_photo_date": "2018-07", "source_photo_url": "https://www.mapillary.com/app/?pKey=1171208579957001&focus=photo", "nearest_osm_pole_m": null}}, {"type": "Feature", "geometry": {"type": "Point", "coordinates": [-72.372986, 44.54622]}, "properties": {"id": "hard-00448", "is_utility_pole": true, "pole_type": "wood_utility", "model_flags": ["vegetation"], "model_watch": ["lean_slight"], "lean": "slight", "crossarm": "unclear", "vegetation": "touching", "transformer": false, "attachments_estimate": 0, "photos_assessed": 1, "capture_sequences": 1, "photo_shown_date": "2014-06", "latest_available_photo_date": "2014-06", "source_photo_url": "https://www.mapillary.com/app/?pKey=365636748508364&focus=photo", "nearest_osm_pole_m": null}}, {"type": "Feature", "geometry": {"type": "Point", "coordinates": [-72.371765, 44.548523]}, "properties": {"id": "hard-00449", "is_utility_pole": true, "pole_type": "wood_utility", "model_flags": [], "model_watch": ["lean_slight"], "lean": "slight", "crossarm": "intact", "vegetation": "near", "transformer": false, "attachments_estimate": 0, "photos_assessed": 1, "capture_sequences": 1, "photo_shown_date": "2016-07", "latest_available_photo_date": "2016-07", "source_photo_url": "https://www.mapillary.com/app/?pKey=151179656927093&focus=photo", "nearest_osm_pole_m": null}}, {"type": "Feature", "geometry": {"type": "Point", "coordinates": [-72.37405, 44.494685]}, "properties": {"id": "hard-00450", "is_utility_pole": true, "pole_type": "wood_utility", "model_flags": [], "model_watch": ["lean_slight"], "lean": "slight", "crossarm": "intact", "vegetation": "near", "transformer": false, "attachments_estimate": 1, "photos_assessed": 6, "capture_sequences": 5, "photo_shown_date": "2018-06", "latest_available_photo_date": "2018-07", "source_photo_url": "https://www.mapillary.com/app/?pKey=492546605404200&focus=photo", "nearest_osm_pole_m": null}}, {"type": "Feature", "geometry": {"type": "Point", "coordinates": [-72.3746345, 44.4942913]}, "properties": {"id": "hard-00451", "is_utility_pole": true, "pole_type": "wood_utility", "model_flags": [], "model_watch": [], "lean": "none", "crossarm": "intact", "vegetation": "near", "transformer": false, "attachments_estimate": 0, "photos_assessed": 4, "capture_sequences": 3, "photo_shown_date": "2018-06", "latest_available_photo_date": "2018-07", "source_photo_url": "https://www.mapillary.com/app/?pKey=328603518891674&focus=photo", "nearest_osm_pole_m": null}}, {"type": "Feature", "geometry": {"type": "Point", "coordinates": [-72.378588, 44.490695]}, "properties": {"id": "hard-00452", "is_utility_pole": true, "pole_type": "wood_utility", "model_flags": [], "model_watch": [], "lean": "none", "crossarm": "intact", "vegetation": "near", "transformer": false, "attachments_estimate": 0, "photos_assessed": 6, "capture_sequences": 6, "photo_shown_date": "2018-07", "latest_available_photo_date": "2018-07", "source_photo_url": "https://www.mapillary.com/app/?pKey=538026790695309&focus=photo", "nearest_osm_pole_m": null}}, {"type": "Feature", "geometry": {"type": "Point", "coordinates": [-72.373795, 44.494797]}, "properties": {"id": "hard-00453", "is_utility_pole": true, "pole_type": "wood_utility", "model_flags": [], "model_watch": [], "lean": "none", "crossarm": "none_visible", "vegetation": "near", "transformer": false, "attachments_estimate": 0, "photos_assessed": 3, "capture_sequences": 2, "photo_shown_date": "2016-07", "latest_available_photo_date": "2016-07", "source_photo_url": "https://www.mapillary.com/app/?pKey=2188230661308320&focus=photo", "nearest_osm_pole_m": null}}, {"type": "Feature", "geometry": {"type": "Point", "coordinates": [-72.3750312, 44.4940315]}, "properties": {"id": "hard-00454", "is_utility_pole": true, "pole_type": "wood_utility", "model_flags": [], "model_watch": ["lean_slight"], "lean": "slight", "crossarm": "intact", "vegetation": "near", "transformer": false, "attachments_estimate": 1, "photos_assessed": 8, "capture_sequences": 4, "photo_shown_date": "2018-06", "latest_available_photo_date": "2018-06", "source_photo_url": "https://www.mapillary.com/app/?pKey=1198080190640548&focus=photo", "nearest_osm_pole_m": null}}, {"type": "Feature", "geometry": {"type": "Point", "coordinates": [-72.3754805, 44.493745]}, "properties": {"id": "hard-00455", "is_utility_pole": true, "pole_type": "wood_utility", "model_flags": [], "model_watch": [], "lean": "none", "crossarm": "intact", "vegetation": "near", "transformer": false, "attachments_estimate": 1, "photos_assessed": 6, "capture_sequences": 3, "photo_shown_date": "2018-06", "latest_available_photo_date": "2018-06", "source_photo_url": "https://www.mapillary.com/app/?pKey=301570701462798&focus=photo", "nearest_osm_pole_m": null}}, {"type": "Feature", "geometry": {"type": "Point", "coordinates": [-72.37413, 44.494633]}, "properties": {"id": "hard-00456", "is_utility_pole": true, "pole_type": "wood_utility", "model_flags": [], "model_watch": ["lean_slight"], "lean": "slight", "crossarm": "intact", "vegetation": "near", "transformer": false, "attachments_estimate": 1, "photos_assessed": 3, "capture_sequences": 3, "photo_shown_date": "2018-06", "latest_available_photo_date": "2018-06", "source_photo_url": "https://www.mapillary.com/app/?pKey=468669324221582&focus=photo", "nearest_osm_pole_m": null}}, {"type": "Feature", "geometry": {"type": "Point", "coordinates": [-72.378334, 44.491035]}, "properties": {"id": "hard-00457", "is_utility_pole": true, "pole_type": "wood_utility", "model_flags": [], "model_watch": ["lean_slight"], "lean": "slight", "crossarm": "intact", "vegetation": "near", "transformer": false, "attachments_estimate": 1, "photos_assessed": 3, "capture_sequences": 3, "photo_shown_date": "2016-07", "latest_available_photo_date": "2016-07", "source_photo_url": "https://www.mapillary.com/app/?pKey=1436155296719547&focus=photo", "nearest_osm_pole_m": null}}, {"type": "Feature", "geometry": {"type": "Point", "coordinates": [-72.37536, 44.493816]}, "properties": {"id": "hard-00458", "is_utility_pole": true, "pole_type": "wood_utility", "model_flags": [], "model_watch": [], "lean": "none", "crossarm": "intact", "vegetation": "near", "transformer": false, "attachments_estimate": 1, "photos_assessed": 3, "capture_sequences": 2, "photo_shown_date": "2018-07", "latest_available_photo_date": "2018-07", "source_photo_url": "https://www.mapillary.com/app/?pKey=806521083584375&focus=photo", "nearest_osm_pole_m": null}}, {"type": "Feature", "geometry": {"type": "Point", "coordinates": [-72.37477, 44.494194]}, "properties": {"id": "hard-00459", "is_utility_pole": true, "pole_type": "wood_utility", "model_flags": ["vegetation"], "model_watch": [], "lean": "none", "crossarm": "none_visible", "vegetation": "touching", "transformer": false, "attachments_estimate": 1, "photos_assessed": 3, "capture_sequences": 2, "photo_shown_date": "2018-07", "latest_available_photo_date": "2018-07", "source_photo_url": "https://www.mapillary.com/app/?pKey=1256156428139678&focus=photo", "nearest_osm_pole_m": null}}, {"type": "Feature", "geometry": {"type": "Point", "coordinates": [-72.376144, 44.493263]}, "properties": {"id": "hard-00460", "is_utility_pole": true, "pole_type": "wood_utility", "model_flags": [], "model_watch": [], "lean": "none", "crossarm": "none_visible", "vegetation": "none", "transformer": false, "attachments_estimate": 1, "photos_assessed": 3, "capture_sequences": 2, "photo_shown_date": "2018-06", "latest_available_photo_date": "2018-06", "source_photo_url": "https://www.mapillary.com/app/?pKey=3036610189909502&focus=photo", "nearest_osm_pole_m": null}}, {"type": "Feature", "geometry": {"type": "Point", "coordinates": [-72.37737, 44.492115]}, "properties": {"id": "hard-00461", "is_utility_pole": true, "pole_type": "wood_utility", "model_flags": [], "model_watch": [], "lean": "none", "crossarm": "intact", "vegetation": "near", "transformer": false, "attachments_estimate": 0, "photos_assessed": 3, "capture_sequences": 3, "photo_shown_date": "2018-06", "latest_available_photo_date": "2018-06", "source_photo_url": "https://www.mapillary.com/app/?pKey=316056326762847&focus=photo", "nearest_osm_pole_m": null}}, {"type": "Feature", "geometry": {"type": "Point", "coordinates": [-72.377464, 44.491905]}, "properties": {"id": "hard-00462", "is_utility_pole": true, "pole_type": "wood_utility", "model_flags": [], "model_watch": [], "lean": "none", "crossarm": "intact", "vegetation": "near", "transformer": false, "attachments_estimate": 0, "photos_assessed": 1, "capture_sequences": 1, "photo_shown_date": "2016-07", "latest_available_photo_date": "2018-07", "source_photo_url": "https://www.mapillary.com/app/?pKey=268471295058369&focus=photo", "nearest_osm_pole_m": null}}, {"type": "Feature", "geometry": {"type": "Point", "coordinates": [-72.375655, 44.4936025]}, "properties": {"id": "hard-00463", "is_utility_pole": true, "pole_type": "wood_utility", "model_flags": [], "model_watch": [], "lean": "none", "crossarm": "none_visible", "vegetation": "none", "transformer": false, "attachments_estimate": 1, "photos_assessed": 6, "capture_sequences": 3, "photo_shown_date": "2018-07", "latest_available_photo_date": "2018-07", "source_photo_url": "https://www.mapillary.com/app/?pKey=751678408836661&focus=photo", "nearest_osm_pole_m": null}}, {"type": "Feature", "geometry": {"type": "Point", "coordinates": [-72.37813, 44.49121]}, "properties": {"id": "hard-00464", "is_utility_pole": true, "pole_type": "wood_utility", "model_flags": [], "model_watch": [], "lean": "none", "crossarm": "intact", "vegetation": "near", "transformer": false, "attachments_estimate": 1, "photos_assessed": 3, "capture_sequences": 3, "photo_shown_date": "2016-07", "latest_available_photo_date": "2018-06", "source_photo_url": "https://www.mapillary.com/app/?pKey=334707651342952&focus=photo", "nearest_osm_pole_m": null}}, {"type": "Feature", "geometry": {"type": "Point", "coordinates": [-72.375585, 44.4936515]}, "properties": {"id": "hard-00465", "is_utility_pole": true, "pole_type": "wood_utility", "model_flags": [], "model_watch": [], "lean": "none", "crossarm": "none_visible", "vegetation": "none", "transformer": false, "attachments_estimate": 1, "photos_assessed": 6, "capture_sequences": 3, "photo_shown_date": "2018-06", "latest_available_photo_date": "2018-06", "source_photo_url": "https://www.mapillary.com/app/?pKey=1171823386975604&focus=photo", "nearest_osm_pole_m": null}}, {"type": "Feature", "geometry": {"type": "Point", "coordinates": [-72.37435, 44.494484]}, "properties": {"id": "hard-00466", "is_utility_pole": true, "pole_type": "wood_utility", "model_flags": [], "model_watch": ["lean_slight"], "lean": "slight", "crossarm": "intact", "vegetation": "near", "transformer": false, "attachments_estimate": 1, "photos_assessed": 3, "capture_sequences": 3, "photo_shown_date": "2016-07", "latest_available_photo_date": "2016-07", "source_photo_url": "https://www.mapillary.com/app/?pKey=527815431580258&focus=photo", "nearest_osm_pole_m": null}}, {"type": "Feature", "geometry": {"type": "Point", "coordinates": [-72.374886, 44.494125]}, "properties": {"id": "hard-00467", "is_utility_pole": true, "pole_type": "wood_utility", "model_flags": ["vegetation"], "model_watch": ["lean_slight"], "lean": "slight", "crossarm": "intact", "vegetation": "touching", "transformer": false, "attachments_estimate": 1, "photos_assessed": 3, "capture_sequences": 3, "photo_shown_date": "2018-07", "latest_available_photo_date": "2018-07", "source_photo_url": "https://www.mapillary.com/app/?pKey=1416565725385430&focus=photo", "nearest_osm_pole_m": null}}, {"type": "Feature", "geometry": {"type": "Point", "coordinates": [-72.37449, 44.494385]}, "properties": {"id": "hard-00468", "is_utility_pole": true, "pole_type": "wood_utility", "model_flags": [], "model_watch": [], "lean": "none", "crossarm": "intact", "vegetation": "near", "transformer": false, "attachments_estimate": 1, "photos_assessed": 3, "capture_sequences": 3, "photo_shown_date": "2018-07", "latest_available_photo_date": "2018-07", "source_photo_url": "https://www.mapillary.com/app/?pKey=329594955510931&focus=photo", "nearest_osm_pole_m": null}}, {"type": "Feature", "geometry": {"type": "Point", "coordinates": [-72.3742205, 44.494532]}, "properties": {"id": "hard-00469", "is_utility_pole": true, "pole_type": "wood_utility", "model_flags": [], "model_watch": [], "lean": "none", "crossarm": "intact", "vegetation": "near", "transformer": false, "attachments_estimate": 1, "photos_assessed": 4, "capture_sequences": 3, "photo_shown_date": "2018-07", "latest_available_photo_date": "2018-07", "source_photo_url": "https://www.mapillary.com/app/?pKey=326816159021210&focus=photo", "nearest_osm_pole_m": null}}, {"type": "Feature", "geometry": {"type": "Point", "coordinates": [-72.373418, 44.495041]}, "properties": {"id": "hard-00470", "is_utility_pole": true, "pole_type": "wood_utility", "model_flags": [], "model_watch": [], "lean": "none", "crossarm": "intact", "vegetation": "near", "transformer": false, "attachments_estimate": 1, "photos_assessed": 6, "capture_sequences": 6, "photo_shown_date": "2018-07", "latest_available_photo_date": "2018-07", "source_photo_url": "https://www.mapillary.com/app/?pKey=183290133699205&focus=photo", "nearest_osm_pole_m": null}}, {"type": "Feature", "geometry": {"type": "Point", "coordinates": [-72.375275, 44.493874]}, "properties": {"id": "hard-00471", "is_utility_pole": true, "pole_type": "wood_utility", "model_flags": [], "model_watch": [], "lean": "none", "crossarm": "intact", "vegetation": "near", "transformer": false, "attachments_estimate": 1, "photos_assessed": 2, "capture_sequences": 2, "photo_shown_date": "2014-07", "latest_available_photo_date": "2018-06", "source_photo_url": "https://www.mapillary.com/app/?pKey=951178982363168&focus=photo", "nearest_osm_pole_m": null}}, {"type": "Feature", "geometry": {"type": "Point", "coordinates": [-72.37396, 44.49472]}, "properties": {"id": "hard-00472", "is_utility_pole": true, "pole_type": "wood_utility", "model_flags": [], "model_watch": [], "lean": "none", "crossarm": "intact", "vegetation": "near", "transformer": false, "attachments_estimate": 1, "photos_assessed": 3, "capture_sequences": 3, "photo_shown_date": "2018-07", "latest_available_photo_date": "2018-07", "source_photo_url": "https://www.mapillary.com/app/?pKey=222546789389364&focus=photo", "nearest_osm_pole_m": null}}, {"type": "Feature", "geometry": {"type": "Point", "coordinates": [-72.37513, 44.493946]}, "properties": {"id": "hard-00473", "is_utility_pole": true, "pole_type": "wood_utility", "model_flags": [], "model_watch": [], "lean": "none", "crossarm": "none_visible", "vegetation": "near", "transformer": false, "attachments_estimate": 2, "photos_assessed": 3, "capture_sequences": 2, "photo_shown_date": "2018-06", "latest_available_photo_date": "2018-06", "source_photo_url": "https://www.mapillary.com/app/?pKey=334245901500439&focus=photo", "nearest_osm_pole_m": null}}, {"type": "Feature", "geometry": {"type": "Point", "coordinates": [-72.37785, 44.491566]}, "properties": {"id": "hard-00474", "is_utility_pole": true, "pole_type": "wood_utility", "model_flags": [], "model_watch": ["lean_slight"], "lean": "slight", "crossarm": "intact", "vegetation": "near", "transformer": false, "attachments_estimate": 0, "photos_assessed": 3, "capture_sequences": 2, "photo_shown_date": "2018-07", "latest_available_photo_date": "2018-07", "source_photo_url": "https://www.mapillary.com/app/?pKey=310512817224132&focus=photo", "nearest_osm_pole_m": null}}, {"type": "Feature", "geometry": {"type": "Point", "coordinates": [-72.37693, 44.49255]}, "properties": {"id": "hard-00475", "is_utility_pole": true, "pole_type": "wood_utility", "model_flags": ["vegetation"], "model_watch": ["lean_slight"], "lean": "slight", "crossarm": "none_visible", "vegetation": "touching", "transformer": false, "attachments_estimate": 0, "photos_assessed": 1, "capture_sequences": 1, "photo_shown_date": "2016-07", "latest_available_photo_date": "2016-07", "source_photo_url": "https://www.mapillary.com/app/?pKey=184027116942613&focus=photo", "nearest_osm_pole_m": null}}, {"type": "Feature", "geometry": {"type": "Point", "coordinates": [-72.289276, 44.474228]}, "properties": {"id": "hard-00476", "is_utility_pole": true, "pole_type": "wood_utility", "model_flags": [], "model_watch": [], "lean": "none", "crossarm": "none_visible", "vegetation": "near", "transformer": false, "attachments_estimate": 1, "photos_assessed": 1, "capture_sequences": 1, "photo_shown_date": "2016-06", "latest_available_photo_date": "2016-06", "source_photo_url": "https://www.mapillary.com/app/?pKey=358377119143833&focus=photo", "nearest_osm_pole_m": null}}, {"type": "Feature", "geometry": {"type": "Point", "coordinates": [-72.322914, 44.50019]}, "properties": {"id": "hard-00477", "is_utility_pole": true, "pole_type": "wood_utility", "model_flags": [], "model_watch": [], "lean": "none", "crossarm": "none_visible", "vegetation": "near", "transformer": false, "attachments_estimate": 0, "photos_assessed": 3, "capture_sequences": 3, "photo_shown_date": "2018-07", "latest_available_photo_date": "2018-07", "source_photo_url": "https://www.mapillary.com/app/?pKey=384549132862027&focus=photo", "nearest_osm_pole_m": null}}, {"type": "Feature", "geometry": {"type": "Point", "coordinates": [-72.37147, 44.5082]}, "properties": {"id": "hard-00478", "is_utility_pole": true, "pole_type": "wood_utility", "model_flags": [], "model_watch": ["lean_slight"], "lean": "slight", "crossarm": "intact", "vegetation": "near", "transformer": false, "attachments_estimate": 1, "photos_assessed": 3, "capture_sequences": 2, "photo_shown_date": "2018-07", "latest_available_photo_date": "2018-07", "source_photo_url": "https://www.mapillary.com/app/?pKey=3362867153816392&focus=photo", "nearest_osm_pole_m": null}}, {"type": "Feature", "geometry": {"type": "Point", "coordinates": [-72.37132, 44.507996]}, "properties": {"id": "hard-00479", "is_utility_pole": true, "pole_type": "wood_utility", "model_flags": [], "model_watch": ["lean_slight"], "lean": "slight", "crossarm": "intact", "vegetation": "near", "transformer": false, "attachments_estimate": 2, "photos_assessed": 3, "capture_sequences": 3, "photo_shown_date": "2016-06", "latest_available_photo_date": "2016-06", "source_photo_url": "https://www.mapillary.com/app/?pKey=756715434994904&focus=photo", "nearest_osm_pole_m": null}}, {"type": "Feature", "geometry": {"type": "Point", "coordinates": [-72.37037, 44.50676]}, "properties": {"id": "hard-00480", "is_utility_pole": true, "pole_type": "wood_utility", "model_flags": [], "model_watch": [], "lean": "none", "crossarm": "intact", "vegetation": "near", "transformer": false, "attachments_estimate": 1, "photos_assessed": 3, "capture_sequences": 1, "photo_shown_date": "2016-06", "latest_available_photo_date": "2016-06", "source_photo_url": "https://www.mapillary.com/app/?pKey=916889612220458&focus=photo", "nearest_osm_pole_m": null}}, {"type": "Feature", "geometry": {"type": "Point", "coordinates": [-72.37109, 44.507706]}, "properties": {"id": "hard-00481", "is_utility_pole": true, "pole_type": "wood_utility", "model_flags": [], "model_watch": ["lean_slight"], "lean": "slight", "crossarm": "intact", "vegetation": "near", "transformer": false, "attachments_estimate": 2, "photos_assessed": 3, "capture_sequences": 2, "photo_shown_date": "2016-06", "latest_available_photo_date": "2016-06", "source_photo_url": "https://www.mapillary.com/app/?pKey=514111839782372&focus=photo", "nearest_osm_pole_m": null}}, {"type": "Feature", "geometry": {"type": "Point", "coordinates": [-72.37084, 44.50738]}, "properties": {"id": "hard-00482", "is_utility_pole": true, "pole_type": "wood_utility", "model_flags": ["lean"], "model_watch": [], "lean": "moderate", "crossarm": "intact", "vegetation": "near", "transformer": false, "attachments_estimate": 2, "photos_assessed": 3, "capture_sequences": 2, "photo_shown_date": "2018-07", "latest_available_photo_date": "2018-07", "source_photo_url": "https://www.mapillary.com/app/?pKey=176071187768446&focus=photo", "nearest_osm_pole_m": null}}, {"type": "Feature", "geometry": {"type": "Point", "coordinates": [-72.37049, 44.506943]}, "properties": {"id": "hard-00483", "is_utility_pole": true, "pole_type": "wood_utility", "model_flags": [], "model_watch": [], "lean": "none", "crossarm": "none_visible", "vegetation": "none", "transformer": false, "attachments_estimate": 0, "photos_assessed": 3, "capture_sequences": 2, "photo_shown_date": "2018-07", "latest_available_photo_date": "2018-07", "source_photo_url": "https://www.mapillary.com/app/?pKey=1476391536038230&focus=photo", "nearest_osm_pole_m": null}}, {"type": "Feature", "geometry": {"type": "Point", "coordinates": [-72.371376, 44.508083]}, "properties": {"id": "hard-00484", "is_utility_pole": true, "pole_type": "wood_utility", "model_flags": [], "model_watch": ["lean_slight"], "lean": "slight", "crossarm": "intact", "vegetation": "near", "transformer": false, "attachments_estimate": 2, "photos_assessed": 3, "capture_sequences": 2, "photo_shown_date": "2016-06", "latest_available_photo_date": "2016-06", "source_photo_url": "https://www.mapillary.com/app/?pKey=835107977102123&focus=photo", "nearest_osm_pole_m": null}}, {"type": "Feature", "geometry": {"type": "Point", "coordinates": [-72.37153, 44.50829]}, "properties": {"id": "hard-00485", "is_utility_pole": true, "pole_type": "wood_utility", "model_flags": [], "model_watch": ["lean_slight"], "lean": "slight", "crossarm": "none_visible", "vegetation": "near", "transformer": false, "attachments_estimate": 1, "photos_assessed": 3, "capture_sequences": 2, "photo_shown_date": "2018-07", "latest_available_photo_date": "2018-07", "source_photo_url": "https://www.mapillary.com/app/?pKey=520002759021088&focus=photo", "nearest_osm_pole_m": null}}, {"type": "Feature", "geometry": {"type": "Point", "coordinates": [-72.370735, 44.507248]}, "properties": {"id": "hard-00486", "is_utility_pole": true, "pole_type": "wood_utility", "model_flags": [], "model_watch": [], "lean": "none", "crossarm": "intact", "vegetation": "near", "transformer": false, "attachments_estimate": 2, "photos_assessed": 3, "capture_sequences": 3, "photo_shown_date": "2018-07", "latest_available_photo_date": "2018-07", "source_photo_url": "https://www.mapillary.com/app/?pKey=979145026192961&focus=photo", "nearest_osm_pole_m": null}}, {"type": "Feature", "geometry": {"type": "Point", "coordinates": [-72.37007, 44.5064]}, "properties": {"id": "hard-00487", "is_utility_pole": true, "pole_type": "wood_utility", "model_flags": [], "model_watch": ["lean_slight"], "lean": "slight", "crossarm": "none_visible", "vegetation": "none", "transformer": false, "attachments_estimate": 1, "photos_assessed": 1, "capture_sequences": 1, "photo_shown_date": "2018-07", "latest_available_photo_date": "2018-07", "source_photo_url": "https://www.mapillary.com/app/?pKey=184715493534794&focus=photo", "nearest_osm_pole_m": null}}, {"type": "Feature", "geometry": {"type": "Point", "coordinates": [-72.36868, 44.504795]}, "properties": {"id": "hard-00488", "is_utility_pole": true, "pole_type": "wood_utility", "model_flags": ["vegetation"], "model_watch": ["lean_slight"], "lean": "slight", "crossarm": "intact", "vegetation": "touching", "transformer": false, "attachments_estimate": 1, "photos_assessed": 1, "capture_sequences": 1, "photo_shown_date": "2014-07", "latest_available_photo_date": "2016-06", "source_photo_url": "https://www.mapillary.com/app/?pKey=176863101023920&focus=photo", "nearest_osm_pole_m": null}}, {"type": "Feature", "geometry": {"type": "Point", "coordinates": [-72.370995, 44.5076045]}, "properties": {"id": "hard-00489", "is_utility_pole": true, "pole_type": "wood_utility", "model_flags": ["lean"], "model_watch": [], "lean": "moderate", "crossarm": "none_visible", "vegetation": "near", "transformer": false, "attachments_estimate": 2, "photos_assessed": 6, "capture_sequences": 4, "photo_shown_date": "2018-07", "latest_available_photo_date": "2018-07", "source_photo_url": "https://www.mapillary.com/app/?pKey=846206182652943&focus=photo", "nearest_osm_pole_m": null}}, {"type": "Feature", "geometry": {"type": "Point", "coordinates": [-72.369774, 44.505684]}, "properties": {"id": "hard-00490", "is_utility_pole": true, "pole_type": "wood_utility", "model_flags": [], "model_watch": ["lean_slight"], "lean": "slight", "crossarm": "none_visible", "vegetation": "none", "transformer": false, "attachments_estimate": 0, "photos_assessed": 3, "capture_sequences": 2, "photo_shown_date": "2016-06", "latest_available_photo_date": "2016-06", "source_photo_url": "https://www.mapillary.com/app/?pKey=972788600141008&focus=photo", "nearest_osm_pole_m": null}}, {"type": "Feature", "geometry": {"type": "Point", "coordinates": [-72.37062, 44.50709]}, "properties": {"id": "hard-00491", "is_utility_pole": true, "pole_type": "wood_utility", "model_flags": [], "model_watch": ["lean_slight"], "lean": "slight", "crossarm": "intact", "vegetation": "near", "transformer": false, "attachments_estimate": 2, "photos_assessed": 3, "capture_sequences": 2, "photo_shown_date": "2016-06", "latest_available_photo_date": "2016-06", "source_photo_url": "https://www.mapillary.com/app/?pKey=224805635794796&focus=photo", "nearest_osm_pole_m": null}}, {"type": "Feature", "geometry": {"type": "Point", "coordinates": [-72.3689, 44.505077]}, "properties": {"id": "hard-00492", "is_utility_pole": true, "pole_type": "wood_utility", "model_flags": ["vegetation"], "model_watch": ["lean_slight"], "lean": "slight", "crossarm": "intact", "vegetation": "touching", "transformer": false, "attachments_estimate": 1, "photos_assessed": 1, "capture_sequences": 1, "photo_shown_date": "2014-07", "latest_available_photo_date": "2016-06", "source_photo_url": "https://www.mapillary.com/app/?pKey=1130648580738048&focus=photo", "nearest_osm_pole_m": null}}, {"type": "Feature", "geometry": {"type": "Point", "coordinates": [-72.37026, 44.50664]}, "properties": {"id": "hard-00493", "is_utility_pole": true, "pole_type": "wood_utility", "model_flags": [], "model_watch": ["lean_slight"], "lean": "slight", "crossarm": "intact", "vegetation": "none", "transformer": false, "attachments_estimate": 1, "photos_assessed": 3, "capture_sequences": 2, "photo_shown_date": "2018-07", "latest_available_photo_date": "2018-07", "source_photo_url": "https://www.mapillary.com/app/?pKey=318217423133268&focus=photo", "nearest_osm_pole_m": null}}, {"type": "Feature", "geometry": {"type": "Point", "coordinates": [-72.28249, 44.472027]}, "properties": {"id": "hard-00494", "is_utility_pole": true, "pole_type": "wood_utility", "model_flags": [], "model_watch": ["lean_slight"], "lean": "slight", "crossarm": "none_visible", "vegetation": "near", "transformer": false, "attachments_estimate": 1, "photos_assessed": 1, "capture_sequences": 1, "photo_shown_date": "2016-06", "latest_available_photo_date": "2016-06", "source_photo_url": "https://www.mapillary.com/app/?pKey=333481661525780&focus=photo", "nearest_osm_pole_m": null}}, {"type": "Feature", "geometry": {"type": "Point", "coordinates": [-72.35582, 44.5058345]}, "properties": {"id": "hard-00495", "is_utility_pole": true, "pole_type": "wood_utility", "model_flags": [], "model_watch": ["lean_slight"], "lean": "slight", "crossarm": "none_visible", "vegetation": "near", "transformer": false, "attachments_estimate": 0, "photos_assessed": 6, "capture_sequences": 3, "photo_shown_date": "2019-07", "latest_available_photo_date": "2019-07", "source_photo_url": "https://www.mapillary.com/app/?pKey=517124872753989&focus=photo", "nearest_osm_pole_m": null}}, {"type": "Feature", "geometry": {"type": "Point", "coordinates": [-72.354115, 44.505979]}, "properties": {"id": "hard-00496", "is_utility_pole": true, "pole_type": "wood_utility", "model_flags": ["vegetation"], "model_watch": ["lean_slight"], "lean": "slight", "crossarm": "none_visible", "vegetation": "touching", "transformer": false, "attachments_estimate": 1, "photos_assessed": 6, "capture_sequences": 3, "photo_shown_date": "2015-07", "latest_available_photo_date": "2015-07", "source_photo_url": "https://www.mapillary.com/app/?pKey=1039264873273193&focus=photo", "nearest_osm_pole_m": null}}, {"type": "Feature", "geometry": {"type": "Point", "coordinates": [-72.360173, 44.5052785]}, "properties": {"id": "hard-00497", "is_utility_pole": true, "pole_type": "wood_utility", "model_flags": [], "model_watch": ["lean_slight"], "lean": "slight", "crossarm": "none_visible", "vegetation": "near", "transformer": false, "attachments_estimate": 1, "photos_assessed": 6, "capture_sequences": 3, "photo_shown_date": "2019-07", "latest_available_photo_date": "2019-07", "source_photo_url": "https://www.mapillary.com/app/?pKey=2086762101463196&focus=photo", "nearest_osm_pole_m": null}}, {"type": "Feature", "geometry": {"type": "Point", "coordinates": [-72.357165, 44.505636]}, "properties": {"id": "hard-00498", "is_utility_pole": true, "pole_type": "wood_utility", "model_flags": [], "model_watch": ["lean_slight"], "lean": "slight", "crossarm": "intact", "vegetation": "near", "transformer": false, "attachments_estimate": 1, "photos_assessed": 6, "capture_sequences": 3, "photo_shown_date": "2019-07", "latest_available_photo_date": "2019-07", "source_photo_url": "https://www.mapillary.com/app/?pKey=332292731617733&focus=photo", "nearest_osm_pole_m": null}}, {"type": "Feature", "geometry": {"type": "Point", "coordinates": [-72.357815, 44.5055525]}, "properties": {"id": "hard-00499", "is_utility_pole": true, "pole_type": "wood_utility", "model_flags": [], "model_watch": ["lean_slight"], "lean": "slight", "crossarm": "none_visible", "vegetation": "near", "transformer": false, "attachments_estimate": 1, "photos_assessed": 6, "capture_sequences": 4, "photo_shown_date": "2019-07", "latest_available_photo_date": "2019-07", "source_photo_url": "https://www.mapillary.com/app/?pKey=853215428909480&focus=photo", "nearest_osm_pole_m": null}}, {"type": "Feature", "geometry": {"type": "Point", "coordinates": [-72.356495, 44.5057275]}, "properties": {"id": "hard-00500", "is_utility_pole": true, "pole_type": "wood_utility", "model_flags": [], "model_watch": ["lean_slight"], "lean": "slight", "crossarm": "intact", "vegetation": "near", "transformer": false, "attachments_estimate": 1, "photos_assessed": 6, "capture_sequences": 4, "photo_shown_date": "2019-07", "latest_available_photo_date": "2019-07", "source_photo_url": "https://www.mapillary.com/app/?pKey=4205302666194233&focus=photo", "nearest_osm_pole_m": null}}, {"type": "Feature", "geometry": {"type": "Point", "coordinates": [-72.35619, 44.505783]}, "properties": {"id": "hard-00501", "is_utility_pole": true, "pole_type": "wood_utility", "model_flags": [], "model_watch": ["lean_slight"], "lean": "slight", "crossarm": "intact", "vegetation": "near", "transformer": false, "attachments_estimate": 1, "photos_assessed": 1, "capture_sequences": 1, "photo_shown_date": "2017-07", "latest_available_photo_date": "2017-07", "source_photo_url": "https://www.mapillary.com/app/?pKey=485746649312409&focus=photo", "nearest_osm_pole_m": null}}, {"type": "Feature", "geometry": {"type": "Point", "coordinates": [-72.35916, 44.5053635]}, "properties": {"id": "hard-00502", "is_utility_pole": true, "pole_type": "wood_utility", "model_flags": [], "model_watch": ["lean_slight"], "lean": "slight", "crossarm": "none_visible", "vegetation": "near", "transformer": false, "attachments_estimate": 0, "photos_assessed": 6, "capture_sequences": 4, "photo_shown_date": "2019-07", "latest_available_photo_date": "2019-07", "source_photo_url": "https://www.mapillary.com/app/?pKey=476060886947920&focus=photo", "nearest_osm_pole_m": null}}, {"type": "Feature", "geometry": {"type": "Point", "coordinates": [-72.352715, 44.506255]}, "properties": {"id": "hard-00503", "is_utility_pole": true, "pole_type": "wood_utility", "model_flags": [], "model_watch": [], "lean": "none", "crossarm": "intact", "vegetation": "near", "transformer": false, "attachments_estimate": 1, "photos_assessed": 6, "capture_sequences": 3, "photo_shown_date": "2017-07", "latest_available_photo_date": "2017-07", "source_photo_url": "https://www.mapillary.com/app/?pKey=521904522166649&focus=photo", "nearest_osm_pole_m": null}}, {"type": "Feature", "geometry": {"type": "Point", "coordinates": [-72.35304, 44.506187]}, "properties": {"id": "hard-00504", "is_utility_pole": true, "pole_type": "wood_utility", "model_flags": ["vegetation"], "model_watch": ["lean_slight"], "lean": "slight", "crossarm": "intact", "vegetation": "touching", "transformer": false, "attachments_estimate": 0, "photos_assessed": 3, "capture_sequences": 2, "photo_shown_date": "2019-07", "latest_available_photo_date": "2019-07", "source_photo_url": "https://www.mapillary.com/app/?pKey=189977716329010&focus=photo", "nearest_osm_pole_m": null}}, {"type": "Feature", "geometry": {"type": "Point", "coordinates": [-72.354805, 44.505928]}, "properties": {"id": "hard-00505", "is_utility_pole": true, "pole_type": "wood_utility", "model_flags": [], "model_watch": ["lean_slight"], "lean": "slight", "crossarm": "none_visible", "vegetation": "near", "transformer": false, "attachments_estimate": 0, "photos_assessed": 1, "capture_sequences": 1, "photo_shown_date": "2013-09", "latest_available_photo_date": "2017-07", "source_photo_url": "https://www.mapillary.com/app/?pKey=405321994243141&focus=photo", "nearest_osm_pole_m": null}}, {"type": "Feature", "geometry": {"type": "Point", "coordinates": [-72.359575, 44.505428]}, "properties": {"id": "hard-00506", "is_utility_pole": true, "pole_type": "wood_utility", "model_flags": [], "model_watch": [], "lean": "none", "crossarm": "intact", "vegetation": "near", "transformer": false, "attachments_estimate": 2, "photos_assessed": 6, "capture_sequences": 4, "photo_shown_date": "2019-07", "latest_available_photo_date": "2019-07", "source_photo_url": "https://www.mapillary.com/app/?pKey=492791201834877&focus=photo", "nearest_osm_pole_m": null}}, {"type": "Feature", "geometry": {"type": "Point", "coordinates": [-72.35731, 44.505615]}, "properties": {"id": "hard-00507", "is_utility_pole": true, "pole_type": "wood_utility", "model_flags": ["vegetation"], "model_watch": [], "lean": "none", "crossarm": "intact", "vegetation": "touching", "transformer": false, "attachments_estimate": 1, "photos_assessed": 3, "capture_sequences": 2, "photo_shown_date": "2017-07", "latest_available_photo_date": "2017-07", "source_photo_url": "https://www.mapillary.com/app/?pKey=4112433118876747&focus=photo", "nearest_osm_pole_m": null}}, {"type": "Feature", "geometry": {"type": "Point", "coordinates": [-72.358864, 44.50549]}, "properties": {"id": "hard-00508", "is_utility_pole": true, "pole_type": "wood_utility", "model_flags": ["vegetation"], "model_watch": [], "lean": "none", "crossarm": "intact", "vegetation": "touching", "transformer": false, "attachments_estimate": 1, "photos_assessed": 1, "capture_sequences": 1, "photo_shown_date": "2017-07", "latest_available_photo_date": "2017-07", "source_photo_url": "https://www.mapillary.com/app/?pKey=315152980051918&focus=photo", "nearest_osm_pole_m": null}}, {"type": "Feature", "geometry": {"type": "Point", "coordinates": [-72.30675, 44.484947]}, "properties": {"id": "hard-00509", "is_utility_pole": true, "pole_type": "wood_utility", "model_flags": ["vegetation"], "model_watch": [], "lean": "unclear", "crossarm": "unclear", "vegetation": "touching", "transformer": false, "attachments_estimate": 0, "photos_assessed": 3, "capture_sequences": 2, "photo_shown_date": "2018-07", "latest_available_photo_date": "2018-07", "source_photo_url": "https://www.mapillary.com/app/?pKey=1156826654780700&focus=photo", "nearest_osm_pole_m": null}}, {"type": "Feature", "geometry": {"type": "Point", "coordinates": [-72.3089, 44.486847]}, "properties": {"id": "hard-00510", "is_utility_pole": false, "pole_type": "unclear", "model_flags": [], "model_watch": [], "lean": "unclear", "crossarm": "none_visible", "vegetation": "unclear", "transformer": false, "attachments_estimate": 0, "photos_assessed": 3, "capture_sequences": 2, "photo_shown_date": "2016-06", "latest_available_photo_date": "2016-06", "source_photo_url": "https://www.mapillary.com/app/?pKey=600495188020371&focus=photo", "nearest_osm_pole_m": null}}, {"type": "Feature", "geometry": {"type": "Point", "coordinates": [-72.35917, 44.505466]}, "properties": {"id": "hard-00511", "is_utility_pole": true, "pole_type": "wood_utility", "model_flags": ["vegetation"], "model_watch": [], "lean": "unclear", "crossarm": "intact", "vegetation": "touching", "transformer": false, "attachments_estimate": 1, "photos_assessed": 3, "capture_sequences": 2, "photo_shown_date": "2017-07", "latest_available_photo_date": "2017-07", "source_photo_url": "https://www.mapillary.com/app/?pKey=228827305322988&focus=photo", "nearest_osm_pole_m": null}}, {"type": "Feature", "geometry": {"type": "Point", "coordinates": [-72.358475, 44.505556]}, "properties": {"id": "hard-00512", "is_utility_pole": true, "pole_type": "wood_utility", "model_flags": ["vegetation"], "model_watch": ["lean_slight"], "lean": "slight", "crossarm": "intact", "vegetation": "touching", "transformer": false, "attachments_estimate": 1, "photos_assessed": 6, "capture_sequences": 3, "photo_shown_date": "2019-07", "latest_available_photo_date": "2019-07", "source_photo_url": "https://www.mapillary.com/app/?pKey=2723543894604545&focus=photo", "nearest_osm_pole_m": null}}, {"type": "Feature", "geometry": {"type": "Point", "coordinates": [-72.296326, 44.57483]}, "properties": {"id": "hard-00513", "is_utility_pole": true, "pole_type": "wood_utility", "model_flags": [], "model_watch": ["lean_slight"], "lean": "slight", "crossarm": "unclear", "vegetation": "near", "transformer": false, "attachments_estimate": 1, "photos_assessed": 1, "capture_sequences": 1, "photo_shown_date": "2017-07", "latest_available_photo_date": "2017-07", "source_photo_url": "https://www.mapillary.com/app/?pKey=963977157703078&focus=photo", "nearest_osm_pole_m": null}}, {"type": "Feature", "geometry": {"type": "Point", "coordinates": [-72.38739, 44.480602]}, "properties": {"id": "hard-00514", "is_utility_pole": true, "pole_type": "wood_utility", "model_flags": ["vegetation"], "model_watch": ["lean_slight"], "lean": "slight", "crossarm": "intact", "vegetation": "touching", "transformer": false, "attachments_estimate": 0, "photos_assessed": 3, "capture_sequences": 3, "photo_shown_date": "2018-07", "latest_available_photo_date": "2018-07", "source_photo_url": "https://www.mapillary.com/app/?pKey=2846877962295458&focus=photo", "nearest_osm_pole_m": null}}, {"type": "Feature", "geometry": {"type": "Point", "coordinates": [-72.38917, 44.479523]}, "properties": {"id": "hard-00515", "is_utility_pole": true, "pole_type": "wood_utility", "model_flags": ["vegetation"], "model_watch": [], "lean": "none", "crossarm": "intact", "vegetation": "touching", "transformer": false, "attachments_estimate": 0, "photos_assessed": 3, "capture_sequences": 2, "photo_shown_date": "2016-07", "latest_available_photo_date": "2016-07", "source_photo_url": "https://www.mapillary.com/app/?pKey=293908019043025&focus=photo", "nearest_osm_pole_m": null}}, {"type": "Feature", "geometry": {"type": "Point", "coordinates": [-72.388664, 44.48]}, "properties": {"id": "hard-00516", "is_utility_pole": true, "pole_type": "wood_utility", "model_flags": ["vegetation"], "model_watch": [], "lean": "none", "crossarm": "intact", "vegetation": "touching", "transformer": false, "attachments_estimate": 0, "photos_assessed": 3, "capture_sequences": 3, "photo_shown_date": "2018-07", "latest_available_photo_date": "2018-07", "source_photo_url": "https://www.mapillary.com/app/?pKey=301574061616063&focus=photo", "nearest_osm_pole_m": null}}, {"type": "Feature", "geometry": {"type": "Point", "coordinates": [-72.38613, 44.481335]}, "properties": {"id": "hard-00517", "is_utility_pole": true, "pole_type": "wood_utility", "model_flags": ["vegetation"], "model_watch": ["lean_slight"], "lean": "slight", "crossarm": "intact", "vegetation": "touching", "transformer": false, "attachments_estimate": 1, "photos_assessed": 3, "capture_sequences": 3, "photo_shown_date": "2016-07", "latest_available_photo_date": "2016-07", "source_photo_url": "https://www.mapillary.com/app/?pKey=138254255029888&focus=photo", "nearest_osm_pole_m": null}}, {"type": "Feature", "geometry": {"type": "Point", "coordinates": [-72.388212, 44.4804235]}, "properties": {"id": "hard-00518", "is_utility_pole": true, "pole_type": "wood_utility", "model_flags": [], "model_watch": ["lean_slight"], "lean": "slight", "crossarm": "none_visible", "vegetation": "near", "transformer": false, "attachments_estimate": 0, "photos_assessed": 6, "capture_sequences": 4, "photo_shown_date": "2018-07", "latest_available_photo_date": "2018-07", "source_photo_url": "https://www.mapillary.com/app/?pKey=6188874717805031&focus=photo", "nearest_osm_pole_m": null}}, {"type": "Feature", "geometry": {"type": "Point", "coordinates": [-72.372915, 44.5102515]}, "properties": {"id": "hard-00519", "is_utility_pole": true, "pole_type": "wood_utility", "model_flags": [], "model_watch": [], "lean": "none", "crossarm": "intact", "vegetation": "near", "transformer": false, "attachments_estimate": 2, "photos_assessed": 6, "capture_sequences": 5, "photo_shown_date": "2018-07", "latest_available_photo_date": "2018-07", "source_photo_url": "https://www.mapillary.com/app/?pKey=477899716654704&focus=photo", "nearest_osm_pole_m": null}}, {"type": "Feature", "geometry": {"type": "Point", "coordinates": [-72.37331, 44.51077]}, "properties": {"id": "hard-00520", "is_utility_pole": true, "pole_type": "wood_utility", "model_flags": [], "model_watch": ["lean_slight"], "lean": "slight", "crossarm": "none_visible", "vegetation": "near", "transformer": false, "attachments_estimate": 0, "photos_assessed": 3, "capture_sequences": 3, "photo_shown_date": "2018-07", "latest_available_photo_date": "2018-07", "source_photo_url": "https://www.mapillary.com/app/?pKey=129644322493377&focus=photo", "nearest_osm_pole_m": null}}, {"type": "Feature", "geometry": {"type": "Point", "coordinates": [-72.37377, 44.513275]}, "properties": {"id": "hard-00521", "is_utility_pole": true, "pole_type": "wood_utility", "model_flags": [], "model_watch": [], "lean": "none", "crossarm": "none_visible", "vegetation": "near", "transformer": false, "attachments_estimate": 0, "photos_assessed": 1, "capture_sequences": 1, "photo_shown_date": "2016-06", "latest_available_photo_date": "2016-06", "source_photo_url": "https://www.mapillary.com/app/?pKey=410182046640663&focus=photo", "nearest_osm_pole_m": null}}, {"type": "Feature", "geometry": {"type": "Point", "coordinates": [-72.37268, 44.50978]}, "properties": {"id": "hard-00522", "is_utility_pole": true, "pole_type": "wood_utility", "model_flags": [], "model_watch": ["lean_slight"], "lean": "slight", "crossarm": "intact", "vegetation": "near", "transformer": false, "attachments_estimate": 2, "photos_assessed": 3, "capture_sequences": 3, "photo_shown_date": "2018-07", "latest_available_photo_date": "2018-07", "source_photo_url": "https://www.mapillary.com/app/?pKey=381005123267535&focus=photo", "nearest_osm_pole_m": null}}, {"type": "Feature", "geometry": {"type": "Point", "coordinates": [-72.37346, 44.5117625]}, "properties": {"id": "hard-00523", "is_utility_pole": true, "pole_type": "wood_utility", "model_flags": [], "model_watch": [], "lean": "none", "crossarm": "intact", "vegetation": "near", "transformer": false, "attachments_estimate": 0, "photos_assessed": 6, "capture_sequences": 5, "photo_shown_date": "2018-07", "latest_available_photo_date": "2018-07", "source_photo_url": "https://www.mapillary.com/app/?pKey=4079229962152706&focus=photo", "nearest_osm_pole_m": null}}, {"type": "Feature", "geometry": {"type": "Point", "coordinates": [-72.37291, 44.509876]}, "properties": {"id": "hard-00524", "is_utility_pole": true, "pole_type": "wood_utility", "model_flags": [], "model_watch": [], "lean": "none", "crossarm": "none_visible", "vegetation": "near", "transformer": false, "attachments_estimate": 0, "photos_assessed": 3, "capture_sequences": 3, "photo_shown_date": "2018-07", "latest_available_photo_date": "2018-07", "source_photo_url": "https://www.mapillary.com/app/?pKey=304862181167373&focus=photo", "nearest_osm_pole_m": null}}, {"type": "Feature", "geometry": {"type": "Point", "coordinates": [-72.27155, 44.55238]}, "properties": {"id": "hard-00525", "is_utility_pole": true, "pole_type": "wood_utility", "model_flags": ["vegetation"], "model_watch": ["lean_slight"], "lean": "slight", "crossarm": "none_visible", "vegetation": "touching", "transformer": false, "attachments_estimate": 0, "photos_assessed": 1, "capture_sequences": 1, "photo_shown_date": "2019-07", "latest_available_photo_date": "2019-07", "source_photo_url": "https://www.mapillary.com/app/?pKey=501792104272781&focus=photo", "nearest_osm_pole_m": null}}, {"type": "Feature", "geometry": {"type": "Point", "coordinates": [-72.372475, 44.509502]}, "properties": {"id": "hard-00526", "is_utility_pole": true, "pole_type": "wood_utility", "model_flags": [], "model_watch": [], "lean": "unclear", "crossarm": "intact", "vegetation": "near", "transformer": false, "attachments_estimate": 2, "photos_assessed": 3, "capture_sequences": 3, "photo_shown_date": "2018-07", "latest_available_photo_date": "2018-07", "source_photo_url": "https://www.mapillary.com/app/?pKey=119224240230432&focus=photo", "nearest_osm_pole_m": null}}, {"type": "Feature", "geometry": {"type": "Point", "coordinates": [-72.37313, 44.5107]}, "properties": {"id": "hard-00527", "is_utility_pole": true, "pole_type": "wood_utility", "model_flags": [], "model_watch": ["lean_slight"], "lean": "slight", "crossarm": "intact", "vegetation": "near", "transformer": false, "attachments_estimate": 2, "photos_assessed": 3, "capture_sequences": 1, "photo_shown_date": "2014-07", "latest_available_photo_date": "2014-07", "source_photo_url": "https://www.mapillary.com/app/?pKey=469988330966844&focus=photo", "nearest_osm_pole_m": null}}, {"type": "Feature", "geometry": {"type": "Point", "coordinates": [-72.37324, 44.510983]}, "properties": {"id": "hard-00528", "is_utility_pole": true, "pole_type": "wood_utility", "model_flags": [], "model_watch": ["lean_slight"], "lean": "slight", "crossarm": "intact", "vegetation": "near", "transformer": false, "attachments_estimate": 1, "photos_assessed": 3, "capture_sequences": 1, "photo_shown_date": "2016-06", "latest_available_photo_date": "2016-06", "source_photo_url": "https://www.mapillary.com/app/?pKey=2027761844058375&focus=photo", "nearest_osm_pole_m": null}}, {"type": "Feature", "geometry": {"type": "Point", "coordinates": [-72.373795, 44.5129]}, "properties": {"id": "hard-00529", "is_utility_pole": true, "pole_type": "wood_utility", "model_flags": [], "model_watch": ["lean_slight"], "lean": "slight", "crossarm": "intact", "vegetation": "near", "transformer": false, "attachments_estimate": 0, "photos_assessed": 3, "capture_sequences": 2, "photo_shown_date": "2018-07", "latest_available_photo_date": "2018-07", "source_photo_url": "https://www.mapillary.com/app/?pKey=4280623825303330&focus=photo", "nearest_osm_pole_m": null}}, {"type": "Feature", "geometry": {"type": "Point", "coordinates": [-72.37232, 44.509274]}, "properties": {"id": "hard-00530", "is_utility_pole": true, "pole_type": "wood_utility", "model_flags": [], "model_watch": [], "lean": "none", "crossarm": "intact", "vegetation": "near", "transformer": false, "attachments_estimate": 1, "photos_assessed": 3, "capture_sequences": 2, "photo_shown_date": "2018-07", "latest_available_photo_date": "2018-07", "source_photo_url": "https://www.mapillary.com/app/?pKey=221625309485249&focus=photo", "nearest_osm_pole_m": null}}, {"type": "Feature", "geometry": {"type": "Point", "coordinates": [-72.373158, 44.510809]}, "properties": {"id": "hard-00531", "is_utility_pole": true, "pole_type": "wood_utility", "model_flags": ["vegetation"], "model_watch": [], "lean": "none", "crossarm": "none_visible", "vegetation": "touching", "transformer": false, "attachments_estimate": 1, "photos_assessed": 6, "capture_sequences": 6, "photo_shown_date": "2018-07", "latest_available_photo_date": "2018-07", "source_photo_url": "https://www.mapillary.com/app/?pKey=319336566304206&focus=photo", "nearest_osm_pole_m": null}}, {"type": "Feature", "geometry": {"type": "Point", "coordinates": [-72.269966, 44.550507]}, "properties": {"id": "hard-00532", "is_utility_pole": true, "pole_type": "wood_utility", "model_flags": [], "model_watch": [], "lean": "none", "crossarm": "none_visible", "vegetation": "near", "transformer": false, "attachments_estimate": 1, "photos_assessed": 2, "capture_sequences": 1, "photo_shown_date": "2017-07", "latest_available_photo_date": "2017-07", "source_photo_url": "https://www.mapillary.com/app/?pKey=339496500937811&focus=photo", "nearest_osm_pole_m": null}}, {"type": "Feature", "geometry": {"type": "Point", "coordinates": [-72.37355, 44.513023]}, "properties": {"id": "hard-00533", "is_utility_pole": true, "pole_type": "wood_utility", "model_flags": [], "model_watch": [], "lean": "none", "crossarm": "intact", "vegetation": "near", "transformer": false, "attachments_estimate": 1, "photos_assessed": 3, "capture_sequences": 2, "photo_shown_date": "2016-06", "latest_available_photo_date": "2016-06", "source_photo_url": "https://www.mapillary.com/app/?pKey=536050364055981&focus=photo", "nearest_osm_pole_m": null}}, {"type": "Feature", "geometry": {"type": "Point", "coordinates": [-72.37338, 44.51059]}, "properties": {"id": "hard-00534", "is_utility_pole": true, "pole_type": "wood_utility", "model_flags": [], "model_watch": ["lean_slight"], "lean": "slight", "crossarm": "none_visible", "vegetation": "near", "transformer": false, "attachments_estimate": 1, "photos_assessed": 3, "capture_sequences": 3, "photo_shown_date": "2018-07", "latest_available_photo_date": "2018-07", "source_photo_url": "https://www.mapillary.com/app/?pKey=3182237192042806&focus=photo", "nearest_osm_pole_m": null}}, {"type": "Feature", "geometry": {"type": "Point", "coordinates": [-72.271484, 44.552124]}, "properties": {"id": "hard-00535", "is_utility_pole": true, "pole_type": "wood_utility", "model_flags": ["vegetation"], "model_watch": ["lean_slight"], "lean": "slight", "crossarm": "none_visible", "vegetation": "touching", "transformer": false, "attachments_estimate": 0, "photos_assessed": 1, "capture_sequences": 1, "photo_shown_date": "2017-07", "latest_available_photo_date": "2017-07", "source_photo_url": "https://www.mapillary.com/app/?pKey=509446813529669&focus=photo", "nearest_osm_pole_m": null}}, {"type": "Feature", "geometry": {"type": "Point", "coordinates": [-72.3733525, 44.5113587]}, "properties": {"id": "hard-00536", "is_utility_pole": true, "pole_type": "wood_utility", "model_flags": [], "model_watch": [], "lean": "none", "crossarm": "intact", "vegetation": "near", "transformer": false, "attachments_estimate": 1, "photos_assessed": 4, "capture_sequences": 3, "photo_shown_date": "2018-07", "latest_available_photo_date": "2018-07", "source_photo_url": "https://www.mapillary.com/app/?pKey=824453695153498&focus=photo", "nearest_osm_pole_m": null}}, {"type": "Feature", "geometry": {"type": "Point", "coordinates": [-72.37219, 44.509163]}, "properties": {"id": "hard-00537", "is_utility_pole": true, "pole_type": "wood_utility", "model_flags": [], "model_watch": ["lean_slight"], "lean": "slight", "crossarm": "none_visible", "vegetation": "near", "transformer": false, "attachments_estimate": 1, "photos_assessed": 3, "capture_sequences": 3, "photo_shown_date": "2018-07", "latest_available_photo_date": "2018-07", "source_photo_url": "https://www.mapillary.com/app/?pKey=833737074187772&focus=photo", "nearest_osm_pole_m": null}}, {"type": "Feature", "geometry": {"type": "Point", "coordinates": [-72.372765, 44.50992]}, "properties": {"id": "hard-00538", "is_utility_pole": true, "pole_type": "wood_utility", "model_flags": [], "model_watch": [], "lean": "none", "crossarm": "intact", "vegetation": "near", "transformer": false, "attachments_estimate": 0, "photos_assessed": 3, "capture_sequences": 3, "photo_shown_date": "2018-07", "latest_available_photo_date": "2018-07", "source_photo_url": "https://www.mapillary.com/app/?pKey=304862181167373&focus=photo", "nearest_osm_pole_m": null}}, {"type": "Feature", "geometry": {"type": "Point", "coordinates": [-72.37164, 44.508404]}, "properties": {"id": "hard-00539", "is_utility_pole": true, "pole_type": "wood_utility", "model_flags": ["vegetation"], "model_watch": [], "lean": "none", "crossarm": "intact", "vegetation": "touching", "transformer": false, "attachments_estimate": 1, "photos_assessed": 3, "capture_sequences": 2, "photo_shown_date": "2016-06", "latest_available_photo_date": "2016-06", "source_photo_url": "https://www.mapillary.com/app/?pKey=792398371410482&focus=photo", "nearest_osm_pole_m": null}}, {"type": "Feature", "geometry": {"type": "Point", "coordinates": [-72.37259, 44.509666]}, "properties": {"id": "hard-00540", "is_utility_pole": true, "pole_type": "wood_utility", "model_flags": [], "model_watch": ["lean_slight"], "lean": "slight", "crossarm": "intact", "vegetation": "near", "transformer": false, "attachments_estimate": 2, "photos_assessed": 3, "capture_sequences": 3, "photo_shown_date": "2018-07", "latest_available_photo_date": "2018-07", "source_photo_url": "https://www.mapillary.com/app/?pKey=3063340203953054&focus=photo", "nearest_osm_pole_m": null}}, {"type": "Feature", "geometry": {"type": "Point", "coordinates": [-72.3730247, 44.5104943]}, "properties": {"id": "hard-00541", "is_utility_pole": true, "pole_type": "wood_utility", "model_flags": [], "model_watch": [], "lean": "none", "crossarm": "intact", "vegetation": "near", "transformer": true, "attachments_estimate": 1, "photos_assessed": 9, "capture_sequences": 4, "photo_shown_date": "2018-07", "latest_available_photo_date": "2018-07", "source_photo_url": "https://www.mapillary.com/app/?pKey=480404623236939&focus=photo", "nearest_osm_pole_m": null}}, {"type": "Feature", "geometry": {"type": "Point", "coordinates": [-72.37367, 44.51296]}, "properties": {"id": "hard-00542", "is_utility_pole": true, "pole_type": "wood_utility", "model_flags": [], "model_watch": ["lean_slight"], "lean": "slight", "crossarm": "intact", "vegetation": "near", "transformer": false, "attachments_estimate": 1, "photos_assessed": 1, "capture_sequences": 1, "photo_shown_date": "2016-06", "latest_available_photo_date": "2016-06", "source_photo_url": "https://www.mapillary.com/app/?pKey=490517845331988&focus=photo", "nearest_osm_pole_m": null}}, {"type": "Feature", "geometry": {"type": "Point", "coordinates": [-72.28018, 44.534264]}, "properties": {"id": "hard-00543", "is_utility_pole": true, "pole_type": "wood_utility", "model_flags": [], "model_watch": [], "lean": "none", "crossarm": "intact", "vegetation": "none", "transformer": false, "attachments_estimate": 0, "photos_assessed": 3, "capture_sequences": 2, "photo_shown_date": "2016-06", "latest_available_photo_date": "2016-06", "source_photo_url": "https://www.mapillary.com/app/?pKey=164298542322451&focus=photo", "nearest_osm_pole_m": null}}, {"type": "Feature", "geometry": {"type": "Point", "coordinates": [-72.373835, 44.513012]}, "properties": {"id": "hard-00544", "is_utility_pole": true, "pole_type": "wood_utility", "model_flags": [], "model_watch": ["lean_slight"], "lean": "slight", "crossarm": "none_visible", "vegetation": "near", "transformer": false, "attachments_estimate": 0, "photos_assessed": 6, "capture_sequences": 2, "photo_shown_date": "2018-07", "latest_available_photo_date": "2018-07", "source_photo_url": "https://www.mapillary.com/app/?pKey=1948351651987387&focus=photo", "nearest_osm_pole_m": null}}, {"type": "Feature", "geometry": {"type": "Point", "coordinates": [-72.37856, 44.490623]}, "properties": {"id": "hard-00545", "is_utility_pole": true, "pole_type": "wood_utility", "model_flags": [], "model_watch": [], "lean": "none", "crossarm": "none_visible", "vegetation": "none", "transformer": false, "attachments_estimate": 0, "photos_assessed": 2, "capture_sequences": 2, "photo_shown_date": "2018-07", "latest_available_photo_date": "2018-07", "source_photo_url": "https://www.mapillary.com/app/?pKey=918308642347817&focus=photo", "nearest_osm_pole_m": null}}, {"type": "Feature", "geometry": {"type": "Point", "coordinates": [-72.36412, 44.503754]}, "properties": {"id": "hard-00546", "is_utility_pole": true, "pole_type": "wood_utility", "model_flags": [], "model_watch": ["lean_slight"], "lean": "slight", "crossarm": "intact", "vegetation": "near", "transformer": false, "attachments_estimate": 2, "photos_assessed": 3, "capture_sequences": 1, "photo_shown_date": "2022-11", "latest_available_photo_date": "2022-11", "source_photo_url": "https://www.mapillary.com/app/?pKey=1746347242396515&focus=photo", "nearest_osm_pole_m": null}}, {"type": "Feature", "geometry": {"type": "Point", "coordinates": [-72.27937, 44.53469]}, "properties": {"id": "hard-00547", "is_utility_pole": true, "pole_type": "wood_utility", "model_flags": [], "model_watch": [], "lean": "none", "crossarm": "intact", "vegetation": "near", "transformer": false, "attachments_estimate": 1, "photos_assessed": 2, "capture_sequences": 2, "photo_shown_date": "2016-06", "latest_available_photo_date": "2018-07", "source_photo_url": "https://www.mapillary.com/app/?pKey=842233960025067&focus=photo", "nearest_osm_pole_m": null}}, {"type": "Feature", "geometry": {"type": "Point", "coordinates": [-72.34296, 44.5118695]}, "properties": {"id": "hard-00548", "is_utility_pole": true, "pole_type": "wood_utility", "model_flags": [], "model_watch": [], "lean": "none", "crossarm": "none_visible", "vegetation": "near", "transformer": false, "attachments_estimate": 0, "photos_assessed": 6, "capture_sequences": 3, "photo_shown_date": "2015-07", "latest_available_photo_date": "2019-07", "source_photo_url": "https://www.mapillary.com/app/?pKey=787533285281709&focus=photo", "nearest_osm_pole_m": null}}, {"type": "Feature", "geometry": {"type": "Point", "coordinates": [-72.28122, 44.53314]}, "properties": {"id": "hard-00549", "is_utility_pole": true, "pole_type": "wood_utility", "model_flags": [], "model_watch": [], "lean": "none", "crossarm": "intact", "vegetation": "none", "transformer": false, "attachments_estimate": 0, "photos_assessed": 3, "capture_sequences": 3, "photo_shown_date": "2018-07", "latest_available_photo_date": "2018-07", "source_photo_url": "https://www.mapillary.com/app/?pKey=138476171673456&focus=photo", "nearest_osm_pole_m": null}}, {"type": "Feature", "geometry": {"type": "Point", "coordinates": [-72.34307, 44.510647]}, "properties": {"id": "hard-00550", "is_utility_pole": false, "pole_type": "street_light", "model_flags": [], "model_watch": [], "lean": "none", "crossarm": "none_visible", "vegetation": "near", "transformer": false, "attachments_estimate": 0, "photos_assessed": 1, "capture_sequences": 1, "photo_shown_date": "2017-07", "latest_available_photo_date": "2017-07", "source_photo_url": "https://www.mapillary.com/app/?pKey=288209642987907&focus=photo", "nearest_osm_pole_m": null}}, {"type": "Feature", "geometry": {"type": "Point", "coordinates": [-72.34481, 44.509644]}, "properties": {"id": "hard-00551", "is_utility_pole": true, "pole_type": "wood_utility", "model_flags": ["vegetation"], "model_watch": [], "lean": "none", "crossarm": "intact", "vegetation": "touching", "transformer": false, "attachments_estimate": 1, "photos_assessed": 3, "capture_sequences": 3, "photo_shown_date": "2015-07", "latest_available_photo_date": "2019-07", "source_photo_url": "https://www.mapillary.com/app/?pKey=482086193004233&focus=photo", "nearest_osm_pole_m": null}}, {"type": "Feature", "geometry": {"type": "Point", "coordinates": [-72.31255, 44.514935]}, "properties": {"id": "hard-00552", "is_utility_pole": false, "pole_type": "unclear", "model_flags": [], "model_watch": [], "lean": "unclear", "crossarm": "unclear", "vegetation": "unclear", "transformer": false, "attachments_estimate": 0, "photos_assessed": 2, "capture_sequences": 1, "photo_shown_date": "2014-06", "latest_available_photo_date": "2014-06", "source_photo_url": "https://www.mapillary.com/app/?pKey=795486654272949&focus=photo", "nearest_osm_pole_m": null}}, {"type": "Feature", "geometry": {"type": "Point", "coordinates": [-72.37456, 44.52813]}, "properties": {"id": "hard-00553", "is_utility_pole": false, "pole_type": "unclear", "model_flags": ["vegetation"], "model_watch": [], "lean": "unclear", "crossarm": "none_visible", "vegetation": "touching", "transformer": false, "attachments_estimate": 0, "photos_assessed": 1, "capture_sequences": 1, "photo_shown_date": "2018-06", "latest_available_photo_date": "2018-06", "source_photo_url": "https://www.mapillary.com/app/?pKey=2996583260560177&focus=photo", "nearest_osm_pole_m": null}}, {"type": "Feature", "geometry": {"type": "Point", "coordinates": [-72.37418, 44.53179]}, "properties": {"id": "hard-00554", "is_utility_pole": false, "pole_type": "unclear", "model_flags": [], "model_watch": [], "lean": "unclear", "crossarm": "none_visible", "vegetation": "none", "transformer": false, "attachments_estimate": 0, "photos_assessed": 1, "capture_sequences": 1, "photo_shown_date": "2018-07", "latest_available_photo_date": "2018-07", "source_photo_url": "https://www.mapillary.com/app/?pKey=537613574278430&focus=photo", "nearest_osm_pole_m": null}}, {"type": "Feature", "geometry": {"type": "Point", "coordinates": [-72.37395, 44.52968]}, "properties": {"id": "hard-00555", "is_utility_pole": true, "pole_type": "wood_utility", "model_flags": [], "model_watch": ["lean_slight"], "lean": "slight", "crossarm": "intact", "vegetation": "near", "transformer": false, "attachments_estimate": 0, "photos_assessed": 2, "capture_sequences": 1, "photo_shown_date": "2016-07", "latest_available_photo_date": "2016-07", "source_photo_url": "https://www.mapillary.com/app/?pKey=131136609080393&focus=photo", "nearest_osm_pole_m": null}}, {"type": "Feature", "geometry": {"type": "Point", "coordinates": [-72.3742, 44.53202]}, "properties": {"id": "hard-00556", "is_utility_pole": true, "pole_type": "wood_utility", "model_flags": ["vegetation"], "model_watch": ["lean_slight"], "lean": "slight", "crossarm": "intact", "vegetation": "touching", "transformer": false, "attachments_estimate": 0, "photos_assessed": 1, "capture_sequences": 1, "photo_shown_date": "2016-07", "latest_available_photo_date": "2016-07", "source_photo_url": "https://www.mapillary.com/app/?pKey=297921465208727&focus=photo", "nearest_osm_pole_m": null}}, {"type": "Feature", "geometry": {"type": "Point", "coordinates": [-72.41065, 44.467022]}, "properties": {"id": "hard-00557", "is_utility_pole": false, "pole_type": "unclear", "model_flags": [], "model_watch": [], "lean": "unclear", "crossarm": "none_visible", "vegetation": "unclear", "transformer": false, "attachments_estimate": 0, "photos_assessed": 1, "capture_sequences": 1, "photo_shown_date": "2018-06", "latest_available_photo_date": "2018-06", "source_photo_url": "https://www.mapillary.com/app/?pKey=162655232402176&focus=photo", "nearest_osm_pole_m": null}}, {"type": "Feature", "geometry": {"type": "Point", "coordinates": [-72.350965, 44.5069097]}, "properties": {"id": "hard-00558", "is_utility_pole": true, "pole_type": "wood_utility", "model_flags": [], "model_watch": [], "lean": "none", "crossarm": "intact", "vegetation": "near", "transformer": false, "attachments_estimate": 1, "photos_assessed": 3, "capture_sequences": 3, "photo_shown_date": "2017-07", "latest_available_photo_date": "2019-07", "source_photo_url": "https://www.mapillary.com/app/?pKey=306794387825779&focus=photo", "nearest_osm_pole_m": null}}, {"type": "Feature", "geometry": {"type": "Point", "coordinates": [-72.271385, 44.467213]}, "properties": {"id": "hard-00559", "is_utility_pole": true, "pole_type": "wood_utility", "model_flags": [], "model_watch": ["lean_slight"], "lean": "slight", "crossarm": "none_visible", "vegetation": "near", "transformer": false, "attachments_estimate": 0, "photos_assessed": 3, "capture_sequences": 3, "photo_shown_date": "2018-07", "latest_available_photo_date": "2018-07", "source_photo_url": "https://www.mapillary.com/app/?pKey=234067895147648&focus=photo", "nearest_osm_pole_m": null}}, {"type": "Feature", "geometry": {"type": "Point", "coordinates": [-72.27736, 44.469116]}, "properties": {"id": "hard-00560", "is_utility_pole": true, "pole_type": "wood_utility", "model_flags": ["vegetation"], "model_watch": ["lean_slight"], "lean": "slight", "crossarm": "none_visible", "vegetation": "touching", "transformer": false, "attachments_estimate": 0, "photos_assessed": 3, "capture_sequences": 2, "photo_shown_date": "2018-07", "latest_available_photo_date": "2018-07", "source_photo_url": "https://www.mapillary.com/app/?pKey=975083339979037&focus=photo", "nearest_osm_pole_m": null}}, {"type": "Feature", "geometry": {"type": "Point", "coordinates": [-72.272156, 44.46773]}, "properties": {"id": "hard-00561", "is_utility_pole": true, "pole_type": "wood_utility", "model_flags": [], "model_watch": [], "lean": "none", "crossarm": "none_visible", "vegetation": "none", "transformer": false, "attachments_estimate": 0, "photos_assessed": 3, "capture_sequences": 3, "photo_shown_date": "2018-07", "latest_available_photo_date": "2018-07", "source_photo_url": "https://www.mapillary.com/app/?pKey=932054624045486&focus=photo", "nearest_osm_pole_m": null}}, {"type": "Feature", "geometry": {"type": "Point", "coordinates": [-72.265114, 44.548508]}, "properties": {"id": "hard-00562", "is_utility_pole": true, "pole_type": "wood_utility", "model_flags": [], "model_watch": ["lean_slight"], "lean": "slight", "crossarm": "none_visible", "vegetation": "near", "transformer": false, "attachments_estimate": 2, "photos_assessed": 3, "capture_sequences": 2, "photo_shown_date": "2019-07", "latest_available_photo_date": "2019-07", "source_photo_url": "https://www.mapillary.com/app/?pKey=229025035655720&focus=photo", "nearest_osm_pole_m": null}}, {"type": "Feature", "geometry": {"type": "Point", "coordinates": [-72.42486, 44.531372]}, "properties": {"id": "hard-00563", "is_utility_pole": false, "pole_type": "unclear", "model_flags": [], "model_watch": [], "lean": "unclear", "crossarm": "none_visible", "vegetation": "unclear", "transformer": false, "attachments_estimate": 0, "photos_assessed": 1, "capture_sequences": 1, "photo_shown_date": "2018-07", "latest_available_photo_date": "2018-07", "source_photo_url": "https://www.mapillary.com/app/?pKey=181000270584045&focus=photo", "nearest_osm_pole_m": null}}, {"type": "Feature", "geometry": {"type": "Point", "coordinates": [-72.34334, 44.502514]}, "properties": {"id": "hard-00564", "is_utility_pole": true, "pole_type": "wood_utility", "model_flags": ["vegetation"], "model_watch": [], "lean": "unclear", "crossarm": "none_visible", "vegetation": "touching", "transformer": false, "attachments_estimate": 0, "photos_assessed": 1, "capture_sequences": 1, "photo_shown_date": "2016-06", "latest_available_photo_date": "2016-06", "source_photo_url": "https://www.mapillary.com/app/?pKey=147783534044131&focus=photo", "nearest_osm_pole_m": null}}, {"type": "Feature", "geometry": {"type": "Point", "coordinates": [-72.343575, 44.502464]}, "properties": {"id": "hard-00565", "is_utility_pole": false, "pole_type": "unclear", "model_flags": [], "model_watch": [], "lean": "unclear", "crossarm": "none_visible", "vegetation": "unclear", "transformer": false, "attachments_estimate": 0, "photos_assessed": 2, "capture_sequences": 1, "photo_shown_date": "2014-07", "latest_available_photo_date": "2018-07", "source_photo_url": "https://www.mapillary.com/app/?pKey=152275430248255&focus=photo", "nearest_osm_pole_m": null}}, {"type": "Feature", "geometry": {"type": "Point", "coordinates": [-72.345748, 44.502195]}, "properties": {"id": "hard-00566", "is_utility_pole": true, "pole_type": "wood_utility", "model_flags": ["vegetation"], "model_watch": ["lean_slight"], "lean": "slight", "crossarm": "none_visible", "vegetation": "touching", "transformer": false, "attachments_estimate": 0, "photos_assessed": 6, "capture_sequences": 3, "photo_shown_date": "2018-07", "latest_available_photo_date": "2018-07", "source_photo_url": "https://www.mapillary.com/app/?pKey=224790539118981&focus=photo", "nearest_osm_pole_m": null}}, {"type": "Feature", "geometry": {"type": "Point", "coordinates": [-72.28839, 44.52629]}, "properties": {"id": "hard-00567", "is_utility_pole": true, "pole_type": "wood_utility", "model_flags": [], "model_watch": ["lean_slight"], "lean": "slight", "crossarm": "intact", "vegetation": "near", "transformer": false, "attachments_estimate": 0, "photos_assessed": 1, "capture_sequences": 1, "photo_shown_date": "2018-07", "latest_available_photo_date": "2018-07", "source_photo_url": "https://www.mapillary.com/app/?pKey=191411889518672&focus=photo", "nearest_osm_pole_m": null}}, {"type": "Feature", "geometry": {"type": "Point", "coordinates": [-72.29114, 44.5250993]}, "properties": {"id": "hard-00568", "is_utility_pole": true, "pole_type": "wood_utility", "model_flags": [], "model_watch": [], "lean": "none", "crossarm": "intact", "vegetation": "near", "transformer": false, "attachments_estimate": 1, "photos_assessed": 4, "capture_sequences": 2, "photo_shown_date": "2018-07", "latest_available_photo_date": "2018-07", "source_photo_url": "https://www.mapillary.com/app/?pKey=296242178827005&focus=photo", "nearest_osm_pole_m": null}}, {"type": "Feature", "geometry": {"type": "Point", "coordinates": [-72.29265, 44.524902]}, "properties": {"id": "hard-00569", "is_utility_pole": true, "pole_type": "wood_utility", "model_flags": [], "model_watch": ["lean_slight"], "lean": "slight", "crossarm": "intact", "vegetation": "near", "transformer": false, "attachments_estimate": 1, "photos_assessed": 3, "capture_sequences": 3, "photo_shown_date": "2018-07", "latest_available_photo_date": "2018-07", "source_photo_url": "https://www.mapillary.com/app/?pKey=305564634451149&focus=photo", "nearest_osm_pole_m": null}}, {"type": "Feature", "geometry": {"type": "Point", "coordinates": [-72.362686, 44.504597]}, "properties": {"id": "hard-00570", "is_utility_pole": false, "pole_type": "unclear", "model_flags": [], "model_watch": [], "lean": "unclear", "crossarm": "none_visible", "vegetation": "unclear", "transformer": false, "attachments_estimate": 0, "photos_assessed": 2, "capture_sequences": 1, "photo_shown_date": "2019-07", "latest_available_photo_date": "2019-07", "source_photo_url": "https://www.mapillary.com/app/?pKey=1203756816756192&focus=photo", "nearest_osm_pole_m": null}}, {"type": "Feature", "geometry": {"type": "Point", "coordinates": [-72.36585, 44.50437]}, "properties": {"id": "hard-00571", "is_utility_pole": true, "pole_type": "wood_utility", "model_flags": [], "model_watch": [], "lean": "none", "crossarm": "none_visible", "vegetation": "near", "transformer": false, "attachments_estimate": 2, "photos_assessed": 3, "capture_sequences": 2, "photo_shown_date": "2016-06", "latest_available_photo_date": "2016-06", "source_photo_url": "https://www.mapillary.com/app/?pKey=399454751166803&focus=photo", "nearest_osm_pole_m": null}}, {"type": "Feature", "geometry": {"type": "Point", "coordinates": [-72.43453, 44.53461]}, "properties": {"id": "hard-00572", "is_utility_pole": true, "pole_type": "wood_utility", "model_flags": [], "model_watch": [], "lean": "none", "crossarm": "none_visible", "vegetation": "none", "transformer": false, "attachments_estimate": 0, "photos_assessed": 3, "capture_sequences": 2, "photo_shown_date": "2016-06", "latest_available_photo_date": "2016-06", "source_photo_url": "https://www.mapillary.com/app/?pKey=1216781288759186&focus=photo", "nearest_osm_pole_m": null}}, {"type": "Feature", "geometry": {"type": "Point", "coordinates": [-72.33586, 44.53019]}, "properties": {"id": "hard-00573", "is_utility_pole": true, "pole_type": "wood_utility", "model_flags": [], "model_watch": ["lean_slight"], "lean": "slight", "crossarm": "intact", "vegetation": "none", "transformer": true, "attachments_estimate": 1, "photos_assessed": 3, "capture_sequences": 1, "photo_shown_date": "2019-07", "latest_available_photo_date": "2019-07", "source_photo_url": "https://www.mapillary.com/app/?pKey=4226765647385543&focus=photo", "nearest_osm_pole_m": null}}, {"type": "Feature", "geometry": {"type": "Point", "coordinates": [-72.33421, 44.532124]}, "properties": {"id": "hard-00574", "is_utility_pole": true, "pole_type": "wood_utility", "model_flags": [], "model_watch": ["lean_slight"], "lean": "slight", "crossarm": "intact", "vegetation": "near", "transformer": false, "attachments_estimate": 0, "photos_assessed": 3, "capture_sequences": 1, "photo_shown_date": "2017-07", "latest_available_photo_date": "2017-07", "source_photo_url": "https://www.mapillary.com/app/?pKey=1018280638911497&focus=photo", "nearest_osm_pole_m": null}}, {"type": "Feature", "geometry": {"type": "Point", "coordinates": [-72.33636, 44.5295746]}, "properties": {"id": "hard-00575", "is_utility_pole": true, "pole_type": "wood_utility", "model_flags": [], "model_watch": [], "lean": "none", "crossarm": "intact", "vegetation": "none", "transformer": false, "attachments_estimate": 0, "photos_assessed": 5, "capture_sequences": 2, "photo_shown_date": "2017-07", "latest_available_photo_date": "2017-07", "source_photo_url": "https://www.mapillary.com/app/?pKey=137748455086124&focus=photo", "nearest_osm_pole_m": null}}, {"type": "Feature", "geometry": {"type": "Point", "coordinates": [-72.334724, 44.531506]}, "properties": {"id": "hard-00576", "is_utility_pole": true, "pole_type": "wood_utility", "model_flags": [], "model_watch": ["lean_slight"], "lean": "slight", "crossarm": "intact", "vegetation": "near", "transformer": false, "attachments_estimate": 0, "photos_assessed": 2, "capture_sequences": 1, "photo_shown_date": "2017-07", "latest_available_photo_date": "2019-07", "source_photo_url": "https://www.mapillary.com/app/?pKey=1609189272622379&focus=photo", "nearest_osm_pole_m": null}}, {"type": "Feature", "geometry": {"type": "Point", "coordinates": [-72.33338, 44.533226]}, "properties": {"id": "hard-00577", "is_utility_pole": true, "pole_type": "wood_utility", "model_flags": [], "model_watch": [], "lean": "none", "crossarm": "none_visible", "vegetation": "near", "transformer": false, "attachments_estimate": 0, "photos_assessed": 3, "capture_sequences": 3, "photo_shown_date": "2015-07", "latest_available_photo_date": "2015-07", "source_photo_url": "https://www.mapillary.com/app/?pKey=3014885195461647&focus=photo", "nearest_osm_pole_m": null}}, {"type": "Feature", "geometry": {"type": "Point", "coordinates": [-72.33509, 44.531045]}, "properties": {"id": "hard-00578", "is_utility_pole": true, "pole_type": "wood_utility", "model_flags": [], "model_watch": [], "lean": "none", "crossarm": "none_visible", "vegetation": "near", "transformer": false, "attachments_estimate": 0, "photos_assessed": 6, "capture_sequences": 3, "photo_shown_date": "2019-07", "latest_available_photo_date": "2019-07", "source_photo_url": "https://www.mapillary.com/app/?pKey=986416368769470&focus=photo", "nearest_osm_pole_m": null}}, {"type": "Feature", "geometry": {"type": "Point", "coordinates": [-72.33553, 44.5305]}, "properties": {"id": "hard-00579", "is_utility_pole": true, "pole_type": "wood_utility", "model_flags": [], "model_watch": [], "lean": "none", "crossarm": "intact", "vegetation": "near", "transformer": false, "attachments_estimate": 0, "photos_assessed": 3, "capture_sequences": 3, "photo_shown_date": "2019-07", "latest_available_photo_date": "2019-07", "source_photo_url": "https://www.mapillary.com/app/?pKey=766689440693598&focus=photo", "nearest_osm_pole_m": null}}, {"type": "Feature", "geometry": {"type": "Point", "coordinates": [-72.3352, 44.5309513]}, "properties": {"id": "hard-00580", "is_utility_pole": true, "pole_type": "wood_utility", "model_flags": [], "model_watch": ["lean_slight"], "lean": "slight", "crossarm": "none_visible", "vegetation": "near", "transformer": false, "attachments_estimate": 0, "photos_assessed": 3, "capture_sequences": 2, "photo_shown_date": "2015-07", "latest_available_photo_date": "2017-07", "source_photo_url": "https://www.mapillary.com/app/?pKey=146786767433658&focus=photo", "nearest_osm_pole_m": null}}, {"type": "Feature", "geometry": {"type": "Point", "coordinates": [-72.334435, 44.531895]}, "properties": {"id": "hard-00581", "is_utility_pole": true, "pole_type": "wood_utility", "model_flags": ["vegetation"], "model_watch": [], "lean": "none", "crossarm": "none_visible", "vegetation": "touching", "transformer": false, "attachments_estimate": 0, "photos_assessed": 1, "capture_sequences": 1, "photo_shown_date": "2017-07", "latest_available_photo_date": "2019-07", "source_photo_url": "https://www.mapillary.com/app/?pKey=755839165078946&focus=photo", "nearest_osm_pole_m": null}}, {"type": "Feature", "geometry": {"type": "Point", "coordinates": [-72.33339, 44.533077]}, "properties": {"id": "hard-00582", "is_utility_pole": false, "pole_type": "unclear", "model_flags": ["vegetation"], "model_watch": [], "lean": "unclear", "crossarm": "none_visible", "vegetation": "touching", "transformer": false, "attachments_estimate": 0, "photos_assessed": 2, "capture_sequences": 1, "photo_shown_date": "2017-07", "latest_available_photo_date": "2017-07", "source_photo_url": "https://www.mapillary.com/app/?pKey=473940513679500&focus=photo", "nearest_osm_pole_m": null}}, {"type": "Feature", "geometry": {"type": "Point", "coordinates": [-72.3337555, 44.532644]}, "properties": {"id": "hard-00583", "is_utility_pole": true, "pole_type": "wood_utility", "model_flags": [], "model_watch": ["lean_slight"], "lean": "slight", "crossarm": "none_visible", "vegetation": "near", "transformer": false, "attachments_estimate": 0, "photos_assessed": 6, "capture_sequences": 2, "photo_shown_date": "2017-07", "latest_available_photo_date": "2017-07", "source_photo_url": "https://www.mapillary.com/app/?pKey=808063240147790&focus=photo", "nearest_osm_pole_m": null}}, {"type": "Feature", "geometry": {"type": "Point", "coordinates": [-72.33388, 44.532574]}, "properties": {"id": "hard-00584", "is_utility_pole": false, "pole_type": "unclear", "model_flags": ["vegetation"], "model_watch": [], "lean": "unclear", "crossarm": "none_visible", "vegetation": "touching", "transformer": false, "attachments_estimate": 0, "photos_assessed": 1, "capture_sequences": 1, "photo_shown_date": "2017-07", "latest_available_photo_date": "2017-07", "source_photo_url": "https://www.mapillary.com/app/?pKey=1486517755025258&focus=photo", "nearest_osm_pole_m": null}}, {"type": "Feature", "geometry": {"type": "Point", "coordinates": [-72.335965, 44.5301095]}, "properties": {"id": "hard-00585", "is_utility_pole": true, "pole_type": "wood_utility", "model_flags": [], "model_watch": [], "lean": "none", "crossarm": "intact", "vegetation": "none", "transformer": false, "attachments_estimate": 0, "photos_assessed": 6, "capture_sequences": 4, "photo_shown_date": "2019-07", "latest_available_photo_date": "2019-07", "source_photo_url": "https://www.mapillary.com/app/?pKey=1374404112943123&focus=photo", "nearest_osm_pole_m": null}}, {"type": "Feature", "geometry": {"type": "Point", "coordinates": [-72.33704, 44.52869]}, "properties": {"id": "hard-00586", "is_utility_pole": true, "pole_type": "wood_utility", "model_flags": [], "model_watch": [], "lean": "none", "crossarm": "intact", "vegetation": "none", "transformer": true, "attachments_estimate": 0, "photos_assessed": 1, "capture_sequences": 1, "photo_shown_date": "2017-07", "latest_available_photo_date": "2017-07", "source_photo_url": "https://www.mapillary.com/app/?pKey=4398806500152642&focus=photo", "nearest_osm_pole_m": null}}, {"type": "Feature", "geometry": {"type": "Point", "coordinates": [-72.30189, 44.519558]}, "properties": {"id": "hard-00587", "is_utility_pole": true, "pole_type": "wood_utility", "model_flags": [], "model_watch": [], "lean": "none", "crossarm": "none_visible", "vegetation": "none", "transformer": false, "attachments_estimate": 0, "photos_assessed": 3, "capture_sequences": 2, "photo_shown_date": "2016-06", "latest_available_photo_date": "2016-06", "source_photo_url": "https://www.mapillary.com/app/?pKey=2979993935655775&focus=photo", "nearest_osm_pole_m": null}}, {"type": "Feature", "geometry": {"type": "Point", "coordinates": [-72.301025, 44.520798]}, "properties": {"id": "hard-00588", "is_utility_pole": true, "pole_type": "wood_utility", "model_flags": ["vegetation"], "model_watch": ["lean_slight"], "lean": "slight", "crossarm": "intact", "vegetation": "touching", "transformer": false, "attachments_estimate": 1, "photos_assessed": 3, "capture_sequences": 3, "photo_shown_date": "2018-07", "latest_available_photo_date": "2018-07", "source_photo_url": "https://www.mapillary.com/app/?pKey=204587954822158&focus=photo", "nearest_osm_pole_m": null}}, {"type": "Feature", "geometry": {"type": "Point", "coordinates": [-72.3009233, 44.5209347]}, "properties": {"id": "hard-00589", "is_utility_pole": true, "pole_type": "wood_utility", "model_flags": ["vegetation"], "model_watch": ["lean_slight"], "lean": "slight", "crossarm": "intact", "vegetation": "touching", "transformer": false, "attachments_estimate": 0, "photos_assessed": 3, "capture_sequences": 2, "photo_shown_date": "2018-07", "latest_available_photo_date": "2018-07", "source_photo_url": "https://www.mapillary.com/app/?pKey=4045010885595037&focus=photo", "nearest_osm_pole_m": null}}, {"type": "Feature", "geometry": {"type": "Point", "coordinates": [-72.393593, 44.475809]}, "properties": {"id": "hard-00590", "is_utility_pole": true, "pole_type": "wood_utility", "model_flags": ["vegetation"], "model_watch": ["lean_slight"], "lean": "slight", "crossarm": "none_visible", "vegetation": "touching", "transformer": false, "attachments_estimate": 0, "photos_assessed": 6, "capture_sequences": 5, "photo_shown_date": "2018-07", "latest_available_photo_date": "2018-07", "source_photo_url": "https://www.mapillary.com/app/?pKey=320538629478232&focus=photo", "nearest_osm_pole_m": null}}, {"type": "Feature", "geometry": {"type": "Point", "coordinates": [-72.3005475, 44.521544]}, "properties": {"id": "hard-00591", "is_utility_pole": true, "pole_type": "wood_utility", "model_flags": ["vegetation"], "model_watch": ["lean_slight"], "lean": "slight", "crossarm": "unclear", "vegetation": "touching", "transformer": false, "attachments_estimate": 0, "photos_assessed": 6, "capture_sequences": 6, "photo_shown_date": "2018-07", "latest_available_photo_date": "2018-07", "source_photo_url": "https://www.mapillary.com/app/?pKey=786974975543994&focus=photo", "nearest_osm_pole_m": null}}, {"type": "Feature", "geometry": {"type": "Point", "coordinates": [-72.30151, 44.52056]}, "properties": {"id": "hard-00592", "is_utility_pole": true, "pole_type": "wood_utility", "model_flags": [], "model_watch": [], "lean": "unclear", "crossarm": "unclear", "vegetation": "near", "transformer": false, "attachments_estimate": 0, "photos_assessed": 2, "capture_sequences": 2, "photo_shown_date": "2014-06", "latest_available_photo_date": "2016-06", "source_photo_url": "https://www.mapillary.com/app/?pKey=1443013046051648&focus=photo", "nearest_osm_pole_m": null}}, {"type": "Feature", "geometry": {"type": "Point", "coordinates": [-72.3013, 44.520412]}, "properties": {"id": "hard-00593", "is_utility_pole": true, "pole_type": "wood_utility", "model_flags": [], "model_watch": ["lean_slight"], "lean": "slight", "crossarm": "none_visible", "vegetation": "near", "transformer": false, "attachments_estimate": 1, "photos_assessed": 1, "capture_sequences": 1, "photo_shown_date": "2016-06", "latest_available_photo_date": "2016-06", "source_photo_url": "https://www.mapillary.com/app/?pKey=931988700970891&focus=photo", "nearest_osm_pole_m": null}}, {"type": "Feature", "geometry": {"type": "Point", "coordinates": [-72.30028, 44.5216613]}, "properties": {"id": "hard-00594", "is_utility_pole": true, "pole_type": "wood_utility", "model_flags": ["vegetation"], "model_watch": [], "lean": "none", "crossarm": "unclear", "vegetation": "touching", "transformer": false, "attachments_estimate": 0, "photos_assessed": 3, "capture_sequences": 2, "photo_shown_date": "2014-06", "latest_available_photo_date": "2016-06", "source_photo_url": "https://www.mapillary.com/app/?pKey=491228582188294&focus=photo", "nearest_osm_pole_m": null}}, {"type": "Feature", "geometry": {"type": "Point", "coordinates": [-72.39752, 44.474392]}, "properties": {"id": "hard-00595", "is_utility_pole": true, "pole_type": "wood_utility", "model_flags": ["vegetation"], "model_watch": [], "lean": "unclear", "crossarm": "unclear", "vegetation": "touching", "transformer": false, "attachments_estimate": 0, "photos_assessed": 2, "capture_sequences": 1, "photo_shown_date": "2018-06", "latest_available_photo_date": "2018-06", "source_photo_url": "https://www.mapillary.com/app/?pKey=186987806535586&focus=photo", "nearest_osm_pole_m": null}}, {"type": "Feature", "geometry": {"type": "Point", "coordinates": [-72.3952215, 44.474851]}, "properties": {"id": "hard-00596", "is_utility_pole": true, "pole_type": "wood_utility", "model_flags": [], "model_watch": [], "lean": "none", "crossarm": "intact", "vegetation": "near", "transformer": false, "attachments_estimate": 0, "photos_assessed": 4, "capture_sequences": 3, "photo_shown_date": "2018-07", "latest_available_photo_date": "2018-07", "source_photo_url": "https://www.mapillary.com/app/?pKey=485460769390238&focus=photo", "nearest_osm_pole_m": null}}, {"type": "Feature", "geometry": {"type": "Point", "coordinates": [-72.30166, 44.5197967]}, "properties": {"id": "hard-00597", "is_utility_pole": true, "pole_type": "wood_utility", "model_flags": [], "model_watch": [], "lean": "none", "crossarm": "none_visible", "vegetation": "near", "transformer": false, "attachments_estimate": 0, "photos_assessed": 9, "capture_sequences": 5, "photo_shown_date": "2018-07", "latest_available_photo_date": "2018-07", "source_photo_url": "https://www.mapillary.com/app/?pKey=578921523511890&focus=photo", "nearest_osm_pole_m": null}}, {"type": "Feature", "geometry": {"type": "Point", "coordinates": [-72.299255, 44.522343]}, "properties": {"id": "hard-00598", "is_utility_pole": true, "pole_type": "wood_utility", "model_flags": [], "model_watch": ["lean_slight"], "lean": "slight", "crossarm": "intact", "vegetation": "near", "transformer": true, "attachments_estimate": 1, "photos_assessed": 3, "capture_sequences": 3, "photo_shown_date": "2018-07", "latest_available_photo_date": "2018-07", "source_photo_url": "https://www.mapillary.com/app/?pKey=193493759293567&focus=photo", "nearest_osm_pole_m": null}}, {"type": "Feature", "geometry": {"type": "Point", "coordinates": [-72.3002, 44.521725]}, "properties": {"id": "hard-00599", "is_utility_pole": true, "pole_type": "wood_utility", "model_flags": ["vegetation"], "model_watch": ["lean_slight"], "lean": "slight", "crossarm": "intact", "vegetation": "touching", "transformer": false, "attachments_estimate": 0, "photos_assessed": 3, "capture_sequences": 3, "photo_shown_date": "2018-07", "latest_available_photo_date": "2018-07", "source_photo_url": "https://www.mapillary.com/app/?pKey=2891929481065109&focus=photo", "nearest_osm_pole_m": null}}, {"type": "Feature", "geometry": {"type": "Point", "coordinates": [-72.39316, 44.476513]}, "properties": {"id": "hard-00600", "is_utility_pole": true, "pole_type": "wood_utility", "model_flags": ["vegetation"], "model_watch": [], "lean": "none", "crossarm": "intact", "vegetation": "touching", "transformer": false, "attachments_estimate": 0, "photos_assessed": 1, "capture_sequences": 1, "photo_shown_date": "2016-07", "latest_available_photo_date": "2018-07", "source_photo_url": "https://www.mapillary.com/app/?pKey=1386116915100555&focus=photo", "nearest_osm_pole_m": null}}, {"type": "Feature", "geometry": {"type": "Point", "coordinates": [-72.39298, 44.476753]}, "properties": {"id": "hard-00601", "is_utility_pole": true, "pole_type": "wood_utility", "model_flags": [], "model_watch": ["lean_slight"], "lean": "slight", "crossarm": "intact", "vegetation": "near", "transformer": false, "attachments_estimate": 1, "photos_assessed": 2, "capture_sequences": 2, "photo_shown_date": "2016-07", "latest_available_photo_date": "2018-07", "source_photo_url": "https://www.mapillary.com/app/?pKey=972301609976142&focus=photo", "nearest_osm_pole_m": null}}, {"type": "Feature", "geometry": {"type": "Point", "coordinates": [-72.393425, 44.47618]}, "properties": {"id": "hard-00602", "is_utility_pole": true, "pole_type": "wood_utility", "model_flags": ["vegetation"], "model_watch": ["lean_slight"], "lean": "slight", "crossarm": "intact", "vegetation": "touching", "transformer": false, "attachments_estimate": 1, "photos_assessed": 1, "capture_sequences": 1, "photo_shown_date": "2016-07", "latest_available_photo_date": "2018-07", "source_photo_url": "https://www.mapillary.com/app/?pKey=980163196056386&focus=photo", "nearest_osm_pole_m": null}}, {"type": "Feature", "geometry": {"type": "Point", "coordinates": [-72.392835, 44.4769115]}, "properties": {"id": "hard-00603", "is_utility_pole": true, "pole_type": "wood_utility", "model_flags": ["vegetation"], "model_watch": [], "lean": "none", "crossarm": "intact", "vegetation": "touching", "transformer": true, "attachments_estimate": 0, "photos_assessed": 6, "capture_sequences": 4, "photo_shown_date": "2018-07", "latest_available_photo_date": "2018-07", "source_photo_url": "https://www.mapillary.com/app/?pKey=3050163398589462&focus=photo", "nearest_osm_pole_m": null}}, {"type": "Feature", "geometry": {"type": "Point", "coordinates": [-72.30151, 44.520016]}, "properties": {"id": "hard-00604", "is_utility_pole": false, "pole_type": "push_brace", "model_flags": [], "model_watch": [], "lean": "unclear", "crossarm": "none_visible", "vegetation": "near", "transformer": false, "attachments_estimate": 0, "photos_assessed": 2, "capture_sequences": 2, "photo_shown_date": "2014-06", "latest_available_photo_date": "2016-06", "source_photo_url": "https://www.mapillary.com/app/?pKey=522487572114511&focus=photo", "nearest_osm_pole_m": null}}, {"type": "Feature", "geometry": {"type": "Point", "coordinates": [-72.375873, 44.4935035]}, "properties": {"id": "hard-00605", "is_utility_pole": true, "pole_type": "wood_utility", "model_flags": [], "model_watch": [], "lean": "none", "crossarm": "intact", "vegetation": "near", "transformer": false, "attachments_estimate": 1, "photos_assessed": 6, "capture_sequences": 5, "photo_shown_date": "2018-07", "latest_available_photo_date": "2018-07", "source_photo_url": "https://www.mapillary.com/app/?pKey=363576222034903&focus=photo", "nearest_osm_pole_m": null}}, {"type": "Feature", "geometry": {"type": "Point", "coordinates": [-72.30114, 44.5206]}, "properties": {"id": "hard-00606", "is_utility_pole": true, "pole_type": "wood_utility", "model_flags": [], "model_watch": ["lean_slight"], "lean": "slight", "crossarm": "none_visible", "vegetation": "none", "transformer": false, "attachments_estimate": 0, "photos_assessed": 3, "capture_sequences": 1, "photo_shown_date": "2018-07", "latest_available_photo_date": "2018-07", "source_photo_url": "https://www.mapillary.com/app/?pKey=2886964378217977&focus=photo", "nearest_osm_pole_m": null}}, {"type": "Feature", "geometry": {"type": "Point", "coordinates": [-72.39808, 44.474304]}, "properties": {"id": "hard-00607", "is_utility_pole": true, "pole_type": "wood_utility", "model_flags": [], "model_watch": [], "lean": "unclear", "crossarm": "intact", "vegetation": "near", "transformer": false, "attachments_estimate": 0, "photos_assessed": 3, "capture_sequences": 2, "photo_shown_date": "2016-07", "latest_available_photo_date": "2016-07", "source_photo_url": "https://www.mapillary.com/app/?pKey=927033604695339&focus=photo", "nearest_osm_pole_m": null}}, {"type": "Feature", "geometry": {"type": "Point", "coordinates": [-72.39781, 44.47435]}, "properties": {"id": "hard-00608", "is_utility_pole": true, "pole_type": "wood_utility", "model_flags": [], "model_watch": [], "lean": "none", "crossarm": "intact", "vegetation": "near", "transformer": false, "attachments_estimate": 0, "photos_assessed": 3, "capture_sequences": 2, "photo_shown_date": "2016-07", "latest_available_photo_date": "2018-06", "source_photo_url": "https://www.mapillary.com/app/?pKey=170234641610744&focus=photo", "nearest_osm_pole_m": null}}, {"type": "Feature", "geometry": {"type": "Point", "coordinates": [-72.37391, 44.49481]}, "properties": {"id": "hard-00609", "is_utility_pole": true, "pole_type": "wood_utility", "model_flags": [], "model_watch": ["lean_slight"], "lean": "slight", "crossarm": "intact", "vegetation": "near", "transformer": false, "attachments_estimate": 0, "photos_assessed": 1, "capture_sequences": 1, "photo_shown_date": "2016-07", "latest_available_photo_date": "2016-07", "source_photo_url": "https://www.mapillary.com/app/?pKey=2188230661308320&focus=photo", "nearest_osm_pole_m": null}}, {"type": "Feature", "geometry": {"type": "Point", "coordinates": [-72.376915, 44.49264]}, "properties": {"id": "hard-00610", "is_utility_pole": true, "pole_type": "wood_utility", "model_flags": [], "model_watch": [], "lean": "none", "crossarm": "intact", "vegetation": "near", "transformer": false, "attachments_estimate": 0, "photos_assessed": 3, "capture_sequences": 3, "photo_shown_date": "2016-07", "latest_available_photo_date": "2016-07", "source_photo_url": "https://www.mapillary.com/app/?pKey=4149549291771485&focus=photo", "nearest_osm_pole_m": null}}, {"type": "Feature", "geometry": {"type": "Point", "coordinates": [-72.37659, 44.493]}, "properties": {"id": "hard-00611", "is_utility_pole": true, "pole_type": "wood_utility", "model_flags": [], "model_watch": [], "lean": "none", "crossarm": "intact", "vegetation": "near", "transformer": false, "attachments_estimate": 0, "photos_assessed": 3, "capture_sequences": 2, "photo_shown_date": "2014-07", "latest_available_photo_date": "2014-07", "source_photo_url": "https://www.mapillary.com/app/?pKey=785099358819567&focus=photo", "nearest_osm_pole_m": null}}, {"type": "Feature", "geometry": {"type": "Point", "coordinates": [-72.37213, 44.49644]}, "properties": {"id": "hard-00612", "is_utility_pole": true, "pole_type": "wood_utility", "model_flags": [], "model_watch": ["lean_slight"], "lean": "slight", "crossarm": "intact", "vegetation": "none", "transformer": false, "attachments_estimate": 1, "photos_assessed": 2, "capture_sequences": 2, "photo_shown_date": "2016-07", "latest_available_photo_date": "2018-07", "source_photo_url": "https://www.mapillary.com/app/?pKey=833674454211943&focus=photo", "nearest_osm_pole_m": null}}, {"type": "Feature", "geometry": {"type": "Point", "coordinates": [-72.37147, 44.499435]}, "properties": {"id": "hard-00613", "is_utility_pole": true, "pole_type": "wood_utility", "model_flags": [], "model_watch": ["lean_slight"], "lean": "slight", "crossarm": "none_visible", "vegetation": "near", "transformer": false, "attachments_estimate": 0, "photos_assessed": 3, "capture_sequences": 3, "photo_shown_date": "2018-07", "latest_available_photo_date": "2018-07", "source_photo_url": "https://www.mapillary.com/app/?pKey=406289120360464&focus=photo", "nearest_osm_pole_m": null}}, {"type": "Feature", "geometry": {"type": "Point", "coordinates": [-72.37264, 44.495754]}, "properties": {"id": "hard-00614", "is_utility_pole": true, "pole_type": "wood_utility", "model_flags": [], "model_watch": [], "lean": "none", "crossarm": "none_visible", "vegetation": "near", "transformer": false, "attachments_estimate": 1, "photos_assessed": 2, "capture_sequences": 2, "photo_shown_date": "2016-07", "latest_available_photo_date": "2016-07", "source_photo_url": "https://www.mapillary.com/app/?pKey=784630532070608&focus=photo", "nearest_osm_pole_m": null}}, {"type": "Feature", "geometry": {"type": "Point", "coordinates": [-72.373726, 44.49517]}, "properties": {"id": "hard-00615", "is_utility_pole": true, "pole_type": "wood_utility", "model_flags": [], "model_watch": [], "lean": "none", "crossarm": "none_visible", "vegetation": "near", "transformer": false, "attachments_estimate": 1, "photos_assessed": 2, "capture_sequences": 2, "photo_shown_date": "2018-07", "latest_available_photo_date": "2018-07", "source_photo_url": "https://www.mapillary.com/app/?pKey=276638854174433&focus=photo", "nearest_osm_pole_m": null}}, {"type": "Feature", "geometry": {"type": "Point", "coordinates": [-72.3736892, 44.4949685]}, "properties": {"id": "hard-00616", "is_utility_pole": true, "pole_type": "wood_utility", "model_flags": [], "model_watch": [], "lean": "none", "crossarm": "intact", "vegetation": "near", "transformer": false, "attachments_estimate": 1, "photos_assessed": 6, "capture_sequences": 5, "photo_shown_date": "2018-06", "latest_available_photo_date": "2018-07", "source_photo_url": "https://www.mapillary.com/app/?pKey=992592808160390&focus=photo", "nearest_osm_pole_m": null}}, {"type": "Feature", "geometry": {"type": "Point", "coordinates": [-72.372785, 44.495577]}, "properties": {"id": "hard-00617", "is_utility_pole": true, "pole_type": "wood_utility", "model_flags": [], "model_watch": ["lean_slight"], "lean": "slight", "crossarm": "intact", "vegetation": "near", "transformer": false, "attachments_estimate": 1, "photos_assessed": 6, "capture_sequences": 4, "photo_shown_date": "2016-07", "latest_available_photo_date": "2016-07", "source_photo_url": "https://www.mapillary.com/app/?pKey=382360159794943&focus=photo", "nearest_osm_pole_m": null}}, {"type": "Feature", "geometry": {"type": "Point", "coordinates": [-72.37155, 44.4983555]}, "properties": {"id": "hard-00618", "is_utility_pole": true, "pole_type": "wood_utility", "model_flags": [], "model_watch": ["lean_slight"], "lean": "slight", "crossarm": "intact", "vegetation": "near", "transformer": false, "attachments_estimate": 1, "photos_assessed": 6, "capture_sequences": 3, "photo_shown_date": "2016-07", "latest_available_photo_date": "2018-07", "source_photo_url": "https://www.mapillary.com/app/?pKey=352399662891267&focus=photo", "nearest_osm_pole_m": null}}, {"type": "Feature", "geometry": {"type": "Point", "coordinates": [-72.2958238, 44.5756733]}, "properties": {"id": "hard-00619", "is_utility_pole": true, "pole_type": "wood_utility", "model_flags": [], "model_watch": [], "lean": "none", "crossarm": "intact", "vegetation": "near", "transformer": false, "attachments_estimate": 2, "photos_assessed": 4, "capture_sequences": 3, "photo_shown_date": "2019-07", "latest_available_photo_date": "2019-07", "source_photo_url": "https://www.mapillary.com/app/?pKey=2665750900389640&focus=photo", "nearest_osm_pole_m": null}}, {"type": "Feature", "geometry": {"type": "Point", "coordinates": [-72.2958375, 44.5755085]}, "properties": {"id": "hard-00620", "is_utility_pole": true, "pole_type": "wood_utility", "model_flags": [], "model_watch": [], "lean": "none", "crossarm": "none_visible", "vegetation": "none", "transformer": false, "attachments_estimate": 1, "photos_assessed": 6, "capture_sequences": 4, "photo_shown_date": "2019-07", "latest_available_photo_date": "2019-07", "source_photo_url": "https://www.mapillary.com/app/?pKey=179170474128494&focus=photo", "nearest_osm_pole_m": null}}, {"type": "Feature", "geometry": {"type": "Point", "coordinates": [-72.29595, 44.576084]}, "properties": {"id": "hard-00621", "is_utility_pole": true, "pole_type": "wood_utility", "model_flags": [], "model_watch": [], "lean": "none", "crossarm": "none_visible", "vegetation": "near", "transformer": false, "attachments_estimate": 2, "photos_assessed": 3, "capture_sequences": 3, "photo_shown_date": "2019-07", "latest_available_photo_date": "2019-07", "source_photo_url": "https://www.mapillary.com/app/?pKey=305468527800469&focus=photo", "nearest_osm_pole_m": null}}, {"type": "Feature", "geometry": {"type": "Point", "coordinates": [-72.42151, 44.528374]}, "properties": {"id": "hard-00622", "is_utility_pole": true, "pole_type": "wood_utility", "model_flags": ["vegetation"], "model_watch": ["lean_slight"], "lean": "slight", "crossarm": "none_visible", "vegetation": "touching", "transformer": false, "attachments_estimate": 0, "photos_assessed": 3, "capture_sequences": 2, "photo_shown_date": "2018-07", "latest_available_photo_date": "2018-07", "source_photo_url": "https://www.mapillary.com/app/?pKey=2597221690579598&focus=photo", "nearest_osm_pole_m": null}}, {"type": "Feature", "geometry": {"type": "Point", "coordinates": [-72.42046, 44.527557]}, "properties": {"id": "hard-00623", "is_utility_pole": true, "pole_type": "wood_utility", "model_flags": ["vegetation"], "model_watch": [], "lean": "unclear", "crossarm": "unclear", "vegetation": "touching", "transformer": false, "attachments_estimate": 0, "photos_assessed": 1, "capture_sequences": 1, "photo_shown_date": "2014-06", "latest_available_photo_date": "2014-07", "source_photo_url": "https://www.mapillary.com/app/?pKey=485448912722895&focus=photo", "nearest_osm_pole_m": null}}, {"type": "Feature", "geometry": {"type": "Point", "coordinates": [-72.4321907, 44.5343509]}, "properties": {"id": "hard-00624", "is_utility_pole": true, "pole_type": "wood_utility", "model_flags": [], "model_watch": ["lean_slight"], "lean": "slight", "crossarm": "none_visible", "vegetation": "none", "transformer": false, "attachments_estimate": 1, "photos_assessed": 7, "capture_sequences": 5, "photo_shown_date": "2018-07", "latest_available_photo_date": "2018-07", "source_photo_url": "https://www.mapillary.com/app/?pKey=2977788232544921&focus=photo", "nearest_osm_pole_m": null}}, {"type": "Feature", "geometry": {"type": "Point", "coordinates": [-72.43246, 44.534435]}, "properties": {"id": "hard-00625", "is_utility_pole": true, "pole_type": "wood_utility", "model_flags": [], "model_watch": [], "lean": "none", "crossarm": "none_visible", "vegetation": "near", "transformer": false, "attachments_estimate": 0, "photos_assessed": 1, "capture_sequences": 1, "photo_shown_date": "2016-06", "latest_available_photo_date": "2016-06", "source_photo_url": "https://www.mapillary.com/app/?pKey=2943913735885131&focus=photo", "nearest_osm_pole_m": null}}, {"type": "Feature", "geometry": {"type": "Point", "coordinates": [-72.4265, 44.532887]}, "properties": {"id": "hard-00626", "is_utility_pole": false, "pole_type": "unclear", "model_flags": [], "model_watch": [], "lean": "unclear", "crossarm": "none_visible", "vegetation": "unclear", "transformer": false, "attachments_estimate": 0, "photos_assessed": 3, "capture_sequences": 3, "photo_shown_date": "2018-07", "latest_available_photo_date": "2018-07", "source_photo_url": "https://www.mapillary.com/app/?pKey=166933415438002&focus=photo", "nearest_osm_pole_m": null}}, {"type": "Feature", "geometry": {"type": "Point", "coordinates": [-72.428894, 44.53373]}, "properties": {"id": "hard-00627", "is_utility_pole": true, "pole_type": "wood_utility", "model_flags": [], "model_watch": ["lean_slight"], "lean": "slight", "crossarm": "none_visible", "vegetation": "near", "transformer": false, "attachments_estimate": 0, "photos_assessed": 3, "capture_sequences": 2, "photo_shown_date": "2018-07", "latest_available_photo_date": "2018-07", "source_photo_url": "https://www.mapillary.com/app/?pKey=1102524523572773&focus=photo", "nearest_osm_pole_m": null}}, {"type": "Feature", "geometry": {"type": "Point", "coordinates": [-72.43049, 44.534206]}, "properties": {"id": "hard-00628", "is_utility_pole": true, "pole_type": "wood_utility", "model_flags": ["vegetation"], "model_watch": ["lean_slight"], "lean": "slight", "crossarm": "none_visible", "vegetation": "touching", "transformer": false, "attachments_estimate": 0, "photos_assessed": 3, "capture_sequences": 1, "photo_shown_date": "2014-06", "latest_available_photo_date": "2014-06", "source_photo_url": "https://www.mapillary.com/app/?pKey=1210728146024795&focus=photo", "nearest_osm_pole_m": null}}, {"type": "Feature", "geometry": {"type": "Point", "coordinates": [-72.43304, 44.53444]}, "properties": {"id": "hard-00629", "is_utility_pole": true, "pole_type": "wood_utility", "model_flags": [], "model_watch": [], "lean": "none", "crossarm": "none_visible", "vegetation": "none", "transformer": false, "attachments_estimate": 0, "photos_assessed": 3, "capture_sequences": 3, "photo_shown_date": "2018-07", "latest_available_photo_date": "2018-07", "source_photo_url": "https://www.mapillary.com/app/?pKey=376345733819992&focus=photo", "nearest_osm_pole_m": null}}, {"type": "Feature", "geometry": {"type": "Point", "coordinates": [-72.43214, 44.5345245]}, "properties": {"id": "hard-00630", "is_utility_pole": true, "pole_type": "wood_utility", "model_flags": [], "model_watch": ["lean_slight"], "lean": "slight", "crossarm": "none_visible", "vegetation": "none", "transformer": false, "attachments_estimate": 0, "photos_assessed": 6, "capture_sequences": 4, "photo_shown_date": "2018-07", "latest_available_photo_date": "2018-07", "source_photo_url": "https://www.mapillary.com/app/?pKey=2877469052465427&focus=photo", "nearest_osm_pole_m": null}}, {"type": "Feature", "geometry": {"type": "Point", "coordinates": [-72.36413, 44.503624]}, "properties": {"id": "hard-00631", "is_utility_pole": true, "pole_type": "wood_utility", "model_flags": [], "model_watch": [], "lean": "none", "crossarm": "intact", "vegetation": "near", "transformer": false, "attachments_estimate": 2, "photos_assessed": 3, "capture_sequences": 3, "photo_shown_date": "2018-07", "latest_available_photo_date": "2018-07", "source_photo_url": "https://www.mapillary.com/app/?pKey=2272791656186926&focus=photo", "nearest_osm_pole_m": null}}, {"type": "Feature", "geometry": {"type": "Point", "coordinates": [-72.364565, 44.503851]}, "properties": {"id": "hard-00632", "is_utility_pole": true, "pole_type": "wood_utility", "model_flags": [], "model_watch": ["lean_slight"], "lean": "slight", "crossarm": "none_visible", "vegetation": "near", "transformer": false, "attachments_estimate": 2, "photos_assessed": 6, "capture_sequences": 4, "photo_shown_date": "2016-06", "latest_available_photo_date": "2018-07", "source_photo_url": "https://www.mapillary.com/app/?pKey=482458229531668&focus=photo", "nearest_osm_pole_m": null}}, {"type": "Feature", "geometry": {"type": "Point", "coordinates": [-72.364225, 44.5036545]}, "properties": {"id": "hard-00633", "is_utility_pole": true, "pole_type": "wood_utility", "model_flags": [], "model_watch": ["lean_slight"], "lean": "slight", "crossarm": "intact", "vegetation": "none", "transformer": false, "attachments_estimate": 0, "photos_assessed": 6, "capture_sequences": 2, "photo_shown_date": "2018-07", "latest_available_photo_date": "2018-07", "source_photo_url": "https://www.mapillary.com/app/?pKey=485399909373836&focus=photo", "nearest_osm_pole_m": null}}, {"type": "Feature", "geometry": {"type": "Point", "coordinates": [-72.365208, 44.50413]}, "properties": {"id": "hard-00634", "is_utility_pole": true, "pole_type": "wood_utility", "model_flags": [], "model_watch": ["lean_slight"], "lean": "slight", "crossarm": "intact", "vegetation": "near", "transformer": false, "attachments_estimate": 1, "photos_assessed": 6, "capture_sequences": 4, "photo_shown_date": "2018-07", "latest_available_photo_date": "2018-07", "source_photo_url": "https://www.mapillary.com/app/?pKey=169011518471177&focus=photo", "nearest_osm_pole_m": null}}, {"type": "Feature", "geometry": {"type": "Point", "coordinates": [-72.3648, 44.503963]}, "properties": {"id": "hard-00635", "is_utility_pole": true, "pole_type": "wood_utility", "model_flags": [], "model_watch": [], "lean": "none", "crossarm": "intact", "vegetation": "near", "transformer": false, "attachments_estimate": 2, "photos_assessed": 3, "capture_sequences": 2, "photo_shown_date": "2018-07", "latest_available_photo_date": "2018-07", "source_photo_url": "https://www.mapillary.com/app/?pKey=952029495571641&focus=photo", "nearest_osm_pole_m": null}}, {"type": "Feature", "geometry": {"type": "Point", "coordinates": [-72.36444, 44.503735]}, "properties": {"id": "hard-00636", "is_utility_pole": true, "pole_type": "wood_utility", "model_flags": [], "model_watch": [], "lean": "none", "crossarm": "none_visible", "vegetation": "near", "transformer": false, "attachments_estimate": 1, "photos_assessed": 3, "capture_sequences": 3, "photo_shown_date": "2018-07", "latest_available_photo_date": "2018-07", "source_photo_url": "https://www.mapillary.com/app/?pKey=316198873282061&focus=photo", "nearest_osm_pole_m": null}}, {"type": "Feature", "geometry": {"type": "Point", "coordinates": [-72.36392, 44.5036]}, "properties": {"id": "hard-00637", "is_utility_pole": true, "pole_type": "wood_utility", "model_flags": [], "model_watch": [], "lean": "none", "crossarm": "none_visible", "vegetation": "near", "transformer": false, "attachments_estimate": 2, "photos_assessed": 3, "capture_sequences": 3, "photo_shown_date": "2018-07", "latest_available_photo_date": "2018-07", "source_photo_url": "https://www.mapillary.com/app/?pKey=493255475245081&focus=photo", "nearest_osm_pole_m": null}}, {"type": "Feature", "geometry": {"type": "Point", "coordinates": [-72.36385, 44.503473]}, "properties": {"id": "hard-00638", "is_utility_pole": true, "pole_type": "wood_utility", "model_flags": [], "model_watch": ["lean_slight"], "lean": "slight", "crossarm": "none_visible", "vegetation": "near", "transformer": false, "attachments_estimate": 1, "photos_assessed": 6, "capture_sequences": 5, "photo_shown_date": "2016-06", "latest_available_photo_date": "2018-07", "source_photo_url": "https://www.mapillary.com/app/?pKey=2931899103759289&focus=photo", "nearest_osm_pole_m": null}}, {"type": "Feature", "geometry": {"type": "Point", "coordinates": [-72.36429, 44.50372]}, "properties": {"id": "hard-00639", "is_utility_pole": true, "pole_type": "wood_utility", "model_flags": [], "model_watch": [], "lean": "none", "crossarm": "intact", "vegetation": "none", "transformer": false, "attachments_estimate": 2, "photos_assessed": 3, "capture_sequences": 2, "photo_shown_date": "2016-06", "latest_available_photo_date": "2016-06", "source_photo_url": "https://www.mapillary.com/app/?pKey=476993363515493&focus=photo", "nearest_osm_pole_m": null}}, {"type": "Feature", "geometry": {"type": "Point", "coordinates": [-72.36496, 44.503994]}, "properties": {"id": "hard-00640", "is_utility_pole": true, "pole_type": "wood_utility", "model_flags": [], "model_watch": ["lean_slight"], "lean": "slight", "crossarm": "none_visible", "vegetation": "none", "transformer": false, "attachments_estimate": 1, "photos_assessed": 3, "capture_sequences": 3, "photo_shown_date": "2018-07", "latest_available_photo_date": "2018-07", "source_photo_url": "https://www.mapillary.com/app/?pKey=1742639072581684&focus=photo", "nearest_osm_pole_m": null}}, {"type": "Feature", "geometry": {"type": "Point", "coordinates": [-72.36511, 44.50437]}, "properties": {"id": "hard-00641", "is_utility_pole": true, "pole_type": "wood_utility", "model_flags": [], "model_watch": [], "lean": "none", "crossarm": "none_visible", "vegetation": "near", "transformer": false, "attachments_estimate": 1, "photos_assessed": 1, "capture_sequences": 1, "photo_shown_date": "2018-07", "latest_available_photo_date": "2018-07", "source_photo_url": "https://www.mapillary.com/app/?pKey=1514713835546589&focus=photo", "nearest_osm_pole_m": null}}, {"type": "Feature", "geometry": {"type": "Point", "coordinates": [-72.36882, 44.504995]}, "properties": {"id": "hard-00642", "is_utility_pole": true, "pole_type": "wood_utility", "model_flags": [], "model_watch": ["lean_slight"], "lean": "slight", "crossarm": "none_visible", "vegetation": "near", "transformer": false, "attachments_estimate": 0, "photos_assessed": 6, "capture_sequences": 2, "photo_shown_date": "2018-07", "latest_available_photo_date": "2018-07", "source_photo_url": "https://www.mapillary.com/app/?pKey=477237990208401&focus=photo", "nearest_osm_pole_m": null}}, {"type": "Feature", "geometry": {"type": "Point", "coordinates": [-72.370155, 44.50649]}, "properties": {"id": "hard-00643", "is_utility_pole": true, "pole_type": "wood_utility", "model_flags": [], "model_watch": [], "lean": "none", "crossarm": "intact", "vegetation": "near", "transformer": false, "attachments_estimate": 2, "photos_assessed": 1, "capture_sequences": 1, "photo_shown_date": "2014-07", "latest_available_photo_date": "2018-07", "source_photo_url": "https://www.mapillary.com/app/?pKey=477576746833702&focus=photo", "nearest_osm_pole_m": null}}, {"type": "Feature", "geometry": {"type": "Point", "coordinates": [-72.3689733, 44.5052163]}, "properties": {"id": "hard-00644", "is_utility_pole": true, "pole_type": "wood_utility", "model_flags": ["vegetation"], "model_watch": [], "lean": "none", "crossarm": "none_visible", "vegetation": "touching", "transformer": false, "attachments_estimate": 1, "photos_assessed": 9, "capture_sequences": 5, "photo_shown_date": "2018-07", "latest_available_photo_date": "2018-07", "source_photo_url": "https://www.mapillary.com/app/?pKey=473615323696669&focus=photo", "nearest_osm_pole_m": null}}, {"type": "Feature", "geometry": {"type": "Point", "coordinates": [-72.368774, 44.504925]}, "properties": {"id": "hard-00645", "is_utility_pole": true, "pole_type": "wood_utility", "model_flags": [], "model_watch": [], "lean": "none", "crossarm": "none_visible", "vegetation": "near", "transformer": false, "attachments_estimate": 1, "photos_assessed": 3, "capture_sequences": 2, "photo_shown_date": "2018-07", "latest_available_photo_date": "2018-07", "source_photo_url": "https://www.mapillary.com/app/?pKey=141370304593447&focus=photo", "nearest_osm_pole_m": null}}, {"type": "Feature", "geometry": {"type": "Point", "coordinates": [-72.3691387, 44.505419]}, "properties": {"id": "hard-00646", "is_utility_pole": true, "pole_type": "wood_utility", "model_flags": ["vegetation"], "model_watch": ["lean_slight"], "lean": "slight", "crossarm": "none_visible", "vegetation": "touching", "transformer": false, "attachments_estimate": 0, "photos_assessed": 9, "capture_sequences": 5, "photo_shown_date": "2018-07", "latest_available_photo_date": "2018-07", "source_photo_url": "https://www.mapillary.com/app/?pKey=2401319750004886&focus=photo", "nearest_osm_pole_m": null}}, {"type": "Feature", "geometry": {"type": "Point", "coordinates": [-72.369485, 44.505708]}, "properties": {"id": "hard-00647", "is_utility_pole": true, "pole_type": "wood_utility", "model_flags": [], "model_watch": ["lean_slight"], "lean": "slight", "crossarm": "none_visible", "vegetation": "near", "transformer": false, "attachments_estimate": 1, "photos_assessed": 6, "capture_sequences": 3, "photo_shown_date": "2018-07", "latest_available_photo_date": "2018-07", "source_photo_url": "https://www.mapillary.com/app/?pKey=482800539700488&focus=photo", "nearest_osm_pole_m": null}}, {"type": "Feature", "geometry": {"type": "Point", "coordinates": [-72.36956, 44.50563]}, "properties": {"id": "hard-00648", "is_utility_pole": true, "pole_type": "wood_utility", "model_flags": [], "model_watch": [], "lean": "unclear", "crossarm": "none_visible", "vegetation": "near", "transformer": false, "attachments_estimate": 1, "photos_assessed": 3, "capture_sequences": 3, "photo_shown_date": "2018-07", "latest_available_photo_date": "2018-07", "source_photo_url": "https://www.mapillary.com/app/?pKey=479922433120692&focus=photo", "nearest_osm_pole_m": null}}, {"type": "Feature", "geometry": {"type": "Point", "coordinates": [-72.36939, 44.50561]}, "properties": {"id": "hard-00649", "is_utility_pole": true, "pole_type": "wood_utility", "model_flags": [], "model_watch": ["lean_slight"], "lean": "slight", "crossarm": "intact", "vegetation": "near", "transformer": false, "attachments_estimate": 2, "photos_assessed": 3, "capture_sequences": 2, "photo_shown_date": "2018-07", "latest_available_photo_date": "2018-07", "source_photo_url": "https://www.mapillary.com/app/?pKey=3980216832068069&focus=photo", "nearest_osm_pole_m": null}}, {"type": "Feature", "geometry": {"type": "Point", "coordinates": [-72.36999, 44.50629]}, "properties": {"id": "hard-00650", "is_utility_pole": true, "pole_type": "wood_utility", "model_flags": [], "model_watch": ["lean_slight"], "lean": "slight", "crossarm": "intact", "vegetation": "near", "transformer": false, "attachments_estimate": 2, "photos_assessed": 3, "capture_sequences": 2, "photo_shown_date": "2014-07", "latest_available_photo_date": "2018-07", "source_photo_url": "https://www.mapillary.com/app/?pKey=219845089699983&focus=photo", "nearest_osm_pole_m": null}}, {"type": "Feature", "geometry": {"type": "Point", "coordinates": [-72.36988, 44.505924]}, "properties": {"id": "hard-00651", "is_utility_pole": true, "pole_type": "wood_utility", "model_flags": ["vegetation"], "model_watch": ["lean_slight"], "lean": "slight", "crossarm": "unclear", "vegetation": "touching", "transformer": false, "attachments_estimate": 0, "photos_assessed": 3, "capture_sequences": 1, "photo_shown_date": "2018-07", "latest_available_photo_date": "2018-07", "source_photo_url": "https://www.mapillary.com/app/?pKey=749359045753856&focus=photo", "nearest_osm_pole_m": null}}, {"type": "Feature", "geometry": {"type": "Point", "coordinates": [-72.36897, 44.505142]}, "properties": {"id": "hard-00652", "is_utility_pole": true, "pole_type": "wood_utility", "model_flags": ["vegetation"], "model_watch": ["lean_slight"], "lean": "slight", "crossarm": "intact", "vegetation": "touching", "transformer": false, "attachments_estimate": 1, "photos_assessed": 3, "capture_sequences": 2, "photo_shown_date": "2018-07", "latest_available_photo_date": "2018-07", "source_photo_url": "https://www.mapillary.com/app/?pKey=473615323696669&focus=photo", "nearest_osm_pole_m": null}}, {"type": "Feature", "geometry": {"type": "Point", "coordinates": [-72.368605, 44.504688]}, "properties": {"id": "hard-00653", "is_utility_pole": true, "pole_type": "wood_utility", "model_flags": [], "model_watch": ["lean_slight"], "lean": "slight", "crossarm": "none_visible", "vegetation": "near", "transformer": false, "attachments_estimate": 2, "photos_assessed": 6, "capture_sequences": 4, "photo_shown_date": "2018-07", "latest_available_photo_date": "2018-07", "source_photo_url": "https://www.mapillary.com/app/?pKey=2850872935172432&focus=photo", "nearest_osm_pole_m": null}}, {"type": "Feature", "geometry": {"type": "Point", "coordinates": [-72.369695, 44.5059282]}, "properties": {"id": "hard-00654", "is_utility_pole": true, "pole_type": "wood_utility", "model_flags": [], "model_watch": ["lean_slight"], "lean": "slight", "crossarm": "intact", "vegetation": "near", "transformer": false, "attachments_estimate": 2, "photos_assessed": 4, "capture_sequences": 1, "photo_shown_date": "2018-07", "latest_available_photo_date": "2018-07", "source_photo_url": "https://www.mapillary.com/app/?pKey=178414160860100&focus=photo", "nearest_osm_pole_m": null}}, {"type": "Feature", "geometry": {"type": "Point", "coordinates": [-72.36909, 44.505337]}, "properties": {"id": "hard-00655", "is_utility_pole": true, "pole_type": "wood_utility", "model_flags": [], "model_watch": ["lean_slight"], "lean": "slight", "crossarm": "intact", "vegetation": "near", "transformer": false, "attachments_estimate": 1, "photos_assessed": 3, "capture_sequences": 2, "photo_shown_date": "2018-07", "latest_available_photo_date": "2018-07", "source_photo_url": "https://www.mapillary.com/app/?pKey=515860136442915&focus=photo", "nearest_osm_pole_m": null}}, {"type": "Feature", "geometry": {"type": "Point", "coordinates": [-72.36854, 44.504578]}, "properties": {"id": "hard-00656", "is_utility_pole": true, "pole_type": "wood_utility", "model_flags": [], "model_watch": ["lean_slight"], "lean": "slight", "crossarm": "intact", "vegetation": "near", "transformer": false, "attachments_estimate": 2, "photos_assessed": 3, "capture_sequences": 2, "photo_shown_date": "2018-07", "latest_available_photo_date": "2018-07", "source_photo_url": "https://www.mapillary.com/app/?pKey=2016219458516521&focus=photo", "nearest_osm_pole_m": null}}, {"type": "Feature", "geometry": {"type": "Point", "coordinates": [-72.32401, 44.499405]}, "properties": {"id": "hard-00657", "is_utility_pole": true, "pole_type": "wood_utility", "model_flags": [], "model_watch": [], "lean": "none", "crossarm": "none_visible", "vegetation": "near", "transformer": false, "attachments_estimate": 0, "photos_assessed": 1, "capture_sequences": 1, "photo_shown_date": "2014-07", "latest_available_photo_date": "2018-07", "source_photo_url": "https://www.mapillary.com/app/?pKey=379222373507788&focus=photo", "nearest_osm_pole_m": null}}, {"type": "Feature", "geometry": {"type": "Point", "coordinates": [-72.371155, 44.5078]}, "properties": {"id": "hard-00658", "is_utility_pole": true, "pole_type": "wood_utility", "model_flags": [], "model_watch": ["lean_slight"], "lean": "slight", "crossarm": "none_visible", "vegetation": "near", "transformer": false, "attachments_estimate": 1, "photos_assessed": 2, "capture_sequences": 2, "photo_shown_date": "2016-06", "latest_available_photo_date": "2018-07", "source_photo_url": "https://www.mapillary.com/app/?pKey=975750856502667&focus=photo", "nearest_osm_pole_m": null}}, {"type": "Feature", "geometry": {"type": "Point", "coordinates": [-72.36939, 44.554607]}, "properties": {"id": "hard-00659", "is_utility_pole": true, "pole_type": "wood_utility", "model_flags": [], "model_watch": ["lean_slight"], "lean": "slight", "crossarm": "intact", "vegetation": "none", "transformer": false, "attachments_estimate": 0, "photos_assessed": 3, "capture_sequences": 3, "photo_shown_date": "2018-07", "latest_available_photo_date": "2018-07", "source_photo_url": "https://www.mapillary.com/app/?pKey=388561425729649&focus=photo", "nearest_osm_pole_m": null}}, {"type": "Feature", "geometry": {"type": "Point", "coordinates": [-72.36947, 44.55351]}, "properties": {"id": "hard-00660", "is_utility_pole": true, "pole_type": "wood_utility", "model_flags": [], "model_watch": ["lean_slight"], "lean": "slight", "crossarm": "intact", "vegetation": "none", "transformer": false, "attachments_estimate": 0, "photos_assessed": 2, "capture_sequences": 2, "photo_shown_date": "2016-07", "latest_available_photo_date": "2018-06", "source_photo_url": "https://www.mapillary.com/app/?pKey=312973447102822&focus=photo", "nearest_osm_pole_m": null}}, {"type": "Feature", "geometry": {"type": "Point", "coordinates": [-72.3696, 44.553146]}, "properties": {"id": "hard-00661", "is_utility_pole": true, "pole_type": "wood_utility", "model_flags": [], "model_watch": [], "lean": "none", "crossarm": "intact", "vegetation": "none", "transformer": false, "attachments_estimate": 0, "photos_assessed": 2, "capture_sequences": 2, "photo_shown_date": "2016-07", "latest_available_photo_date": "2018-07", "source_photo_url": "https://www.mapillary.com/app/?pKey=262401808956274&focus=photo", "nearest_osm_pole_m": null}}, {"type": "Feature", "geometry": {"type": "Point", "coordinates": [-72.31749, 44.504524]}, "properties": {"id": "hard-00662", "is_utility_pole": true, "pole_type": "wood_utility", "model_flags": ["vegetation"], "model_watch": [], "lean": "none", "crossarm": "none_visible", "vegetation": "touching", "transformer": true, "attachments_estimate": 0, "photos_assessed": 1, "capture_sequences": 1, "photo_shown_date": "2018-07", "latest_available_photo_date": "2018-07", "source_photo_url": "https://www.mapillary.com/app/?pKey=1156884201404668&focus=photo", "nearest_osm_pole_m": null}}, {"type": "Feature", "geometry": {"type": "Point", "coordinates": [-72.304955, 44.517437]}, "properties": {"id": "hard-00663", "is_utility_pole": true, "pole_type": "wood_utility", "model_flags": [], "model_watch": ["lean_slight"], "lean": "slight", "crossarm": "intact", "vegetation": "near", "transformer": false, "attachments_estimate": 2, "photos_assessed": 3, "capture_sequences": 3, "photo_shown_date": "2018-07", "latest_available_photo_date": "2018-07", "source_photo_url": "https://www.mapillary.com/app/?pKey=165604765520033&focus=photo", "nearest_osm_pole_m": null}}, {"type": "Feature", "geometry": {"type": "Point", "coordinates": [-72.312706, 44.55998]}, "properties": {"id": "hard-00664", "is_utility_pole": true, "pole_type": "wood_utility", "model_flags": ["vegetation"], "model_watch": ["lean_slight"], "lean": "slight", "crossarm": "none_visible", "vegetation": "touching", "transformer": false, "attachments_estimate": 1, "photos_assessed": 3, "capture_sequences": 1, "photo_shown_date": "2019-07", "latest_available_photo_date": "2019-07", "source_photo_url": "https://www.mapillary.com/app/?pKey=160114496127053&focus=photo", "nearest_osm_pole_m": null}}, {"type": "Feature", "geometry": {"type": "Point", "coordinates": [-72.361698, 44.5836183]}, "properties": {"id": "hard-00665", "is_utility_pole": true, "pole_type": "wood_utility", "model_flags": ["vegetation"], "model_watch": ["lean_slight"], "lean": "slight", "crossarm": "none_visible", "vegetation": "touching", "transformer": false, "attachments_estimate": 0, "photos_assessed": 8, "capture_sequences": 4, "photo_shown_date": "2018-07", "latest_available_photo_date": "2018-07", "source_photo_url": "https://www.mapillary.com/app/?pKey=5576378155765615&focus=photo", "nearest_osm_pole_m": null}}, {"type": "Feature", "geometry": {"type": "Point", "coordinates": [-72.36342, 44.581314]}, "properties": {"id": "hard-00666", "is_utility_pole": true, "pole_type": "wood_utility", "model_flags": [], "model_watch": ["lean_slight"], "lean": "slight", "crossarm": "none_visible", "vegetation": "near", "transformer": false, "attachments_estimate": 1, "photos_assessed": 2, "capture_sequences": 2, "photo_shown_date": "2016-07", "latest_available_photo_date": "2018-07", "source_photo_url": "https://www.mapillary.com/app/?pKey=956911901725598&focus=photo", "nearest_osm_pole_m": null}}, {"type": "Feature", "geometry": {"type": "Point", "coordinates": [-72.28855, 44.568714]}, "properties": {"id": "hard-00667", "is_utility_pole": true, "pole_type": "wood_utility", "model_flags": [], "model_watch": ["lean_slight"], "lean": "slight", "crossarm": "none_visible", "vegetation": "near", "transformer": false, "attachments_estimate": 0, "photos_assessed": 3, "capture_sequences": 3, "photo_shown_date": "2015-07", "latest_available_photo_date": "2017-07", "source_photo_url": "https://www.mapillary.com/app/?pKey=169880868408072&focus=photo", "nearest_osm_pole_m": null}}, {"type": "Feature", "geometry": {"type": "Point", "coordinates": [-72.288124, 44.568356]}, "properties": {"id": "hard-00668", "is_utility_pole": true, "pole_type": "wood_utility", "model_flags": [], "model_watch": [], "lean": "none", "crossarm": "intact", "vegetation": "near", "transformer": false, "attachments_estimate": 0, "photos_assessed": 3, "capture_sequences": 3, "photo_shown_date": "2019-07", "latest_available_photo_date": "2019-07", "source_photo_url": "https://www.mapillary.com/app/?pKey=652954575569721&focus=photo", "nearest_osm_pole_m": null}}, {"type": "Feature", "geometry": {"type": "Point", "coordinates": [-72.28441, 44.565533]}, "properties": {"id": "hard-00669", "is_utility_pole": true, "pole_type": "wood_utility", "model_flags": [], "model_watch": [], "lean": "none", "crossarm": "none_visible", "vegetation": "near", "transformer": false, "attachments_estimate": 0, "photos_assessed": 3, "capture_sequences": 3, "photo_shown_date": "2019-07", "latest_available_photo_date": "2019-07", "source_photo_url": "https://www.mapillary.com/app/?pKey=224076305891583&focus=photo", "nearest_osm_pole_m": null}}, {"type": "Feature", "geometry": {"type": "Point", "coordinates": [-72.28758, 44.567696]}, "properties": {"id": "hard-00670", "is_utility_pole": true, "pole_type": "wood_utility", "model_flags": ["vegetation"], "model_watch": [], "lean": "none", "crossarm": "none_visible", "vegetation": "touching", "transformer": false, "attachments_estimate": 2, "photos_assessed": 3, "capture_sequences": 3, "photo_shown_date": "2019-07", "latest_available_photo_date": "2019-07", "source_photo_url": "https://www.mapillary.com/app/?pKey=4212194408861746&focus=photo", "nearest_osm_pole_m": null}}, {"type": "Feature", "geometry": {"type": "Point", "coordinates": [-72.28527, 44.566124]}, "properties": {"id": "hard-00671", "is_utility_pole": true, "pole_type": "wood_utility", "model_flags": ["vegetation"], "model_watch": ["lean_slight"], "lean": "slight", "crossarm": "none_visible", "vegetation": "touching", "transformer": false, "attachments_estimate": 0, "photos_assessed": 3, "capture_sequences": 3, "photo_shown_date": "2019-07", "latest_available_photo_date": "2019-07", "source_photo_url": "https://www.mapillary.com/app/?pKey=1807006256147695&focus=photo", "nearest_osm_pole_m": null}}, {"type": "Feature", "geometry": {"type": "Point", "coordinates": [-72.28834, 44.56852]}, "properties": {"id": "hard-00672", "is_utility_pole": true, "pole_type": "wood_utility", "model_flags": [], "model_watch": ["lean_slight"], "lean": "slight", "crossarm": "intact", "vegetation": "near", "transformer": false, "attachments_estimate": 1, "photos_assessed": 3, "capture_sequences": 2, "photo_shown_date": "2017-07", "latest_available_photo_date": "2017-07", "source_photo_url": "https://www.mapillary.com/app/?pKey=326709262175902&focus=photo", "nearest_osm_pole_m": null}}, {"type": "Feature", "geometry": {"type": "Point", "coordinates": [-72.296684, 44.582367]}, "properties": {"id": "hard-00673", "is_utility_pole": true, "pole_type": "wood_utility", "model_flags": ["vegetation"], "model_watch": ["lean_slight"], "lean": "slight", "crossarm": "intact", "vegetation": "touching", "transformer": false, "attachments_estimate": 1, "photos_assessed": 3, "capture_sequences": 2, "photo_shown_date": "2019-07", "latest_available_photo_date": "2019-07", "source_photo_url": "https://www.mapillary.com/app/?pKey=817442245847154&focus=photo", "nearest_osm_pole_m": null}}, {"type": "Feature", "geometry": {"type": "Point", "coordinates": [-72.296814, 44.582615]}, "properties": {"id": "hard-00674", "is_utility_pole": true, "pole_type": "wood_utility", "model_flags": [], "model_watch": ["lean_slight"], "lean": "slight", "crossarm": "intact", "vegetation": "near", "transformer": false, "attachments_estimate": 1, "photos_assessed": 1, "capture_sequences": 1, "photo_shown_date": "2015-07", "latest_available_photo_date": "2019-07", "source_photo_url": "https://www.mapillary.com/app/?pKey=385817156077007&focus=photo", "nearest_osm_pole_m": null}}, {"type": "Feature", "geometry": {"type": "Point", "coordinates": [-72.36933, 44.55487]}, "properties": {"id": "hard-00675", "is_utility_pole": true, "pole_type": "wood_utility", "model_flags": [], "model_watch": [], "lean": "none", "crossarm": "intact", "vegetation": "none", "transformer": false, "attachments_estimate": 0, "photos_assessed": 3, "capture_sequences": 2, "photo_shown_date": "2014-06", "latest_available_photo_date": "2016-07", "source_photo_url": "https://www.mapillary.com/app/?pKey=2999890777001656&focus=photo", "nearest_osm_pole_m": null}}, {"type": "Feature", "geometry": {"type": "Point", "coordinates": [-72.369644, 44.55299]}, "properties": {"id": "hard-00676", "is_utility_pole": true, "pole_type": "wood_utility", "model_flags": [], "model_watch": ["lean_slight"], "lean": "slight", "crossarm": "intact", "vegetation": "none", "transformer": false, "attachments_estimate": 1, "photos_assessed": 3, "capture_sequences": 3, "photo_shown_date": "2018-07", "latest_available_photo_date": "2018-07", "source_photo_url": "https://www.mapillary.com/app/?pKey=862110648051566&focus=photo", "nearest_osm_pole_m": null}}, {"type": "Feature", "geometry": {"type": "Point", "coordinates": [-72.369675, 44.552856]}, "properties": {"id": "hard-00677", "is_utility_pole": true, "pole_type": "wood_utility", "model_flags": [], "model_watch": [], "lean": "none", "crossarm": "intact", "vegetation": "none", "transformer": false, "attachments_estimate": 0, "photos_assessed": 3, "capture_sequences": 1, "photo_shown_date": "2016-07", "latest_available_photo_date": "2016-07", "source_photo_url": "https://www.mapillary.com/app/?pKey=486007315946002&focus=photo", "nearest_osm_pole_m": null}}, {"type": "Feature", "geometry": {"type": "Point", "coordinates": [-72.36917, 44.556007]}, "properties": {"id": "hard-00678", "is_utility_pole": true, "pole_type": "wood_utility", "model_flags": [], "model_watch": ["lean_slight"], "lean": "slight", "crossarm": "intact", "vegetation": "near", "transformer": false, "attachments_estimate": 0, "photos_assessed": 3, "capture_sequences": 2, "photo_shown_date": "2016-07", "latest_available_photo_date": "2016-07", "source_photo_url": "https://www.mapillary.com/app/?pKey=139657158117982&focus=photo", "nearest_osm_pole_m": null}}, {"type": "Feature", "geometry": {"type": "Point", "coordinates": [-72.36933, 44.554955]}, "properties": {"id": "hard-00679", "is_utility_pole": true, "pole_type": "wood_utility", "model_flags": [], "model_watch": [], "lean": "none", "crossarm": "intact", "vegetation": "none", "transformer": false, "attachments_estimate": 0, "photos_assessed": 3, "capture_sequences": 1, "photo_shown_date": "2016-07", "latest_available_photo_date": "2016-07", "source_photo_url": "https://www.mapillary.com/app/?pKey=821354888492871&focus=photo", "nearest_osm_pole_m": null}}, {"type": "Feature", "geometry": {"type": "Point", "coordinates": [-72.369354, 44.554176]}, "properties": {"id": "hard-00680", "is_utility_pole": true, "pole_type": "wood_utility", "model_flags": [], "model_watch": ["lean_slight"], "lean": "slight", "crossarm": "intact", "vegetation": "near", "transformer": false, "attachments_estimate": 0, "photos_assessed": 3, "capture_sequences": 2, "photo_shown_date": "2016-07", "latest_available_photo_date": "2016-07", "source_photo_url": "https://www.mapillary.com/app/?pKey=295347715591391&focus=photo", "nearest_osm_pole_m": null}}, {"type": "Feature", "geometry": {"type": "Point", "coordinates": [-72.36946, 44.55387]}, "properties": {"id": "hard-00681", "is_utility_pole": true, "pole_type": "wood_utility", "model_flags": [], "model_watch": ["lean_slight"], "lean": "slight", "crossarm": "intact", "vegetation": "none", "transformer": false, "attachments_estimate": 0, "photos_assessed": 3, "capture_sequences": 3, "photo_shown_date": "2018-07", "latest_available_photo_date": "2018-07", "source_photo_url": "https://www.mapillary.com/app/?pKey=4380374381996290&focus=photo", "nearest_osm_pole_m": null}}, {"type": "Feature", "geometry": {"type": "Point", "coordinates": [-72.369354, 44.55451]}, "properties": {"id": "hard-00682", "is_utility_pole": true, "pole_type": "wood_utility", "model_flags": [], "model_watch": [], "lean": "none", "crossarm": "none_visible", "vegetation": "none", "transformer": false, "attachments_estimate": 0, "photos_assessed": 2, "capture_sequences": 2, "photo_shown_date": "2016-07", "latest_available_photo_date": "2016-07", "source_photo_url": "https://www.mapillary.com/app/?pKey=158647209559701&focus=photo", "nearest_osm_pole_m": null}}, {"type": "Feature", "geometry": {"type": "Point", "coordinates": [-72.36997, 44.551804]}, "properties": {"id": "hard-00683", "is_utility_pole": true, "pole_type": "wood_utility", "model_flags": ["lean"], "model_watch": [], "lean": "moderate", "crossarm": "intact", "vegetation": "none", "transformer": false, "attachments_estimate": 0, "photos_assessed": 3, "capture_sequences": 3, "photo_shown_date": "2018-06", "latest_available_photo_date": "2018-06", "source_photo_url": "https://www.mapillary.com/app/?pKey=1874786932678465&focus=photo", "nearest_osm_pole_m": null}}, {"type": "Feature", "geometry": {"type": "Point", "coordinates": [-72.36934, 44.55532]}, "properties": {"id": "hard-00684", "is_utility_pole": true, "pole_type": "wood_utility", "model_flags": [], "model_watch": ["lean_slight"], "lean": "slight", "crossarm": "intact", "vegetation": "none", "transformer": false, "attachments_estimate": 0, "photos_assessed": 3, "capture_sequences": 3, "photo_shown_date": "2018-06", "latest_available_photo_date": "2018-06", "source_photo_url": "https://www.mapillary.com/app/?pKey=774781039904951&focus=photo", "nearest_osm_pole_m": null}}, {"type": "Feature", "geometry": {"type": "Point", "coordinates": [-72.369354, 44.554283]}, "properties": {"id": "hard-00685", "is_utility_pole": true, "pole_type": "wood_utility", "model_flags": [], "model_watch": [], "lean": "none", "crossarm": "intact", "vegetation": "near", "transformer": false, "attachments_estimate": 0, "photos_assessed": 2, "capture_sequences": 2, "photo_shown_date": "2014-06", "latest_available_photo_date": "2016-07", "source_photo_url": "https://www.mapillary.com/app/?pKey=4400094580055941&focus=photo", "nearest_osm_pole_m": null}}, {"type": "Feature", "geometry": {"type": "Point", "coordinates": [-72.278915, 44.561836]}, "properties": {"id": "hard-00686", "is_utility_pole": true, "pole_type": "wood_utility", "model_flags": [], "model_watch": ["lean_slight"], "lean": "slight", "crossarm": "intact", "vegetation": "near", "transformer": false, "attachments_estimate": 0, "photos_assessed": 3, "capture_sequences": 2, "photo_shown_date": "2017-07", "latest_available_photo_date": "2017-07", "source_photo_url": "https://www.mapillary.com/app/?pKey=1620922054771850&focus=photo", "nearest_osm_pole_m": null}}, {"type": "Feature", "geometry": {"type": "Point", "coordinates": [-72.277855, 44.55987]}, "properties": {"id": "hard-00687", "is_utility_pole": false, "pole_type": "unclear", "model_flags": [], "model_watch": [], "lean": "unclear", "crossarm": "none_visible", "vegetation": "unclear", "transformer": false, "attachments_estimate": 0, "photos_assessed": 1, "capture_sequences": 1, "photo_shown_date": "2017-07", "latest_available_photo_date": "2017-07", "source_photo_url": "https://www.mapillary.com/app/?pKey=2885008165161319&focus=photo", "nearest_osm_pole_m": null}}, {"type": "Feature", "geometry": {"type": "Point", "coordinates": [-72.405266, 44.469122]}, "properties": {"id": "hard-00688", "is_utility_pole": true, "pole_type": "wood_utility", "model_flags": [], "model_watch": ["lean_slight"], "lean": "slight", "crossarm": "intact", "vegetation": "near", "transformer": true, "attachments_estimate": 1, "photos_assessed": 6, "capture_sequences": 4, "photo_shown_date": "2018-07", "latest_available_photo_date": "2018-07", "source_photo_url": "https://www.mapillary.com/app/?pKey=798831960748875&focus=photo", "nearest_osm_pole_m": null}}, {"type": "Feature", "geometry": {"type": "Point", "coordinates": [-72.40142, 44.472786]}, "properties": {"id": "hard-00689", "is_utility_pole": true, "pole_type": "wood_utility", "model_flags": [], "model_watch": ["lean_slight"], "lean": "slight", "crossarm": "intact", "vegetation": "near", "transformer": false, "attachments_estimate": 0, "photos_assessed": 3, "capture_sequences": 3, "photo_shown_date": "2018-07", "latest_available_photo_date": "2018-07", "source_photo_url": "https://www.mapillary.com/app/?pKey=407611930212653&focus=photo", "nearest_osm_pole_m": null}}, {"type": "Feature", "geometry": {"type": "Point", "coordinates": [-72.403534, 44.47035]}, "properties": {"id": "hard-00690", "is_utility_pole": true, "pole_type": "wood_utility", "model_flags": ["vegetation"], "model_watch": ["lean_slight"], "lean": "slight", "crossarm": "intact", "vegetation": "touching", "transformer": false, "attachments_estimate": 0, "photos_assessed": 2, "capture_sequences": 2, "photo_shown_date": "2018-06", "latest_available_photo_date": "2018-06", "source_photo_url": "https://www.mapillary.com/app/?pKey=1369935340030044&focus=photo", "nearest_osm_pole_m": null}}, {"type": "Feature", "geometry": {"type": "Point", "coordinates": [-72.4023026, 44.4717707]}, "properties": {"id": "hard-00691", "is_utility_pole": true, "pole_type": "wood_utility", "model_flags": ["vegetation"], "model_watch": [], "lean": "none", "crossarm": "intact", "vegetation": "touching", "transformer": false, "attachments_estimate": 0, "photos_assessed": 7, "capture_sequences": 5, "photo_shown_date": "2018-07", "latest_available_photo_date": "2018-07", "source_photo_url": "https://www.mapillary.com/app/?pKey=150863147022835&focus=photo", "nearest_osm_pole_m": null}}, {"type": "Feature", "geometry": {"type": "Point", "coordinates": [-72.4007, 44.47323]}, "properties": {"id": "hard-00692", "is_utility_pole": true, "pole_type": "wood_utility", "model_flags": [], "model_watch": [], "lean": "none", "crossarm": "none_visible", "vegetation": "near", "transformer": false, "attachments_estimate": 1, "photos_assessed": 3, "capture_sequences": 2, "photo_shown_date": "2018-07", "latest_available_photo_date": "2018-07", "source_photo_url": "https://www.mapillary.com/app/?pKey=1219060758531381&focus=photo", "nearest_osm_pole_m": null}}, {"type": "Feature", "geometry": {"type": "Point", "coordinates": [-72.4036, 44.470253]}, "properties": {"id": "hard-00693", "is_utility_pole": true, "pole_type": "wood_utility", "model_flags": [], "model_watch": [], "lean": "none", "crossarm": "intact", "vegetation": "near", "transformer": false, "attachments_estimate": 0, "photos_assessed": 3, "capture_sequences": 3, "photo_shown_date": "2018-07", "latest_available_photo_date": "2018-07", "source_photo_url": "https://www.mapillary.com/app/?pKey=286924899781473&focus=photo", "nearest_osm_pole_m": null}}, {"type": "Feature", "geometry": {"type": "Point", "coordinates": [-72.404274, 44.46974]}, "properties": {"id": "hard-00694", "is_utility_pole": true, "pole_type": "wood_utility", "model_flags": ["vegetation"], "model_watch": ["lean_slight"], "lean": "slight", "crossarm": "none_visible", "vegetation": "touching", "transformer": false, "attachments_estimate": 0, "photos_assessed": 3, "capture_sequences": 3, "photo_shown_date": "2018-07", "latest_available_photo_date": "2018-07", "source_photo_url": "https://www.mapillary.com/app/?pKey=2591618244478187&focus=photo", "nearest_osm_pole_m": null}}, {"type": "Feature", "geometry": {"type": "Point", "coordinates": [-72.403206, 44.470795]}, "properties": {"id": "hard-00695", "is_utility_pole": true, "pole_type": "wood_utility", "model_flags": ["vegetation"], "model_watch": ["lean_slight"], "lean": "slight", "crossarm": "intact", "vegetation": "touching", "transformer": false, "attachments_estimate": 0, "photos_assessed": 3, "capture_sequences": 3, "photo_shown_date": "2018-07", "latest_available_photo_date": "2018-07", "source_photo_url": "https://www.mapillary.com/app/?pKey=144251104425146&focus=photo", "nearest_osm_pole_m": null}}, {"type": "Feature", "geometry": {"type": "Point", "coordinates": [-72.40467, 44.469532]}, "properties": {"id": "hard-00696", "is_utility_pole": true, "pole_type": "wood_utility", "model_flags": ["vegetation"], "model_watch": ["lean_slight"], "lean": "slight", "crossarm": "intact", "vegetation": "touching", "transformer": false, "attachments_estimate": 0, "photos_assessed": 2, "capture_sequences": 2, "photo_shown_date": "2016-07", "latest_available_photo_date": "2018-06", "source_photo_url": "https://www.mapillary.com/app/?pKey=379744333427493&focus=photo", "nearest_osm_pole_m": null}}, {"type": "Feature", "geometry": {"type": "Point", "coordinates": [-72.40476, 44.46944]}, "properties": {"id": "hard-00697", "is_utility_pole": true, "pole_type": "wood_utility", "model_flags": ["vegetation"], "model_watch": ["lean_slight"], "lean": "slight", "crossarm": "intact", "vegetation": "touching", "transformer": false, "attachments_estimate": 0, "photos_assessed": 3, "capture_sequences": 3, "photo_shown_date": "2018-07", "latest_available_photo_date": "2018-07", "source_photo_url": "https://www.mapillary.com/app/?pKey=870519046836785&focus=photo", "nearest_osm_pole_m": null}}, {"type": "Feature", "geometry": {"type": "Point", "coordinates": [-72.402756, 44.4713]}, "properties": {"id": "hard-00698", "is_utility_pole": true, "pole_type": "wood_utility", "model_flags": ["vegetation"], "model_watch": ["lean_slight"], "lean": "slight", "crossarm": "intact", "vegetation": "touching", "transformer": false, "attachments_estimate": 0, "photos_assessed": 3, "capture_sequences": 3, "photo_shown_date": "2018-07", "latest_available_photo_date": "2018-07", "source_photo_url": "https://www.mapillary.com/app/?pKey=289176476220529&focus=photo", "nearest_osm_pole_m": null}}, {"type": "Feature", "geometry": {"type": "Point", "coordinates": [-72.40187, 44.47231]}, "properties": {"id": "hard-00699", "is_utility_pole": true, "pole_type": "wood_utility", "model_flags": ["vegetation"], "model_watch": ["lean_slight"], "lean": "slight", "crossarm": "none_visible", "vegetation": "touching", "transformer": false, "attachments_estimate": 0, "photos_assessed": 3, "capture_sequences": 3, "photo_shown_date": "2016-07", "latest_available_photo_date": "2016-07", "source_photo_url": "https://www.mapillary.com/app/?pKey=3190978494462575&focus=photo", "nearest_osm_pole_m": null}}, {"type": "Feature", "geometry": {"type": "Point", "coordinates": [-72.36501, 44.574528]}, "properties": {"id": "hard-00700", "is_utility_pole": true, "pole_type": "wood_utility", "model_flags": [], "model_watch": [], "lean": "none", "crossarm": "none_visible", "vegetation": "near", "transformer": false, "attachments_estimate": 0, "photos_assessed": 1, "capture_sequences": 1, "photo_shown_date": "2016-07", "latest_available_photo_date": "2018-07", "source_photo_url": "https://www.mapillary.com/app/?pKey=186001953412263&focus=photo", "nearest_osm_pole_m": null}}, {"type": "Feature", "geometry": {"type": "Point", "coordinates": [-72.317415, 44.554056]}, "properties": {"id": "hard-00701", "is_utility_pole": true, "pole_type": "wood_utility", "model_flags": ["vegetation"], "model_watch": ["lean_slight"], "lean": "slight", "crossarm": "none_visible", "vegetation": "touching", "transformer": false, "attachments_estimate": 0, "photos_assessed": 6, "capture_sequences": 3, "photo_shown_date": "2019-07", "latest_available_photo_date": "2019-07", "source_photo_url": "https://www.mapillary.com/app/?pKey=967036490707941&focus=photo", "nearest_osm_pole_m": null}}, {"type": "Feature", "geometry": {"type": "Point", "coordinates": [-72.36498, 44.574665]}, "properties": {"id": "hard-00702", "is_utility_pole": true, "pole_type": "wood_utility", "model_flags": ["vegetation"], "model_watch": ["lean_slight"], "lean": "slight", "crossarm": "none_visible", "vegetation": "touching", "transformer": false, "attachments_estimate": 0, "photos_assessed": 1, "capture_sequences": 1, "photo_shown_date": "2016-07", "latest_available_photo_date": "2018-06", "source_photo_url": "https://www.mapillary.com/app/?pKey=807304056825831&focus=photo", "nearest_osm_pole_m": null}}, {"type": "Feature", "geometry": {"type": "Point", "coordinates": [-72.365192, 44.5724372]}, "properties": {"id": "hard-00703", "is_utility_pole": false, "pole_type": "unclear", "model_flags": ["vegetation"], "model_watch": [], "lean": "unclear", "crossarm": "none_visible", "vegetation": "touching", "transformer": false, "attachments_estimate": 0, "photos_assessed": 5, "capture_sequences": 3, "photo_shown_date": "2018-06", "latest_available_photo_date": "2018-06", "source_photo_url": "https://www.mapillary.com/app/?pKey=523535618827318&focus=photo", "nearest_osm_pole_m": null}}, {"type": "Feature", "geometry": {"type": "Point", "coordinates": [-72.27166, 44.46732]}, "properties": {"id": "hard-00704", "is_utility_pole": true, "pole_type": "wood_utility", "model_flags": [], "model_watch": ["lean_slight"], "lean": "slight", "crossarm": "none_visible", "vegetation": "near", "transformer": false, "attachments_estimate": 0, "photos_assessed": 1, "capture_sequences": 1, "photo_shown_date": "2014-07", "latest_available_photo_date": "2018-07", "source_photo_url": "https://www.mapillary.com/app/?pKey=2880796718860553&focus=photo", "nearest_osm_pole_m": null}}, {"type": "Feature", "geometry": {"type": "Point", "coordinates": [-72.37187, 44.49774]}, "properties": {"id": "hard-00705", "is_utility_pole": true, "pole_type": "wood_utility", "model_flags": [], "model_watch": ["lean_slight"], "lean": "slight", "crossarm": "none_visible", "vegetation": "near", "transformer": false, "attachments_estimate": 0, "photos_assessed": 6, "capture_sequences": 5, "photo_shown_date": "2018-06", "latest_available_photo_date": "2018-06", "source_photo_url": "https://www.mapillary.com/app/?pKey=145911334234834&focus=photo", "nearest_osm_pole_m": null}}, {"type": "Feature", "geometry": {"type": "Point", "coordinates": [-72.37353, 44.49507]}, "properties": {"id": "hard-00706", "is_utility_pole": true, "pole_type": "wood_utility", "model_flags": [], "model_watch": [], "lean": "none", "crossarm": "intact", "vegetation": "none", "transformer": false, "attachments_estimate": 0, "photos_assessed": 3, "capture_sequences": 2, "photo_shown_date": "2016-07", "latest_available_photo_date": "2016-07", "source_photo_url": "https://www.mapillary.com/app/?pKey=560468695340323&focus=photo", "nearest_osm_pole_m": null}}, {"type": "Feature", "geometry": {"type": "Point", "coordinates": [-72.37169, 44.49762]}, "properties": {"id": "hard-00707", "is_utility_pole": true, "pole_type": "wood_utility", "model_flags": [], "model_watch": ["lean_slight"], "lean": "slight", "crossarm": "intact", "vegetation": "near", "transformer": false, "attachments_estimate": 1, "photos_assessed": 2, "capture_sequences": 2, "photo_shown_date": "2016-07", "latest_available_photo_date": "2016-07", "source_photo_url": "https://www.mapillary.com/app/?pKey=780977219134670&focus=photo", "nearest_osm_pole_m": null}}, {"type": "Feature", "geometry": {"type": "Point", "coordinates": [-72.371544, 44.499092]}, "properties": {"id": "hard-00708", "is_utility_pole": true, "pole_type": "wood_utility", "model_flags": [], "model_watch": ["lean_slight"], "lean": "slight", "crossarm": "intact", "vegetation": "near", "transformer": false, "attachments_estimate": 1, "photos_assessed": 3, "capture_sequences": 3, "photo_shown_date": "2018-07", "latest_available_photo_date": "2018-07", "source_photo_url": "https://www.mapillary.com/app/?pKey=130726232375607&focus=photo", "nearest_osm_pole_m": null}}, {"type": "Feature", "geometry": {"type": "Point", "coordinates": [-72.371704, 44.499554]}, "properties": {"id": "hard-00709", "is_utility_pole": true, "pole_type": "wood_utility", "model_flags": [], "model_watch": ["lean_slight"], "lean": "slight", "crossarm": "none_visible", "vegetation": "near", "transformer": false, "attachments_estimate": 1, "photos_assessed": 3, "capture_sequences": 2, "photo_shown_date": "2018-07", "latest_available_photo_date": "2018-07", "source_photo_url": "https://www.mapillary.com/app/?pKey=406289120360464&focus=photo", "nearest_osm_pole_m": null}}, {"type": "Feature", "geometry": {"type": "Point", "coordinates": [-72.314804, 44.49385]}, "properties": {"id": "hard-00710", "is_utility_pole": true, "pole_type": "wood_utility", "model_flags": ["vegetation"], "model_watch": [], "lean": "unclear", "crossarm": "none_visible", "vegetation": "touching", "transformer": false, "attachments_estimate": 0, "photos_assessed": 2, "capture_sequences": 2, "photo_shown_date": "2016-06", "latest_available_photo_date": "2018-07", "source_photo_url": "https://www.mapillary.com/app/?pKey=497063835045614&focus=photo", "nearest_osm_pole_m": null}}, {"type": "Feature", "geometry": {"type": "Point", "coordinates": [-72.313354, 44.492455]}, "properties": {"id": "hard-00711", "is_utility_pole": true, "pole_type": "wood_utility", "model_flags": [], "model_watch": ["lean_slight"], "lean": "slight", "crossarm": "none_visible", "vegetation": "near", "transformer": false, "attachments_estimate": 0, "photos_assessed": 3, "capture_sequences": 2, "photo_shown_date": "2016-06", "latest_available_photo_date": "2016-06", "source_photo_url": "https://www.mapillary.com/app/?pKey=1038989169840745&focus=photo", "nearest_osm_pole_m": null}}, {"type": "Feature", "geometry": {"type": "Point", "coordinates": [-72.31669, 44.494358]}, "properties": {"id": "hard-00712", "is_utility_pole": true, "pole_type": "wood_utility", "model_flags": ["vegetation"], "model_watch": [], "lean": "none", "crossarm": "none_visible", "vegetation": "touching", "transformer": false, "attachments_estimate": 1, "photos_assessed": 1, "capture_sequences": 1, "photo_shown_date": "2016-06", "latest_available_photo_date": "2016-06", "source_photo_url": "https://www.mapillary.com/app/?pKey=1495616690782936&focus=photo", "nearest_osm_pole_m": null}}, {"type": "Feature", "geometry": {"type": "Point", "coordinates": [-72.37178, 44.497356]}, "properties": {"id": "hard-00713", "is_utility_pole": true, "pole_type": "wood_utility", "model_flags": [], "model_watch": ["lean_slight"], "lean": "slight", "crossarm": "none_visible", "vegetation": "near", "transformer": true, "attachments_estimate": 2, "photos_assessed": 3, "capture_sequences": 2, "photo_shown_date": "2018-06", "latest_available_photo_date": "2018-06", "source_photo_url": "https://www.mapillary.com/app/?pKey=471730320565604&focus=photo", "nearest_osm_pole_m": null}}, {"type": "Feature", "geometry": {"type": "Point", "coordinates": [-72.31612, 44.49415]}, "properties": {"id": "hard-00714", "is_utility_pole": true, "pole_type": "wood_utility", "model_flags": ["vegetation"], "model_watch": ["lean_slight"], "lean": "slight", "crossarm": "none_visible", "vegetation": "touching", "transformer": true, "attachments_estimate": 1, "photos_assessed": 3, "capture_sequences": 3, "photo_shown_date": "2016-06", "latest_available_photo_date": "2016-06", "source_photo_url": "https://www.mapillary.com/app/?pKey=188037663092538&focus=photo", "nearest_osm_pole_m": null}}, {"type": "Feature", "geometry": {"type": "Point", "coordinates": [-72.37192, 44.49812]}, "properties": {"id": "hard-00715", "is_utility_pole": true, "pole_type": "wood_utility", "model_flags": [], "model_watch": [], "lean": "none", "crossarm": "intact", "vegetation": "none", "transformer": true, "attachments_estimate": 1, "photos_assessed": 3, "capture_sequences": 3, "photo_shown_date": "2014-07", "latest_available_photo_date": "2018-06", "source_photo_url": "https://www.mapillary.com/app/?pKey=614366883289580&focus=photo", "nearest_osm_pole_m": null}}, {"type": "Feature", "geometry": {"type": "Point", "coordinates": [-72.31444, 44.493587]}, "properties": {"id": "hard-00716", "is_utility_pole": true, "pole_type": "wood_utility", "model_flags": [], "model_watch": ["lean_slight"], "lean": "slight", "crossarm": "intact", "vegetation": "near", "transformer": true, "attachments_estimate": 1, "photos_assessed": 3, "capture_sequences": 3, "photo_shown_date": "2018-07", "latest_available_photo_date": "2018-07", "source_photo_url": "https://www.mapillary.com/app/?pKey=481029179781819&focus=photo", "nearest_osm_pole_m": null}}, {"type": "Feature", "geometry": {"type": "Point", "coordinates": [-72.31456, 44.493645]}, "properties": {"id": "hard-00717", "is_utility_pole": false, "pole_type": "unclear", "model_flags": [], "model_watch": [], "lean": "unclear", "crossarm": "none_visible", "vegetation": "near", "transformer": false, "attachments_estimate": 0, "photos_assessed": 2, "capture_sequences": 1, "photo_shown_date": "2016-06", "latest_available_photo_date": "2016-06", "source_photo_url": "https://www.mapillary.com/app/?pKey=515152896283201&focus=photo", "nearest_osm_pole_m": null}}, {"type": "Feature", "geometry": {"type": "Point", "coordinates": [-72.37163, 44.49792]}, "properties": {"id": "hard-00718", "is_utility_pole": true, "pole_type": "wood_utility", "model_flags": [], "model_watch": ["lean_slight"], "lean": "slight", "crossarm": "intact", "vegetation": "near", "transformer": false, "attachments_estimate": 2, "photos_assessed": 1, "capture_sequences": 1, "photo_shown_date": "2016-07", "latest_available_photo_date": "2016-07", "source_photo_url": "https://www.mapillary.com/app/?pKey=529390595146471&focus=photo", "nearest_osm_pole_m": null}}, {"type": "Feature", "geometry": {"type": "Point", "coordinates": [-72.37145, 44.499363]}, "properties": {"id": "hard-00719", "is_utility_pole": false, "pole_type": "unclear", "model_flags": [], "model_watch": [], "lean": "unclear", "crossarm": "none_visible", "vegetation": "unclear", "transformer": false, "attachments_estimate": 0, "photos_assessed": 2, "capture_sequences": 1, "photo_shown_date": "2018-06", "latest_available_photo_date": "2018-06", "source_photo_url": "https://www.mapillary.com/app/?pKey=496804588302027&focus=photo", "nearest_osm_pole_m": null}}, {"type": "Feature", "geometry": {"type": "Point", "coordinates": [-72.3721, 44.496323]}, "properties": {"id": "hard-00720", "is_utility_pole": true, "pole_type": "wood_utility", "model_flags": [], "model_watch": [], "lean": "none", "crossarm": "intact", "vegetation": "near", "transformer": false, "attachments_estimate": 1, "photos_assessed": 3, "capture_sequences": 3, "photo_shown_date": "2018-07", "latest_available_photo_date": "2018-07", "source_photo_url": "https://www.mapillary.com/app/?pKey=939872576814037&focus=photo", "nearest_osm_pole_m": null}}, {"type": "Feature", "geometry": {"type": "Point", "coordinates": [-72.37253, 44.495834]}, "properties": {"id": "hard-00721", "is_utility_pole": true, "pole_type": "wood_utility", "model_flags": [], "model_watch": [], "lean": "none", "crossarm": "intact", "vegetation": "near", "transformer": true, "attachments_estimate": 1, "photos_assessed": 3, "capture_sequences": 3, "photo_shown_date": "2018-07", "latest_available_photo_date": "2018-07", "source_photo_url": "https://www.mapillary.com/app/?pKey=573258986987028&focus=photo", "nearest_osm_pole_m": null}}, {"type": "Feature", "geometry": {"type": "Point", "coordinates": [-72.37165, 44.497738]}, "properties": {"id": "hard-00722", "is_utility_pole": true, "pole_type": "wood_utility", "model_flags": [], "model_watch": ["lean_slight"], "lean": "slight", "crossarm": "intact", "vegetation": "near", "transformer": false, "attachments_estimate": 2, "photos_assessed": 3, "capture_sequences": 3, "photo_shown_date": "2018-07", "latest_available_photo_date": "2018-07", "source_photo_url": "https://www.mapillary.com/app/?pKey=186296886722944&focus=photo", "nearest_osm_pole_m": null}}, {"type": "Feature", "geometry": {"type": "Point", "coordinates": [-72.37155, 44.49819]}, "properties": {"id": "hard-00723", "is_utility_pole": true, "pole_type": "wood_utility", "model_flags": [], "model_watch": [], "lean": "none", "crossarm": "intact", "vegetation": "near", "transformer": false, "attachments_estimate": 2, "photos_assessed": 3, "capture_sequences": 2, "photo_shown_date": "2018-06", "latest_available_photo_date": "2018-07", "source_photo_url": "https://www.mapillary.com/app/?pKey=807095003536161&focus=photo", "nearest_osm_pole_m": null}}, {"type": "Feature", "geometry": {"type": "Point", "coordinates": [-72.37372, 44.494896]}, "properties": {"id": "hard-00724", "is_utility_pole": true, "pole_type": "wood_utility", "model_flags": [], "model_watch": ["lean_slight"], "lean": "slight", "crossarm": "intact", "vegetation": "near", "transformer": false, "attachments_estimate": 1, "photos_assessed": 3, "capture_sequences": 3, "photo_shown_date": "2016-07", "latest_available_photo_date": "2016-07", "source_photo_url": "https://www.mapillary.com/app/?pKey=324360952451861&focus=photo", "nearest_osm_pole_m": null}}, {"type": "Feature", "geometry": {"type": "Point", "coordinates": [-72.31519, 44.49392]}, "properties": {"id": "hard-00725", "is_utility_pole": true, "pole_type": "wood_utility", "model_flags": [], "model_watch": [], "lean": "none", "crossarm": "none_visible", "vegetation": "near", "transformer": false, "attachments_estimate": 0, "photos_assessed": 3, "capture_sequences": 3, "photo_shown_date": "2018-07", "latest_available_photo_date": "2018-07", "source_photo_url": "https://www.mapillary.com/app/?pKey=322562882694871&focus=photo", "nearest_osm_pole_m": null}}, {"type": "Feature", "geometry": {"type": "Point", "coordinates": [-72.37293, 44.495434]}, "properties": {"id": "hard-00726", "is_utility_pole": true, "pole_type": "wood_utility", "model_flags": [], "model_watch": ["lean_slight"], "lean": "slight", "crossarm": "intact", "vegetation": "near", "transformer": false, "attachments_estimate": 0, "photos_assessed": 3, "capture_sequences": 2, "photo_shown_date": "2016-07", "latest_available_photo_date": "2016-07", "source_photo_url": "https://www.mapillary.com/app/?pKey=562636808100059&focus=photo", "nearest_osm_pole_m": null}}, {"type": "Feature", "geometry": {"type": "Point", "coordinates": [-72.37315, 44.49581]}, "properties": {"id": "hard-00727", "is_utility_pole": true, "pole_type": "wood_utility", "model_flags": [], "model_watch": ["lean_slight"], "lean": "slight", "crossarm": "intact", "vegetation": "near", "transformer": false, "attachments_estimate": 0, "photos_assessed": 3, "capture_sequences": 2, "photo_shown_date": "2014-07", "latest_available_photo_date": "2016-07", "source_photo_url": "https://www.mapillary.com/app/?pKey=2941283936092885&focus=photo", "nearest_osm_pole_m": null}}, {"type": "Feature", "geometry": {"type": "Point", "coordinates": [-72.371735, 44.4975]}, "properties": {"id": "hard-00728", "is_utility_pole": true, "pole_type": "wood_utility", "model_flags": ["vegetation"], "model_watch": ["lean_slight"], "lean": "slight", "crossarm": "none_visible", "vegetation": "touching", "transformer": false, "attachments_estimate": 1, "photos_assessed": 2, "capture_sequences": 2, "photo_shown_date": "2016-07", "latest_available_photo_date": "2016-07", "source_photo_url": "https://www.mapillary.com/app/?pKey=1150695168738337&focus=photo", "nearest_osm_pole_m": null}}, {"type": "Feature", "geometry": {"type": "Point", "coordinates": [-72.37191, 44.499943]}, "properties": {"id": "hard-00729", "is_utility_pole": true, "pole_type": "wood_utility", "model_flags": ["vegetation"], "model_watch": [], "lean": "none", "crossarm": "none_visible", "vegetation": "touching", "transformer": false, "attachments_estimate": 1, "photos_assessed": 3, "capture_sequences": 3, "photo_shown_date": "2018-06", "latest_available_photo_date": "2018-06", "source_photo_url": "https://www.mapillary.com/app/?pKey=299056205037278&focus=photo", "nearest_osm_pole_m": null}}, {"type": "Feature", "geometry": {"type": "Point", "coordinates": [-72.373, 44.495304]}, "properties": {"id": "hard-00730", "is_utility_pole": true, "pole_type": "wood_utility", "model_flags": [], "model_watch": ["lean_slight"], "lean": "slight", "crossarm": "intact", "vegetation": "near", "transformer": false, "attachments_estimate": 1, "photos_assessed": 3, "capture_sequences": 3, "photo_shown_date": "2018-07", "latest_available_photo_date": "2018-07", "source_photo_url": "https://www.mapillary.com/app/?pKey=3020515531553333&focus=photo", "nearest_osm_pole_m": 23.1}}, {"type": "Feature", "geometry": {"type": "Point", "coordinates": [-72.37153, 44.498493]}, "properties": {"id": "hard-00731", "is_utility_pole": true, "pole_type": "wood_utility", "model_flags": [], "model_watch": ["lean_slight"], "lean": "slight", "crossarm": "intact", "vegetation": "near", "transformer": false, "attachments_estimate": 1, "photos_assessed": 3, "capture_sequences": 3, "photo_shown_date": "2018-07", "latest_available_photo_date": "2018-07", "source_photo_url": "https://www.mapillary.com/app/?pKey=188905866334490&focus=photo", "nearest_osm_pole_m": null}}, {"type": "Feature", "geometry": {"type": "Point", "coordinates": [-72.3737, 44.495247]}, "properties": {"id": "hard-00732", "is_utility_pole": true, "pole_type": "wood_utility", "model_flags": [], "model_watch": ["lean_slight"], "lean": "slight", "crossarm": "none_visible", "vegetation": "none", "transformer": false, "attachments_estimate": 1, "photos_assessed": 2, "capture_sequences": 2, "photo_shown_date": "2016-07", "latest_available_photo_date": "2016-07", "source_photo_url": "https://www.mapillary.com/app/?pKey=342621563880114&focus=photo", "nearest_osm_pole_m": null}}, {"type": "Feature", "geometry": {"type": "Point", "coordinates": [-72.37176, 44.497227]}, "properties": {"id": "hard-00733", "is_utility_pole": true, "pole_type": "wood_utility", "model_flags": [], "model_watch": ["lean_slight"], "lean": "slight", "crossarm": "intact", "vegetation": "near", "transformer": false, "attachments_estimate": 1, "photos_assessed": 3, "capture_sequences": 3, "photo_shown_date": "2016-07", "latest_available_photo_date": "2016-07", "source_photo_url": "https://www.mapillary.com/app/?pKey=3991378444314696&focus=photo", "nearest_osm_pole_m": null}}, {"type": "Feature", "geometry": {"type": "Point", "coordinates": [-72.37201, 44.496628]}, "properties": {"id": "hard-00734", "is_utility_pole": true, "pole_type": "wood_utility", "model_flags": [], "model_watch": ["lean_slight"], "lean": "slight", "crossarm": "intact", "vegetation": "near", "transformer": false, "attachments_estimate": 1, "photos_assessed": 2, "capture_sequences": 2, "photo_shown_date": "2014-07", "latest_available_photo_date": "2016-07", "source_photo_url": "https://www.mapillary.com/app/?pKey=1870312106484567&focus=photo", "nearest_osm_pole_m": null}}, {"type": "Feature", "geometry": {"type": "Point", "coordinates": [-72.371574, 44.49829]}, "properties": {"id": "hard-00735", "is_utility_pole": true, "pole_type": "wood_utility", "model_flags": ["vegetation"], "model_watch": ["lean_slight"], "lean": "slight", "crossarm": "intact", "vegetation": "touching", "transformer": false, "attachments_estimate": 1, "photos_assessed": 3, "capture_sequences": 3, "photo_shown_date": "2018-06", "latest_available_photo_date": "2018-06", "source_photo_url": "https://www.mapillary.com/app/?pKey=187065733294745&focus=photo", "nearest_osm_pole_m": null}}, {"type": "Feature", "geometry": {"type": "Point", "coordinates": [-72.31362, 44.49315]}, "properties": {"id": "hard-00736", "is_utility_pole": true, "pole_type": "wood_utility", "model_flags": [], "model_watch": ["lean_slight"], "lean": "slight", "crossarm": "none_visible", "vegetation": "near", "transformer": false, "attachments_estimate": 1, "photos_assessed": 3, "capture_sequences": 3, "photo_shown_date": "2018-07", "latest_available_photo_date": "2018-07", "source_photo_url": "https://www.mapillary.com/app/?pKey=307645190813578&focus=photo", "nearest_osm_pole_m": null}}, {"type": "Feature", "geometry": {"type": "Point", "coordinates": [-72.37183, 44.49708]}, "properties": {"id": "hard-00737", "is_utility_pole": true, "pole_type": "wood_utility", "model_flags": [], "model_watch": [], "lean": "none", "crossarm": "intact", "vegetation": "near", "transformer": false, "attachments_estimate": 1, "photos_assessed": 3, "capture_sequences": 2, "photo_shown_date": "2016-07", "latest_available_photo_date": "2016-07", "source_photo_url": "https://www.mapillary.com/app/?pKey=4268192066548216&focus=photo", "nearest_osm_pole_m": null}}, {"type": "Feature", "geometry": {"type": "Point", "coordinates": [-72.3138, 44.493484]}, "properties": {"id": "hard-00738", "is_utility_pole": true, "pole_type": "wood_utility", "model_flags": [], "model_watch": ["lean_slight"], "lean": "slight", "crossarm": "none_visible", "vegetation": "near", "transformer": false, "attachments_estimate": 1, "photos_assessed": 3, "capture_sequences": 1, "photo_shown_date": "2016-06", "latest_available_photo_date": "2016-06", "source_photo_url": "https://www.mapillary.com/app/?pKey=4280711552024452&focus=photo", "nearest_osm_pole_m": null}}, {"type": "Feature", "geometry": {"type": "Point", "coordinates": [-72.37172, 44.498787]}, "properties": {"id": "hard-00739", "is_utility_pole": true, "pole_type": "wood_utility", "model_flags": ["vegetation"], "model_watch": [], "lean": "unclear", "crossarm": "unclear", "vegetation": "touching", "transformer": false, "attachments_estimate": 0, "photos_assessed": 1, "capture_sequences": 1, "photo_shown_date": "2018-07", "latest_available_photo_date": "2018-07", "source_photo_url": "https://www.mapillary.com/app/?pKey=477283916684821&focus=photo", "nearest_osm_pole_m": null}}, {"type": "Feature", "geometry": {"type": "Point", "coordinates": [-72.31436, 44.493916]}, "properties": {"id": "hard-00740", "is_utility_pole": true, "pole_type": "wood_utility", "model_flags": ["vegetation"], "model_watch": ["lean_slight"], "lean": "slight", "crossarm": "none_visible", "vegetation": "touching", "transformer": false, "attachments_estimate": 0, "photos_assessed": 3, "capture_sequences": 2, "photo_shown_date": "2016-06", "latest_available_photo_date": "2016-06", "source_photo_url": "https://www.mapillary.com/app/?pKey=179534340769810&focus=photo", "nearest_osm_pole_m": null}}, {"type": "Feature", "geometry": {"type": "Point", "coordinates": [-72.28566, 44.528408]}, "properties": {"id": "hard-00741", "is_utility_pole": true, "pole_type": "wood_utility", "model_flags": [], "model_watch": [], "lean": "none", "crossarm": "intact", "vegetation": "none", "transformer": false, "attachments_estimate": 0, "photos_assessed": 3, "capture_sequences": 3, "photo_shown_date": "2016-06", "latest_available_photo_date": "2016-06", "source_photo_url": "https://www.mapillary.com/app/?pKey=841500483174214&focus=photo", "nearest_osm_pole_m": null}}, {"type": "Feature", "geometry": {"type": "Point", "coordinates": [-72.28576, 44.5282955]}, "properties": {"id": "hard-00742", "is_utility_pole": true, "pole_type": "wood_utility", "model_flags": [], "model_watch": [], "lean": "none", "crossarm": "intact", "vegetation": "near", "transformer": false, "attachments_estimate": 0, "photos_assessed": 4, "capture_sequences": 3, "photo_shown_date": "2018-07", "latest_available_photo_date": "2018-07", "source_photo_url": "https://www.mapillary.com/app/?pKey=226567928920713&focus=photo", "nearest_osm_pole_m": null}}, {"type": "Feature", "geometry": {"type": "Point", "coordinates": [-72.28804, 44.526636]}, "properties": {"id": "hard-00743", "is_utility_pole": true, "pole_type": "wood_utility", "model_flags": [], "model_watch": [], "lean": "none", "crossarm": "intact", "vegetation": "near", "transformer": false, "attachments_estimate": 0, "photos_assessed": 4, "capture_sequences": 3, "photo_shown_date": "2018-07", "latest_available_photo_date": "2018-07", "source_photo_url": "https://www.mapillary.com/app/?pKey=302220994882292&focus=photo", "nearest_osm_pole_m": null}}, {"type": "Feature", "geometry": {"type": "Point", "coordinates": [-72.28684, 44.527573]}, "properties": {"id": "hard-00744", "is_utility_pole": true, "pole_type": "wood_utility", "model_flags": [], "model_watch": ["lean_slight"], "lean": "slight", "crossarm": "intact", "vegetation": "none", "transformer": false, "attachments_estimate": 1, "photos_assessed": 3, "capture_sequences": 2, "photo_shown_date": "2018-07", "latest_available_photo_date": "2018-07", "source_photo_url": "https://www.mapillary.com/app/?pKey=3955811381121229&focus=photo", "nearest_osm_pole_m": null}}, {"type": "Feature", "geometry": {"type": "Point", "coordinates": [-72.28593, 44.52825]}, "properties": {"id": "hard-00745", "is_utility_pole": true, "pole_type": "wood_utility", "model_flags": ["vegetation"], "model_watch": ["lean_slight"], "lean": "slight", "crossarm": "none_visible", "vegetation": "touching", "transformer": false, "attachments_estimate": 1, "photos_assessed": 1, "capture_sequences": 1, "photo_shown_date": "2014-06", "latest_available_photo_date": "2016-06", "source_photo_url": "https://www.mapillary.com/app/?pKey=470419467366861&focus=photo", "nearest_osm_pole_m": null}}, {"type": "Feature", "geometry": {"type": "Point", "coordinates": [-72.2874225, 44.52715]}, "properties": {"id": "hard-00746", "is_utility_pole": true, "pole_type": "wood_utility", "model_flags": [], "model_watch": [], "lean": "none", "crossarm": "intact", "vegetation": "near", "transformer": false, "attachments_estimate": 1, "photos_assessed": 6, "capture_sequences": 6, "photo_shown_date": "2018-07", "latest_available_photo_date": "2018-07", "source_photo_url": "https://www.mapillary.com/app/?pKey=377962500309549&focus=photo", "nearest_osm_pole_m": null}}, {"type": "Feature", "geometry": {"type": "Point", "coordinates": [-72.28628, 44.52795]}, "properties": {"id": "hard-00747", "is_utility_pole": true, "pole_type": "wood_utility", "model_flags": ["lean", "vegetation"], "model_watch": [], "lean": "moderate", "crossarm": "intact", "vegetation": "touching", "transformer": false, "attachments_estimate": 0, "photos_assessed": 3, "capture_sequences": 3, "photo_shown_date": "2016-06", "latest_available_photo_date": "2016-06", "source_photo_url": "https://www.mapillary.com/app/?pKey=2904641956447522&focus=photo", "nearest_osm_pole_m": null}}, {"type": "Feature", "geometry": {"type": "Point", "coordinates": [-72.286045, 44.5281675]}, "properties": {"id": "hard-00748", "is_utility_pole": true, "pole_type": "wood_utility", "model_flags": [], "model_watch": ["lean_slight"], "lean": "slight", "crossarm": "none_visible", "vegetation": "near", "transformer": false, "attachments_estimate": 0, "photos_assessed": 4, "capture_sequences": 2, "photo_shown_date": "2018-07", "latest_available_photo_date": "2018-07", "source_photo_url": "https://www.mapillary.com/app/?pKey=129589555828638&focus=photo", "nearest_osm_pole_m": null}}, {"type": "Feature", "geometry": {"type": "Point", "coordinates": [-72.286415, 44.527912]}, "properties": {"id": "hard-00749", "is_utility_pole": false, "pole_type": "unclear", "model_flags": [], "model_watch": [], "lean": "unclear", "crossarm": "none_visible", "vegetation": "unclear", "transformer": false, "attachments_estimate": 0, "photos_assessed": 1, "capture_sequences": 1, "photo_shown_date": "2018-07", "latest_available_photo_date": "2018-07", "source_photo_url": "https://www.mapillary.com/app/?pKey=771801723514456&focus=photo", "nearest_osm_pole_m": null}}, {"type": "Feature", "geometry": {"type": "Point", "coordinates": [-72.28697, 44.47372]}, "properties": {"id": "hard-00750", "is_utility_pole": true, "pole_type": "wood_utility", "model_flags": [], "model_watch": [], "lean": "none", "crossarm": "none_visible", "vegetation": "near", "transformer": false, "attachments_estimate": 0, "photos_assessed": 1, "capture_sequences": 1, "photo_shown_date": "2018-07", "latest_available_photo_date": "2018-07", "source_photo_url": "https://www.mapillary.com/app/?pKey=755330205154511&focus=photo", "nearest_osm_pole_m": null}}, {"type": "Feature", "geometry": {"type": "Point", "coordinates": [-72.2865625, 44.47347]}, "properties": {"id": "hard-00751", "is_utility_pole": false, "pole_type": "unclear", "model_flags": [], "model_watch": [], "lean": "unclear", "crossarm": "none_visible", "vegetation": "unclear", "transformer": false, "attachments_estimate": 0, "photos_assessed": 6, "capture_sequences": 5, "photo_shown_date": "2018-07", "latest_available_photo_date": "2018-07", "source_photo_url": "https://www.mapillary.com/app/?pKey=4053892841398606&focus=photo", "nearest_osm_pole_m": null}}, {"type": "Feature", "geometry": {"type": "Point", "coordinates": [-72.34309, 44.51137]}, "properties": {"id": "hard-00752", "is_utility_pole": true, "pole_type": "wood_utility", "model_flags": [], "model_watch": [], "lean": "none", "crossarm": "none_visible", "vegetation": "near", "transformer": false, "attachments_estimate": 2, "photos_assessed": 1, "capture_sequences": 1, "photo_shown_date": "2015-07", "latest_available_photo_date": "2015-07", "source_photo_url": "https://www.mapillary.com/app/?pKey=145775200816181&focus=photo", "nearest_osm_pole_m": null}}, {"type": "Feature", "geometry": {"type": "Point", "coordinates": [-72.378795, 44.516834]}, "properties": {"id": "hard-00753", "is_utility_pole": true, "pole_type": "wood_utility", "model_flags": [], "model_watch": [], "lean": "none", "crossarm": "intact", "vegetation": "near", "transformer": false, "attachments_estimate": 0, "photos_assessed": 6, "capture_sequences": 4, "photo_shown_date": "2016-06", "latest_available_photo_date": "2016-06", "source_photo_url": "https://www.mapillary.com/app/?pKey=474621640284809&focus=photo", "nearest_osm_pole_m": null}}, {"type": "Feature", "geometry": {"type": "Point", "coordinates": [-72.37446, 44.515068]}, "properties": {"id": "hard-00754", "is_utility_pole": true, "pole_type": "wood_utility", "model_flags": [], "model_watch": [], "lean": "none", "crossarm": "none_visible", "vegetation": "near", "transformer": false, "attachments_estimate": 1, "photos_assessed": 2, "capture_sequences": 2, "photo_shown_date": "2014-06", "latest_available_photo_date": "2018-07", "source_photo_url": "https://www.mapillary.com/app/?pKey=295228282330908&focus=photo", "nearest_osm_pole_m": null}}, {"type": "Feature", "geometry": {"type": "Point", "coordinates": [-72.37897, 44.516891]}, "properties": {"id": "hard-00755", "is_utility_pole": true, "pole_type": "wood_utility", "model_flags": [], "model_watch": ["lean_slight"], "lean": "slight", "crossarm": "intact", "vegetation": "near", "transformer": false, "attachments_estimate": 0, "photos_assessed": 6, "capture_sequences": 3, "photo_shown_date": "2018-07", "latest_available_photo_date": "2018-07", "source_photo_url": "https://www.mapillary.com/app/?pKey=960101338099009&focus=photo", "nearest_osm_pole_m": null}}, {"type": "Feature", "geometry": {"type": "Point", "coordinates": [-72.37778, 44.5166]}, "properties": {"id": "hard-00756", "is_utility_pole": true, "pole_type": "wood_utility", "model_flags": [], "model_watch": [], "lean": "none", "crossarm": "intact", "vegetation": "near", "transformer": false, "attachments_estimate": 0, "photos_assessed": 3, "capture_sequences": 3, "photo_shown_date": "2018-07", "latest_available_photo_date": "2018-07", "source_photo_url": "https://www.mapillary.com/app/?pKey=156879479784861&focus=photo", "nearest_osm_pole_m": null}}, {"type": "Feature", "geometry": {"type": "Point", "coordinates": [-72.37377, 44.514233]}, "properties": {"id": "hard-00757", "is_utility_pole": true, "pole_type": "wood_utility", "model_flags": [], "model_watch": ["lean_slight"], "lean": "slight", "crossarm": "none_visible", "vegetation": "near", "transformer": false, "attachments_estimate": 1, "photos_assessed": 3, "capture_sequences": 2, "photo_shown_date": "2016-06", "latest_available_photo_date": "2016-06", "source_photo_url": "https://www.mapillary.com/app/?pKey=168400221805083&focus=photo", "nearest_osm_pole_m": null}}, {"type": "Feature", "geometry": {"type": "Point", "coordinates": [-72.378175, 44.5167885]}, "properties": {"id": "hard-00758", "is_utility_pole": true, "pole_type": "wood_utility", "model_flags": [], "model_watch": [], "lean": "none", "crossarm": "intact", "vegetation": "near", "transformer": false, "attachments_estimate": 0, "photos_assessed": 6, "capture_sequences": 3, "photo_shown_date": "2016-06", "latest_available_photo_date": "2018-07", "source_photo_url": "https://www.mapillary.com/app/?pKey=2599659086997722&focus=photo", "nearest_osm_pole_m": null}}, {"type": "Feature", "geometry": {"type": "Point", "coordinates": [-72.37795, 44.51644]}, "properties": {"id": "hard-00759", "is_utility_pole": true, "pole_type": "wood_utility", "model_flags": [], "model_watch": ["lean_slight"], "lean": "slight", "crossarm": "intact", "vegetation": "near", "transformer": false, "attachments_estimate": 1, "photos_assessed": 3, "capture_sequences": 3, "photo_shown_date": "2016-06", "latest_available_photo_date": "2018-07", "source_photo_url": "https://www.mapillary.com/app/?pKey=535497740944427&focus=photo", "nearest_osm_pole_m": null}}, {"type": "Feature", "geometry": {"type": "Point", "coordinates": [-72.37708, 44.516277]}, "properties": {"id": "hard-00760", "is_utility_pole": true, "pole_type": "wood_utility", "model_flags": [], "model_watch": ["lean_slight"], "lean": "slight", "crossarm": "intact", "vegetation": "near", "transformer": false, "attachments_estimate": 1, "photos_assessed": 1, "capture_sequences": 1, "photo_shown_date": "2014-07", "latest_available_photo_date": "2016-06", "source_photo_url": "https://www.mapillary.com/app/?pKey=755144188514987&focus=photo", "nearest_osm_pole_m": null}}, {"type": "Feature", "geometry": {"type": "Point", "coordinates": [-72.37779, 44.516365]}, "properties": {"id": "hard-00761", "is_utility_pole": true, "pole_type": "wood_utility", "model_flags": [], "model_watch": ["lean_slight"], "lean": "slight", "crossarm": "intact", "vegetation": "near", "transformer": false, "attachments_estimate": 1, "photos_assessed": 3, "capture_sequences": 2, "photo_shown_date": "2016-06", "latest_available_photo_date": "2016-06", "source_photo_url": "https://www.mapillary.com/app/?pKey=480719336585452&focus=photo", "nearest_osm_pole_m": null}}, {"type": "Feature", "geometry": {"type": "Point", "coordinates": [-72.37789, 44.516644]}, "properties": {"id": "hard-00762", "is_utility_pole": true, "pole_type": "wood_utility", "model_flags": [], "model_watch": [], "lean": "none", "crossarm": "intact", "vegetation": "near", "transformer": true, "attachments_estimate": 0, "photos_assessed": 2, "capture_sequences": 2, "photo_shown_date": "2016-06", "latest_available_photo_date": "2018-07", "source_photo_url": "https://www.mapillary.com/app/?pKey=865822447350352&focus=photo", "nearest_osm_pole_m": null}}, {"type": "Feature", "geometry": {"type": "Point", "coordinates": [-72.377455, 44.5165635]}, "properties": {"id": "hard-00763", "is_utility_pole": true, "pole_type": "wood_utility", "model_flags": [], "model_watch": [], "lean": "none", "crossarm": "intact", "vegetation": "near", "transformer": false, "attachments_estimate": 0, "photos_assessed": 6, "capture_sequences": 3, "photo_shown_date": "2018-07", "latest_available_photo_date": "2018-07", "source_photo_url": "https://www.mapillary.com/app/?pKey=311803347071580&focus=photo", "nearest_osm_pole_m": null}}, {"type": "Feature", "geometry": {"type": "Point", "coordinates": [-72.37381, 44.514305]}, "properties": {"id": "hard-00764", "is_utility_pole": true, "pole_type": "wood_utility", "model_flags": [], "model_watch": ["lean_slight"], "lean": "slight", "crossarm": "none_visible", "vegetation": "near", "transformer": false, "attachments_estimate": 1, "photos_assessed": 3, "capture_sequences": 3, "photo_shown_date": "2018-07", "latest_available_photo_date": "2018-07", "source_photo_url": "https://www.mapillary.com/app/?pKey=146446530846027&focus=photo", "nearest_osm_pole_m": null}}, {"type": "Feature", "geometry": {"type": "Point", "coordinates": [-72.37688, 44.516174]}, "properties": {"id": "hard-00765", "is_utility_pole": true, "pole_type": "wood_utility", "model_flags": [], "model_watch": [], "lean": "none", "crossarm": "none_visible", "vegetation": "near", "transformer": false, "attachments_estimate": 0, "photos_assessed": 2, "capture_sequences": 2, "photo_shown_date": "2016-06", "latest_available_photo_date": "2018-07", "source_photo_url": "https://www.mapillary.com/app/?pKey=305549401198268&focus=photo", "nearest_osm_pole_m": null}}, {"type": "Feature", "geometry": {"type": "Point", "coordinates": [-72.37754, 44.516598]}, "properties": {"id": "hard-00766", "is_utility_pole": true, "pole_type": "wood_utility", "model_flags": [], "model_watch": ["lean_slight"], "lean": "slight", "crossarm": "intact", "vegetation": "near", "transformer": false, "attachments_estimate": 1, "photos_assessed": 3, "capture_sequences": 2, "photo_shown_date": "2014-07", "latest_available_photo_date": "2018-07", "source_photo_url": "https://www.mapillary.com/app/?pKey=2672134996409845&focus=photo", "nearest_osm_pole_m": null}}, {"type": "Feature", "geometry": {"type": "Point", "coordinates": [-72.37471, 44.51536]}, "properties": {"id": "hard-00767", "is_utility_pole": true, "pole_type": "wood_utility", "model_flags": [], "model_watch": ["lean_slight"], "lean": "slight", "crossarm": "none_visible", "vegetation": "none", "transformer": false, "attachments_estimate": 0, "photos_assessed": 3, "capture_sequences": 3, "photo_shown_date": "2018-07", "latest_available_photo_date": "2018-07", "source_photo_url": "https://www.mapillary.com/app/?pKey=926533324807096&focus=photo", "nearest_osm_pole_m": null}}, {"type": "Feature", "geometry": {"type": "Point", "coordinates": [-72.376724, 44.516094]}, "properties": {"id": "hard-00768", "is_utility_pole": true, "pole_type": "wood_utility", "model_flags": [], "model_watch": [], "lean": "none", "crossarm": "none_visible", "vegetation": "near", "transformer": false, "attachments_estimate": 1, "photos_assessed": 2, "capture_sequences": 2, "photo_shown_date": "2016-06", "latest_available_photo_date": "2016-06", "source_photo_url": "https://www.mapillary.com/app/?pKey=213322000605131&focus=photo", "nearest_osm_pole_m": null}}, {"type": "Feature", "geometry": {"type": "Point", "coordinates": [-72.36127, 44.584072]}, "properties": {"id": "hard-00769", "is_utility_pole": false, "pole_type": "unclear", "model_flags": [], "model_watch": [], "lean": "unclear", "crossarm": "none_visible", "vegetation": "unclear", "transformer": false, "attachments_estimate": 0, "photos_assessed": 2, "capture_sequences": 2, "photo_shown_date": "2018-06", "latest_available_photo_date": "2018-06", "source_photo_url": "https://www.mapillary.com/app/?pKey=4180783248654788&focus=photo", "nearest_osm_pole_m": null}}, {"type": "Feature", "geometry": {"type": "Point", "coordinates": [-72.37765, 44.516525]}, "properties": {"id": "hard-00770", "is_utility_pole": true, "pole_type": "wood_utility", "model_flags": [], "model_watch": [], "lean": "none", "crossarm": "none_visible", "vegetation": "none", "transformer": true, "attachments_estimate": 0, "photos_assessed": 3, "capture_sequences": 2, "photo_shown_date": "2016-06", "latest_available_photo_date": "2016-06", "source_photo_url": "https://www.mapillary.com/app/?pKey=978143846288430&focus=photo", "nearest_osm_pole_m": null}}, {"type": "Feature", "geometry": {"type": "Point", "coordinates": [-72.27116, 44.551743]}, "properties": {"id": "hard-00771", "is_utility_pole": true, "pole_type": "wood_utility", "model_flags": ["vegetation"], "model_watch": ["lean_slight"], "lean": "slight", "crossarm": "none_visible", "vegetation": "touching", "transformer": false, "attachments_estimate": 1, "photos_assessed": 1, "capture_sequences": 1, "photo_shown_date": "2019-07", "latest_available_photo_date": "2019-07", "source_photo_url": "https://www.mapillary.com/app/?pKey=214334176985419&focus=photo", "nearest_osm_pole_m": null}}, {"type": "Feature", "geometry": {"type": "Point", "coordinates": [-72.27057, 44.551105]}, "properties": {"id": "hard-00772", "is_utility_pole": true, "pole_type": "wood_utility", "model_flags": ["vegetation"], "model_watch": ["lean_slight"], "lean": "slight", "crossarm": "none_visible", "vegetation": "touching", "transformer": false, "attachments_estimate": 1, "photos_assessed": 3, "capture_sequences": 2, "photo_shown_date": "2015-07", "latest_available_photo_date": "2019-07", "source_photo_url": "https://www.mapillary.com/app/?pKey=1425415064458119&focus=photo", "nearest_osm_pole_m": null}}, {"type": "Feature", "geometry": {"type": "Point", "coordinates": [-72.2708277, 44.5514321]}, "properties": {"id": "hard-00773", "is_utility_pole": true, "pole_type": "wood_utility", "model_flags": ["vegetation"], "model_watch": [], "lean": "none", "crossarm": "none_visible", "vegetation": "touching", "transformer": false, "attachments_estimate": 0, "photos_assessed": 8, "capture_sequences": 5, "photo_shown_date": "2019-07", "latest_available_photo_date": "2019-07", "source_photo_url": "https://www.mapillary.com/app/?pKey=519916299419925&focus=photo", "nearest_osm_pole_m": null}}, {"type": "Feature", "geometry": {"type": "Point", "coordinates": [-72.31419, 44.514145]}, "properties": {"id": "hard-00774", "is_utility_pole": false, "pole_type": "unclear", "model_flags": [], "model_watch": [], "lean": "unclear", "crossarm": "none_visible", "vegetation": "unclear", "transformer": false, "attachments_estimate": 0, "photos_assessed": 1, "capture_sequences": 1, "photo_shown_date": "2018-07", "latest_available_photo_date": "2018-07", "source_photo_url": "https://www.mapillary.com/app/?pKey=500728587935651&focus=photo", "nearest_osm_pole_m": null}}, {"type": "Feature", "geometry": {"type": "Point", "coordinates": [-72.313735, 44.5144065]}, "properties": {"id": "hard-00775", "is_utility_pole": true, "pole_type": "wood_utility", "model_flags": [], "model_watch": ["lean_slight"], "lean": "slight", "crossarm": "none_visible", "vegetation": "near", "transformer": false, "attachments_estimate": 1, "photos_assessed": 6, "capture_sequences": 5, "photo_shown_date": "2018-07", "latest_available_photo_date": "2018-07", "source_photo_url": "https://www.mapillary.com/app/?pKey=254171933166559&focus=photo", "nearest_osm_pole_m": null}}, {"type": "Feature", "geometry": {"type": "Point", "coordinates": [-72.27647, 44.556385]}, "properties": {"id": "hard-00776", "is_utility_pole": true, "pole_type": "wood_utility", "model_flags": ["vegetation"], "model_watch": ["lean_slight"], "lean": "slight", "crossarm": "none_visible", "vegetation": "touching", "transformer": false, "attachments_estimate": 0, "photos_assessed": 1, "capture_sequences": 1, "photo_shown_date": "2015-07", "latest_available_photo_date": "2015-07", "source_photo_url": "https://www.mapillary.com/app/?pKey=905857460339902&focus=photo", "nearest_osm_pole_m": null}}, {"type": "Feature", "geometry": {"type": "Point", "coordinates": [-72.375087, 44.5267015]}, "properties": {"id": "hard-00777", "is_utility_pole": true, "pole_type": "wood_utility", "model_flags": ["vegetation"], "model_watch": [], "lean": "none", "crossarm": "unclear", "vegetation": "touching", "transformer": false, "attachments_estimate": 0, "photos_assessed": 2, "capture_sequences": 2, "photo_shown_date": "2018-06", "latest_available_photo_date": "2018-07", "source_photo_url": "https://www.mapillary.com/app/?pKey=517323826081795&focus=photo", "nearest_osm_pole_m": null}}, {"type": "Feature", "geometry": {"type": "Point", "coordinates": [-72.3743203, 44.5288551]}, "properties": {"id": "hard-00778", "is_utility_pole": true, "pole_type": "wood_utility", "model_flags": ["vegetation"], "model_watch": ["lean_slight"], "lean": "slight", "crossarm": "none_visible", "vegetation": "touching", "transformer": false, "attachments_estimate": 0, "photos_assessed": 7, "capture_sequences": 3, "photo_shown_date": "2018-06", "latest_available_photo_date": "2018-06", "source_photo_url": "https://www.mapillary.com/app/?pKey=311921860392576&focus=photo", "nearest_osm_pole_m": null}}, {"type": "Feature", "geometry": {"type": "Point", "coordinates": [-72.37463, 44.52791]}, "properties": {"id": "hard-00779", "is_utility_pole": false, "pole_type": "unclear", "model_flags": ["vegetation"], "model_watch": [], "lean": "unclear", "crossarm": "unclear", "vegetation": "touching", "transformer": false, "attachments_estimate": 0, "photos_assessed": 2, "capture_sequences": 1, "photo_shown_date": "2016-07", "latest_available_photo_date": "2018-06", "source_photo_url": "https://www.mapillary.com/app/?pKey=787614218621744&focus=photo", "nearest_osm_pole_m": null}}, {"type": "Feature", "geometry": {"type": "Point", "coordinates": [-72.374245, 44.529137]}, "properties": {"id": "hard-00780", "is_utility_pole": true, "pole_type": "wood_utility", "model_flags": ["vegetation"], "model_watch": ["lean_slight"], "lean": "slight", "crossarm": "intact", "vegetation": "touching", "transformer": false, "attachments_estimate": 1, "photos_assessed": 1, "capture_sequences": 1, "photo_shown_date": "2016-07", "latest_available_photo_date": "2016-07", "source_photo_url": "https://www.mapillary.com/app/?pKey=169741235001379&focus=photo", "nearest_osm_pole_m": null}}, {"type": "Feature", "geometry": {"type": "Point", "coordinates": [-72.2822575, 44.471794]}, "properties": {"id": "hard-00781", "is_utility_pole": true, "pole_type": "wood_utility", "model_flags": ["vegetation"], "model_watch": [], "lean": "none", "crossarm": "none_visible", "vegetation": "touching", "transformer": false, "attachments_estimate": 0, "photos_assessed": 6, "capture_sequences": 5, "photo_shown_date": "2018-07", "latest_available_photo_date": "2018-07", "source_photo_url": "https://www.mapillary.com/app/?pKey=589298128641986&focus=photo", "nearest_osm_pole_m": null}}, {"type": "Feature", "geometry": {"type": "Point", "coordinates": [-72.28057, 44.470715]}, "properties": {"id": "hard-00782", "is_utility_pole": true, "pole_type": "wood_utility", "model_flags": [], "model_watch": ["lean_slight"], "lean": "slight", "crossarm": "none_visible", "vegetation": "none", "transformer": false, "attachments_estimate": 1, "photos_assessed": 3, "capture_sequences": 3, "photo_shown_date": "2018-07", "latest_available_photo_date": "2018-07", "source_photo_url": "https://www.mapillary.com/app/?pKey=161811982569114&focus=photo", "nearest_osm_pole_m": null}}, {"type": "Feature", "geometry": {"type": "Point", "coordinates": [-72.27902, 44.469807]}, "properties": {"id": "hard-00783", "is_utility_pole": true, "pole_type": "wood_utility", "model_flags": ["lean"], "model_watch": [], "lean": "moderate", "crossarm": "intact", "vegetation": "near", "transformer": false, "attachments_estimate": 0, "photos_assessed": 2, "capture_sequences": 2, "photo_shown_date": "2018-07", "latest_available_photo_date": "2018-07", "source_photo_url": "https://www.mapillary.com/app/?pKey=1127169094431970&focus=photo", "nearest_osm_pole_m": null}}, {"type": "Feature", "geometry": {"type": "Point", "coordinates": [-72.36676, 44.5657606]}, "properties": {"id": "hard-00784", "is_utility_pole": true, "pole_type": "wood_utility", "model_flags": [], "model_watch": ["lean_slight"], "lean": "slight", "crossarm": "intact", "vegetation": "near", "transformer": false, "attachments_estimate": 1, "photos_assessed": 7, "capture_sequences": 5, "photo_shown_date": "2018-07", "latest_available_photo_date": "2018-07", "source_photo_url": "https://www.mapillary.com/app/?pKey=3757710811025274&focus=photo", "nearest_osm_pole_m": null}}, {"type": "Feature", "geometry": {"type": "Point", "coordinates": [-72.29575, 44.52429]}, "properties": {"id": "hard-00785", "is_utility_pole": true, "pole_type": "wood_utility", "model_flags": [], "model_watch": [], "lean": "none", "crossarm": "none_visible", "vegetation": "near", "transformer": false, "attachments_estimate": 0, "photos_assessed": 3, "capture_sequences": 3, "photo_shown_date": "2018-07", "latest_available_photo_date": "2018-07", "source_photo_url": "https://www.mapillary.com/app/?pKey=2856225314692446&focus=photo", "nearest_osm_pole_m": null}}, {"type": "Feature", "geometry": {"type": "Point", "coordinates": [-72.295815, 44.52409]}, "properties": {"id": "hard-00786", "is_utility_pole": true, "pole_type": "wood_utility", "model_flags": [], "model_watch": [], "lean": "none", "crossarm": "intact", "vegetation": "near", "transformer": false, "attachments_estimate": 1, "photos_assessed": 1, "capture_sequences": 1, "photo_shown_date": "2016-06", "latest_available_photo_date": "2016-06", "source_photo_url": "https://www.mapillary.com/app/?pKey=4382611338416753&focus=photo", "nearest_osm_pole_m": null}}, {"type": "Feature", "geometry": {"type": "Point", "coordinates": [-72.295975, 44.524036]}, "properties": {"id": "hard-00787", "is_utility_pole": true, "pole_type": "wood_utility", "model_flags": ["vegetation"], "model_watch": [], "lean": "none", "crossarm": "intact", "vegetation": "touching", "transformer": false, "attachments_estimate": 1, "photos_assessed": 1, "capture_sequences": 1, "photo_shown_date": "2018-07", "latest_available_photo_date": "2018-07", "source_photo_url": "https://www.mapillary.com/app/?pKey=183297067015882&focus=photo", "nearest_osm_pole_m": null}}, {"type": "Feature", "geometry": {"type": "Point", "coordinates": [-72.294958, 44.5243936]}, "properties": {"id": "hard-00788", "is_utility_pole": true, "pole_type": "wood_utility", "model_flags": [], "model_watch": [], "lean": "none", "crossarm": "intact", "vegetation": "near", "transformer": true, "attachments_estimate": 1, "photos_assessed": 5, "capture_sequences": 5, "photo_shown_date": "2018-07", "latest_available_photo_date": "2018-07", "source_photo_url": "https://www.mapillary.com/app/?pKey=529297421570946&focus=photo", "nearest_osm_pole_m": null}}, {"type": "Feature", "geometry": {"type": "Point", "coordinates": [-72.31943, 44.49569]}, "properties": {"id": "hard-00789", "is_utility_pole": false, "pole_type": "unclear", "model_flags": [], "model_watch": [], "lean": "unclear", "crossarm": "unclear", "vegetation": "unclear", "transformer": false, "attachments_estimate": 0, "photos_assessed": 1, "capture_sequences": 1, "photo_shown_date": "2018-07", "latest_available_photo_date": "2018-07", "source_photo_url": "https://www.mapillary.com/app/?pKey=177065910895756&focus=photo", "nearest_osm_pole_m": null}}, {"type": "Feature", "geometry": {"type": "Point", "coordinates": [-72.28133, 44.471203]}, "properties": {"id": "hard-00790", "is_utility_pole": true, "pole_type": "wood_utility", "model_flags": ["vegetation"], "model_watch": ["lean_slight"], "lean": "slight", "crossarm": "none_visible", "vegetation": "touching", "transformer": false, "attachments_estimate": 0, "photos_assessed": 3, "capture_sequences": 3, "photo_shown_date": "2018-07", "latest_available_photo_date": "2018-07", "source_photo_url": "https://www.mapillary.com/app/?pKey=895441054372348&focus=photo", "nearest_osm_pole_m": null}}, {"type": "Feature", "geometry": {"type": "Point", "coordinates": [-72.37516, 44.521244]}, "properties": {"id": "hard-00791", "is_utility_pole": true, "pole_type": "wood_utility", "model_flags": ["vegetation"], "model_watch": ["lean_slight"], "lean": "slight", "crossarm": "intact", "vegetation": "touching", "transformer": false, "attachments_estimate": 1, "photos_assessed": 3, "capture_sequences": 1, "photo_shown_date": "2018-06", "latest_available_photo_date": "2018-06", "source_photo_url": "https://www.mapillary.com/app/?pKey=477475400199387&focus=photo", "nearest_osm_pole_m": null}}, {"type": "Feature", "geometry": {"type": "Point", "coordinates": [-72.36472, 44.57529]}, "properties": {"id": "hard-00792", "is_utility_pole": false, "pole_type": "other", "model_flags": [], "model_watch": [], "lean": "unclear", "crossarm": "none_visible", "vegetation": "unclear", "transformer": false, "attachments_estimate": 0, "photos_assessed": 1, "capture_sequences": 1, "photo_shown_date": "2014-06", "latest_available_photo_date": "2018-07", "source_photo_url": "https://www.mapillary.com/app/?pKey=375851887194236&focus=photo", "nearest_osm_pole_m": null}}, {"type": "Feature", "geometry": {"type": "Point", "coordinates": [-72.37367, 44.513763]}, "properties": {"id": "hard-00793", "is_utility_pole": true, "pole_type": "wood_utility", "model_flags": [], "model_watch": [], "lean": "none", "crossarm": "intact", "vegetation": "near", "transformer": false, "attachments_estimate": 1, "photos_assessed": 2, "capture_sequences": 2, "photo_shown_date": "2016-06", "latest_available_photo_date": "2018-07", "source_photo_url": "https://www.mapillary.com/app/?pKey=170284731704724&focus=photo", "nearest_osm_pole_m": null}}, {"type": "Feature", "geometry": {"type": "Point", "coordinates": [-72.36501, 44.576126]}, "properties": {"id": "hard-00794", "is_utility_pole": false, "pole_type": "unclear", "model_flags": [], "model_watch": [], "lean": "unclear", "crossarm": "none_visible", "vegetation": "unclear", "transformer": false, "attachments_estimate": 0, "photos_assessed": 1, "capture_sequences": 1, "photo_shown_date": "2018-07", "latest_available_photo_date": "2018-07", "source_photo_url": "https://www.mapillary.com/app/?pKey=505620150621739&focus=photo", "nearest_osm_pole_m": null}}, {"type": "Feature", "geometry": {"type": "Point", "coordinates": [-72.36474, 44.57559]}, "properties": {"id": "hard-00795", "is_utility_pole": false, "pole_type": "unclear", "model_flags": [], "model_watch": [], "lean": "unclear", "crossarm": "none_visible", "vegetation": "unclear", "transformer": false, "attachments_estimate": 0, "photos_assessed": 3, "capture_sequences": 2, "photo_shown_date": "2018-06", "latest_available_photo_date": "2018-06", "source_photo_url": "https://www.mapillary.com/app/?pKey=266912441840199&focus=photo", "nearest_osm_pole_m": null}}, {"type": "Feature", "geometry": {"type": "Point", "coordinates": [-72.27103, 44.466979]}, "properties": {"id": "hard-00796", "is_utility_pole": true, "pole_type": "wood_utility", "model_flags": ["vegetation"], "model_watch": ["lean_slight"], "lean": "slight", "crossarm": "none_visible", "vegetation": "touching", "transformer": false, "attachments_estimate": 0, "photos_assessed": 6, "capture_sequences": 4, "photo_shown_date": "2018-07", "latest_available_photo_date": "2018-07", "source_photo_url": "https://www.mapillary.com/app/?pKey=1474982229523563&focus=photo", "nearest_osm_pole_m": null}}, {"type": "Feature", "geometry": {"type": "Point", "coordinates": [-72.270954, 44.4670368]}, "properties": {"id": "hard-00797", "is_utility_pole": true, "pole_type": "wood_utility", "model_flags": ["vegetation"], "model_watch": ["lean_slight"], "lean": "slight", "crossarm": "none_visible", "vegetation": "touching", "transformer": false, "attachments_estimate": 0, "photos_assessed": 5, "capture_sequences": 4, "photo_shown_date": "2018-07", "latest_available_photo_date": "2018-07", "source_photo_url": "https://www.mapillary.com/app/?pKey=1112808655879036&focus=photo", "nearest_osm_pole_m": null}}, {"type": "Feature", "geometry": {"type": "Point", "coordinates": [-72.27141, 44.4673]}, "properties": {"id": "hard-00798", "is_utility_pole": true, "pole_type": "wood_utility", "model_flags": [], "model_watch": ["lean_slight"], "lean": "slight", "crossarm": "none_visible", "vegetation": "near", "transformer": false, "attachments_estimate": 0, "photos_assessed": 3, "capture_sequences": 3, "photo_shown_date": "2018-07", "latest_available_photo_date": "2018-07", "source_photo_url": "https://www.mapillary.com/app/?pKey=776795826538842&focus=photo", "nearest_osm_pole_m": null}}, {"type": "Feature", "geometry": {"type": "Point", "coordinates": [-72.33719, 44.528328]}, "properties": {"id": "hard-00799", "is_utility_pole": true, "pole_type": "wood_utility", "model_flags": [], "model_watch": [], "lean": "none", "crossarm": "none_visible", "vegetation": "none", "transformer": false, "attachments_estimate": 0, "photos_assessed": 3, "capture_sequences": 3, "photo_shown_date": "2019-07", "latest_available_photo_date": "2019-07", "source_photo_url": "https://www.mapillary.com/app/?pKey=470058120739895&focus=photo", "nearest_osm_pole_m": null}}, {"type": "Feature", "geometry": {"type": "Point", "coordinates": [-72.33603, 44.530014]}, "properties": {"id": "hard-00800", "is_utility_pole": true, "pole_type": "wood_utility", "model_flags": [], "model_watch": ["lean_slight"], "lean": "slight", "crossarm": "intact", "vegetation": "none", "transformer": false, "attachments_estimate": 1, "photos_assessed": 1, "capture_sequences": 1, "photo_shown_date": "2013-09", "latest_available_photo_date": "2015-07", "source_photo_url": "https://www.mapillary.com/app/?pKey=191545209504061&focus=photo", "nearest_osm_pole_m": null}}, {"type": "Feature", "geometry": {"type": "Point", "coordinates": [-72.33467, 44.531612]}, "properties": {"id": "hard-00801", "is_utility_pole": true, "pole_type": "wood_utility", "model_flags": [], "model_watch": ["lean_slight"], "lean": "slight", "crossarm": "intact", "vegetation": "near", "transformer": false, "attachments_estimate": 0, "photos_assessed": 3, "capture_sequences": 1, "photo_shown_date": "2019-07", "latest_available_photo_date": "2019-07", "source_photo_url": "https://www.mapillary.com/app/?pKey=1000024487402535&focus=photo", "nearest_osm_pole_m": null}}, {"type": "Feature", "geometry": {"type": "Point", "coordinates": [-72.26873, 44.4649]}, "properties": {"id": "hard-00802", "is_utility_pole": true, "pole_type": "wood_utility", "model_flags": [], "model_watch": ["lean_slight"], "lean": "slight", "crossarm": "intact", "vegetation": "near", "transformer": false, "attachments_estimate": 0, "photos_assessed": 3, "capture_sequences": 3, "photo_shown_date": "2016-06", "latest_available_photo_date": "2018-07", "source_photo_url": "https://www.mapillary.com/app/?pKey=1188660544896945&focus=photo", "nearest_osm_pole_m": null}}, {"type": "Feature", "geometry": {"type": "Point", "coordinates": [-72.33609, 44.529922]}, "properties": {"id": "hard-00803", "is_utility_pole": true, "pole_type": "wood_utility", "model_flags": [], "model_watch": ["lean_slight"], "lean": "slight", "crossarm": "intact", "vegetation": "none", "transformer": false, "attachments_estimate": 0, "photos_assessed": 2, "capture_sequences": 2, "photo_shown_date": "2015-07", "latest_available_photo_date": "2015-07", "source_photo_url": "https://www.mapillary.com/app/?pKey=951708312314624&focus=photo", "nearest_osm_pole_m": null}}, {"type": "Feature", "geometry": {"type": "Point", "coordinates": [-72.415474, 44.52233]}, "properties": {"id": "hard-00804", "is_utility_pole": true, "pole_type": "wood_utility", "model_flags": [], "model_watch": ["lean_slight"], "lean": "slight", "crossarm": "none_visible", "vegetation": "near", "transformer": false, "attachments_estimate": 0, "photos_assessed": 1, "capture_sequences": 1, "photo_shown_date": "2016-06", "latest_available_photo_date": "2016-06", "source_photo_url": "https://www.mapillary.com/app/?pKey=3987636034650285&focus=photo", "nearest_osm_pole_m": null}}, {"type": "Feature", "geometry": {"type": "Point", "coordinates": [-72.27109, 44.467075]}, "properties": {"id": "hard-00805", "is_utility_pole": true, "pole_type": "wood_utility", "model_flags": [], "model_watch": ["lean_slight"], "lean": "slight", "crossarm": "none_visible", "vegetation": "near", "transformer": false, "attachments_estimate": 0, "photos_assessed": 3, "capture_sequences": 3, "photo_shown_date": "2016-06", "latest_available_photo_date": "2016-06", "source_photo_url": "https://www.mapillary.com/app/?pKey=3877382482371222&focus=photo", "nearest_osm_pole_m": null}}, {"type": "Feature", "geometry": {"type": "Point", "coordinates": [-72.29526, 44.575756]}, "properties": {"id": "hard-00806", "is_utility_pole": true, "pole_type": "wood_utility", "model_flags": [], "model_watch": ["lean_slight"], "lean": "slight", "crossarm": "none_visible", "vegetation": "near", "transformer": false, "attachments_estimate": 2, "photos_assessed": 3, "capture_sequences": 1, "photo_shown_date": "2019-07", "latest_available_photo_date": "2019-07", "source_photo_url": "https://www.mapillary.com/app/?pKey=848334246066144&focus=photo", "nearest_osm_pole_m": null}}, {"type": "Feature", "geometry": {"type": "Point", "coordinates": [-72.36238, 44.582806]}, "properties": {"id": "hard-00807", "is_utility_pole": true, "pole_type": "wood_utility", "model_flags": [], "model_watch": ["lean_slight"], "lean": "slight", "crossarm": "intact", "vegetation": "near", "transformer": false, "attachments_estimate": 1, "photos_assessed": 3, "capture_sequences": 3, "photo_shown_date": "2018-07", "latest_available_photo_date": "2018-07", "source_photo_url": "https://www.mapillary.com/app/?pKey=899276203951196&focus=photo", "nearest_osm_pole_m": null}}, {"type": "Feature", "geometry": {"type": "Point", "coordinates": [-72.36272, 44.582188]}, "properties": {"id": "hard-00808", "is_utility_pole": true, "pole_type": "wood_utility", "model_flags": ["vegetation"], "model_watch": [], "lean": "unclear", "crossarm": "none_visible", "vegetation": "touching", "transformer": false, "attachments_estimate": 0, "photos_assessed": 3, "capture_sequences": 3, "photo_shown_date": "2016-07", "latest_available_photo_date": "2018-06", "source_photo_url": "https://www.mapillary.com/app/?pKey=224721989131287&focus=photo", "nearest_osm_pole_m": null}}, {"type": "Feature", "geometry": {"type": "Point", "coordinates": [-72.28466, 44.529]}, "properties": {"id": "hard-00809", "is_utility_pole": true, "pole_type": "wood_utility", "model_flags": [], "model_watch": ["lean_slight"], "lean": "slight", "crossarm": "intact", "vegetation": "near", "transformer": false, "attachments_estimate": 1, "photos_assessed": 3, "capture_sequences": 3, "photo_shown_date": "2018-07", "latest_available_photo_date": "2018-07", "source_photo_url": "https://www.mapillary.com/app/?pKey=3864212057011269&focus=photo", "nearest_osm_pole_m": null}}, {"type": "Feature", "geometry": {"type": "Point", "coordinates": [-72.355194, 44.502655]}, "properties": {"id": "hard-00810", "is_utility_pole": true, "pole_type": "wood_utility", "model_flags": ["vegetation"], "model_watch": [], "lean": "none", "crossarm": "none_visible", "vegetation": "touching", "transformer": false, "attachments_estimate": 0, "photos_assessed": 2, "capture_sequences": 2, "photo_shown_date": "2018-07", "latest_available_photo_date": "2018-07", "source_photo_url": "https://www.mapillary.com/app/?pKey=140000541514801&focus=photo", "nearest_osm_pole_m": null}}, {"type": "Feature", "geometry": {"type": "Point", "coordinates": [-72.28475, 44.529037]}, "properties": {"id": "hard-00811", "is_utility_pole": true, "pole_type": "wood_utility", "model_flags": ["vegetation"], "model_watch": ["lean_slight"], "lean": "slight", "crossarm": "unclear", "vegetation": "touching", "transformer": false, "attachments_estimate": 1, "photos_assessed": 1, "capture_sequences": 1, "photo_shown_date": "2016-06", "latest_available_photo_date": "2018-07", "source_photo_url": "https://www.mapillary.com/app/?pKey=293158245824476&focus=photo", "nearest_osm_pole_m": null}}, {"type": "Feature", "geometry": {"type": "Point", "coordinates": [-72.382545, 44.484562]}, "properties": {"id": "hard-00812", "is_utility_pole": true, "pole_type": "wood_utility", "model_flags": [], "model_watch": [], "lean": "none", "crossarm": "intact", "vegetation": "near", "transformer": false, "attachments_estimate": 1, "photos_assessed": 3, "capture_sequences": 3, "photo_shown_date": "2016-07", "latest_available_photo_date": "2018-07", "source_photo_url": "https://www.mapillary.com/app/?pKey=623194389075657&focus=photo", "nearest_osm_pole_m": null}}, {"type": "Feature", "geometry": {"type": "Point", "coordinates": [-72.284256, 44.529606]}, "properties": {"id": "hard-00813", "is_utility_pole": true, "pole_type": "wood_utility", "model_flags": [], "model_watch": [], "lean": "unclear", "crossarm": "unclear", "vegetation": "unclear", "transformer": false, "attachments_estimate": 0, "photos_assessed": 3, "capture_sequences": 1, "photo_shown_date": "2014-06", "latest_available_photo_date": "2014-06", "source_photo_url": "https://www.mapillary.com/app/?pKey=1020793468325148&focus=photo", "nearest_osm_pole_m": null}}, {"type": "Feature", "geometry": {"type": "Point", "coordinates": [-72.29123, 44.5251]}, "properties": {"id": "hard-00814", "is_utility_pole": true, "pole_type": "wood_utility", "model_flags": [], "model_watch": ["lean_slight"], "lean": "slight", "crossarm": "none_visible", "vegetation": "near", "transformer": false, "attachments_estimate": 0, "photos_assessed": 3, "capture_sequences": 2, "photo_shown_date": "2018-07", "latest_available_photo_date": "2018-07", "source_photo_url": "https://www.mapillary.com/app/?pKey=232088028722583&focus=photo", "nearest_osm_pole_m": null}}, {"type": "Feature", "geometry": {"type": "Point", "coordinates": [-72.296005, 44.576405]}, "properties": {"id": "hard-00815", "is_utility_pole": true, "pole_type": "wood_utility", "model_flags": [], "model_watch": [], "lean": "none", "crossarm": "none_visible", "vegetation": "near", "transformer": false, "attachments_estimate": 1, "photos_assessed": 3, "capture_sequences": 3, "photo_shown_date": "2019-07", "latest_available_photo_date": "2019-07", "source_photo_url": "https://www.mapillary.com/app/?pKey=1362652027453853&focus=photo", "nearest_osm_pole_m": null}}, {"type": "Feature", "geometry": {"type": "Point", "coordinates": [-72.29602, 44.57707]}, "properties": {"id": "hard-00816", "is_utility_pole": true, "pole_type": "wood_utility", "model_flags": [], "model_watch": [], "lean": "none", "crossarm": "intact", "vegetation": "near", "transformer": false, "attachments_estimate": 1, "photos_assessed": 3, "capture_sequences": 3, "photo_shown_date": "2019-07", "latest_available_photo_date": "2019-07", "source_photo_url": "https://www.mapillary.com/app/?pKey=322115516091820&focus=photo", "nearest_osm_pole_m": null}}, {"type": "Feature", "geometry": {"type": "Point", "coordinates": [-72.29576, 44.57858]}, "properties": {"id": "hard-00817", "is_utility_pole": true, "pole_type": "wood_utility", "model_flags": [], "model_watch": [], "lean": "none", "crossarm": "intact", "vegetation": "near", "transformer": false, "attachments_estimate": 1, "photos_assessed": 3, "capture_sequences": 3, "photo_shown_date": "2019-07", "latest_available_photo_date": "2019-07", "source_photo_url": "https://www.mapillary.com/app/?pKey=3870984526284008&focus=photo", "nearest_osm_pole_m": null}}, {"type": "Feature", "geometry": {"type": "Point", "coordinates": [-72.29604, 44.577404]}, "properties": {"id": "hard-00818", "is_utility_pole": true, "pole_type": "wood_utility", "model_flags": [], "model_watch": [], "lean": "none", "crossarm": "intact", "vegetation": "near", "transformer": false, "attachments_estimate": 1, "photos_assessed": 3, "capture_sequences": 3, "photo_shown_date": "2019-07", "latest_available_photo_date": "2019-07", "source_photo_url": "https://www.mapillary.com/app/?pKey=814290306172300&focus=photo", "nearest_osm_pole_m": null}}, {"type": "Feature", "geometry": {"type": "Point", "coordinates": [-72.29584, 44.57791]}, "properties": {"id": "hard-00819", "is_utility_pole": true, "pole_type": "wood_utility", "model_flags": [], "model_watch": [], "lean": "none", "crossarm": "intact", "vegetation": "near", "transformer": true, "attachments_estimate": 1, "photos_assessed": 3, "capture_sequences": 3, "photo_shown_date": "2015-07", "latest_available_photo_date": "2017-07", "source_photo_url": "https://www.mapillary.com/app/?pKey=310866963861557&focus=photo", "nearest_osm_pole_m": null}}, {"type": "Feature", "geometry": {"type": "Point", "coordinates": [-72.29594, 44.577343]}, "properties": {"id": "hard-00820", "is_utility_pole": true, "pole_type": "wood_utility", "model_flags": ["vegetation"], "model_watch": ["lean_slight"], "lean": "slight", "crossarm": "none_visible", "vegetation": "touching", "transformer": false, "attachments_estimate": 1, "photos_assessed": 1, "capture_sequences": 1, "photo_shown_date": "2017-07", "latest_available_photo_date": "2017-07", "source_photo_url": "https://www.mapillary.com/app/?pKey=3129459663953325&focus=photo", "nearest_osm_pole_m": null}}, {"type": "Feature", "geometry": {"type": "Point", "coordinates": [-72.295929, 44.579258]}, "properties": {"id": "hard-00821", "is_utility_pole": true, "pole_type": "wood_utility", "model_flags": [], "model_watch": [], "lean": "none", "crossarm": "intact", "vegetation": "near", "transformer": false, "attachments_estimate": 1, "photos_assessed": 12, "capture_sequences": 5, "photo_shown_date": "2019-07", "latest_available_photo_date": "2019-07", "source_photo_url": "https://www.mapillary.com/app/?pKey=1234980236914846&focus=photo", "nearest_osm_pole_m": null}}, {"type": "Feature", "geometry": {"type": "Point", "coordinates": [-72.296043, 44.576467]}, "properties": {"id": "hard-00822", "is_utility_pole": true, "pole_type": "wood_utility", "model_flags": [], "model_watch": [], "lean": "none", "crossarm": "none_visible", "vegetation": "near", "transformer": false, "attachments_estimate": 1, "photos_assessed": 6, "capture_sequences": 4, "photo_shown_date": "2019-07", "latest_available_photo_date": "2019-07", "source_photo_url": "https://www.mapillary.com/app/?pKey=207366417881373&focus=photo", "nearest_osm_pole_m": null}}, {"type": "Feature", "geometry": {"type": "Point", "coordinates": [-72.295944, 44.577503]}, "properties": {"id": "hard-00823", "is_utility_pole": true, "pole_type": "wood_utility", "model_flags": [], "model_watch": [], "lean": "none", "crossarm": "intact", "vegetation": "near", "transformer": false, "attachments_estimate": 1, "photos_assessed": 3, "capture_sequences": 2, "photo_shown_date": "2017-07", "latest_available_photo_date": "2017-07", "source_photo_url": "https://www.mapillary.com/app/?pKey=486582925885127&focus=photo", "nearest_osm_pole_m": null}}, {"type": "Feature", "geometry": {"type": "Point", "coordinates": [-72.29572, 44.5782]}, "properties": {"id": "hard-00824", "is_utility_pole": true, "pole_type": "wood_utility", "model_flags": [], "model_watch": [], "lean": "none", "crossarm": "intact", "vegetation": "near", "transformer": false, "attachments_estimate": 1, "photos_assessed": 3, "capture_sequences": 3, "photo_shown_date": "2019-07", "latest_available_photo_date": "2019-07", "source_photo_url": "https://www.mapillary.com/app/?pKey=3123860327845865&focus=photo", "nearest_osm_pole_m": null}}, {"type": "Feature", "geometry": {"type": "Point", "coordinates": [-72.295845, 44.579006]}, "properties": {"id": "hard-00825", "is_utility_pole": true, "pole_type": "wood_utility", "model_flags": [], "model_watch": [], "lean": "none", "crossarm": "intact", "vegetation": "near", "transformer": false, "attachments_estimate": 0, "photos_assessed": 2, "capture_sequences": 2, "photo_shown_date": "2017-07", "latest_available_photo_date": "2019-07", "source_photo_url": "https://www.mapillary.com/app/?pKey=318056776530318&focus=photo", "nearest_osm_pole_m": null}}, {"type": "Feature", "geometry": {"type": "Point", "coordinates": [-72.29597, 44.576275]}, "properties": {"id": "hard-00826", "is_utility_pole": true, "pole_type": "wood_utility", "model_flags": [], "model_watch": [], "lean": "none", "crossarm": "intact", "vegetation": "none", "transformer": false, "attachments_estimate": 1, "photos_assessed": 3, "capture_sequences": 2, "photo_shown_date": "2013-09", "latest_available_photo_date": "2015-07", "source_photo_url": "https://www.mapillary.com/app/?pKey=482589649679757&focus=photo", "nearest_osm_pole_m": null}}, {"type": "Feature", "geometry": {"type": "Point", "coordinates": [-72.2960944, 44.5805564]}, "properties": {"id": "hard-00827", "is_utility_pole": true, "pole_type": "wood_utility", "model_flags": [], "model_watch": [], "lean": "none", "crossarm": "intact", "vegetation": "near", "transformer": false, "attachments_estimate": 0, "photos_assessed": 5, "capture_sequences": 4, "photo_shown_date": "2019-07", "latest_available_photo_date": "2019-07", "source_photo_url": "https://www.mapillary.com/app/?pKey=4010328205701011&focus=photo", "nearest_osm_pole_m": null}}, {"type": "Feature", "geometry": {"type": "Point", "coordinates": [-72.29595, 44.57999]}, "properties": {"id": "hard-00828", "is_utility_pole": true, "pole_type": "wood_utility", "model_flags": [], "model_watch": [], "lean": "none", "crossarm": "intact", "vegetation": "near", "transformer": false, "attachments_estimate": 0, "photos_assessed": 3, "capture_sequences": 3, "photo_shown_date": "2019-07", "latest_available_photo_date": "2019-07", "source_photo_url": "https://www.mapillary.com/app/?pKey=954842715345991&focus=photo", "nearest_osm_pole_m": null}}, {"type": "Feature", "geometry": {"type": "Point", "coordinates": [-72.29563, 44.57809]}, "properties": {"id": "hard-00829", "is_utility_pole": true, "pole_type": "wood_utility", "model_flags": [], "model_watch": [], "lean": "none", "crossarm": "none_visible", "vegetation": "near", "transformer": false, "attachments_estimate": 0, "photos_assessed": 3, "capture_sequences": 3, "photo_shown_date": "2019-07", "latest_available_photo_date": "2019-07", "source_photo_url": "https://www.mapillary.com/app/?pKey=1134988660317471&focus=photo", "nearest_osm_pole_m": null}}, {"type": "Feature", "geometry": {"type": "Point", "coordinates": [-72.29604, 44.57693]}, "properties": {"id": "hard-00830", "is_utility_pole": true, "pole_type": "wood_utility", "model_flags": [], "model_watch": [], "lean": "none", "crossarm": "intact", "vegetation": "near", "transformer": false, "attachments_estimate": 2, "photos_assessed": 3, "capture_sequences": 2, "photo_shown_date": "2017-07", "latest_available_photo_date": "2017-07", "source_photo_url": "https://www.mapillary.com/app/?pKey=514289003249475&focus=photo", "nearest_osm_pole_m": null}}, {"type": "Feature", "geometry": {"type": "Point", "coordinates": [-72.2955096, 44.5785622]}, "properties": {"id": "hard-00831", "is_utility_pole": true, "pole_type": "wood_utility", "model_flags": [], "model_watch": ["lean_slight"], "lean": "slight", "crossarm": "intact", "vegetation": "near", "transformer": false, "attachments_estimate": 0, "photos_assessed": 5, "capture_sequences": 5, "photo_shown_date": "2019-07", "latest_available_photo_date": "2019-07", "source_photo_url": "https://www.mapillary.com/app/?pKey=3870984526284008&focus=photo", "nearest_osm_pole_m": null}}, {"type": "Feature", "geometry": {"type": "Point", "coordinates": [-72.29601, 44.576725]}, "properties": {"id": "hard-00832", "is_utility_pole": true, "pole_type": "wood_utility", "model_flags": [], "model_watch": [], "lean": "none", "crossarm": "intact", "vegetation": "near", "transformer": false, "attachments_estimate": 1, "photos_assessed": 3, "capture_sequences": 2, "photo_shown_date": "2015-07", "latest_available_photo_date": "2017-07", "source_photo_url": "https://www.mapillary.com/app/?pKey=871943123358199&focus=photo", "nearest_osm_pole_m": null}}, {"type": "Feature", "geometry": {"type": "Point", "coordinates": [-72.295925, 44.5777205]}, "properties": {"id": "hard-00833", "is_utility_pole": true, "pole_type": "wood_utility", "model_flags": [], "model_watch": [], "lean": "none", "crossarm": "intact", "vegetation": "near", "transformer": false, "attachments_estimate": 1, "photos_assessed": 6, "capture_sequences": 4, "photo_shown_date": "2019-07", "latest_available_photo_date": "2019-07", "source_photo_url": "https://www.mapillary.com/app/?pKey=820815395478865&focus=photo", "nearest_osm_pole_m": null}}, {"type": "Feature", "geometry": {"type": "Point", "coordinates": [-72.29576, 44.5783]}, "properties": {"id": "hard-00834", "is_utility_pole": true, "pole_type": "wood_utility", "model_flags": [], "model_watch": [], "lean": "none", "crossarm": "intact", "vegetation": "near", "transformer": false, "attachments_estimate": 1, "photos_assessed": 3, "capture_sequences": 3, "photo_shown_date": "2017-07", "latest_available_photo_date": "2017-07", "source_photo_url": "https://www.mapillary.com/app/?pKey=170632771661896&focus=photo", "nearest_osm_pole_m": null}}, {"type": "Feature", "geometry": {"type": "Point", "coordinates": [-72.295845, 44.5789027]}, "properties": {"id": "hard-00835", "is_utility_pole": true, "pole_type": "wood_utility", "model_flags": [], "model_watch": [], "lean": "none", "crossarm": "intact", "vegetation": "near", "transformer": false, "attachments_estimate": 1, "photos_assessed": 9, "capture_sequences": 5, "photo_shown_date": "2019-07", "latest_available_photo_date": "2019-07", "source_photo_url": "https://www.mapillary.com/app/?pKey=538324354208924&focus=photo", "nearest_osm_pole_m": null}}, {"type": "Feature", "geometry": {"type": "Point", "coordinates": [-72.295876, 44.5796375]}, "properties": {"id": "hard-00836", "is_utility_pole": true, "pole_type": "wood_utility", "model_flags": [], "model_watch": ["lean_slight"], "lean": "slight", "crossarm": "intact", "vegetation": "none", "transformer": false, "attachments_estimate": 1, "photos_assessed": 6, "capture_sequences": 4, "photo_shown_date": "2019-07", "latest_available_photo_date": "2019-07", "source_photo_url": "https://www.mapillary.com/app/?pKey=381331313283843&focus=photo", "nearest_osm_pole_m": null}}, {"type": "Feature", "geometry": {"type": "Point", "coordinates": [-72.37524, 44.52621]}, "properties": {"id": "hard-00837", "is_utility_pole": true, "pole_type": "wood_utility", "model_flags": [], "model_watch": [], "lean": "none", "crossarm": "none_visible", "vegetation": "near", "transformer": false, "attachments_estimate": 0, "photos_assessed": 2, "capture_sequences": 2, "photo_shown_date": "2018-06", "latest_available_photo_date": "2018-06", "source_photo_url": "https://www.mapillary.com/app/?pKey=213768147034865&focus=photo", "nearest_osm_pole_m": null}}, {"type": "Feature", "geometry": {"type": "Point", "coordinates": [-72.37541, 44.52574]}, "properties": {"id": "hard-00838", "is_utility_pole": true, "pole_type": "wood_utility", "model_flags": ["vegetation"], "model_watch": ["lean_slight"], "lean": "slight", "crossarm": "intact", "vegetation": "touching", "transformer": false, "attachments_estimate": 0, "photos_assessed": 3, "capture_sequences": 1, "photo_shown_date": "2016-07", "latest_available_photo_date": "2016-07", "source_photo_url": "https://www.mapillary.com/app/?pKey=194522152524164&focus=photo", "nearest_osm_pole_m": null}}, {"type": "Feature", "geometry": {"type": "Point", "coordinates": [-72.29573, 44.57848]}, "properties": {"id": "hard-00839", "is_utility_pole": true, "pole_type": "wood_utility", "model_flags": [], "model_watch": [], "lean": "none", "crossarm": "intact", "vegetation": "near", "transformer": false, "attachments_estimate": 1, "photos_assessed": 3, "capture_sequences": 3, "photo_shown_date": "2019-07", "latest_available_photo_date": "2019-07", "source_photo_url": "https://www.mapillary.com/app/?pKey=896894920874809&focus=photo", "nearest_osm_pole_m": null}}, {"type": "Feature", "geometry": {"type": "Point", "coordinates": [-72.296165, 44.580887]}, "properties": {"id": "hard-00840", "is_utility_pole": true, "pole_type": "wood_utility", "model_flags": [], "model_watch": ["lean_slight"], "lean": "slight", "crossarm": "intact", "vegetation": "near", "transformer": false, "attachments_estimate": 1, "photos_assessed": 3, "capture_sequences": 3, "photo_shown_date": "2019-07", "latest_available_photo_date": "2019-07", "source_photo_url": "https://www.mapillary.com/app/?pKey=139914254860198&focus=photo", "nearest_osm_pole_m": null}}, {"type": "Feature", "geometry": {"type": "Point", "coordinates": [-72.29524, 44.57891]}, "properties": {"id": "hard-00841", "is_utility_pole": true, "pole_type": "wood_utility", "model_flags": ["vegetation"], "model_watch": ["lean_slight"], "lean": "slight", "crossarm": "none_visible", "vegetation": "touching", "transformer": false, "attachments_estimate": 0, "photos_assessed": 1, "capture_sequences": 1, "photo_shown_date": "2013-09", "latest_available_photo_date": "2019-07", "source_photo_url": "https://www.mapillary.com/app/?pKey=151766703596875&focus=photo", "nearest_osm_pole_m": null}}, {"type": "Feature", "geometry": {"type": "Point", "coordinates": [-72.37539, 44.525814]}, "properties": {"id": "hard-00842", "is_utility_pole": false, "pole_type": "unclear", "model_flags": ["vegetation"], "model_watch": [], "lean": "unclear", "crossarm": "none_visible", "vegetation": "touching", "transformer": false, "attachments_estimate": 0, "photos_assessed": 2, "capture_sequences": 1, "photo_shown_date": "2016-07", "latest_available_photo_date": "2018-06", "source_photo_url": "https://www.mapillary.com/app/?pKey=194522152524164&focus=photo", "nearest_osm_pole_m": null}}, {"type": "Feature", "geometry": {"type": "Point", "coordinates": [-72.29588, 44.579163]}, "properties": {"id": "hard-00843", "is_utility_pole": true, "pole_type": "wood_utility", "model_flags": [], "model_watch": [], "lean": "none", "crossarm": "intact", "vegetation": "near", "transformer": true, "attachments_estimate": 0, "photos_assessed": 2, "capture_sequences": 1, "photo_shown_date": "2017-07", "latest_available_photo_date": "2019-07", "source_photo_url": "https://www.mapillary.com/app/?pKey=307124484210339&focus=photo", "nearest_osm_pole_m": null}}, {"type": "Feature", "geometry": {"type": "Point", "coordinates": [-72.32758, 44.501312]}, "properties": {"id": "hard-00844", "is_utility_pole": false, "pole_type": "unclear", "model_flags": [], "model_watch": [], "lean": "unclear", "crossarm": "none_visible", "vegetation": "unclear", "transformer": false, "attachments_estimate": 0, "photos_assessed": 3, "capture_sequences": 3, "photo_shown_date": "2016-06", "latest_available_photo_date": "2016-06", "source_photo_url": "https://www.mapillary.com/app/?pKey=293240812475997&focus=photo", "nearest_osm_pole_m": null}}, {"type": "Feature", "geometry": {"type": "Point", "coordinates": [-72.32378, 44.499844]}, "properties": {"id": "hard-00845", "is_utility_pole": true, "pole_type": "wood_utility", "model_flags": [], "model_watch": ["lean_slight"], "lean": "slight", "crossarm": "none_visible", "vegetation": "near", "transformer": false, "attachments_estimate": 1, "photos_assessed": 3, "capture_sequences": 3, "photo_shown_date": "2018-07", "latest_available_photo_date": "2018-07", "source_photo_url": "https://www.mapillary.com/app/?pKey=148631107285096&focus=photo", "nearest_osm_pole_m": null}}, {"type": "Feature", "geometry": {"type": "Point", "coordinates": [-72.323204, 44.498497]}, "properties": {"id": "hard-00846", "is_utility_pole": true, "pole_type": "wood_utility", "model_flags": [], "model_watch": ["lean_slight"], "lean": "slight", "crossarm": "intact", "vegetation": "near", "transformer": false, "attachments_estimate": 1, "photos_assessed": 3, "capture_sequences": 3, "photo_shown_date": "2018-07", "latest_available_photo_date": "2018-07", "source_photo_url": "https://www.mapillary.com/app/?pKey=1870122763146664&focus=photo", "nearest_osm_pole_m": null}}, {"type": "Feature", "geometry": {"type": "Point", "coordinates": [-72.32354, 44.49886]}, "properties": {"id": "hard-00847", "is_utility_pole": true, "pole_type": "wood_utility", "model_flags": [], "model_watch": ["lean_slight"], "lean": "slight", "crossarm": "intact", "vegetation": "near", "transformer": false, "attachments_estimate": 0, "photos_assessed": 3, "capture_sequences": 2, "photo_shown_date": "2014-07", "latest_available_photo_date": "2014-07", "source_photo_url": "https://www.mapillary.com/app/?pKey=316717526646745&focus=photo", "nearest_osm_pole_m": null}}, {"type": "Feature", "geometry": {"type": "Point", "coordinates": [-72.3243, 44.49971]}, "properties": {"id": "hard-00848", "is_utility_pole": true, "pole_type": "wood_utility", "model_flags": ["vegetation"], "model_watch": ["lean_slight"], "lean": "slight", "crossarm": "none_visible", "vegetation": "touching", "transformer": false, "attachments_estimate": 1, "photos_assessed": 3, "capture_sequences": 3, "photo_shown_date": "2018-07", "latest_available_photo_date": "2018-07", "source_photo_url": "https://www.mapillary.com/app/?pKey=146095517550288&focus=photo", "nearest_osm_pole_m": null}}, {"type": "Feature", "geometry": {"type": "Point", "coordinates": [-72.269844, 44.540344]}, "properties": {"id": "hard-00849", "is_utility_pole": true, "pole_type": "wood_utility", "model_flags": [], "model_watch": ["lean_slight"], "lean": "slight", "crossarm": "none_visible", "vegetation": "near", "transformer": false, "attachments_estimate": 1, "photos_assessed": 3, "capture_sequences": 3, "photo_shown_date": "2018-07", "latest_available_photo_date": "2018-07", "source_photo_url": "https://www.mapillary.com/app/?pKey=226295095619965&focus=photo", "nearest_osm_pole_m": null}}, {"type": "Feature", "geometry": {"type": "Point", "coordinates": [-72.322045, 44.5480725]}, "properties": {"id": "hard-00850", "is_utility_pole": true, "pole_type": "wood_utility", "model_flags": [], "model_watch": [], "lean": "none", "crossarm": "none_visible", "vegetation": "near", "transformer": false, "attachments_estimate": 0, "photos_assessed": 2, "capture_sequences": 1, "photo_shown_date": "2017-07", "latest_available_photo_date": "2017-07", "source_photo_url": "https://www.mapillary.com/app/?pKey=2981628198735709&focus=photo", "nearest_osm_pole_m": null}}, {"type": "Feature", "geometry": {"type": "Point", "coordinates": [-72.31937, 44.551456]}, "properties": {"id": "hard-00851", "is_utility_pole": true, "pole_type": "wood_utility", "model_flags": [], "model_watch": ["lean_slight"], "lean": "slight", "crossarm": "intact", "vegetation": "near", "transformer": false, "attachments_estimate": 0, "photos_assessed": 2, "capture_sequences": 1, "photo_shown_date": "2019-07", "latest_available_photo_date": "2019-07", "source_photo_url": "https://www.mapillary.com/app/?pKey=1107040999784307&focus=photo", "nearest_osm_pole_m": null}}, {"type": "Feature", "geometry": {"type": "Point", "coordinates": [-72.31919, 44.551697]}, "properties": {"id": "hard-00852", "is_utility_pole": true, "pole_type": "wood_utility", "model_flags": [], "model_watch": ["lean_slight"], "lean": "slight", "crossarm": "unclear", "vegetation": "near", "transformer": false, "attachments_estimate": 1, "photos_assessed": 2, "capture_sequences": 2, "photo_shown_date": "2017-07", "latest_available_photo_date": "2017-07", "source_photo_url": "https://www.mapillary.com/app/?pKey=279305010594876&focus=photo", "nearest_osm_pole_m": null}}, {"type": "Feature", "geometry": {"type": "Point", "coordinates": [-72.3190133, 44.5519087]}, "properties": {"id": "hard-00853", "is_utility_pole": true, "pole_type": "wood_utility", "model_flags": ["vegetation"], "model_watch": [], "lean": "none", "crossarm": "intact", "vegetation": "touching", "transformer": false, "attachments_estimate": 0, "photos_assessed": 9, "capture_sequences": 5, "photo_shown_date": "2019-07", "latest_available_photo_date": "2019-07", "source_photo_url": "https://www.mapillary.com/app/?pKey=760977747932499&focus=photo", "nearest_osm_pole_m": null}}, {"type": "Feature", "geometry": {"type": "Point", "coordinates": [-72.32, 44.550632]}, "properties": {"id": "hard-00854", "is_utility_pole": true, "pole_type": "wood_utility", "model_flags": ["vegetation"], "model_watch": ["lean_slight"], "lean": "slight", "crossarm": "none_visible", "vegetation": "touching", "transformer": false, "attachments_estimate": 0, "photos_assessed": 3, "capture_sequences": 2, "photo_shown_date": "2019-07", "latest_available_photo_date": "2019-07", "source_photo_url": "https://www.mapillary.com/app/?pKey=525734238784407&focus=photo", "nearest_osm_pole_m": null}}, {"type": "Feature", "geometry": {"type": "Point", "coordinates": [-72.31949, 44.551266]}, "properties": {"id": "hard-00855", "is_utility_pole": true, "pole_type": "wood_utility", "model_flags": ["vegetation"], "model_watch": [], "lean": "none", "crossarm": "intact", "vegetation": "touching", "transformer": false, "attachments_estimate": 1, "photos_assessed": 3, "capture_sequences": 3, "photo_shown_date": "2019-07", "latest_available_photo_date": "2019-07", "source_photo_url": "https://www.mapillary.com/app/?pKey=523909418634132&focus=photo", "nearest_osm_pole_m": null}}, {"type": "Feature", "geometry": {"type": "Point", "coordinates": [-72.3215626, 44.5486139]}, "properties": {"id": "hard-00856", "is_utility_pole": true, "pole_type": "wood_utility", "model_flags": [], "model_watch": ["lean_slight"], "lean": "slight", "crossarm": "none_visible", "vegetation": "near", "transformer": false, "attachments_estimate": 0, "photos_assessed": 10, "capture_sequences": 5, "photo_shown_date": "2019-07", "latest_available_photo_date": "2019-07", "source_photo_url": "https://www.mapillary.com/app/?pKey=482912859644411&focus=photo", "nearest_osm_pole_m": null}}, {"type": "Feature", "geometry": {"type": "Point", "coordinates": [-72.3187, 44.5523395]}, "properties": {"id": "hard-00857", "is_utility_pole": true, "pole_type": "wood_utility", "model_flags": [], "model_watch": [], "lean": "none", "crossarm": "none_visible", "vegetation": "near", "transformer": false, "attachments_estimate": 1, "photos_assessed": 6, "capture_sequences": 3, "photo_shown_date": "2019-07", "latest_available_photo_date": "2019-07", "source_photo_url": "https://www.mapillary.com/app/?pKey=866937577191590&focus=photo", "nearest_osm_pole_m": null}}, {"type": "Feature", "geometry": {"type": "Point", "coordinates": [-72.31881, 44.552227]}, "properties": {"id": "hard-00858", "is_utility_pole": false, "pole_type": "unclear", "model_flags": [], "model_watch": [], "lean": "unclear", "crossarm": "none_visible", "vegetation": "unclear", "transformer": false, "attachments_estimate": 0, "photos_assessed": 2, "capture_sequences": 1, "photo_shown_date": "2013-09", "latest_available_photo_date": "2017-07", "source_photo_url": "https://www.mapillary.com/app/?pKey=1542470612751978&focus=photo", "nearest_osm_pole_m": null}}, {"type": "Feature", "geometry": {"type": "Point", "coordinates": [-72.368815, 44.558674]}, "properties": {"id": "hard-00859", "is_utility_pole": true, "pole_type": "wood_utility", "model_flags": [], "model_watch": ["lean_slight"], "lean": "slight", "crossarm": "intact", "vegetation": "near", "transformer": false, "attachments_estimate": 0, "photos_assessed": 3, "capture_sequences": 2, "photo_shown_date": "2014-06", "latest_available_photo_date": "2018-06", "source_photo_url": "https://www.mapillary.com/app/?pKey=1365096953846976&focus=photo", "nearest_osm_pole_m": null}}, {"type": "Feature", "geometry": {"type": "Point", "coordinates": [-72.36811, 44.56074]}, "properties": {"id": "hard-00860", "is_utility_pole": true, "pole_type": "wood_utility", "model_flags": [], "model_watch": [], "lean": "none", "crossarm": "intact", "vegetation": "near", "transformer": false, "attachments_estimate": 0, "photos_assessed": 3, "capture_sequences": 3, "photo_shown_date": "2018-07", "latest_available_photo_date": "2018-07", "source_photo_url": "https://www.mapillary.com/app/?pKey=524413745238135&focus=photo", "nearest_osm_pole_m": null}}, {"type": "Feature", "geometry": {"type": "Point", "coordinates": [-72.368515, 44.559723]}, "properties": {"id": "hard-00861", "is_utility_pole": true, "pole_type": "wood_utility", "model_flags": [], "model_watch": ["lean_slight"], "lean": "slight", "crossarm": "intact", "vegetation": "near", "transformer": false, "attachments_estimate": 0, "photos_assessed": 3, "capture_sequences": 3, "photo_shown_date": "2018-07", "latest_available_photo_date": "2018-07", "source_photo_url": "https://www.mapillary.com/app/?pKey=781941086023174&focus=photo", "nearest_osm_pole_m": null}}, {"type": "Feature", "geometry": {"type": "Point", "coordinates": [-72.36888, 44.557377]}, "properties": {"id": "hard-00862", "is_utility_pole": true, "pole_type": "wood_utility", "model_flags": [], "model_watch": ["lean_slight"], "lean": "slight", "crossarm": "intact", "vegetation": "near", "transformer": false, "attachments_estimate": 0, "photos_assessed": 1, "capture_sequences": 1, "photo_shown_date": "2018-06", "latest_available_photo_date": "2018-06", "source_photo_url": "https://www.mapillary.com/app/?pKey=518121876215763&focus=photo", "nearest_osm_pole_m": null}}, {"type": "Feature", "geometry": {"type": "Point", "coordinates": [-72.36895, 44.557476]}, "properties": {"id": "hard-00863", "is_utility_pole": true, "pole_type": "wood_utility", "model_flags": [], "model_watch": ["lean_slight"], "lean": "slight", "crossarm": "intact", "vegetation": "near", "transformer": false, "attachments_estimate": 0, "photos_assessed": 3, "capture_sequences": 3, "photo_shown_date": "2018-06", "latest_available_photo_date": "2018-06", "source_photo_url": "https://www.mapillary.com/app/?pKey=182973097061518&focus=photo", "nearest_osm_pole_m": null}}, {"type": "Feature", "geometry": {"type": "Point", "coordinates": [-72.368904, 44.5582]}, "properties": {"id": "hard-00864", "is_utility_pole": true, "pole_type": "wood_utility", "model_flags": [], "model_watch": ["lean_slight"], "lean": "slight", "crossarm": "intact", "vegetation": "near", "transformer": false, "attachments_estimate": 0, "photos_assessed": 3, "capture_sequences": 3, "photo_shown_date": "2018-06", "latest_available_photo_date": "2018-06", "source_photo_url": "https://www.mapillary.com/app/?pKey=480579429881856&focus=photo", "nearest_osm_pole_m": null}}, {"type": "Feature", "geometry": {"type": "Point", "coordinates": [-72.368805, 44.55952]}, "properties": {"id": "hard-00865", "is_utility_pole": true, "pole_type": "wood_utility", "model_flags": ["vegetation"], "model_watch": ["lean_slight"], "lean": "slight", "crossarm": "none_visible", "vegetation": "touching", "transformer": false, "attachments_estimate": 0, "photos_assessed": 3, "capture_sequences": 2, "photo_shown_date": "2016-07", "latest_available_photo_date": "2016-07", "source_photo_url": "https://www.mapillary.com/app/?pKey=310443163954568&focus=photo", "nearest_osm_pole_m": null}}, {"type": "Feature", "geometry": {"type": "Point", "coordinates": [-72.369003, 44.5566965]}, "properties": {"id": "hard-00866", "is_utility_pole": true, "pole_type": "wood_utility", "model_flags": [], "model_watch": ["lean_slight"], "lean": "slight", "crossarm": "none_visible", "vegetation": "near", "transformer": false, "attachments_estimate": 1, "photos_assessed": 6, "capture_sequences": 4, "photo_shown_date": "2018-07", "latest_available_photo_date": "2018-07", "source_photo_url": "https://www.mapillary.com/app/?pKey=383210676384727&focus=photo", "nearest_osm_pole_m": null}}, {"type": "Feature", "geometry": {"type": "Point", "coordinates": [-72.36886, 44.558838]}, "properties": {"id": "hard-00867", "is_utility_pole": true, "pole_type": "wood_utility", "model_flags": [], "model_watch": ["lean_slight"], "lean": "slight", "crossarm": "intact", "vegetation": "near", "transformer": false, "attachments_estimate": 0, "photos_assessed": 3, "capture_sequences": 3, "photo_shown_date": "2018-07", "latest_available_photo_date": "2018-07", "source_photo_url": "https://www.mapillary.com/app/?pKey=341258101043983&focus=photo", "nearest_osm_pole_m": null}}, {"type": "Feature", "geometry": {"type": "Point", "coordinates": [-72.36886, 44.558422]}, "properties": {"id": "hard-00868", "is_utility_pole": true, "pole_type": "wood_utility", "model_flags": ["vegetation"], "model_watch": ["lean_slight"], "lean": "slight", "crossarm": "none_visible", "vegetation": "touching", "transformer": false, "attachments_estimate": 0, "photos_assessed": 2, "capture_sequences": 2, "photo_shown_date": "2016-07", "latest_available_photo_date": "2018-07", "source_photo_url": "https://www.mapillary.com/app/?pKey=1206461669819146&focus=photo", "nearest_osm_pole_m": null}}, {"type": "Feature", "geometry": {"type": "Point", "coordinates": [-72.37655, 44.520046]}, "properties": {"id": "hard-00869", "is_utility_pole": true, "pole_type": "wood_utility", "model_flags": [], "model_watch": ["lean_slight"], "lean": "slight", "crossarm": "intact", "vegetation": "near", "transformer": false, "attachments_estimate": 1, "photos_assessed": 1, "capture_sequences": 1, "photo_shown_date": "2014-06", "latest_available_photo_date": "2016-07", "source_photo_url": "https://www.mapillary.com/app/?pKey=541874676816142&focus=photo", "nearest_osm_pole_m": null}}, {"type": "Feature", "geometry": {"type": "Point", "coordinates": [-72.37806, 44.518406]}, "properties": {"id": "hard-00870", "is_utility_pole": true, "pole_type": "wood_utility", "model_flags": [], "model_watch": ["lean_slight"], "lean": "slight", "crossarm": "none_visible", "vegetation": "near", "transformer": false, "attachments_estimate": 0, "photos_assessed": 1, "capture_sequences": 1, "photo_shown_date": "2016-07", "latest_available_photo_date": "2018-07", "source_photo_url": "https://www.mapillary.com/app/?pKey=901342480422372&focus=photo", "nearest_osm_pole_m": null}}, {"type": "Feature", "geometry": {"type": "Point", "coordinates": [-72.32378, 44.499527]}, "properties": {"id": "hard-00871", "is_utility_pole": true, "pole_type": "wood_utility", "model_flags": [], "model_watch": [], "lean": "none", "crossarm": "none_visible", "vegetation": "near", "transformer": false, "attachments_estimate": 0, "photos_assessed": 3, "capture_sequences": 3, "photo_shown_date": "2016-06", "latest_available_photo_date": "2016-06", "source_photo_url": "https://www.mapillary.com/app/?pKey=491661985417174&focus=photo", "nearest_osm_pole_m": null}}, {"type": "Feature", "geometry": {"type": "Point", "coordinates": [-72.37398, 44.530834]}, "properties": {"id": "hard-00872", "is_utility_pole": true, "pole_type": "wood_utility", "model_flags": [], "model_watch": [], "lean": "unclear", "crossarm": "none_visible", "vegetation": "unclear", "transformer": false, "attachments_estimate": 0, "photos_assessed": 2, "capture_sequences": 2, "photo_shown_date": "2018-06", "latest_available_photo_date": "2018-06", "source_photo_url": "https://www.mapillary.com/app/?pKey=194857675839475&focus=photo", "nearest_osm_pole_m": null}}, {"type": "Feature", "geometry": {"type": "Point", "coordinates": [-72.368795, 44.556715]}, "properties": {"id": "hard-00873", "is_utility_pole": true, "pole_type": "wood_utility", "model_flags": ["vegetation"], "model_watch": ["lean_slight"], "lean": "slight", "crossarm": "none_visible", "vegetation": "touching", "transformer": false, "attachments_estimate": 0, "photos_assessed": 6, "capture_sequences": 4, "photo_shown_date": "2018-06", "latest_available_photo_date": "2018-07", "source_photo_url": "https://www.mapillary.com/app/?pKey=142052221249322&focus=photo", "nearest_osm_pole_m": null}}, {"type": "Feature", "geometry": {"type": "Point", "coordinates": [-72.31424, 44.55823]}, "properties": {"id": "hard-00874", "is_utility_pole": true, "pole_type": "wood_utility", "model_flags": [], "model_watch": [], "lean": "none", "crossarm": "none_visible", "vegetation": "near", "transformer": false, "attachments_estimate": 0, "photos_assessed": 3, "capture_sequences": 1, "photo_shown_date": "2019-07", "latest_available_photo_date": "2019-07", "source_photo_url": "https://www.mapillary.com/app/?pKey=3939659919481613&focus=photo", "nearest_osm_pole_m": null}}, {"type": "Feature", "geometry": {"type": "Point", "coordinates": [-72.31425, 44.558323]}, "properties": {"id": "hard-00875", "is_utility_pole": true, "pole_type": "wood_utility", "model_flags": ["lean"], "model_watch": [], "lean": "moderate", "crossarm": "none_visible", "vegetation": "none", "transformer": false, "attachments_estimate": 0, "photos_assessed": 3, "capture_sequences": 3, "photo_shown_date": "2017-07", "latest_available_photo_date": "2017-07", "source_photo_url": "https://www.mapillary.com/app/?pKey=759587828057058&focus=photo", "nearest_osm_pole_m": null}}, {"type": "Feature", "geometry": {"type": "Point", "coordinates": [-72.3131225, 44.559809]}, "properties": {"id": "hard-00876", "is_utility_pole": true, "pole_type": "wood_utility", "model_flags": [], "model_watch": [], "lean": "none", "crossarm": "none_visible", "vegetation": "near", "transformer": false, "attachments_estimate": 1, "photos_assessed": 4, "capture_sequences": 2, "photo_shown_date": "2015-07", "latest_available_photo_date": "2015-07", "source_photo_url": "https://www.mapillary.com/app/?pKey=177160204324432&focus=photo", "nearest_osm_pole_m": null}}, {"type": "Feature", "geometry": {"type": "Point", "coordinates": [-72.371476, 44.5021178]}, "properties": {"id": "hard-00877", "is_utility_pole": true, "pole_type": "wood_utility", "model_flags": [], "model_watch": ["lean_slight"], "lean": "slight", "crossarm": "intact", "vegetation": "near", "transformer": false, "attachments_estimate": 2, "photos_assessed": 5, "capture_sequences": 3, "photo_shown_date": "2016-07", "latest_available_photo_date": "2016-07", "source_photo_url": "https://www.mapillary.com/app/?pKey=4172254962833498&focus=photo", "nearest_osm_pole_m": null}}, {"type": "Feature", "geometry": {"type": "Point", "coordinates": [-72.37165, 44.502003]}, "properties": {"id": "hard-00878", "is_utility_pole": true, "pole_type": "wood_utility", "model_flags": [], "model_watch": ["lean_slight"], "lean": "slight", "crossarm": "none_visible", "vegetation": "near", "transformer": false, "attachments_estimate": 1, "photos_assessed": 3, "capture_sequences": 2, "photo_shown_date": "2016-07", "latest_available_photo_date": "2016-07", "source_photo_url": "https://www.mapillary.com/app/?pKey=1005826363491107&focus=photo", "nearest_osm_pole_m": null}}, {"type": "Feature", "geometry": {"type": "Point", "coordinates": [-72.37126, 44.50242]}, "properties": {"id": "hard-00879", "is_utility_pole": true, "pole_type": "wood_utility", "model_flags": ["vegetation"], "model_watch": [], "lean": "none", "crossarm": "none_visible", "vegetation": "touching", "transformer": false, "attachments_estimate": 1, "photos_assessed": 3, "capture_sequences": 3, "photo_shown_date": "2018-06", "latest_available_photo_date": "2018-06", "source_photo_url": "https://www.mapillary.com/app/?pKey=161295065965299&focus=photo", "nearest_osm_pole_m": null}}, {"type": "Feature", "geometry": {"type": "Point", "coordinates": [-72.37188, 44.501747]}, "properties": {"id": "hard-00880", "is_utility_pole": true, "pole_type": "wood_utility", "model_flags": [], "model_watch": ["lean_slight"], "lean": "slight", "crossarm": "intact", "vegetation": "near", "transformer": false, "attachments_estimate": 2, "photos_assessed": 3, "capture_sequences": 2, "photo_shown_date": "2018-07", "latest_available_photo_date": "2018-07", "source_photo_url": "https://www.mapillary.com/app/?pKey=1367479096970330&focus=photo", "nearest_osm_pole_m": null}}, {"type": "Feature", "geometry": {"type": "Point", "coordinates": [-72.370895, 44.50247]}, "properties": {"id": "hard-00881", "is_utility_pole": true, "pole_type": "wood_utility", "model_flags": [], "model_watch": ["lean_slight"], "lean": "slight", "crossarm": "none_visible", "vegetation": "near", "transformer": false, "attachments_estimate": 2, "photos_assessed": 3, "capture_sequences": 2, "photo_shown_date": "2016-07", "latest_available_photo_date": "2016-07", "source_photo_url": "https://www.mapillary.com/app/?pKey=511377800050630&focus=photo", "nearest_osm_pole_m": null}}, {"type": "Feature", "geometry": {"type": "Point", "coordinates": [-72.370346, 44.5029]}, "properties": {"id": "hard-00882", "is_utility_pole": false, "pole_type": "other", "model_flags": [], "model_watch": [], "lean": "unclear", "crossarm": "none_visible", "vegetation": "none", "transformer": false, "attachments_estimate": 0, "photos_assessed": 3, "capture_sequences": 2, "photo_shown_date": "2016-07", "latest_available_photo_date": "2016-07", "source_photo_url": "https://www.mapillary.com/app/?pKey=182572297097326&focus=photo", "nearest_osm_pole_m": null}}, {"type": "Feature", "geometry": {"type": "Point", "coordinates": [-72.3720575, 44.5009365]}, "properties": {"id": "hard-00883", "is_utility_pole": true, "pole_type": "wood_utility", "model_flags": [], "model_watch": ["lean_slight"], "lean": "slight", "crossarm": "intact", "vegetation": "near", "transformer": false, "attachments_estimate": 1, "photos_assessed": 6, "capture_sequences": 3, "photo_shown_date": "2018-07", "latest_available_photo_date": "2018-07", "source_photo_url": "https://www.mapillary.com/app/?pKey=1103182876871336&focus=photo", "nearest_osm_pole_m": null}}, {"type": "Feature", "geometry": {"type": "Point", "coordinates": [-72.37201, 44.50053]}, "properties": {"id": "hard-00884", "is_utility_pole": true, "pole_type": "wood_utility", "model_flags": ["vegetation"], "model_watch": ["lean_slight"], "lean": "slight", "crossarm": "intact", "vegetation": "touching", "transformer": false, "attachments_estimate": 1, "photos_assessed": 3, "capture_sequences": 2, "photo_shown_date": "2016-07", "latest_available_photo_date": "2016-07", "source_photo_url": "https://www.mapillary.com/app/?pKey=236910558205141&focus=photo", "nearest_osm_pole_m": null}}, {"type": "Feature", "geometry": {"type": "Point", "coordinates": [-72.371985, 44.5004178]}, "properties": {"id": "hard-00885", "is_utility_pole": true, "pole_type": "wood_utility", "model_flags": [], "model_watch": [], "lean": "none", "crossarm": "none_visible", "vegetation": "near", "transformer": false, "attachments_estimate": 2, "photos_assessed": 4, "capture_sequences": 3, "photo_shown_date": "2018-06", "latest_available_photo_date": "2018-06", "source_photo_url": "https://www.mapillary.com/app/?pKey=3667758463330402&focus=photo", "nearest_osm_pole_m": null}}, {"type": "Feature", "geometry": {"type": "Point", "coordinates": [-72.370766, 44.502544]}, "properties": {"id": "hard-00886", "is_utility_pole": true, "pole_type": "wood_utility", "model_flags": [], "model_watch": ["lean_slight"], "lean": "slight", "crossarm": "intact", "vegetation": "near", "transformer": false, "attachments_estimate": 2, "photos_assessed": 3, "capture_sequences": 3, "photo_shown_date": "2018-07", "latest_available_photo_date": "2018-07", "source_photo_url": "https://www.mapillary.com/app/?pKey=959633174877366&focus=photo", "nearest_osm_pole_m": null}}, {"type": "Feature", "geometry": {"type": "Point", "coordinates": [-72.37016, 44.503017]}, "properties": {"id": "hard-00887", "is_utility_pole": false, "pole_type": "other", "model_flags": [], "model_watch": [], "lean": "unclear", "crossarm": "none_visible", "vegetation": "none", "transformer": false, "attachments_estimate": 0, "photos_assessed": 3, "capture_sequences": 2, "photo_shown_date": "2014-07", "latest_available_photo_date": "2018-07", "source_photo_url": "https://www.mapillary.com/app/?pKey=968715457206064&focus=photo", "nearest_osm_pole_m": null}}, {"type": "Feature", "geometry": {"type": "Point", "coordinates": [-72.37052, 44.502644]}, "properties": {"id": "hard-00888", "is_utility_pole": true, "pole_type": "wood_utility", "model_flags": ["vegetation"], "model_watch": [], "lean": "none", "crossarm": "none_visible", "vegetation": "touching", "transformer": false, "attachments_estimate": 0, "photos_assessed": 3, "capture_sequences": 2, "photo_shown_date": "2018-07", "latest_available_photo_date": "2018-07", "source_photo_url": "https://www.mapillary.com/app/?pKey=492145958655615&focus=photo", "nearest_osm_pole_m": null}}, {"type": "Feature", "geometry": {"type": "Point", "coordinates": [-72.37203, 44.500675]}, "properties": {"id": "hard-00889", "is_utility_pole": true, "pole_type": "wood_utility", "model_flags": ["vegetation"], "model_watch": [], "lean": "none", "crossarm": "none_visible", "vegetation": "touching", "transformer": false, "attachments_estimate": 2, "photos_assessed": 3, "capture_sequences": 2, "photo_shown_date": "2016-07", "latest_available_photo_date": "2016-07", "source_photo_url": "https://www.mapillary.com/app/?pKey=1120106138512726&focus=photo", "nearest_osm_pole_m": null}}, {"type": "Feature", "geometry": {"type": "Point", "coordinates": [-72.37159, 44.499416]}, "properties": {"id": "hard-00890", "is_utility_pole": true, "pole_type": "wood_utility", "model_flags": ["vegetation"], "model_watch": ["lean_slight"], "lean": "slight", "crossarm": "intact", "vegetation": "touching", "transformer": false, "attachments_estimate": 2, "photos_assessed": 3, "capture_sequences": 3, "photo_shown_date": "2018-07", "latest_available_photo_date": "2018-07", "source_photo_url": "https://www.mapillary.com/app/?pKey=923845235077682&focus=photo", "nearest_osm_pole_m": null}}, {"type": "Feature", "geometry": {"type": "Point", "coordinates": [-72.37111, 44.50236]}, "properties": {"id": "hard-00891", "is_utility_pole": true, "pole_type": "wood_utility", "model_flags": [], "model_watch": ["lean_slight"], "lean": "slight", "crossarm": "intact", "vegetation": "near", "transformer": false, "attachments_estimate": 2, "photos_assessed": 3, "capture_sequences": 3, "photo_shown_date": "2016-07", "latest_available_photo_date": "2016-07", "source_photo_url": "https://www.mapillary.com/app/?pKey=1141826426283252&focus=photo", "nearest_osm_pole_m": null}}, {"type": "Feature", "geometry": {"type": "Point", "coordinates": [-72.36909, 44.503355]}, "properties": {"id": "hard-00892", "is_utility_pole": true, "pole_type": "wood_utility", "model_flags": [], "model_watch": [], "lean": "none", "crossarm": "none_visible", "vegetation": "near", "transformer": false, "attachments_estimate": 1, "photos_assessed": 6, "capture_sequences": 4, "photo_shown_date": "2018-07", "latest_available_photo_date": "2018-07", "source_photo_url": "https://www.mapillary.com/app/?pKey=489763152077493&focus=photo", "nearest_osm_pole_m": null}}, {"type": "Feature", "geometry": {"type": "Point", "coordinates": [-72.26654, 44.550793]}, "properties": {"id": "hard-00893", "is_utility_pole": true, "pole_type": "wood_utility", "model_flags": ["vegetation"], "model_watch": ["lean_slight"], "lean": "slight", "crossarm": "none_visible", "vegetation": "touching", "transformer": false, "attachments_estimate": 1, "photos_assessed": 3, "capture_sequences": 3, "photo_shown_date": "2019-07", "latest_available_photo_date": "2019-07", "source_photo_url": "https://www.mapillary.com/app/?pKey=151346530244266&focus=photo", "nearest_osm_pole_m": null}}, {"type": "Feature", "geometry": {"type": "Point", "coordinates": [-72.27041, 44.551014]}, "properties": {"id": "hard-00894", "is_utility_pole": true, "pole_type": "wood_utility", "model_flags": [], "model_watch": [], "lean": "none", "crossarm": "none_visible", "vegetation": "near", "transformer": false, "attachments_estimate": 0, "photos_assessed": 3, "capture_sequences": 3, "photo_shown_date": "2017-07", "latest_available_photo_date": "2017-07", "source_photo_url": "https://www.mapillary.com/app/?pKey=1118827861959666&focus=photo", "nearest_osm_pole_m": null}}, {"type": "Feature", "geometry": {"type": "Point", "coordinates": [-72.27027, 44.55087]}, "properties": {"id": "hard-00895", "is_utility_pole": true, "pole_type": "wood_utility", "model_flags": [], "model_watch": [], "lean": "none", "crossarm": "none_visible", "vegetation": "near", "transformer": false, "attachments_estimate": 0, "photos_assessed": 3, "capture_sequences": 3, "photo_shown_date": "2019-07", "latest_available_photo_date": "2019-07", "source_photo_url": "https://www.mapillary.com/app/?pKey=311773090498836&focus=photo", "nearest_osm_pole_m": null}}, {"type": "Feature", "geometry": {"type": "Point", "coordinates": [-72.26738, 44.551025]}, "properties": {"id": "hard-00896", "is_utility_pole": true, "pole_type": "wood_utility", "model_flags": [], "model_watch": ["lean_slight"], "lean": "slight", "crossarm": "none_visible", "vegetation": "near", "transformer": false, "attachments_estimate": 1, "photos_assessed": 3, "capture_sequences": 3, "photo_shown_date": "2019-07", "latest_available_photo_date": "2019-07", "source_photo_url": "https://www.mapillary.com/app/?pKey=157690502985791&focus=photo", "nearest_osm_pole_m": null}}, {"type": "Feature", "geometry": {"type": "Point", "coordinates": [-72.26985, 44.55042]}, "properties": {"id": "hard-00897", "is_utility_pole": true, "pole_type": "wood_utility", "model_flags": ["vegetation"], "model_watch": ["lean_slight"], "lean": "slight", "crossarm": "none_visible", "vegetation": "touching", "transformer": false, "attachments_estimate": 1, "photos_assessed": 3, "capture_sequences": 3, "photo_shown_date": "2017-07", "latest_available_photo_date": "2017-07", "source_photo_url": "https://www.mapillary.com/app/?pKey=223136912649407&focus=photo", "nearest_osm_pole_m": null}}, {"type": "Feature", "geometry": {"type": "Point", "coordinates": [-72.26821, 44.550976]}, "properties": {"id": "hard-00898", "is_utility_pole": true, "pole_type": "wood_utility", "model_flags": [], "model_watch": ["lean_slight"], "lean": "slight", "crossarm": "none_visible", "vegetation": "near", "transformer": false, "attachments_estimate": 2, "photos_assessed": 3, "capture_sequences": 3, "photo_shown_date": "2019-07", "latest_available_photo_date": "2019-07", "source_photo_url": "https://www.mapillary.com/app/?pKey=481298956540514&focus=photo", "nearest_osm_pole_m": null}}, {"type": "Feature", "geometry": {"type": "Point", "coordinates": [-72.2671, 44.55095]}, "properties": {"id": "hard-00899", "is_utility_pole": false, "pole_type": "unclear", "model_flags": [], "model_watch": [], "lean": "unclear", "crossarm": "none_visible", "vegetation": "unclear", "transformer": false, "attachments_estimate": 0, "photos_assessed": 1, "capture_sequences": 1, "photo_shown_date": "2013-09", "latest_available_photo_date": "2019-07", "source_photo_url": "https://www.mapillary.com/app/?pKey=1242269379562596&focus=photo", "nearest_osm_pole_m": null}}, {"type": "Feature", "geometry": {"type": "Point", "coordinates": [-72.26684, 44.550957]}, "properties": {"id": "hard-00900", "is_utility_pole": true, "pole_type": "wood_utility", "model_flags": ["vegetation"], "model_watch": [], "lean": "unclear", "crossarm": "none_visible", "vegetation": "touching", "transformer": false, "attachments_estimate": 0, "photos_assessed": 3, "capture_sequences": 2, "photo_shown_date": "2017-07", "latest_available_photo_date": "2017-07", "source_photo_url": "https://www.mapillary.com/app/?pKey=145368197524505&focus=photo", "nearest_osm_pole_m": null}}, {"type": "Feature", "geometry": {"type": "Point", "coordinates": [-72.26839, 44.55089]}, "properties": {"id": "hard-00901", "is_utility_pole": true, "pole_type": "wood_utility", "model_flags": [], "model_watch": ["lean_slight"], "lean": "slight", "crossarm": "none_visible", "vegetation": "near", "transformer": false, "attachments_estimate": 1, "photos_assessed": 2, "capture_sequences": 2, "photo_shown_date": "2017-07", "latest_available_photo_date": "2017-07", "source_photo_url": "https://www.mapillary.com/app/?pKey=681338755998566&focus=photo", "nearest_osm_pole_m": null}}, {"type": "Feature", "geometry": {"type": "Point", "coordinates": [-72.26908, 44.55054]}, "properties": {"id": "hard-00902", "is_utility_pole": true, "pole_type": "wood_utility", "model_flags": [], "model_watch": ["lean_slight"], "lean": "slight", "crossarm": "none_visible", "vegetation": "near", "transformer": false, "attachments_estimate": 1, "photos_assessed": 3, "capture_sequences": 3, "photo_shown_date": "2017-07", "latest_available_photo_date": "2017-07", "source_photo_url": "https://www.mapillary.com/app/?pKey=538084747325338&focus=photo", "nearest_osm_pole_m": null}}, {"type": "Feature", "geometry": {"type": "Point", "coordinates": [-72.300674, 44.477894]}, "properties": {"id": "hard-00903", "is_utility_pole": true, "pole_type": "wood_utility", "model_flags": [], "model_watch": [], "lean": "none", "crossarm": "none_visible", "vegetation": "near", "transformer": false, "attachments_estimate": 0, "photos_assessed": 2, "capture_sequences": 1, "photo_shown_date": "2016-06", "latest_available_photo_date": "2016-06", "source_photo_url": "https://www.mapillary.com/app/?pKey=818864272348891&focus=photo", "nearest_osm_pole_m": null}}, {"type": "Feature", "geometry": {"type": "Point", "coordinates": [-72.26891, 44.550583]}, "properties": {"id": "hard-00904", "is_utility_pole": true, "pole_type": "wood_utility", "model_flags": ["vegetation"], "model_watch": ["lean_slight"], "lean": "slight", "crossarm": "none_visible", "vegetation": "touching", "transformer": false, "attachments_estimate": 0, "photos_assessed": 3, "capture_sequences": 3, "photo_shown_date": "2017-07", "latest_available_photo_date": "2017-07", "source_photo_url": "https://www.mapillary.com/app/?pKey=887705735188930&focus=photo", "nearest_osm_pole_m": null}}, {"type": "Feature", "geometry": {"type": "Point", "coordinates": [-72.3498425, 44.507395]}, "properties": {"id": "hard-00905", "is_utility_pole": true, "pole_type": "wood_utility", "model_flags": [], "model_watch": [], "lean": "none", "crossarm": "intact", "vegetation": "none", "transformer": false, "attachments_estimate": 0, "photos_assessed": 6, "capture_sequences": 4, "photo_shown_date": "2019-07", "latest_available_photo_date": "2019-07", "source_photo_url": "https://www.mapillary.com/app/?pKey=1934120530068635&focus=photo", "nearest_osm_pole_m": null}}, {"type": "Feature", "geometry": {"type": "Point", "coordinates": [-72.327675, 44.540592]}, "properties": {"id": "hard-00906", "is_utility_pole": true, "pole_type": "wood_utility", "model_flags": [], "model_watch": [], "lean": "none", "crossarm": "intact", "vegetation": "none", "transformer": false, "attachments_estimate": 0, "photos_assessed": 3, "capture_sequences": 1, "photo_shown_date": "2019-07", "latest_available_photo_date": "2019-07", "source_photo_url": "https://www.mapillary.com/app/?pKey=179464484084543&focus=photo", "nearest_osm_pole_m": null}}, {"type": "Feature", "geometry": {"type": "Point", "coordinates": [-72.37953, 44.488895]}, "properties": {"id": "hard-00907", "is_utility_pole": true, "pole_type": "wood_utility", "model_flags": [], "model_watch": ["lean_slight"], "lean": "slight", "crossarm": "intact", "vegetation": "near", "transformer": false, "attachments_estimate": 0, "photos_assessed": 1, "capture_sequences": 1, "photo_shown_date": "2016-07", "latest_available_photo_date": "2018-07", "source_photo_url": "https://www.mapillary.com/app/?pKey=888406471709906&focus=photo", "nearest_osm_pole_m": null}}, {"type": "Feature", "geometry": {"type": "Point", "coordinates": [-72.38073, 44.48647]}, "properties": {"id": "hard-00908", "is_utility_pole": true, "pole_type": "wood_utility", "model_flags": [], "model_watch": ["lean_slight"], "lean": "slight", "crossarm": "none_visible", "vegetation": "near", "transformer": false, "attachments_estimate": 0, "photos_assessed": 3, "capture_sequences": 2, "photo_shown_date": "2018-07", "latest_available_photo_date": "2018-07", "source_photo_url": "https://www.mapillary.com/app/?pKey=407536266895949&focus=photo", "nearest_osm_pole_m": null}}, {"type": "Feature", "geometry": {"type": "Point", "coordinates": [-72.3797, 44.488586]}, "properties": {"id": "hard-00909", "is_utility_pole": true, "pole_type": "wood_utility", "model_flags": [], "model_watch": [], "lean": "none", "crossarm": "intact", "vegetation": "near", "transformer": false, "attachments_estimate": 0, "photos_assessed": 2, "capture_sequences": 1, "photo_shown_date": "2016-07", "latest_available_photo_date": "2016-07", "source_photo_url": "https://www.mapillary.com/app/?pKey=1383782555325756&focus=photo", "nearest_osm_pole_m": null}}, {"type": "Feature", "geometry": {"type": "Point", "coordinates": [-72.37481, 44.523125]}, "properties": {"id": "hard-00910", "is_utility_pole": true, "pole_type": "wood_utility", "model_flags": ["vegetation"], "model_watch": [], "lean": "none", "crossarm": "none_visible", "vegetation": "touching", "transformer": false, "attachments_estimate": 1, "photos_assessed": 1, "capture_sequences": 1, "photo_shown_date": "2016-07", "latest_available_photo_date": "2018-07", "source_photo_url": "https://www.mapillary.com/app/?pKey=194383229205561&focus=photo", "nearest_osm_pole_m": null}}, {"type": "Feature", "geometry": {"type": "Point", "coordinates": [-72.37556, 44.525387]}, "properties": {"id": "hard-00911", "is_utility_pole": true, "pole_type": "wood_utility", "model_flags": ["vegetation"], "model_watch": [], "lean": "none", "crossarm": "intact", "vegetation": "touching", "transformer": false, "attachments_estimate": 0, "photos_assessed": 3, "capture_sequences": 2, "photo_shown_date": "2016-07", "latest_available_photo_date": "2018-06", "source_photo_url": "https://www.mapillary.com/app/?pKey=338325557648504&focus=photo", "nearest_osm_pole_m": null}}, {"type": "Feature", "geometry": {"type": "Point", "coordinates": [-72.37476, 44.523014]}, "properties": {"id": "hard-00912", "is_utility_pole": true, "pole_type": "wood_utility", "model_flags": ["vegetation"], "model_watch": ["lean_slight"], "lean": "slight", "crossarm": "none_visible", "vegetation": "touching", "transformer": false, "attachments_estimate": 1, "photos_assessed": 1, "capture_sequences": 1, "photo_shown_date": "2016-07", "latest_available_photo_date": "2016-07", "source_photo_url": "https://www.mapillary.com/app/?pKey=525609171798160&focus=photo", "nearest_osm_pole_m": null}}, {"type": "Feature", "geometry": {"type": "Point", "coordinates": [-72.375375, 44.5260212]}, "properties": {"id": "hard-00913", "is_utility_pole": true, "pole_type": "wood_utility", "model_flags": ["vegetation"], "model_watch": [], "lean": "none", "crossarm": "intact", "vegetation": "touching", "transformer": false, "attachments_estimate": 0, "photos_assessed": 4, "capture_sequences": 2, "photo_shown_date": "2016-07", "latest_available_photo_date": "2018-06", "source_photo_url": "https://www.mapillary.com/app/?pKey=375184133933171&focus=photo", "nearest_osm_pole_m": null}}, {"type": "Feature", "geometry": {"type": "Point", "coordinates": [-72.375084, 44.5214]}, "properties": {"id": "hard-00914", "is_utility_pole": true, "pole_type": "wood_utility", "model_flags": [], "model_watch": ["lean_slight"], "lean": "slight", "crossarm": "intact", "vegetation": "near", "transformer": false, "attachments_estimate": 0, "photos_assessed": 3, "capture_sequences": 3, "photo_shown_date": "2018-07", "latest_available_photo_date": "2018-07", "source_photo_url": "https://www.mapillary.com/app/?pKey=1303698603359666&focus=photo", "nearest_osm_pole_m": null}}, {"type": "Feature", "geometry": {"type": "Point", "coordinates": [-72.375496, 44.520897]}, "properties": {"id": "hard-00915", "is_utility_pole": false, "pole_type": "unclear", "model_flags": [], "model_watch": [], "lean": "unclear", "crossarm": "none_visible", "vegetation": "unclear", "transformer": false, "attachments_estimate": 0, "photos_assessed": 2, "capture_sequences": 2, "photo_shown_date": "2014-06", "latest_available_photo_date": "2018-06", "source_photo_url": "https://www.mapillary.com/app/?pKey=376694060448225&focus=photo", "nearest_osm_pole_m": null}}, {"type": "Feature", "geometry": {"type": "Point", "coordinates": [-72.374725, 44.521847]}, "properties": {"id": "hard-00916", "is_utility_pole": true, "pole_type": "wood_utility", "model_flags": ["vegetation"], "model_watch": ["lean_slight"], "lean": "slight", "crossarm": "intact", "vegetation": "touching", "transformer": false, "attachments_estimate": 0, "photos_assessed": 1, "capture_sequences": 1, "photo_shown_date": "2016-07", "latest_available_photo_date": "2018-06", "source_photo_url": "https://www.mapillary.com/app/?pKey=473197750642253&focus=photo", "nearest_osm_pole_m": null}}, {"type": "Feature", "geometry": {"type": "Point", "coordinates": [-72.375435, 44.525646]}, "properties": {"id": "hard-00917", "is_utility_pole": false, "pole_type": "unclear", "model_flags": [], "model_watch": [], "lean": "unclear", "crossarm": "none_visible", "vegetation": "near", "transformer": false, "attachments_estimate": 0, "photos_assessed": 2, "capture_sequences": 2, "photo_shown_date": "2018-06", "latest_available_photo_date": "2018-06", "source_photo_url": "https://www.mapillary.com/app/?pKey=327816448925662&focus=photo", "nearest_osm_pole_m": null}}, {"type": "Feature", "geometry": {"type": "Point", "coordinates": [-72.37509, 44.5237695]}, "properties": {"id": "hard-00918", "is_utility_pole": true, "pole_type": "wood_utility", "model_flags": [], "model_watch": ["lean_slight"], "lean": "slight", "crossarm": "intact", "vegetation": "near", "transformer": false, "attachments_estimate": 1, "photos_assessed": 4, "capture_sequences": 2, "photo_shown_date": "2016-07", "latest_available_photo_date": "2016-07", "source_photo_url": "https://www.mapillary.com/app/?pKey=632594374290594&focus=photo", "nearest_osm_pole_m": null}}, {"type": "Feature", "geometry": {"type": "Point", "coordinates": [-72.3755, 44.5248]}, "properties": {"id": "hard-00919", "is_utility_pole": true, "pole_type": "wood_utility", "model_flags": [], "model_watch": [], "lean": "none", "crossarm": "none_visible", "vegetation": "near", "transformer": false, "attachments_estimate": 1, "photos_assessed": 1, "capture_sequences": 1, "photo_shown_date": "2018-07", "latest_available_photo_date": "2018-07", "source_photo_url": "https://www.mapillary.com/app/?pKey=334124154774478&focus=photo", "nearest_osm_pole_m": null}}, {"type": "Feature", "geometry": {"type": "Point", "coordinates": [-72.43227, 44.534554]}, "properties": {"id": "hard-00920", "is_utility_pole": true, "pole_type": "wood_utility", "model_flags": [], "model_watch": ["lean_slight"], "lean": "slight", "crossarm": "none_visible", "vegetation": "none", "transformer": false, "attachments_estimate": 0, "photos_assessed": 3, "capture_sequences": 2, "photo_shown_date": "2016-06", "latest_available_photo_date": "2016-06", "source_photo_url": "https://www.mapillary.com/app/?pKey=828445504773382&focus=photo", "nearest_osm_pole_m": null}}, {"type": "Feature", "geometry": {"type": "Point", "coordinates": [-72.37462, 44.52266]}, "properties": {"id": "hard-00921", "is_utility_pole": true, "pole_type": "wood_utility", "model_flags": [], "model_watch": [], "lean": "none", "crossarm": "intact", "vegetation": "near", "transformer": false, "attachments_estimate": 1, "photos_assessed": 3, "capture_sequences": 2, "photo_shown_date": "2016-07", "latest_available_photo_date": "2016-07", "source_photo_url": "https://www.mapillary.com/app/?pKey=773832673165458&focus=photo", "nearest_osm_pole_m": null}}, {"type": "Feature", "geometry": {"type": "Point", "coordinates": [-72.374675, 44.5219445]}, "properties": {"id": "hard-00922", "is_utility_pole": true, "pole_type": "wood_utility", "model_flags": ["vegetation"], "model_watch": ["lean_slight"], "lean": "slight", "crossarm": "none_visible", "vegetation": "touching", "transformer": false, "attachments_estimate": 0, "photos_assessed": 6, "capture_sequences": 4, "photo_shown_date": "2018-07", "latest_available_photo_date": "2018-07", "source_photo_url": "https://www.mapillary.com/app/?pKey=926368484814056&focus=photo", "nearest_osm_pole_m": null}}, {"type": "Feature", "geometry": {"type": "Point", "coordinates": [-72.37354, 44.512466]}, "properties": {"id": "hard-00923", "is_utility_pole": true, "pole_type": "wood_utility", "model_flags": [], "model_watch": [], "lean": "none", "crossarm": "none_visible", "vegetation": "near", "transformer": false, "attachments_estimate": 2, "photos_assessed": 3, "capture_sequences": 3, "photo_shown_date": "2018-07", "latest_available_photo_date": "2018-07", "source_photo_url": "https://www.mapillary.com/app/?pKey=336276914560686&focus=photo", "nearest_osm_pole_m": null}}, {"type": "Feature", "geometry": {"type": "Point", "coordinates": [-72.373505, 44.51189]}, "properties": {"id": "hard-00924", "is_utility_pole": true, "pole_type": "wood_utility", "model_flags": [], "model_watch": [], "lean": "none", "crossarm": "none_visible", "vegetation": "near", "transformer": false, "attachments_estimate": 1, "photos_assessed": 2, "capture_sequences": 2, "photo_shown_date": "2014-07", "latest_available_photo_date": "2016-06", "source_photo_url": "https://www.mapillary.com/app/?pKey=204420614734673&focus=photo", "nearest_osm_pole_m": null}}, {"type": "Feature", "geometry": {"type": "Point", "coordinates": [-72.37354, 44.512302]}, "properties": {"id": "hard-00925", "is_utility_pole": true, "pole_type": "wood_utility", "model_flags": [], "model_watch": ["lean_slight"], "lean": "slight", "crossarm": "intact", "vegetation": "near", "transformer": false, "attachments_estimate": 1, "photos_assessed": 3, "capture_sequences": 1, "photo_shown_date": "2016-06", "latest_available_photo_date": "2016-06", "source_photo_url": "https://www.mapillary.com/app/?pKey=225746872351506&focus=photo", "nearest_osm_pole_m": null}}, {"type": "Feature", "geometry": {"type": "Point", "coordinates": [-72.373085, 44.51061]}, "properties": {"id": "hard-00926", "is_utility_pole": true, "pole_type": "wood_utility", "model_flags": [], "model_watch": ["lean_slight"], "lean": "slight", "crossarm": "intact", "vegetation": "near", "transformer": true, "attachments_estimate": 1, "photos_assessed": 3, "capture_sequences": 3, "photo_shown_date": "2016-06", "latest_available_photo_date": "2016-06", "source_photo_url": "https://www.mapillary.com/app/?pKey=844408653118864&focus=photo", "nearest_osm_pole_m": null}}, {"type": "Feature", "geometry": {"type": "Point", "coordinates": [-72.373535, 44.5129]}, "properties": {"id": "hard-00927", "is_utility_pole": true, "pole_type": "wood_utility", "model_flags": [], "model_watch": [], "lean": "none", "crossarm": "intact", "vegetation": "near", "transformer": false, "attachments_estimate": 2, "photos_assessed": 3, "capture_sequences": 2, "photo_shown_date": "2018-07", "latest_available_photo_date": "2018-07", "source_photo_url": "https://www.mapillary.com/app/?pKey=1948351651987387&focus=photo", "nearest_osm_pole_m": null}}, {"type": "Feature", "geometry": {"type": "Point", "coordinates": [-72.37367, 44.512356]}, "properties": {"id": "hard-00928", "is_utility_pole": true, "pole_type": "wood_utility", "model_flags": ["vegetation"], "model_watch": [], "lean": "unclear", "crossarm": "none_visible", "vegetation": "touching", "transformer": false, "attachments_estimate": 1, "photos_assessed": 2, "capture_sequences": 2, "photo_shown_date": "2016-06", "latest_available_photo_date": "2018-07", "source_photo_url": "https://www.mapillary.com/app/?pKey=4029958043765873&focus=photo", "nearest_osm_pole_m": null}}, {"type": "Feature", "geometry": {"type": "Point", "coordinates": [-72.37285, 44.509468]}, "properties": {"id": "hard-00929", "is_utility_pole": true, "pole_type": "wood_utility", "model_flags": [], "model_watch": [], "lean": "none", "crossarm": "none_visible", "vegetation": "near", "transformer": false, "attachments_estimate": 1, "photos_assessed": 3, "capture_sequences": 3, "photo_shown_date": "2014-07", "latest_available_photo_date": "2018-07", "source_photo_url": "https://www.mapillary.com/app/?pKey=2832359810314071&focus=photo", "nearest_osm_pole_m": null}}, {"type": "Feature", "geometry": {"type": "Point", "coordinates": [-72.3736, 44.51351]}, "properties": {"id": "hard-00930", "is_utility_pole": true, "pole_type": "wood_utility", "model_flags": [], "model_watch": [], "lean": "none", "crossarm": "intact", "vegetation": "none", "transformer": true, "attachments_estimate": 1, "photos_assessed": 3, "capture_sequences": 2, "photo_shown_date": "2016-06", "latest_available_photo_date": "2016-06", "source_photo_url": "https://www.mapillary.com/app/?pKey=160811779263410&focus=photo", "nearest_osm_pole_m": null}}, {"type": "Feature", "geometry": {"type": "Point", "coordinates": [-72.372795, 44.509995]}, "properties": {"id": "hard-00931", "is_utility_pole": true, "pole_type": "wood_utility", "model_flags": [], "model_watch": [], "lean": "none", "crossarm": "intact", "vegetation": "near", "transformer": false, "attachments_estimate": 1, "photos_assessed": 3, "capture_sequences": 3, "photo_shown_date": "2016-06", "latest_available_photo_date": "2016-06", "source_photo_url": "https://www.mapillary.com/app/?pKey=2250033291804492&focus=photo", "nearest_osm_pole_m": null}}, {"type": "Feature", "geometry": {"type": "Point", "coordinates": [-72.37284, 44.510063]}, "properties": {"id": "hard-00932", "is_utility_pole": true, "pole_type": "wood_utility", "model_flags": [], "model_watch": ["lean_slight"], "lean": "slight", "crossarm": "intact", "vegetation": "near", "transformer": false, "attachments_estimate": 2, "photos_assessed": 3, "capture_sequences": 1, "photo_shown_date": "2016-06", "latest_available_photo_date": "2016-06", "source_photo_url": "https://www.mapillary.com/app/?pKey=1163356550752965&focus=photo", "nearest_osm_pole_m": null}}, {"type": "Feature", "geometry": {"type": "Point", "coordinates": [-72.37212, 44.50904]}, "properties": {"id": "hard-00933", "is_utility_pole": true, "pole_type": "wood_utility", "model_flags": [], "model_watch": [], "lean": "unclear", "crossarm": "unclear", "vegetation": "near", "transformer": false, "attachments_estimate": 1, "photos_assessed": 3, "capture_sequences": 2, "photo_shown_date": "2014-07", "latest_available_photo_date": "2016-06", "source_photo_url": "https://www.mapillary.com/app/?pKey=2790256867765563&focus=photo", "nearest_osm_pole_m": null}}, {"type": "Feature", "geometry": {"type": "Point", "coordinates": [-72.37309, 44.50983]}, "properties": {"id": "hard-00934", "is_utility_pole": true, "pole_type": "wood_utility", "model_flags": ["vegetation"], "model_watch": ["lean_slight"], "lean": "slight", "crossarm": "none_visible", "vegetation": "touching", "transformer": false, "attachments_estimate": 0, "photos_assessed": 1, "capture_sequences": 1, "photo_shown_date": "2016-06", "latest_available_photo_date": "2016-06", "source_photo_url": "https://www.mapillary.com/app/?pKey=310150467274152&focus=photo", "nearest_osm_pole_m": null}}, {"type": "Feature", "geometry": {"type": "Point", "coordinates": [-72.37238, 44.509403]}, "properties": {"id": "hard-00935", "is_utility_pole": true, "pole_type": "wood_utility", "model_flags": [], "model_watch": ["lean_slight"], "lean": "slight", "crossarm": "none_visible", "vegetation": "near", "transformer": false, "attachments_estimate": 2, "photos_assessed": 6, "capture_sequences": 4, "photo_shown_date": "2018-07", "latest_available_photo_date": "2018-07", "source_photo_url": "https://www.mapillary.com/app/?pKey=532013588173561&focus=photo", "nearest_osm_pole_m": null}}, {"type": "Feature", "geometry": {"type": "Point", "coordinates": [-72.37357, 44.513184]}, "properties": {"id": "hard-00936", "is_utility_pole": true, "pole_type": "wood_utility", "model_flags": ["vegetation"], "model_watch": [], "lean": "none", "crossarm": "intact", "vegetation": "touching", "transformer": false, "attachments_estimate": 1, "photos_assessed": 3, "capture_sequences": 2, "photo_shown_date": "2018-07", "latest_available_photo_date": "2018-07", "source_photo_url": "https://www.mapillary.com/app/?pKey=842805903280935&focus=photo", "nearest_osm_pole_m": null}}, {"type": "Feature", "geometry": {"type": "Point", "coordinates": [-72.37353, 44.512157]}, "properties": {"id": "hard-00937", "is_utility_pole": true, "pole_type": "wood_utility", "model_flags": [], "model_watch": [], "lean": "none", "crossarm": "intact", "vegetation": "near", "transformer": false, "attachments_estimate": 1, "photos_assessed": 3, "capture_sequences": 2, "photo_shown_date": "2018-07", "latest_available_photo_date": "2018-07", "source_photo_url": "https://www.mapillary.com/app/?pKey=494095865236858&focus=photo", "nearest_osm_pole_m": null}}, {"type": "Feature", "geometry": {"type": "Point", "coordinates": [-72.37362, 44.512222]}, "properties": {"id": "hard-00938", "is_utility_pole": true, "pole_type": "wood_utility", "model_flags": [], "model_watch": [], "lean": "none", "crossarm": "none_visible", "vegetation": "near", "transformer": false, "attachments_estimate": 1, "photos_assessed": 2, "capture_sequences": 2, "photo_shown_date": "2016-06", "latest_available_photo_date": "2016-06", "source_photo_url": "https://www.mapillary.com/app/?pKey=207763154511332&focus=photo", "nearest_osm_pole_m": null}}, {"type": "Feature", "geometry": {"type": "Point", "coordinates": [-72.3735, 44.512025]}, "properties": {"id": "hard-00939", "is_utility_pole": true, "pole_type": "wood_utility", "model_flags": [], "model_watch": [], "lean": "none", "crossarm": "none_visible", "vegetation": "near", "transformer": false, "attachments_estimate": 2, "photos_assessed": 6, "capture_sequences": 4, "photo_shown_date": "2018-07", "latest_available_photo_date": "2018-07", "source_photo_url": "https://www.mapillary.com/app/?pKey=816430509294935&focus=photo", "nearest_osm_pole_m": null}}, {"type": "Feature", "geometry": {"type": "Point", "coordinates": [-72.37368, 44.512024]}, "properties": {"id": "hard-00940", "is_utility_pole": true, "pole_type": "wood_utility", "model_flags": ["vegetation"], "model_watch": ["lean_slight"], "lean": "slight", "crossarm": "none_visible", "vegetation": "touching", "transformer": false, "attachments_estimate": 0, "photos_assessed": 3, "capture_sequences": 1, "photo_shown_date": "2014-07", "latest_available_photo_date": "2014-07", "source_photo_url": "https://www.mapillary.com/app/?pKey=6144098585604068&focus=photo", "nearest_osm_pole_m": null}}, {"type": "Feature", "geometry": {"type": "Point", "coordinates": [-72.37278, 44.509384]}, "properties": {"id": "hard-00941", "is_utility_pole": true, "pole_type": "wood_utility", "model_flags": [], "model_watch": ["lean_slight"], "lean": "slight", "crossarm": "unclear", "vegetation": "near", "transformer": true, "attachments_estimate": 1, "photos_assessed": 3, "capture_sequences": 2, "photo_shown_date": "2016-06", "latest_available_photo_date": "2016-06", "source_photo_url": "https://www.mapillary.com/app/?pKey=305286381188076&focus=photo", "nearest_osm_pole_m": null}}, {"type": "Feature", "geometry": {"type": "Point", "coordinates": [-72.37358, 44.51197]}, "properties": {"id": "hard-00942", "is_utility_pole": true, "pole_type": "wood_utility", "model_flags": [], "model_watch": [], "lean": "none", "crossarm": "intact", "vegetation": "near", "transformer": false, "attachments_estimate": 0, "photos_assessed": 1, "capture_sequences": 1, "photo_shown_date": "2016-06", "latest_available_photo_date": "2016-06", "source_photo_url": "https://www.mapillary.com/app/?pKey=4116293478417288&focus=photo", "nearest_osm_pole_m": null}}, {"type": "Feature", "geometry": {"type": "Point", "coordinates": [-72.373535, 44.512672]}, "properties": {"id": "hard-00943", "is_utility_pole": true, "pole_type": "wood_utility", "model_flags": [], "model_watch": ["lean_slight"], "lean": "slight", "crossarm": "intact", "vegetation": "near", "transformer": false, "attachments_estimate": 1, "photos_assessed": 3, "capture_sequences": 2, "photo_shown_date": "2016-06", "latest_available_photo_date": "2016-06", "source_photo_url": "https://www.mapillary.com/app/?pKey=1748076988698172&focus=photo", "nearest_osm_pole_m": null}}, {"type": "Feature", "geometry": {"type": "Point", "coordinates": [-72.37339, 44.511494]}, "properties": {"id": "hard-00944", "is_utility_pole": true, "pole_type": "wood_utility", "model_flags": ["vegetation"], "model_watch": ["lean_slight"], "lean": "slight", "crossarm": "none_visible", "vegetation": "touching", "transformer": false, "attachments_estimate": 1, "photos_assessed": 2, "capture_sequences": 1, "photo_shown_date": "2016-06", "latest_available_photo_date": "2016-06", "source_photo_url": "https://www.mapillary.com/app/?pKey=305657677863009&focus=photo", "nearest_osm_pole_m": null}}, {"type": "Feature", "geometry": {"type": "Point", "coordinates": [-72.37333, 44.514275]}, "properties": {"id": "hard-00945", "is_utility_pole": true, "pole_type": "wood_utility", "model_flags": [], "model_watch": [], "lean": "unclear", "crossarm": "none_visible", "vegetation": "near", "transformer": false, "attachments_estimate": 0, "photos_assessed": 1, "capture_sequences": 1, "photo_shown_date": "2016-06", "latest_available_photo_date": "2016-06", "source_photo_url": "https://www.mapillary.com/app/?pKey=899965063919856&focus=photo", "nearest_osm_pole_m": null}}, {"type": "Feature", "geometry": {"type": "Point", "coordinates": [-72.42116, 44.528027]}, "properties": {"id": "hard-00946", "is_utility_pole": true, "pole_type": "wood_utility", "model_flags": ["vegetation"], "model_watch": [], "lean": "unclear", "crossarm": "unclear", "vegetation": "touching", "transformer": false, "attachments_estimate": 0, "photos_assessed": 1, "capture_sequences": 1, "photo_shown_date": "2014-06", "latest_available_photo_date": "2018-07", "source_photo_url": "https://www.mapillary.com/app/?pKey=3793753640723262&focus=photo", "nearest_osm_pole_m": null}}, {"type": "Feature", "geometry": {"type": "Point", "coordinates": [-72.354225, 44.506012]}, "properties": {"id": "hard-00947", "is_utility_pole": true, "pole_type": "wood_utility", "model_flags": ["vegetation"], "model_watch": ["lean_slight"], "lean": "slight", "crossarm": "intact", "vegetation": "touching", "transformer": false, "attachments_estimate": 1, "photos_assessed": 3, "capture_sequences": 1, "photo_shown_date": "2019-07", "latest_available_photo_date": "2019-07", "source_photo_url": "https://www.mapillary.com/app/?pKey=1019445668588029&focus=photo", "nearest_osm_pole_m": null}}, {"type": "Feature", "geometry": {"type": "Point", "coordinates": [-72.35125, 44.50685]}, "properties": {"id": "hard-00948", "is_utility_pole": true, "pole_type": "wood_utility", "model_flags": [], "model_watch": [], "lean": "none", "crossarm": "intact", "vegetation": "near", "transformer": false, "attachments_estimate": 1, "photos_assessed": 2, "capture_sequences": 1, "photo_shown_date": "2019-07", "latest_available_photo_date": "2019-07", "source_photo_url": "https://www.mapillary.com/app/?pKey=796639424556248&focus=photo", "nearest_osm_pole_m": null}}, {"type": "Feature", "geometry": {"type": "Point", "coordinates": [-72.35575, 44.50574]}, "properties": {"id": "hard-00949", "is_utility_pole": true, "pole_type": "wood_utility", "model_flags": [], "model_watch": [], "lean": "none", "crossarm": "intact", "vegetation": "near", "transformer": false, "attachments_estimate": 1, "photos_assessed": 1, "capture_sequences": 1, "photo_shown_date": "2019-07", "latest_available_photo_date": "2019-07", "source_photo_url": "https://www.mapillary.com/app/?pKey=801741427436785&focus=photo", "nearest_osm_pole_m": null}}, {"type": "Feature", "geometry": {"type": "Point", "coordinates": [-72.374768, 44.5277345]}, "properties": {"id": "hard-00950", "is_utility_pole": true, "pole_type": "wood_utility", "model_flags": [], "model_watch": [], "lean": "none", "crossarm": "intact", "vegetation": "near", "transformer": false, "attachments_estimate": 0, "photos_assessed": 6, "capture_sequences": 5, "photo_shown_date": "2018-06", "latest_available_photo_date": "2018-07", "source_photo_url": "https://www.mapillary.com/app/?pKey=3942273152493147&focus=photo", "nearest_osm_pole_m": null}}, {"type": "Feature", "geometry": {"type": "Point", "coordinates": [-72.373886, 44.52987]}, "properties": {"id": "hard-00951", "is_utility_pole": true, "pole_type": "wood_utility", "model_flags": [], "model_watch": [], "lean": "none", "crossarm": "intact", "vegetation": "none", "transformer": false, "attachments_estimate": 0, "photos_assessed": 3, "capture_sequences": 2, "photo_shown_date": "2018-06", "latest_available_photo_date": "2018-06", "source_photo_url": "https://www.mapillary.com/app/?pKey=381878093179843&focus=photo", "nearest_osm_pole_m": null}}, {"type": "Feature", "geometry": {"type": "Point", "coordinates": [-72.3744, 44.528717]}, "properties": {"id": "hard-00952", "is_utility_pole": true, "pole_type": "wood_utility", "model_flags": ["vegetation"], "model_watch": [], "lean": "unclear", "crossarm": "none_visible", "vegetation": "touching", "transformer": false, "attachments_estimate": 0, "photos_assessed": 3, "capture_sequences": 3, "photo_shown_date": "2018-06", "latest_available_photo_date": "2018-06", "source_photo_url": "https://www.mapillary.com/app/?pKey=184381620230872&focus=photo", "nearest_osm_pole_m": null}}, {"type": "Feature", "geometry": {"type": "Point", "coordinates": [-72.374275, 44.52899]}, "properties": {"id": "hard-00953", "is_utility_pole": true, "pole_type": "wood_utility", "model_flags": ["vegetation"], "model_watch": ["lean_slight"], "lean": "slight", "crossarm": "intact", "vegetation": "touching", "transformer": false, "attachments_estimate": 0, "photos_assessed": 3, "capture_sequences": 2, "photo_shown_date": "2016-07", "latest_available_photo_date": "2016-07", "source_photo_url": "https://www.mapillary.com/app/?pKey=184238910256235&focus=photo", "nearest_osm_pole_m": null}}, {"type": "Feature", "geometry": {"type": "Point", "coordinates": [-72.37382, 44.529408]}, "properties": {"id": "hard-00954", "is_utility_pole": true, "pole_type": "wood_utility", "model_flags": [], "model_watch": ["lean_slight"], "lean": "slight", "crossarm": "none_visible", "vegetation": "near", "transformer": false, "attachments_estimate": 0, "photos_assessed": 3, "capture_sequences": 2, "photo_shown_date": "2016-07", "latest_available_photo_date": "2018-06", "source_photo_url": "https://www.mapillary.com/app/?pKey=328862828629375&focus=photo", "nearest_osm_pole_m": null}}, {"type": "Feature", "geometry": {"type": "Point", "coordinates": [-72.37395, 44.53072]}, "properties": {"id": "hard-00955", "is_utility_pole": true, "pole_type": "wood_utility", "model_flags": [], "model_watch": [], "lean": "none", "crossarm": "intact", "vegetation": "near", "transformer": false, "attachments_estimate": 0, "photos_assessed": 3, "capture_sequences": 3, "photo_shown_date": "2018-06", "latest_available_photo_date": "2018-06", "source_photo_url": "https://www.mapillary.com/app/?pKey=928795777690306&focus=photo", "nearest_osm_pole_m": null}}, {"type": "Feature", "geometry": {"type": "Point", "coordinates": [-72.37425, 44.53276]}, "properties": {"id": "hard-00956", "is_utility_pole": true, "pole_type": "wood_utility", "model_flags": [], "model_watch": ["lean_slight"], "lean": "slight", "crossarm": "intact", "vegetation": "near", "transformer": false, "attachments_estimate": 1, "photos_assessed": 3, "capture_sequences": 1, "photo_shown_date": "2016-07", "latest_available_photo_date": "2016-07", "source_photo_url": "https://www.mapillary.com/app/?pKey=271280611406077&focus=photo", "nearest_osm_pole_m": null}}, {"type": "Feature", "geometry": {"type": "Point", "coordinates": [-72.37421, 44.529278]}, "properties": {"id": "hard-00957", "is_utility_pole": true, "pole_type": "wood_utility", "model_flags": ["lean", "vegetation"], "model_watch": [], "lean": "moderate", "crossarm": "intact", "vegetation": "touching", "transformer": false, "attachments_estimate": 2, "photos_assessed": 3, "capture_sequences": 3, "photo_shown_date": "2018-07", "latest_available_photo_date": "2018-07", "source_photo_url": "https://www.mapillary.com/app/?pKey=316107743424890&focus=photo", "nearest_osm_pole_m": null}}, {"type": "Feature", "geometry": {"type": "Point", "coordinates": [-72.37449, 44.5284]}, "properties": {"id": "hard-00958", "is_utility_pole": true, "pole_type": "wood_utility", "model_flags": [], "model_watch": ["lean_slight"], "lean": "slight", "crossarm": "intact", "vegetation": "near", "transformer": false, "attachments_estimate": 1, "photos_assessed": 3, "capture_sequences": 2, "photo_shown_date": "2016-07", "latest_available_photo_date": "2016-07", "source_photo_url": "https://www.mapillary.com/app/?pKey=5988927414483041&focus=photo", "nearest_osm_pole_m": null}}, {"type": "Feature", "geometry": {"type": "Point", "coordinates": [-72.374756, 44.527462]}, "properties": {"id": "hard-00959", "is_utility_pole": true, "pole_type": "wood_utility", "model_flags": [], "model_watch": ["lean_slight"], "lean": "slight", "crossarm": "intact", "vegetation": "near", "transformer": false, "attachments_estimate": 0, "photos_assessed": 2, "capture_sequences": 2, "photo_shown_date": "2016-07", "latest_available_photo_date": "2018-06", "source_photo_url": "https://www.mapillary.com/app/?pKey=842619206342119&focus=photo", "nearest_osm_pole_m": null}}, {"type": "Feature", "geometry": {"type": "Point", "coordinates": [-72.3743, 44.532222]}, "properties": {"id": "hard-00960", "is_utility_pole": true, "pole_type": "wood_utility", "model_flags": ["vegetation"], "model_watch": [], "lean": "none", "crossarm": "intact", "vegetation": "touching", "transformer": false, "attachments_estimate": 0, "photos_assessed": 6, "capture_sequences": 4, "photo_shown_date": "2018-07", "latest_available_photo_date": "2018-07", "source_photo_url": "https://www.mapillary.com/app/?pKey=228925638659967&focus=photo", "nearest_osm_pole_m": null}}, {"type": "Feature", "geometry": {"type": "Point", "coordinates": [-72.37424, 44.532845]}, "properties": {"id": "hard-00961", "is_utility_pole": true, "pole_type": "wood_utility", "model_flags": [], "model_watch": ["lean_slight"], "lean": "slight", "crossarm": "none_visible", "vegetation": "near", "transformer": true, "attachments_estimate": 1, "photos_assessed": 3, "capture_sequences": 2, "photo_shown_date": "2016-07", "latest_available_photo_date": "2016-07", "source_photo_url": "https://www.mapillary.com/app/?pKey=817359052249768&focus=photo", "nearest_osm_pole_m": null}}, {"type": "Feature", "geometry": {"type": "Point", "coordinates": [-72.374478, 44.5285065]}, "properties": {"id": "hard-00962", "is_utility_pole": true, "pole_type": "wood_utility", "model_flags": ["vegetation"], "model_watch": [], "lean": "none", "crossarm": "intact", "vegetation": "touching", "transformer": false, "attachments_estimate": 0, "photos_assessed": 8, "capture_sequences": 4, "photo_shown_date": "2018-07", "latest_available_photo_date": "2018-07", "source_photo_url": "https://www.mapillary.com/app/?pKey=474184137001271&focus=photo", "nearest_osm_pole_m": null}}, {"type": "Feature", "geometry": {"type": "Point", "coordinates": [-72.37426, 44.532555]}, "properties": {"id": "hard-00963", "is_utility_pole": true, "pole_type": "wood_utility", "model_flags": ["vegetation"], "model_watch": [], "lean": "none", "crossarm": "unclear", "vegetation": "touching", "transformer": false, "attachments_estimate": 0, "photos_assessed": 2, "capture_sequences": 1, "photo_shown_date": "2016-07", "latest_available_photo_date": "2016-07", "source_photo_url": "https://www.mapillary.com/app/?pKey=209061430888188&focus=photo", "nearest_osm_pole_m": null}}, {"type": "Feature", "geometry": {"type": "Point", "coordinates": [-72.37471, 44.527817]}, "properties": {"id": "hard-00964", "is_utility_pole": true, "pole_type": "wood_utility", "model_flags": [], "model_watch": [], "lean": "none", "crossarm": "intact", "vegetation": "near", "transformer": false, "attachments_estimate": 0, "photos_assessed": 1, "capture_sequences": 1, "photo_shown_date": "2018-06", "latest_available_photo_date": "2018-06", "source_photo_url": "https://www.mapillary.com/app/?pKey=4914092881951629&focus=photo", "nearest_osm_pole_m": null}}, {"type": "Feature", "geometry": {"type": "Point", "coordinates": [-72.37419, 44.529366]}, "properties": {"id": "hard-00965", "is_utility_pole": true, "pole_type": "wood_utility", "model_flags": ["vegetation"], "model_watch": [], "lean": "none", "crossarm": "intact", "vegetation": "touching", "transformer": false, "attachments_estimate": 1, "photos_assessed": 3, "capture_sequences": 2, "photo_shown_date": "2018-06", "latest_available_photo_date": "2018-06", "source_photo_url": "https://www.mapillary.com/app/?pKey=874038643152243&focus=photo", "nearest_osm_pole_m": null}}, {"type": "Feature", "geometry": {"type": "Point", "coordinates": [-72.32646, 44.542374]}, "properties": {"id": "hard-00966", "is_utility_pole": true, "pole_type": "wood_utility", "model_flags": ["vegetation"], "model_watch": [], "lean": "none", "crossarm": "intact", "vegetation": "touching", "transformer": false, "attachments_estimate": 0, "photos_assessed": 3, "capture_sequences": 2, "photo_shown_date": "2017-07", "latest_available_photo_date": "2019-07", "source_photo_url": "https://www.mapillary.com/app/?pKey=1037239676808967&focus=photo", "nearest_osm_pole_m": null}}, {"type": "Feature", "geometry": {"type": "Point", "coordinates": [-72.3269, 44.541818]}, "properties": {"id": "hard-00967", "is_utility_pole": true, "pole_type": "wood_utility", "model_flags": [], "model_watch": [], "lean": "none", "crossarm": "none_visible", "vegetation": "none", "transformer": false, "attachments_estimate": 0, "photos_assessed": 6, "capture_sequences": 4, "photo_shown_date": "2019-07", "latest_available_photo_date": "2019-07", "source_photo_url": "https://www.mapillary.com/app/?pKey=217131933551170&focus=photo", "nearest_osm_pole_m": null}}, {"type": "Feature", "geometry": {"type": "Point", "coordinates": [-72.32725, 44.541145]}, "properties": {"id": "hard-00968", "is_utility_pole": true, "pole_type": "concrete_or_steel_utility", "model_flags": [], "model_watch": [], "lean": "none", "crossarm": "none_visible", "vegetation": "near", "transformer": false, "attachments_estimate": 0, "photos_assessed": 1, "capture_sequences": 1, "photo_shown_date": "2019-07", "latest_available_photo_date": "2019-07", "source_photo_url": "https://www.mapillary.com/app/?pKey=194885079179785&focus=photo", "nearest_osm_pole_m": null}}, {"type": "Feature", "geometry": {"type": "Point", "coordinates": [-72.32609, 44.542824]}, "properties": {"id": "hard-00969", "is_utility_pole": true, "pole_type": "wood_utility", "model_flags": [], "model_watch": [], "lean": "none", "crossarm": "intact", "vegetation": "near", "transformer": true, "attachments_estimate": 1, "photos_assessed": 3, "capture_sequences": 1, "photo_shown_date": "2017-07", "latest_available_photo_date": "2017-07", "source_photo_url": "https://www.mapillary.com/app/?pKey=847331696132938&focus=photo", "nearest_osm_pole_m": null}}, {"type": "Feature", "geometry": {"type": "Point", "coordinates": [-72.37419, 44.53189]}, "properties": {"id": "hard-00970", "is_utility_pole": true, "pole_type": "wood_utility", "model_flags": [], "model_watch": ["lean_slight"], "lean": "slight", "crossarm": "none_visible", "vegetation": "near", "transformer": false, "attachments_estimate": 0, "photos_assessed": 1, "capture_sequences": 1, "photo_shown_date": "2014-06", "latest_available_photo_date": "2018-06", "source_photo_url": "https://www.mapillary.com/app/?pKey=276913424121521&focus=photo", "nearest_osm_pole_m": null}}, {"type": "Feature", "geometry": {"type": "Point", "coordinates": [-72.374016, 44.531555]}, "properties": {"id": "hard-00971", "is_utility_pole": true, "pole_type": "wood_utility", "model_flags": [], "model_watch": ["lean_slight"], "lean": "slight", "crossarm": "intact", "vegetation": "near", "transformer": false, "attachments_estimate": 0, "photos_assessed": 3, "capture_sequences": 3, "photo_shown_date": "2018-06", "latest_available_photo_date": "2018-06", "source_photo_url": "https://www.mapillary.com/app/?pKey=968261513994336&focus=photo", "nearest_osm_pole_m": null}}, {"type": "Feature", "geometry": {"type": "Point", "coordinates": [-72.36081, 44.505028]}, "properties": {"id": "hard-00972", "is_utility_pole": true, "pole_type": "wood_utility", "model_flags": [], "model_watch": [], "lean": "none", "crossarm": "none_visible", "vegetation": "near", "transformer": false, "attachments_estimate": 1, "photos_assessed": 6, "capture_sequences": 2, "photo_shown_date": "2019-07", "latest_available_photo_date": "2019-07", "source_photo_url": "https://www.mapillary.com/app/?pKey=754475358575880&focus=photo", "nearest_osm_pole_m": null}}, {"type": "Feature", "geometry": {"type": "Point", "coordinates": [-72.37702, 44.49229]}, "properties": {"id": "hard-00973", "is_utility_pole": false, "pole_type": "unclear", "model_flags": [], "model_watch": [], "lean": "unclear", "crossarm": "none_visible", "vegetation": "unclear", "transformer": false, "attachments_estimate": 0, "photos_assessed": 1, "capture_sequences": 1, "photo_shown_date": "2018-07", "latest_available_photo_date": "2018-07", "source_photo_url": "https://www.mapillary.com/app/?pKey=530770957924339&focus=photo", "nearest_osm_pole_m": null}}, {"type": "Feature", "geometry": {"type": "Point", "coordinates": [-72.37663, 44.49291]}, "properties": {"id": "hard-00974", "is_utility_pole": true, "pole_type": "wood_utility", "model_flags": [], "model_watch": [], "lean": "none", "crossarm": "intact", "vegetation": "near", "transformer": false, "attachments_estimate": 1, "photos_assessed": 1, "capture_sequences": 1, "photo_shown_date": "2016-07", "latest_available_photo_date": "2018-07", "source_photo_url": "https://www.mapillary.com/app/?pKey=470366967405429&focus=photo", "nearest_osm_pole_m": null}}, {"type": "Feature", "geometry": {"type": "Point", "coordinates": [-72.360664, 44.50508]}, "properties": {"id": "hard-00975", "is_utility_pole": true, "pole_type": "wood_utility", "model_flags": [], "model_watch": [], "lean": "none", "crossarm": "none_visible", "vegetation": "near", "transformer": false, "attachments_estimate": 1, "photos_assessed": 2, "capture_sequences": 1, "photo_shown_date": "2017-07", "latest_available_photo_date": "2019-07", "source_photo_url": "https://www.mapillary.com/app/?pKey=519586129394073&focus=photo", "nearest_osm_pole_m": null}}, {"type": "Feature", "geometry": {"type": "Point", "coordinates": [-72.37623, 44.493088]}, "properties": {"id": "hard-00976", "is_utility_pole": true, "pole_type": "wood_utility", "model_flags": [], "model_watch": [], "lean": "none", "crossarm": "none_visible", "vegetation": "none", "transformer": false, "attachments_estimate": 1, "photos_assessed": 3, "capture_sequences": 2, "photo_shown_date": "2018-07", "latest_available_photo_date": "2018-07", "source_photo_url": "https://www.mapillary.com/app/?pKey=271984674711406&focus=photo", "nearest_osm_pole_m": null}}, {"type": "Feature", "geometry": {"type": "Point", "coordinates": [-72.299675, 44.52211]}, "properties": {"id": "hard-00977", "is_utility_pole": true, "pole_type": "wood_utility", "model_flags": [], "model_watch": [], "lean": "none", "crossarm": "intact", "vegetation": "near", "transformer": false, "attachments_estimate": 1, "photos_assessed": 3, "capture_sequences": 2, "photo_shown_date": "2016-06", "latest_available_photo_date": "2016-06", "source_photo_url": "https://www.mapillary.com/app/?pKey=1513008152372029&focus=photo", "nearest_osm_pole_m": null}}, {"type": "Feature", "geometry": {"type": "Point", "coordinates": [-72.29857, 44.522438]}, "properties": {"id": "hard-00978", "is_utility_pole": true, "pole_type": "wood_utility", "model_flags": [], "model_watch": ["lean_slight"], "lean": "slight", "crossarm": "intact", "vegetation": "near", "transformer": false, "attachments_estimate": 0, "photos_assessed": 3, "capture_sequences": 2, "photo_shown_date": "2018-07", "latest_available_photo_date": "2018-07", "source_photo_url": "https://www.mapillary.com/app/?pKey=1390720844635954&focus=photo", "nearest_osm_pole_m": null}}, {"type": "Feature", "geometry": {"type": "Point", "coordinates": [-72.3006, 44.521431]}, "properties": {"id": "hard-00979", "is_utility_pole": true, "pole_type": "wood_utility", "model_flags": [], "model_watch": ["lean_slight"], "lean": "slight", "crossarm": "intact", "vegetation": "near", "transformer": false, "attachments_estimate": 0, "photos_assessed": 6, "capture_sequences": 4, "photo_shown_date": "2018-07", "latest_available_photo_date": "2018-07", "source_photo_url": "https://www.mapillary.com/app/?pKey=341164260685875&focus=photo", "nearest_osm_pole_m": null}}, {"type": "Feature", "geometry": {"type": "Point", "coordinates": [-72.30107, 44.520714]}, "properties": {"id": "hard-00980", "is_utility_pole": true, "pole_type": "wood_utility", "model_flags": [], "model_watch": ["lean_slight"], "lean": "slight", "crossarm": "none_visible", "vegetation": "none", "transformer": false, "attachments_estimate": 1, "photos_assessed": 3, "capture_sequences": 3, "photo_shown_date": "2018-07", "latest_available_photo_date": "2018-07", "source_photo_url": "https://www.mapillary.com/app/?pKey=518417039519554&focus=photo", "nearest_osm_pole_m": null}}, {"type": "Feature", "geometry": {"type": "Point", "coordinates": [-72.30107, 44.52055]}, "properties": {"id": "hard-00981", "is_utility_pole": true, "pole_type": "wood_utility", "model_flags": [], "model_watch": [], "lean": "none", "crossarm": "none_visible", "vegetation": "none", "transformer": false, "attachments_estimate": 0, "photos_assessed": 6, "capture_sequences": 4, "photo_shown_date": "2018-07", "latest_available_photo_date": "2018-07", "source_photo_url": "https://www.mapillary.com/app/?pKey=482588769727224&focus=photo", "nearest_osm_pole_m": null}}, {"type": "Feature", "geometry": {"type": "Point", "coordinates": [-72.300946, 44.5212354]}, "properties": {"id": "hard-00982", "is_utility_pole": true, "pole_type": "wood_utility", "model_flags": ["vegetation"], "model_watch": ["lean_slight"], "lean": "slight", "crossarm": "intact", "vegetation": "touching", "transformer": false, "attachments_estimate": 1, "photos_assessed": 5, "capture_sequences": 5, "photo_shown_date": "2018-07", "latest_available_photo_date": "2018-07", "source_photo_url": "https://www.mapillary.com/app/?pKey=3837744883003868&focus=photo", "nearest_osm_pole_m": null}}, {"type": "Feature", "geometry": {"type": "Point", "coordinates": [-72.29938, 44.52225]}, "properties": {"id": "hard-00983", "is_utility_pole": true, "pole_type": "wood_utility", "model_flags": [], "model_watch": ["lean_slight"], "lean": "slight", "crossarm": "intact", "vegetation": "near", "transformer": false, "attachments_estimate": 1, "photos_assessed": 3, "capture_sequences": 2, "photo_shown_date": "2016-06", "latest_available_photo_date": "2016-06", "source_photo_url": "https://www.mapillary.com/app/?pKey=227335545508862&focus=photo", "nearest_osm_pole_m": null}}, {"type": "Feature", "geometry": {"type": "Point", "coordinates": [-72.37355, 44.51386]}, "properties": {"id": "hard-00984", "is_utility_pole": true, "pole_type": "wood_utility", "model_flags": [], "model_watch": ["lean_slight"], "lean": "slight", "crossarm": "intact", "vegetation": "none", "transformer": false, "attachments_estimate": 1, "photos_assessed": 3, "capture_sequences": 2, "photo_shown_date": "2018-07", "latest_available_photo_date": "2018-07", "source_photo_url": "https://www.mapillary.com/app/?pKey=5807044412669552&focus=photo", "nearest_osm_pole_m": null}}, {"type": "Feature", "geometry": {"type": "Point", "coordinates": [-72.282455, 44.531574]}, "properties": {"id": "hard-00985", "is_utility_pole": true, "pole_type": "wood_utility", "model_flags": [], "model_watch": ["lean_slight"], "lean": "slight", "crossarm": "none_visible", "vegetation": "near", "transformer": false, "attachments_estimate": 0, "photos_assessed": 3, "capture_sequences": 3, "photo_shown_date": "2018-07", "latest_available_photo_date": "2018-07", "source_photo_url": "https://www.mapillary.com/app/?pKey=512918180077628&focus=photo", "nearest_osm_pole_m": null}}, {"type": "Feature", "geometry": {"type": "Point", "coordinates": [-72.28164, 44.532585]}, "properties": {"id": "hard-00986", "is_utility_pole": true, "pole_type": "wood_utility", "model_flags": [], "model_watch": ["lean_slight"], "lean": "slight", "crossarm": "none_visible", "vegetation": "near", "transformer": false, "attachments_estimate": 1, "photos_assessed": 3, "capture_sequences": 3, "photo_shown_date": "2018-07", "latest_available_photo_date": "2018-07", "source_photo_url": "https://www.mapillary.com/app/?pKey=3098643393689360&focus=photo", "nearest_osm_pole_m": null}}, {"type": "Feature", "geometry": {"type": "Point", "coordinates": [-72.280945, 44.53362]}, "properties": {"id": "hard-00987", "is_utility_pole": true, "pole_type": "wood_utility", "model_flags": [], "model_watch": ["lean_slight"], "lean": "slight", "crossarm": "intact", "vegetation": "near", "transformer": false, "attachments_estimate": 1, "photos_assessed": 1, "capture_sequences": 1, "photo_shown_date": "2016-06", "latest_available_photo_date": "2018-07", "source_photo_url": "https://www.mapillary.com/app/?pKey=320558482867873&focus=photo", "nearest_osm_pole_m": null}}, {"type": "Feature", "geometry": {"type": "Point", "coordinates": [-72.28114, 44.533337]}, "properties": {"id": "hard-00988", "is_utility_pole": true, "pole_type": "wood_utility", "model_flags": [], "model_watch": [], "lean": "none", "crossarm": "intact", "vegetation": "none", "transformer": false, "attachments_estimate": 1, "photos_assessed": 2, "capture_sequences": 2, "photo_shown_date": "2016-06", "latest_available_photo_date": "2016-06", "source_photo_url": "https://www.mapillary.com/app/?pKey=132216222213309&focus=photo", "nearest_osm_pole_m": null}}, {"type": "Feature", "geometry": {"type": "Point", "coordinates": [-72.27978, 44.534496]}, "properties": {"id": "hard-00989", "is_utility_pole": true, "pole_type": "wood_utility", "model_flags": [], "model_watch": [], "lean": "none", "crossarm": "none_visible", "vegetation": "none", "transformer": false, "attachments_estimate": 1, "photos_assessed": 3, "capture_sequences": 2, "photo_shown_date": "2016-06", "latest_available_photo_date": "2016-06", "source_photo_url": "https://www.mapillary.com/app/?pKey=1104997383323967&focus=photo", "nearest_osm_pole_m": null}}, {"type": "Feature", "geometry": {"type": "Point", "coordinates": [-72.28002, 44.534348]}, "properties": {"id": "hard-00990", "is_utility_pole": true, "pole_type": "wood_utility", "model_flags": [], "model_watch": [], "lean": "none", "crossarm": "intact", "vegetation": "near", "transformer": false, "attachments_estimate": 1, "photos_assessed": 3, "capture_sequences": 3, "photo_shown_date": "2016-06", "latest_available_photo_date": "2018-07", "source_photo_url": "https://www.mapillary.com/app/?pKey=857176041822344&focus=photo", "nearest_osm_pole_m": null}}, {"type": "Feature", "geometry": {"type": "Point", "coordinates": [-72.282555, 44.53152]}, "properties": {"id": "hard-00991", "is_utility_pole": true, "pole_type": "wood_utility", "model_flags": [], "model_watch": [], "lean": "none", "crossarm": "none_visible", "vegetation": "near", "transformer": false, "attachments_estimate": 0, "photos_assessed": 1, "capture_sequences": 1, "photo_shown_date": "2016-06", "latest_available_photo_date": "2018-07", "source_photo_url": "https://www.mapillary.com/app/?pKey=538097287245961&focus=photo", "nearest_osm_pole_m": null}}, {"type": "Feature", "geometry": {"type": "Point", "coordinates": [-72.280417, 44.53411]}, "properties": {"id": "hard-00992", "is_utility_pole": true, "pole_type": "wood_utility", "model_flags": [], "model_watch": [], "lean": "none", "crossarm": "intact", "vegetation": "none", "transformer": false, "attachments_estimate": 0, "photos_assessed": 9, "capture_sequences": 4, "photo_shown_date": "2018-07", "latest_available_photo_date": "2018-07", "source_photo_url": "https://www.mapillary.com/app/?pKey=5565740600166410&focus=photo", "nearest_osm_pole_m": null}}, {"type": "Feature", "geometry": {"type": "Point", "coordinates": [-72.374007, 44.5147025]}, "properties": {"id": "hard-00993", "is_utility_pole": true, "pole_type": "wood_utility", "model_flags": [], "model_watch": ["lean_slight"], "lean": "slight", "crossarm": "none_visible", "vegetation": "near", "transformer": false, "attachments_estimate": 1, "photos_assessed": 4, "capture_sequences": 3, "photo_shown_date": "2018-07", "latest_available_photo_date": "2018-07", "source_photo_url": "https://www.mapillary.com/app/?pKey=749374132403811&focus=photo", "nearest_osm_pole_m": null}}, {"type": "Feature", "geometry": {"type": "Point", "coordinates": [-72.28205, 44.53208]}, "properties": {"id": "hard-00994", "is_utility_pole": true, "pole_type": "wood_utility", "model_flags": ["vegetation"], "model_watch": ["lean_slight"], "lean": "slight", "crossarm": "intact", "vegetation": "touching", "transformer": false, "attachments_estimate": 0, "photos_assessed": 3, "capture_sequences": 3, "photo_shown_date": "2018-07", "latest_available_photo_date": "2018-07", "source_photo_url": "https://www.mapillary.com/app/?pKey=124999769637137&focus=photo", "nearest_osm_pole_m": null}}, {"type": "Feature", "geometry": {"type": "Point", "coordinates": [-72.37358, 44.513645]}, "properties": {"id": "hard-00995", "is_utility_pole": true, "pole_type": "wood_utility", "model_flags": [], "model_watch": [], "lean": "none", "crossarm": "intact", "vegetation": "none", "transformer": false, "attachments_estimate": 2, "photos_assessed": 3, "capture_sequences": 3, "photo_shown_date": "2018-07", "latest_available_photo_date": "2018-07", "source_photo_url": "https://www.mapillary.com/app/?pKey=1453007071720637&focus=photo", "nearest_osm_pole_m": null}}, {"type": "Feature", "geometry": {"type": "Point", "coordinates": [-72.280624, 44.533894]}, "properties": {"id": "hard-00996", "is_utility_pole": true, "pole_type": "wood_utility", "model_flags": [], "model_watch": [], "lean": "none", "crossarm": "intact", "vegetation": "none", "transformer": false, "attachments_estimate": 0, "photos_assessed": 3, "capture_sequences": 1, "photo_shown_date": "2016-06", "latest_available_photo_date": "2016-06", "source_photo_url": "https://www.mapillary.com/app/?pKey=469720827460978&focus=photo", "nearest_osm_pole_m": null}}, {"type": "Feature", "geometry": {"type": "Point", "coordinates": [-72.282, 44.5322]}, "properties": {"id": "hard-00997", "is_utility_pole": true, "pole_type": "wood_utility", "model_flags": [], "model_watch": [], "lean": "none", "crossarm": "none_visible", "vegetation": "near", "transformer": false, "attachments_estimate": 0, "photos_assessed": 2, "capture_sequences": 2, "photo_shown_date": "2016-06", "latest_available_photo_date": "2018-07", "source_photo_url": "https://www.mapillary.com/app/?pKey=212998440667508&focus=photo", "nearest_osm_pole_m": null}}, {"type": "Feature", "geometry": {"type": "Point", "coordinates": [-72.28091, 44.533688]}, "properties": {"id": "hard-00998", "is_utility_pole": true, "pole_type": "wood_utility", "model_flags": [], "model_watch": [], "lean": "none", "crossarm": "intact", "vegetation": "near", "transformer": false, "attachments_estimate": 1, "photos_assessed": 3, "capture_sequences": 3, "photo_shown_date": "2018-07", "latest_available_photo_date": "2018-07", "source_photo_url": "https://www.mapillary.com/app/?pKey=271338631401542&focus=photo", "nearest_osm_pole_m": null}}, {"type": "Feature", "geometry": {"type": "Point", "coordinates": [-72.28098, 44.53346]}, "properties": {"id": "hard-00999", "is_utility_pole": true, "pole_type": "wood_utility", "model_flags": [], "model_watch": [], "lean": "none", "crossarm": "intact", "vegetation": "near", "transformer": false, "attachments_estimate": 1, "photos_assessed": 3, "capture_sequences": 3, "photo_shown_date": "2018-07", "latest_available_photo_date": "2018-07", "source_photo_url": "https://www.mapillary.com/app/?pKey=321494159421821&focus=photo", "nearest_osm_pole_m": null}}, {"type": "Feature", "geometry": {"type": "Point", "coordinates": [-72.28159, 44.5327]}, "properties": {"id": "hard-01000", "is_utility_pole": true, "pole_type": "wood_utility", "model_flags": [], "model_watch": ["lean_slight"], "lean": "slight", "crossarm": "intact", "vegetation": "near", "transformer": false, "attachments_estimate": 0, "photos_assessed": 2, "capture_sequences": 2, "photo_shown_date": "2018-07", "latest_available_photo_date": "2018-07", "source_photo_url": "https://www.mapillary.com/app/?pKey=335390641590876&focus=photo", "nearest_osm_pole_m": null}}, {"type": "Feature", "geometry": {"type": "Point", "coordinates": [-72.37365, 44.513584]}, "properties": {"id": "hard-01001", "is_utility_pole": true, "pole_type": "wood_utility", "model_flags": [], "model_watch": [], "lean": "none", "crossarm": "intact", "vegetation": "near", "transformer": false, "attachments_estimate": 1, "photos_assessed": 3, "capture_sequences": 2, "photo_shown_date": "2016-06", "latest_available_photo_date": "2016-06", "source_photo_url": "https://www.mapillary.com/app/?pKey=467397224361486&focus=photo", "nearest_osm_pole_m": null}}, {"type": "Feature", "geometry": {"type": "Point", "coordinates": [-72.28187, 44.532364]}, "properties": {"id": "hard-01002", "is_utility_pole": false, "pole_type": "unclear", "model_flags": [], "model_watch": [], "lean": "unclear", "crossarm": "none_visible", "vegetation": "none", "transformer": false, "attachments_estimate": 0, "photos_assessed": 2, "capture_sequences": 2, "photo_shown_date": "2016-06", "latest_available_photo_date": "2018-07", "source_photo_url": "https://www.mapillary.com/app/?pKey=298668825283852&focus=photo", "nearest_osm_pole_m": null}}, {"type": "Feature", "geometry": {"type": "Point", "coordinates": [-72.28141, 44.532925]}, "properties": {"id": "hard-01003", "is_utility_pole": true, "pole_type": "wood_utility", "model_flags": [], "model_watch": ["lean_slight"], "lean": "slight", "crossarm": "intact", "vegetation": "near", "transformer": false, "attachments_estimate": 1, "photos_assessed": 3, "capture_sequences": 3, "photo_shown_date": "2016-06", "latest_available_photo_date": "2018-07", "source_photo_url": "https://www.mapillary.com/app/?pKey=562342815170615&focus=photo", "nearest_osm_pole_m": null}}, {"type": "Feature", "geometry": {"type": "Point", "coordinates": [-72.28149, 44.532845]}, "properties": {"id": "hard-01004", "is_utility_pole": true, "pole_type": "wood_utility", "model_flags": [], "model_watch": [], "lean": "none", "crossarm": "intact", "vegetation": "near", "transformer": false, "attachments_estimate": 1, "photos_assessed": 3, "capture_sequences": 3, "photo_shown_date": "2018-07", "latest_available_photo_date": "2018-07", "source_photo_url": "https://www.mapillary.com/app/?pKey=169359561703141&focus=photo", "nearest_osm_pole_m": null}}, {"type": "Feature", "geometry": {"type": "Point", "coordinates": [-72.378136, 44.51644]}, "properties": {"id": "hard-01005", "is_utility_pole": true, "pole_type": "wood_utility", "model_flags": [], "model_watch": [], "lean": "unclear", "crossarm": "intact", "vegetation": "near", "transformer": false, "attachments_estimate": 1, "photos_assessed": 3, "capture_sequences": 3, "photo_shown_date": "2016-06", "latest_available_photo_date": "2016-06", "source_photo_url": "https://www.mapillary.com/app/?pKey=270709941463593&focus=photo", "nearest_osm_pole_m": null}}, {"type": "Feature", "geometry": {"type": "Point", "coordinates": [-72.373604, 44.51402]}, "properties": {"id": "hard-01006", "is_utility_pole": true, "pole_type": "wood_utility", "model_flags": [], "model_watch": ["lean_slight"], "lean": "slight", "crossarm": "intact", "vegetation": "near", "transformer": false, "attachments_estimate": 2, "photos_assessed": 3, "capture_sequences": 2, "photo_shown_date": "2014-06", "latest_available_photo_date": "2016-06", "source_photo_url": "https://www.mapillary.com/app/?pKey=817108859203615&focus=photo", "nearest_osm_pole_m": null}}, {"type": "Feature", "geometry": {"type": "Point", "coordinates": [-72.37857, 44.516743]}, "properties": {"id": "hard-01007", "is_utility_pole": true, "pole_type": "wood_utility", "model_flags": [], "model_watch": ["lean_slight"], "lean": "slight", "crossarm": "intact", "vegetation": "near", "transformer": false, "attachments_estimate": 1, "photos_assessed": 2, "capture_sequences": 2, "photo_shown_date": "2018-07", "latest_available_photo_date": "2018-07", "source_photo_url": "https://www.mapillary.com/app/?pKey=802048507104651&focus=photo", "nearest_osm_pole_m": null}}, {"type": "Feature", "geometry": {"type": "Point", "coordinates": [-72.374125, 44.5149005]}, "properties": {"id": "hard-01008", "is_utility_pole": true, "pole_type": "wood_utility", "model_flags": [], "model_watch": ["lean_slight"], "lean": "slight", "crossarm": "none_visible", "vegetation": "near", "transformer": false, "attachments_estimate": 1, "photos_assessed": 6, "capture_sequences": 5, "photo_shown_date": "2018-07", "latest_available_photo_date": "2018-07", "source_photo_url": "https://www.mapillary.com/app/?pKey=530148608366337&focus=photo", "nearest_osm_pole_m": null}}, {"type": "Feature", "geometry": {"type": "Point", "coordinates": [-72.36502, 44.575752]}, "properties": {"id": "hard-01009", "is_utility_pole": false, "pole_type": "unclear", "model_flags": ["vegetation"], "model_watch": [], "lean": "unclear", "crossarm": "unclear", "vegetation": "touching", "transformer": false, "attachments_estimate": 0, "photos_assessed": 1, "capture_sequences": 1, "photo_shown_date": "2014-06", "latest_available_photo_date": "2018-07", "source_photo_url": "https://www.mapillary.com/app/?pKey=232393351986765&focus=photo", "nearest_osm_pole_m": null}}, {"type": "Feature", "geometry": {"type": "Point", "coordinates": [-72.365326, 44.577595]}, "properties": {"id": "hard-01010", "is_utility_pole": true, "pole_type": "wood_utility", "model_flags": ["vegetation"], "model_watch": [], "lean": "none", "crossarm": "intact", "vegetation": "touching", "transformer": false, "attachments_estimate": 0, "photos_assessed": 3, "capture_sequences": 3, "photo_shown_date": "2018-07", "latest_available_photo_date": "2018-07", "source_photo_url": "https://www.mapillary.com/app/?pKey=188153619851808&focus=photo", "nearest_osm_pole_m": null}}, {"type": "Feature", "geometry": {"type": "Point", "coordinates": [-72.3650937, 44.574183]}, "properties": {"id": "hard-01011", "is_utility_pole": true, "pole_type": "wood_utility", "model_flags": [], "model_watch": ["lean_slight"], "lean": "slight", "crossarm": "intact", "vegetation": "near", "transformer": false, "attachments_estimate": 0, "photos_assessed": 4, "capture_sequences": 4, "photo_shown_date": "2018-06", "latest_available_photo_date": "2018-07", "source_photo_url": "https://www.mapillary.com/app/?pKey=1598075533725493&focus=photo", "nearest_osm_pole_m": null}}, {"type": "Feature", "geometry": {"type": "Point", "coordinates": [-72.3651088, 44.5737717]}, "properties": {"id": "hard-01012", "is_utility_pole": false, "pole_type": "unclear", "model_flags": ["vegetation"], "model_watch": [], "lean": "unclear", "crossarm": "none_visible", "vegetation": "touching", "transformer": false, "attachments_estimate": 0, "photos_assessed": 4, "capture_sequences": 2, "photo_shown_date": "2018-07", "latest_available_photo_date": "2018-07", "source_photo_url": "https://www.mapillary.com/app/?pKey=1667440163449551&focus=photo", "nearest_osm_pole_m": null}}, {"type": "Feature", "geometry": {"type": "Point", "coordinates": [-72.36523, 44.57678]}, "properties": {"id": "hard-01013", "is_utility_pole": true, "pole_type": "wood_utility", "model_flags": [], "model_watch": ["lean_slight"], "lean": "slight", "crossarm": "intact", "vegetation": "near", "transformer": false, "attachments_estimate": 0, "photos_assessed": 3, "capture_sequences": 3, "photo_shown_date": "2018-07", "latest_available_photo_date": "2018-07", "source_photo_url": "https://www.mapillary.com/app/?pKey=474238667182036&focus=photo", "nearest_osm_pole_m": null}}, {"type": "Feature", "geometry": {"type": "Point", "coordinates": [-72.36499, 44.575935]}, "properties": {"id": "hard-01014", "is_utility_pole": false, "pole_type": "unclear", "model_flags": [], "model_watch": [], "lean": "unclear", "crossarm": "none_visible", "vegetation": "unclear", "transformer": false, "attachments_estimate": 0, "photos_assessed": 1, "capture_sequences": 1, "photo_shown_date": "2016-07", "latest_available_photo_date": "2016-07", "source_photo_url": "https://www.mapillary.com/app/?pKey=835521730674723&focus=photo", "nearest_osm_pole_m": null}}, {"type": "Feature", "geometry": {"type": "Point", "coordinates": [-72.365158, 44.573369]}, "properties": {"id": "hard-01015", "is_utility_pole": true, "pole_type": "wood_utility", "model_flags": [], "model_watch": ["lean_slight"], "lean": "slight", "crossarm": "intact", "vegetation": "near", "transformer": false, "attachments_estimate": 0, "photos_assessed": 6, "capture_sequences": 4, "photo_shown_date": "2018-07", "latest_available_photo_date": "2018-07", "source_photo_url": "https://www.mapillary.com/app/?pKey=536254474044577&focus=photo", "nearest_osm_pole_m": null}}, {"type": "Feature", "geometry": {"type": "Point", "coordinates": [-72.36519, 44.57282]}, "properties": {"id": "hard-01016", "is_utility_pole": false, "pole_type": "unclear", "model_flags": ["vegetation"], "model_watch": [], "lean": "unclear", "crossarm": "none_visible", "vegetation": "touching", "transformer": false, "attachments_estimate": 0, "photos_assessed": 1, "capture_sequences": 1, "photo_shown_date": "2014-06", "latest_available_photo_date": "2016-07", "source_photo_url": "https://www.mapillary.com/app/?pKey=822142328736496&focus=photo", "nearest_osm_pole_m": null}}, {"type": "Feature", "geometry": {"type": "Point", "coordinates": [-72.36511, 44.576004]}, "properties": {"id": "hard-01017", "is_utility_pole": true, "pole_type": "wood_utility", "model_flags": [], "model_watch": ["lean_slight"], "lean": "slight", "crossarm": "intact", "vegetation": "near", "transformer": false, "attachments_estimate": 0, "photos_assessed": 3, "capture_sequences": 2, "photo_shown_date": "2018-07", "latest_available_photo_date": "2018-07", "source_photo_url": "https://www.mapillary.com/app/?pKey=1855159561317449&focus=photo", "nearest_osm_pole_m": null}}, {"type": "Feature", "geometry": {"type": "Point", "coordinates": [-72.36526, 44.57224]}, "properties": {"id": "hard-01018", "is_utility_pole": true, "pole_type": "wood_utility", "model_flags": [], "model_watch": [], "lean": "none", "crossarm": "intact", "vegetation": "near", "transformer": false, "attachments_estimate": 0, "photos_assessed": 3, "capture_sequences": 3, "photo_shown_date": "2018-07", "latest_available_photo_date": "2018-07", "source_photo_url": "https://www.mapillary.com/app/?pKey=2263774037091540&focus=photo", "nearest_osm_pole_m": null}}, {"type": "Feature", "geometry": {"type": "Point", "coordinates": [-72.36496, 44.575577]}, "properties": {"id": "hard-01019", "is_utility_pole": false, "pole_type": "unclear", "model_flags": [], "model_watch": [], "lean": "unclear", "crossarm": "none_visible", "vegetation": "unclear", "transformer": false, "attachments_estimate": 0, "photos_assessed": 1, "capture_sequences": 1, "photo_shown_date": "2016-07", "latest_available_photo_date": "2016-07", "source_photo_url": "https://www.mapillary.com/app/?pKey=283814683471186&focus=photo", "nearest_osm_pole_m": null}}, {"type": "Feature", "geometry": {"type": "Point", "coordinates": [-72.365005, 44.57513]}, "properties": {"id": "hard-01020", "is_utility_pole": true, "pole_type": "wood_utility", "model_flags": [], "model_watch": [], "lean": "none", "crossarm": "intact", "vegetation": "near", "transformer": false, "attachments_estimate": 0, "photos_assessed": 3, "capture_sequences": 3, "photo_shown_date": "2018-06", "latest_available_photo_date": "2018-06", "source_photo_url": "https://www.mapillary.com/app/?pKey=516861376016837&focus=photo", "nearest_osm_pole_m": null}}, {"type": "Feature", "geometry": {"type": "Point", "coordinates": [-72.36514, 44.573246]}, "properties": {"id": "hard-01021", "is_utility_pole": true, "pole_type": "wood_utility", "model_flags": ["vegetation"], "model_watch": [], "lean": "none", "crossarm": "unclear", "vegetation": "touching", "transformer": false, "attachments_estimate": 0, "photos_assessed": 1, "capture_sequences": 1, "photo_shown_date": "2014-06", "latest_available_photo_date": "2018-07", "source_photo_url": "https://www.mapillary.com/app/?pKey=161012739315670&focus=photo", "nearest_osm_pole_m": null}}, {"type": "Feature", "geometry": {"type": "Point", "coordinates": [-72.30783, 44.566376]}, "properties": {"id": "hard-01022", "is_utility_pole": true, "pole_type": "wood_utility", "model_flags": [], "model_watch": [], "lean": "none", "crossarm": "intact", "vegetation": "near", "transformer": false, "attachments_estimate": 1, "photos_assessed": 2, "capture_sequences": 1, "photo_shown_date": "2017-07", "latest_available_photo_date": "2017-07", "source_photo_url": "https://www.mapillary.com/app/?pKey=220077433002041&focus=photo", "nearest_osm_pole_m": null}}, {"type": "Feature", "geometry": {"type": "Point", "coordinates": [-72.30773, 44.566475]}, "properties": {"id": "hard-01023", "is_utility_pole": true, "pole_type": "wood_utility", "model_flags": [], "model_watch": ["lean_slight"], "lean": "slight", "crossarm": "intact", "vegetation": "near", "transformer": false, "attachments_estimate": 1, "photos_assessed": 3, "capture_sequences": 2, "photo_shown_date": "2015-07", "latest_available_photo_date": "2015-07", "source_photo_url": "https://www.mapillary.com/app/?pKey=3039319712954146&focus=photo", "nearest_osm_pole_m": null}}, {"type": "Feature", "geometry": {"type": "Point", "coordinates": [-72.30922, 44.564884]}, "properties": {"id": "hard-01024", "is_utility_pole": true, "pole_type": "wood_utility", "model_flags": ["vegetation"], "model_watch": ["lean_slight"], "lean": "slight", "crossarm": "intact", "vegetation": "touching", "transformer": false, "attachments_estimate": 1, "photos_assessed": 3, "capture_sequences": 2, "photo_shown_date": "2019-07", "latest_available_photo_date": "2019-07", "source_photo_url": "https://www.mapillary.com/app/?pKey=301245898391919&focus=photo", "nearest_osm_pole_m": null}}, {"type": "Feature", "geometry": {"type": "Point", "coordinates": [-72.30609, 44.56715]}, "properties": {"id": "hard-01025", "is_utility_pole": true, "pole_type": "wood_utility", "model_flags": [], "model_watch": [], "lean": "none", "crossarm": "none_visible", "vegetation": "none", "transformer": false, "attachments_estimate": 0, "photos_assessed": 2, "capture_sequences": 1, "photo_shown_date": "2015-07", "latest_available_photo_date": "2019-07", "source_photo_url": "https://www.mapillary.com/app/?pKey=751842065510090&focus=photo", "nearest_osm_pole_m": null}}, {"type": "Feature", "geometry": {"type": "Point", "coordinates": [-72.31017, 44.563743]}, "properties": {"id": "hard-01026", "is_utility_pole": true, "pole_type": "wood_utility", "model_flags": [], "model_watch": ["lean_slight"], "lean": "slight", "crossarm": "intact", "vegetation": "near", "transformer": false, "attachments_estimate": 1, "photos_assessed": 6, "capture_sequences": 3, "photo_shown_date": "2019-07", "latest_available_photo_date": "2019-07", "source_photo_url": "https://www.mapillary.com/app/?pKey=170251015105336&focus=photo", "nearest_osm_pole_m": null}}, {"type": "Feature", "geometry": {"type": "Point", "coordinates": [-72.309125, 44.5649985]}, "properties": {"id": "hard-01027", "is_utility_pole": true, "pole_type": "wood_utility", "model_flags": ["vegetation"], "model_watch": [], "lean": "none", "crossarm": "none_visible", "vegetation": "touching", "transformer": false, "attachments_estimate": 0, "photos_assessed": 6, "capture_sequences": 4, "photo_shown_date": "2019-07", "latest_available_photo_date": "2019-07", "source_photo_url": "https://www.mapillary.com/app/?pKey=278600140671560&focus=photo", "nearest_osm_pole_m": null}}, {"type": "Feature", "geometry": {"type": "Point", "coordinates": [-72.30826, 44.565994]}, "properties": {"id": "hard-01028", "is_utility_pole": true, "pole_type": "wood_utility", "model_flags": [], "model_watch": ["lean_slight"], "lean": "slight", "crossarm": "intact", "vegetation": "near", "transformer": false, "attachments_estimate": 0, "photos_assessed": 6, "capture_sequences": 4, "photo_shown_date": "2019-07", "latest_available_photo_date": "2019-07", "source_photo_url": "https://www.mapillary.com/app/?pKey=778294129536265&focus=photo", "nearest_osm_pole_m": null}}, {"type": "Feature", "geometry": {"type": "Point", "coordinates": [-72.30983, 44.564205]}, "properties": {"id": "hard-01029", "is_utility_pole": true, "pole_type": "wood_utility", "model_flags": [], "model_watch": ["lean_slight"], "lean": "slight", "crossarm": "intact", "vegetation": "near", "transformer": false, "attachments_estimate": 1, "photos_assessed": 6, "capture_sequences": 4, "photo_shown_date": "2019-07", "latest_available_photo_date": "2019-07", "source_photo_url": "https://www.mapillary.com/app/?pKey=527681388411829&focus=photo", "nearest_osm_pole_m": null}}, {"type": "Feature", "geometry": {"type": "Point", "coordinates": [-72.30953, 44.56444]}, "properties": {"id": "hard-01030", "is_utility_pole": true, "pole_type": "wood_utility", "model_flags": ["vegetation"], "model_watch": ["lean_slight"], "lean": "slight", "crossarm": "intact", "vegetation": "touching", "transformer": false, "attachments_estimate": 1, "photos_assessed": 6, "capture_sequences": 4, "photo_shown_date": "2019-07", "latest_available_photo_date": "2019-07", "source_photo_url": "https://www.mapillary.com/app/?pKey=1402751280106577&focus=photo", "nearest_osm_pole_m": null}}, {"type": "Feature", "geometry": {"type": "Point", "coordinates": [-72.3072, 44.5666]}, "properties": {"id": "hard-01031", "is_utility_pole": true, "pole_type": "wood_utility", "model_flags": [], "model_watch": [], "lean": "none", "crossarm": "intact", "vegetation": "near", "transformer": false, "attachments_estimate": 0, "photos_assessed": 3, "capture_sequences": 2, "photo_shown_date": "2017-07", "latest_available_photo_date": "2017-07", "source_photo_url": "https://www.mapillary.com/app/?pKey=904014253778800&focus=photo", "nearest_osm_pole_m": null}}, {"type": "Feature", "geometry": {"type": "Point", "coordinates": [-72.30958, 44.5643665]}, "properties": {"id": "hard-01032", "is_utility_pole": true, "pole_type": "wood_utility", "model_flags": ["vegetation"], "model_watch": ["lean_slight"], "lean": "slight", "crossarm": "unclear", "vegetation": "touching", "transformer": false, "attachments_estimate": 0, "photos_assessed": 6, "capture_sequences": 3, "photo_shown_date": "2015-07", "latest_available_photo_date": "2017-07", "source_photo_url": "https://www.mapillary.com/app/?pKey=135337778656212&focus=photo", "nearest_osm_pole_m": null}}, {"type": "Feature", "geometry": {"type": "Point", "coordinates": [-72.30939, 44.564663]}, "properties": {"id": "hard-01033", "is_utility_pole": false, "pole_type": "other", "model_flags": [], "model_watch": [], "lean": "unclear", "crossarm": "none_visible", "vegetation": "none", "transformer": false, "attachments_estimate": 0, "photos_assessed": 2, "capture_sequences": 2, "photo_shown_date": "2019-07", "latest_available_photo_date": "2019-07", "source_photo_url": "https://www.mapillary.com/app/?pKey=583497555955866&focus=photo", "nearest_osm_pole_m": null}}, {"type": "Feature", "geometry": {"type": "Point", "coordinates": [-72.30878, 44.56551]}, "properties": {"id": "hard-01034", "is_utility_pole": true, "pole_type": "wood_utility", "model_flags": [], "model_watch": [], "lean": "none", "crossarm": "intact", "vegetation": "near", "transformer": false, "attachments_estimate": 0, "photos_assessed": 3, "capture_sequences": 3, "photo_shown_date": "2017-07", "latest_available_photo_date": "2017-07", "source_photo_url": "https://www.mapillary.com/app/?pKey=167605548554886&focus=photo", "nearest_osm_pole_m": null}}, {"type": "Feature", "geometry": {"type": "Point", "coordinates": [-72.3093, 44.5648]}, "properties": {"id": "hard-01035", "is_utility_pole": true, "pole_type": "wood_utility", "model_flags": [], "model_watch": [], "lean": "none", "crossarm": "none_visible", "vegetation": "near", "transformer": false, "attachments_estimate": 0, "photos_assessed": 1, "capture_sequences": 1, "photo_shown_date": "2015-07", "latest_available_photo_date": "2015-07", "source_photo_url": "https://www.mapillary.com/app/?pKey=1386778908353828&focus=photo", "nearest_osm_pole_m": null}}, {"type": "Feature", "geometry": {"type": "Point", "coordinates": [-72.3648, 44.57514]}, "properties": {"id": "hard-01036", "is_utility_pole": true, "pole_type": "wood_utility", "model_flags": ["vegetation"], "model_watch": ["lean_slight"], "lean": "slight", "crossarm": "none_visible", "vegetation": "touching", "transformer": false, "attachments_estimate": 0, "photos_assessed": 3, "capture_sequences": 3, "photo_shown_date": "2016-07", "latest_available_photo_date": "2016-07", "source_photo_url": "https://www.mapillary.com/app/?pKey=1957569877739210&focus=photo", "nearest_osm_pole_m": null}}, {"type": "Feature", "geometry": {"type": "Point", "coordinates": [-72.309458, 44.564535]}, "properties": {"id": "hard-01037", "is_utility_pole": true, "pole_type": "wood_utility", "model_flags": ["vegetation"], "model_watch": [], "lean": "none", "crossarm": "intact", "vegetation": "touching", "transformer": false, "attachments_estimate": 1, "photos_assessed": 6, "capture_sequences": 5, "photo_shown_date": "2019-07", "latest_available_photo_date": "2019-07", "source_photo_url": "https://www.mapillary.com/app/?pKey=1105752286572747&focus=photo", "nearest_osm_pole_m": null}}, {"type": "Feature", "geometry": {"type": "Point", "coordinates": [-72.30991, 44.56408]}, "properties": {"id": "hard-01038", "is_utility_pole": true, "pole_type": "wood_utility", "model_flags": [], "model_watch": [], "lean": "none", "crossarm": "none_visible", "vegetation": "near", "transformer": false, "attachments_estimate": 1, "photos_assessed": 2, "capture_sequences": 2, "photo_shown_date": "2017-07", "latest_available_photo_date": "2017-07", "source_photo_url": "https://www.mapillary.com/app/?pKey=256983432839285&focus=photo", "nearest_osm_pole_m": null}}, {"type": "Feature", "geometry": {"type": "Point", "coordinates": [-72.36508, 44.573925]}, "properties": {"id": "hard-01039", "is_utility_pole": true, "pole_type": "wood_utility", "model_flags": [], "model_watch": [], "lean": "none", "crossarm": "intact", "vegetation": "near", "transformer": false, "attachments_estimate": 0, "photos_assessed": 3, "capture_sequences": 2, "photo_shown_date": "2014-06", "latest_available_photo_date": "2016-07", "source_photo_url": "https://www.mapillary.com/app/?pKey=1425093994556830&focus=photo", "nearest_osm_pole_m": null}}, {"type": "Feature", "geometry": {"type": "Point", "coordinates": [-72.30886, 44.565434]}, "properties": {"id": "hard-01040", "is_utility_pole": true, "pole_type": "wood_utility", "model_flags": [], "model_watch": [], "lean": "none", "crossarm": "intact", "vegetation": "near", "transformer": false, "attachments_estimate": 1, "photos_assessed": 3, "capture_sequences": 2, "photo_shown_date": "2017-07", "latest_available_photo_date": "2017-07", "source_photo_url": "https://www.mapillary.com/app/?pKey=2877330652488418&focus=photo", "nearest_osm_pole_m": null}}, {"type": "Feature", "geometry": {"type": "Point", "coordinates": [-72.341456, 44.5190208]}, "properties": {"id": "hard-01041", "is_utility_pole": true, "pole_type": "wood_utility", "model_flags": [], "model_watch": [], "lean": "none", "crossarm": "none_visible", "vegetation": "near", "transformer": true, "attachments_estimate": 1, "photos_assessed": 5, "capture_sequences": 3, "photo_shown_date": "2013-09", "latest_available_photo_date": "2017-07", "source_photo_url": "https://www.mapillary.com/app/?pKey=206149847992656&focus=photo", "nearest_osm_pole_m": null}}, {"type": "Feature", "geometry": {"type": "Point", "coordinates": [-72.3416, 44.51884]}, "properties": {"id": "hard-01042", "is_utility_pole": false, "pole_type": "unclear", "model_flags": [], "model_watch": [], "lean": "unclear", "crossarm": "none_visible", "vegetation": "unclear", "transformer": false, "attachments_estimate": 0, "photos_assessed": 3, "capture_sequences": 3, "photo_shown_date": "2015-07", "latest_available_photo_date": "2019-07", "source_photo_url": "https://www.mapillary.com/app/?pKey=504827747382197&focus=photo", "nearest_osm_pole_m": null}}, {"type": "Feature", "geometry": {"type": "Point", "coordinates": [-72.341602, 44.5184035]}, "properties": {"id": "hard-01043", "is_utility_pole": true, "pole_type": "wood_utility", "model_flags": [], "model_watch": ["lean_slight"], "lean": "slight", "crossarm": "none_visible", "vegetation": "near", "transformer": false, "attachments_estimate": 0, "photos_assessed": 6, "capture_sequences": 4, "photo_shown_date": "2019-07", "latest_available_photo_date": "2019-07", "source_photo_url": "https://www.mapillary.com/app/?pKey=232540811557885&focus=photo", "nearest_osm_pole_m": null}}, {"type": "Feature", "geometry": {"type": "Point", "coordinates": [-72.34132, 44.519608]}, "properties": {"id": "hard-01044", "is_utility_pole": true, "pole_type": "wood_utility", "model_flags": [], "model_watch": ["lean_slight"], "lean": "slight", "crossarm": "none_visible", "vegetation": "near", "transformer": false, "attachments_estimate": 0, "photos_assessed": 3, "capture_sequences": 3, "photo_shown_date": "2017-07", "latest_available_photo_date": "2017-07", "source_photo_url": "https://www.mapillary.com/app/?pKey=3872865979503582&focus=photo", "nearest_osm_pole_m": null}}, {"type": "Feature", "geometry": {"type": "Point", "coordinates": [-72.341576, 44.51895]}, "properties": {"id": "hard-01045", "is_utility_pole": false, "pole_type": "unclear", "model_flags": [], "model_watch": [], "lean": "unclear", "crossarm": "unclear", "vegetation": "unclear", "transformer": false, "attachments_estimate": 0, "photos_assessed": 2, "capture_sequences": 2, "photo_shown_date": "2015-07", "latest_available_photo_date": "2015-07", "source_photo_url": "https://www.mapillary.com/app/?pKey=477433466830703&focus=photo", "nearest_osm_pole_m": null}}, {"type": "Feature", "geometry": {"type": "Point", "coordinates": [-72.34082, 44.52139]}, "properties": {"id": "hard-01046", "is_utility_pole": true, "pole_type": "wood_utility", "model_flags": [], "model_watch": [], "lean": "none", "crossarm": "none_visible", "vegetation": "near", "transformer": false, "attachments_estimate": 1, "photos_assessed": 3, "capture_sequences": 3, "photo_shown_date": "2019-07", "latest_available_photo_date": "2019-07", "source_photo_url": "https://www.mapillary.com/app/?pKey=744775332886012&focus=photo", "nearest_osm_pole_m": null}}, {"type": "Feature", "geometry": {"type": "Point", "coordinates": [-72.34094, 44.520782]}, "properties": {"id": "hard-01047", "is_utility_pole": true, "pole_type": "wood_utility", "model_flags": [], "model_watch": [], "lean": "none", "crossarm": "none_visible", "vegetation": "near", "transformer": false, "attachments_estimate": 0, "photos_assessed": 3, "capture_sequences": 3, "photo_shown_date": "2019-07", "latest_available_photo_date": "2019-07", "source_photo_url": "https://www.mapillary.com/app/?pKey=139671898215512&focus=photo", "nearest_osm_pole_m": null}}, {"type": "Feature", "geometry": {"type": "Point", "coordinates": [-72.341095, 44.52021]}, "properties": {"id": "hard-01048", "is_utility_pole": true, "pole_type": "wood_utility", "model_flags": [], "model_watch": ["lean_slight"], "lean": "slight", "crossarm": "none_visible", "vegetation": "near", "transformer": false, "attachments_estimate": 0, "photos_assessed": 3, "capture_sequences": 3, "photo_shown_date": "2019-07", "latest_available_photo_date": "2019-07", "source_photo_url": "https://www.mapillary.com/app/?pKey=489797212074813&focus=photo", "nearest_osm_pole_m": null}}, {"type": "Feature", "geometry": {"type": "Point", "coordinates": [-72.37907, 44.48982]}, "properties": {"id": "hard-01049", "is_utility_pole": true, "pole_type": "wood_utility", "model_flags": [], "model_watch": ["lean_slight"], "lean": "slight", "crossarm": "intact", "vegetation": "near", "transformer": false, "attachments_estimate": 1, "photos_assessed": 3, "capture_sequences": 2, "photo_shown_date": "2016-07", "latest_available_photo_date": "2016-07", "source_photo_url": "https://www.mapillary.com/app/?pKey=182992010388808&focus=photo", "nearest_osm_pole_m": null}}, {"type": "Feature", "geometry": {"type": "Point", "coordinates": [-72.37924, 44.4895232]}, "properties": {"id": "hard-01050", "is_utility_pole": true, "pole_type": "wood_utility", "model_flags": [], "model_watch": [], "lean": "none", "crossarm": "intact", "vegetation": "none", "transformer": false, "attachments_estimate": 0, "photos_assessed": 5, "capture_sequences": 4, "photo_shown_date": "2018-07", "latest_available_photo_date": "2018-07", "source_photo_url": "https://www.mapillary.com/app/?pKey=465516614544234&focus=photo", "nearest_osm_pole_m": null}}, {"type": "Feature", "geometry": {"type": "Point", "coordinates": [-72.38091, 44.486443]}, "properties": {"id": "hard-01051", "is_utility_pole": true, "pole_type": "wood_utility", "model_flags": [], "model_watch": ["lean_slight"], "lean": "slight", "crossarm": "intact", "vegetation": "none", "transformer": false, "attachments_estimate": 0, "photos_assessed": 3, "capture_sequences": 3, "photo_shown_date": "2018-07", "latest_available_photo_date": "2018-07", "source_photo_url": "https://www.mapillary.com/app/?pKey=493036665358231&focus=photo", "nearest_osm_pole_m": null}}, {"type": "Feature", "geometry": {"type": "Point", "coordinates": [-72.38008, 44.487743]}, "properties": {"id": "hard-01052", "is_utility_pole": true, "pole_type": "wood_utility", "model_flags": ["vegetation"], "model_watch": ["lean_slight"], "lean": "slight", "crossarm": "none_visible", "vegetation": "touching", "transformer": false, "attachments_estimate": 0, "photos_assessed": 1, "capture_sequences": 1, "photo_shown_date": "2018-06", "latest_available_photo_date": "2018-06", "source_photo_url": "https://www.mapillary.com/app/?pKey=186383390028307&focus=photo", "nearest_osm_pole_m": null}}, {"type": "Feature", "geometry": {"type": "Point", "coordinates": [-72.381225, 44.4860805]}, "properties": {"id": "hard-01053", "is_utility_pole": true, "pole_type": "wood_utility", "model_flags": [], "model_watch": [], "lean": "none", "crossarm": "intact", "vegetation": "near", "transformer": false, "attachments_estimate": 0, "photos_assessed": 6, "capture_sequences": 4, "photo_shown_date": "2018-07", "latest_available_photo_date": "2018-07", "source_photo_url": "https://www.mapillary.com/app/?pKey=1237339250019091&focus=photo", "nearest_osm_pole_m": null}}, {"type": "Feature", "geometry": {"type": "Point", "coordinates": [-72.38015, 44.487476]}, "properties": {"id": "hard-01054", "is_utility_pole": true, "pole_type": "wood_utility", "model_flags": [], "model_watch": [], "lean": "none", "crossarm": "none_visible", "vegetation": "near", "transformer": false, "attachments_estimate": 0, "photos_assessed": 3, "capture_sequences": 3, "photo_shown_date": "2018-07", "latest_available_photo_date": "2018-07", "source_photo_url": "https://www.mapillary.com/app/?pKey=312926660356636&focus=photo", "nearest_osm_pole_m": null}}, {"type": "Feature", "geometry": {"type": "Point", "coordinates": [-72.379295, 44.489376]}, "properties": {"id": "hard-01055", "is_utility_pole": true, "pole_type": "wood_utility", "model_flags": [], "model_watch": ["lean_slight"], "lean": "slight", "crossarm": "intact", "vegetation": "near", "transformer": false, "attachments_estimate": 0, "photos_assessed": 3, "capture_sequences": 3, "photo_shown_date": "2016-07", "latest_available_photo_date": "2016-07", "source_photo_url": "https://www.mapillary.com/app/?pKey=317846999883962&focus=photo", "nearest_osm_pole_m": null}}, {"type": "Feature", "geometry": {"type": "Point", "coordinates": [-72.37847, 44.49079]}, "properties": {"id": "hard-01056", "is_utility_pole": true, "pole_type": "wood_utility", "model_flags": [], "model_watch": ["lean_slight"], "lean": "slight", "crossarm": "none_visible", "vegetation": "near", "transformer": false, "attachments_estimate": 1, "photos_assessed": 2, "capture_sequences": 1, "photo_shown_date": "2016-07", "latest_available_photo_date": "2016-07", "source_photo_url": "https://www.mapillary.com/app/?pKey=1392278397805883&focus=photo", "nearest_osm_pole_m": null}}, {"type": "Feature", "geometry": {"type": "Point", "coordinates": [-72.379425, 44.489178]}, "properties": {"id": "hard-01057", "is_utility_pole": true, "pole_type": "wood_utility", "model_flags": [], "model_watch": [], "lean": "none", "crossarm": "intact", "vegetation": "none", "transformer": false, "attachments_estimate": 0, "photos_assessed": 3, "capture_sequences": 3, "photo_shown_date": "2018-07", "latest_available_photo_date": "2018-07", "source_photo_url": "https://www.mapillary.com/app/?pKey=134885248705426&focus=photo", "nearest_osm_pole_m": null}}, {"type": "Feature", "geometry": {"type": "Point", "coordinates": [-72.379455, 44.489073]}, "properties": {"id": "hard-01058", "is_utility_pole": true, "pole_type": "wood_utility", "model_flags": [], "model_watch": [], "lean": "none", "crossarm": "intact", "vegetation": "near", "transformer": false, "attachments_estimate": 0, "photos_assessed": 6, "capture_sequences": 3, "photo_shown_date": "2018-07", "latest_available_photo_date": "2018-07", "source_photo_url": "https://www.mapillary.com/app/?pKey=472016664099555&focus=photo", "nearest_osm_pole_m": null}}, {"type": "Feature", "geometry": {"type": "Point", "coordinates": [-72.38135, 44.485916]}, "properties": {"id": "hard-01059", "is_utility_pole": true, "pole_type": "wood_utility", "model_flags": [], "model_watch": [], "lean": "none", "crossarm": "intact", "vegetation": "near", "transformer": false, "attachments_estimate": 1, "photos_assessed": 3, "capture_sequences": 1, "photo_shown_date": "2016-07", "latest_available_photo_date": "2016-07", "source_photo_url": "https://www.mapillary.com/app/?pKey=136410125217197&focus=photo", "nearest_osm_pole_m": null}}, {"type": "Feature", "geometry": {"type": "Point", "coordinates": [-72.38064, 44.48684]}, "properties": {"id": "hard-01060", "is_utility_pole": true, "pole_type": "wood_utility", "model_flags": [], "model_watch": ["lean_slight"], "lean": "slight", "crossarm": "none_visible", "vegetation": "near", "transformer": false, "attachments_estimate": 1, "photos_assessed": 1, "capture_sequences": 1, "photo_shown_date": "2018-06", "latest_available_photo_date": "2018-06", "source_photo_url": "https://www.mapillary.com/app/?pKey=2840136929568466&focus=photo", "nearest_osm_pole_m": null}}, {"type": "Feature", "geometry": {"type": "Point", "coordinates": [-72.37881, 44.490414]}, "properties": {"id": "hard-01061", "is_utility_pole": true, "pole_type": "wood_utility", "model_flags": [], "model_watch": ["lean_slight"], "lean": "slight", "crossarm": "intact", "vegetation": "none", "transformer": false, "attachments_estimate": 0, "photos_assessed": 3, "capture_sequences": 3, "photo_shown_date": "2018-06", "latest_available_photo_date": "2018-06", "source_photo_url": "https://www.mapillary.com/app/?pKey=489976305638321&focus=photo", "nearest_osm_pole_m": null}}, {"type": "Feature", "geometry": {"type": "Point", "coordinates": [-72.38027, 44.4875093]}, "properties": {"id": "hard-01062", "is_utility_pole": true, "pole_type": "wood_utility", "model_flags": [], "model_watch": [], "lean": "none", "crossarm": "none_visible", "vegetation": "none", "transformer": false, "attachments_estimate": 0, "photos_assessed": 4, "capture_sequences": 2, "photo_shown_date": "2018-07", "latest_available_photo_date": "2018-07", "source_photo_url": "https://www.mapillary.com/app/?pKey=312926660356636&focus=photo", "nearest_osm_pole_m": null}}, {"type": "Feature", "geometry": {"type": "Point", "coordinates": [-72.37962, 44.488785]}, "properties": {"id": "hard-01063", "is_utility_pole": true, "pole_type": "wood_utility", "model_flags": [], "model_watch": [], "lean": "none", "crossarm": "intact", "vegetation": "none", "transformer": false, "attachments_estimate": 0, "photos_assessed": 3, "capture_sequences": 3, "photo_shown_date": "2016-07", "latest_available_photo_date": "2016-07", "source_photo_url": "https://www.mapillary.com/app/?pKey=282682230223474&focus=photo", "nearest_osm_pole_m": null}}, {"type": "Feature", "geometry": {"type": "Point", "coordinates": [-72.3790125, 44.4899845]}, "properties": {"id": "hard-01064", "is_utility_pole": true, "pole_type": "wood_utility", "model_flags": [], "model_watch": [], "lean": "none", "crossarm": "intact", "vegetation": "near", "transformer": false, "attachments_estimate": 0, "photos_assessed": 4, "capture_sequences": 3, "photo_shown_date": "2018-07", "latest_available_photo_date": "2018-07", "source_photo_url": "https://www.mapillary.com/app/?pKey=512632786840367&focus=photo", "nearest_osm_pole_m": null}}, {"type": "Feature", "geometry": {"type": "Point", "coordinates": [-72.37935, 44.489292]}, "properties": {"id": "hard-01065", "is_utility_pole": true, "pole_type": "wood_utility", "model_flags": [], "model_watch": ["lean_slight"], "lean": "slight", "crossarm": "intact", "vegetation": "none", "transformer": false, "attachments_estimate": 1, "photos_assessed": 3, "capture_sequences": 2, "photo_shown_date": "2016-07", "latest_available_photo_date": "2016-07", "source_photo_url": "https://www.mapillary.com/app/?pKey=4206172396092608&focus=photo", "nearest_osm_pole_m": null}}, {"type": "Feature", "geometry": {"type": "Point", "coordinates": [-72.37992, 44.48818]}, "properties": {"id": "hard-01066", "is_utility_pole": true, "pole_type": "wood_utility", "model_flags": [], "model_watch": ["lean_slight"], "lean": "slight", "crossarm": "intact", "vegetation": "near", "transformer": false, "attachments_estimate": 1, "photos_assessed": 3, "capture_sequences": 2, "photo_shown_date": "2016-07", "latest_available_photo_date": "2016-07", "source_photo_url": "https://www.mapillary.com/app/?pKey=149316917213730&focus=photo", "nearest_osm_pole_m": null}}, {"type": "Feature", "geometry": {"type": "Point", "coordinates": [-72.37889, 44.490196]}, "properties": {"id": "hard-01067", "is_utility_pole": true, "pole_type": "wood_utility", "model_flags": [], "model_watch": ["lean_slight"], "lean": "slight", "crossarm": "intact", "vegetation": "near", "transformer": false, "attachments_estimate": 0, "photos_assessed": 1, "capture_sequences": 1, "photo_shown_date": "2016-07", "latest_available_photo_date": "2018-07", "source_photo_url": "https://www.mapillary.com/app/?pKey=4122033797891350&focus=photo", "nearest_osm_pole_m": null}}, {"type": "Feature", "geometry": {"type": "Point", "coordinates": [-72.3795, 44.48898]}, "properties": {"id": "hard-01068", "is_utility_pole": true, "pole_type": "wood_utility", "model_flags": [], "model_watch": ["lean_slight"], "lean": "slight", "crossarm": "intact", "vegetation": "near", "transformer": false, "attachments_estimate": 0, "photos_assessed": 3, "capture_sequences": 2, "photo_shown_date": "2016-07", "latest_available_photo_date": "2016-07", "source_photo_url": "https://www.mapillary.com/app/?pKey=770049827012512&focus=photo", "nearest_osm_pole_m": null}}, {"type": "Feature", "geometry": {"type": "Point", "coordinates": [-72.38078, 44.486397]}, "properties": {"id": "hard-01069", "is_utility_pole": true, "pole_type": "wood_utility", "model_flags": [], "model_watch": ["lean_slight"], "lean": "slight", "crossarm": "none_visible", "vegetation": "near", "transformer": false, "attachments_estimate": 0, "photos_assessed": 3, "capture_sequences": 3, "photo_shown_date": "2018-06", "latest_available_photo_date": "2018-06", "source_photo_url": "https://www.mapillary.com/app/?pKey=1393136754419630&focus=photo", "nearest_osm_pole_m": null}}, {"type": "Feature", "geometry": {"type": "Point", "coordinates": [-72.3805962, 44.4869633]}, "properties": {"id": "hard-01070", "is_utility_pole": true, "pole_type": "wood_utility", "model_flags": [], "model_watch": [], "lean": "none", "crossarm": "intact", "vegetation": "none", "transformer": false, "attachments_estimate": 0, "photos_assessed": 4, "capture_sequences": 4, "photo_shown_date": "2018-07", "latest_available_photo_date": "2018-07", "source_photo_url": "https://www.mapillary.com/app/?pKey=203094588204577&focus=photo", "nearest_osm_pole_m": null}}, {"type": "Feature", "geometry": {"type": "Point", "coordinates": [-72.378395, 44.49091]}, "properties": {"id": "hard-01071", "is_utility_pole": true, "pole_type": "wood_utility", "model_flags": [], "model_watch": [], "lean": "none", "crossarm": "intact", "vegetation": "near", "transformer": true, "attachments_estimate": 1, "photos_assessed": 3, "capture_sequences": 2, "photo_shown_date": "2016-07", "latest_available_photo_date": "2018-07", "source_photo_url": "https://www.mapillary.com/app/?pKey=529589944710261&focus=photo", "nearest_osm_pole_m": null}}, {"type": "Feature", "geometry": {"type": "Point", "coordinates": [-72.379135, 44.48969]}, "properties": {"id": "hard-01072", "is_utility_pole": true, "pole_type": "wood_utility", "model_flags": [], "model_watch": [], "lean": "none", "crossarm": "intact", "vegetation": "none", "transformer": false, "attachments_estimate": 0, "photos_assessed": 1, "capture_sequences": 1, "photo_shown_date": "2016-07", "latest_available_photo_date": "2016-07", "source_photo_url": "https://www.mapillary.com/app/?pKey=3617598188464533&focus=photo", "nearest_osm_pole_m": null}}, {"type": "Feature", "geometry": {"type": "Point", "coordinates": [-72.364525, 44.50608]}, "properties": {"id": "hard-01073", "is_utility_pole": true, "pole_type": "wood_utility", "model_flags": [], "model_watch": ["lean_slight"], "lean": "slight", "crossarm": "intact", "vegetation": "near", "transformer": false, "attachments_estimate": 1, "photos_assessed": 2, "capture_sequences": 2, "photo_shown_date": "2017-07", "latest_available_photo_date": "2019-07", "source_photo_url": "https://www.mapillary.com/app/?pKey=2866898956910346&focus=photo", "nearest_osm_pole_m": null}}, {"type": "Feature", "geometry": {"type": "Point", "coordinates": [-72.317085, 44.554405]}, "properties": {"id": "hard-01074", "is_utility_pole": true, "pole_type": "wood_utility", "model_flags": [], "model_watch": [], "lean": "unclear", "crossarm": "unclear", "vegetation": "near", "transformer": false, "attachments_estimate": 0, "photos_assessed": 2, "capture_sequences": 1, "photo_shown_date": "2015-07", "latest_available_photo_date": "2019-07", "source_photo_url": "https://www.mapillary.com/app/?pKey=808786270068366&focus=photo", "nearest_osm_pole_m": null}}, {"type": "Feature", "geometry": {"type": "Point", "coordinates": [-72.30242, 44.48092]}, "properties": {"id": "hard-01075", "is_utility_pole": true, "pole_type": "wood_utility", "model_flags": [], "model_watch": ["lean_slight"], "lean": "slight", "crossarm": "none_visible", "vegetation": "near", "transformer": false, "attachments_estimate": 1, "photos_assessed": 2, "capture_sequences": 1, "photo_shown_date": "2018-07", "latest_available_photo_date": "2018-07", "source_photo_url": "https://www.mapillary.com/app/?pKey=151280210349670&focus=photo", "nearest_osm_pole_m": null}}, {"type": "Feature", "geometry": {"type": "Point", "coordinates": [-72.30116, 44.47843]}, "properties": {"id": "hard-01076", "is_utility_pole": true, "pole_type": "wood_utility", "model_flags": ["vegetation"], "model_watch": [], "lean": "none", "crossarm": "none_visible", "vegetation": "touching", "transformer": false, "attachments_estimate": 0, "photos_assessed": 1, "capture_sequences": 1, "photo_shown_date": "2018-07", "latest_available_photo_date": "2018-07", "source_photo_url": "https://www.mapillary.com/app/?pKey=969013887197953&focus=photo", "nearest_osm_pole_m": null}}, {"type": "Feature", "geometry": {"type": "Point", "coordinates": [-72.37366, 44.544323]}, "properties": {"id": "hard-01077", "is_utility_pole": true, "pole_type": "wood_utility", "model_flags": [], "model_watch": ["lean_slight"], "lean": "slight", "crossarm": "intact", "vegetation": "near", "transformer": false, "attachments_estimate": 1, "photos_assessed": 3, "capture_sequences": 3, "photo_shown_date": "2018-07", "latest_available_photo_date": "2018-07", "source_photo_url": "https://www.mapillary.com/app/?pKey=947910979343060&focus=photo", "nearest_osm_pole_m": null}}, {"type": "Feature", "geometry": {"type": "Point", "coordinates": [-72.37373, 44.5439985]}, "properties": {"id": "hard-01078", "is_utility_pole": true, "pole_type": "wood_utility", "model_flags": ["vegetation"], "model_watch": ["lean_slight"], "lean": "slight", "crossarm": "intact", "vegetation": "touching", "transformer": false, "attachments_estimate": 1, "photos_assessed": 2, "capture_sequences": 1, "photo_shown_date": "2016-07", "latest_available_photo_date": "2016-07", "source_photo_url": "https://www.mapillary.com/app/?pKey=3954966607884639&focus=photo", "nearest_osm_pole_m": null}}, {"type": "Feature", "geometry": {"type": "Point", "coordinates": [-72.37347, 44.544773]}, "properties": {"id": "hard-01079", "is_utility_pole": true, "pole_type": "wood_utility", "model_flags": ["vegetation"], "model_watch": [], "lean": "none", "crossarm": "none_visible", "vegetation": "touching", "transformer": false, "attachments_estimate": 0, "photos_assessed": 1, "capture_sequences": 1, "photo_shown_date": "2016-07", "latest_available_photo_date": "2016-07", "source_photo_url": "https://www.mapillary.com/app/?pKey=207310214552758&focus=photo", "nearest_osm_pole_m": null}}, {"type": "Feature", "geometry": {"type": "Point", "coordinates": [-72.372468, 44.5471568]}, "properties": {"id": "hard-01080", "is_utility_pole": true, "pole_type": "wood_utility", "model_flags": [], "model_watch": ["lean_slight"], "lean": "slight", "crossarm": "intact", "vegetation": "near", "transformer": false, "attachments_estimate": 0, "photos_assessed": 5, "capture_sequences": 5, "photo_shown_date": "2018-06", "latest_available_photo_date": "2018-07", "source_photo_url": "https://www.mapillary.com/app/?pKey=287496443035899&focus=photo", "nearest_osm_pole_m": null}}, {"type": "Feature", "geometry": {"type": "Point", "coordinates": [-72.37274, 44.54643]}, "properties": {"id": "hard-01081", "is_utility_pole": true, "pole_type": "wood_utility", "model_flags": [], "model_watch": ["lean_slight"], "lean": "slight", "crossarm": "intact", "vegetation": "none", "transformer": false, "attachments_estimate": 1, "photos_assessed": 3, "capture_sequences": 3, "photo_shown_date": "2018-07", "latest_available_photo_date": "2018-07", "source_photo_url": "https://www.mapillary.com/app/?pKey=841396440120535&focus=photo", "nearest_osm_pole_m": null}}, {"type": "Feature", "geometry": {"type": "Point", "coordinates": [-72.37189, 44.548344]}, "properties": {"id": "hard-01082", "is_utility_pole": true, "pole_type": "wood_utility", "model_flags": [], "model_watch": ["lean_slight"], "lean": "slight", "crossarm": "intact", "vegetation": "near", "transformer": false, "attachments_estimate": 1, "photos_assessed": 1, "capture_sequences": 1, "photo_shown_date": "2016-07", "latest_available_photo_date": "2016-07", "source_photo_url": "https://www.mapillary.com/app/?pKey=336595151141526&focus=photo", "nearest_osm_pole_m": null}}, {"type": "Feature", "geometry": {"type": "Point", "coordinates": [-72.37321, 44.545567]}, "properties": {"id": "hard-01083", "is_utility_pole": true, "pole_type": "wood_utility", "model_flags": ["vegetation"], "model_watch": [], "lean": "none", "crossarm": "unclear", "vegetation": "touching", "transformer": false, "attachments_estimate": 1, "photos_assessed": 2, "capture_sequences": 2, "photo_shown_date": "2016-07", "latest_available_photo_date": "2016-07", "source_photo_url": "https://www.mapillary.com/app/?pKey=1075286636210434&focus=photo", "nearest_osm_pole_m": null}}, {"type": "Feature", "geometry": {"type": "Point", "coordinates": [-72.3722, 44.54795]}, "properties": {"id": "hard-01084", "is_utility_pole": true, "pole_type": "wood_utility", "model_flags": [], "model_watch": ["lean_slight"], "lean": "slight", "crossarm": "intact", "vegetation": "near", "transformer": false, "attachments_estimate": 1, "photos_assessed": 3, "capture_sequences": 3, "photo_shown_date": "2014-06", "latest_available_photo_date": "2018-06", "source_photo_url": "https://www.mapillary.com/app/?pKey=484170072790080&focus=photo", "nearest_osm_pole_m": null}}, {"type": "Feature", "geometry": {"type": "Point", "coordinates": [-72.372375, 44.547558]}, "properties": {"id": "hard-01085", "is_utility_pole": true, "pole_type": "wood_utility", "model_flags": [], "model_watch": ["lean_slight"], "lean": "slight", "crossarm": "intact", "vegetation": "near", "transformer": false, "attachments_estimate": 1, "photos_assessed": 1, "capture_sequences": 1, "photo_shown_date": "2018-06", "latest_available_photo_date": "2018-06", "source_photo_url": "https://www.mapillary.com/app/?pKey=144041044378331&focus=photo", "nearest_osm_pole_m": null}}, {"type": "Feature", "geometry": {"type": "Point", "coordinates": [-72.37145, 44.5487]}, "properties": {"id": "hard-01086", "is_utility_pole": true, "pole_type": "wood_utility", "model_flags": [], "model_watch": [], "lean": "none", "crossarm": "none_visible", "vegetation": "near", "transformer": false, "attachments_estimate": 0, "photos_assessed": 2, "capture_sequences": 2, "photo_shown_date": "2016-07", "latest_available_photo_date": "2016-07", "source_photo_url": "https://www.mapillary.com/app/?pKey=315753293502597&focus=photo", "nearest_osm_pole_m": null}}, {"type": "Feature", "geometry": {"type": "Point", "coordinates": [-72.3728, 44.546257]}, "properties": {"id": "hard-01087", "is_utility_pole": true, "pole_type": "wood_utility", "model_flags": [], "model_watch": ["lean_slight"], "lean": "slight", "crossarm": "intact", "vegetation": "none", "transformer": false, "attachments_estimate": 0, "photos_assessed": 3, "capture_sequences": 1, "photo_shown_date": "2016-07", "latest_available_photo_date": "2016-07", "source_photo_url": "https://www.mapillary.com/app/?pKey=994274931311324&focus=photo", "nearest_osm_pole_m": null}}, {"type": "Feature", "geometry": {"type": "Point", "coordinates": [-72.372795, 44.546356]}, "properties": {"id": "hard-01088", "is_utility_pole": true, "pole_type": "wood_utility", "model_flags": [], "model_watch": ["lean_slight"], "lean": "slight", "crossarm": "none_visible", "vegetation": "none", "transformer": false, "attachments_estimate": 0, "photos_assessed": 2, "capture_sequences": 2, "photo_shown_date": "2018-06", "latest_available_photo_date": "2018-06", "source_photo_url": "https://www.mapillary.com/app/?pKey=180066954022082&focus=photo", "nearest_osm_pole_m": null}}, {"type": "Feature", "geometry": {"type": "Point", "coordinates": [-72.372055, 44.548176]}, "properties": {"id": "hard-01089", "is_utility_pole": true, "pole_type": "wood_utility", "model_flags": [], "model_watch": [], "lean": "none", "crossarm": "intact", "vegetation": "none", "transformer": false, "attachments_estimate": 1, "photos_assessed": 3, "capture_sequences": 3, "photo_shown_date": "2018-07", "latest_available_photo_date": "2018-07", "source_photo_url": "https://www.mapillary.com/app/?pKey=479635659810639&focus=photo", "nearest_osm_pole_m": null}}, {"type": "Feature", "geometry": {"type": "Point", "coordinates": [-72.371925, 44.548576]}, "properties": {"id": "hard-01090", "is_utility_pole": true, "pole_type": "wood_utility", "model_flags": [], "model_watch": ["lean_slight"], "lean": "slight", "crossarm": "intact", "vegetation": "none", "transformer": false, "attachments_estimate": 0, "photos_assessed": 3, "capture_sequences": 1, "photo_shown_date": "2014-06", "latest_available_photo_date": "2014-06", "source_photo_url": "https://www.mapillary.com/app/?pKey=343468170443846&focus=photo", "nearest_osm_pole_m": null}}, {"type": "Feature", "geometry": {"type": "Point", "coordinates": [-72.3722747, 44.547675]}, "properties": {"id": "hard-01091", "is_utility_pole": true, "pole_type": "wood_utility", "model_flags": [], "model_watch": [], "lean": "none", "crossarm": "intact", "vegetation": "near", "transformer": false, "attachments_estimate": 1, "photos_assessed": 9, "capture_sequences": 6, "photo_shown_date": "2018-07", "latest_available_photo_date": "2018-07", "source_photo_url": "https://www.mapillary.com/app/?pKey=170443334930771&focus=photo", "nearest_osm_pole_m": null}}, {"type": "Feature", "geometry": {"type": "Point", "coordinates": [-72.37226, 44.548153]}, "properties": {"id": "hard-01092", "is_utility_pole": true, "pole_type": "wood_utility", "model_flags": ["lean"], "model_watch": [], "lean": "moderate", "crossarm": "none_visible", "vegetation": "near", "transformer": false, "attachments_estimate": 0, "photos_assessed": 3, "capture_sequences": 3, "photo_shown_date": "2018-06", "latest_available_photo_date": "2018-06", "source_photo_url": "https://www.mapillary.com/app/?pKey=472861110448589&focus=photo", "nearest_osm_pole_m": null}}, {"type": "Feature", "geometry": {"type": "Point", "coordinates": [-72.37213, 44.54807]}, "properties": {"id": "hard-01093", "is_utility_pole": true, "pole_type": "wood_utility", "model_flags": [], "model_watch": ["lean_slight"], "lean": "slight", "crossarm": "intact", "vegetation": "near", "transformer": false, "attachments_estimate": 1, "photos_assessed": 3, "capture_sequences": 2, "photo_shown_date": "2016-07", "latest_available_photo_date": "2016-07", "source_photo_url": "https://www.mapillary.com/app/?pKey=529931898013650&focus=photo", "nearest_osm_pole_m": null}}, {"type": "Feature", "geometry": {"type": "Point", "coordinates": [-72.373424, 44.5449712]}, "properties": {"id": "hard-01094", "is_utility_pole": true, "pole_type": "wood_utility", "model_flags": ["vegetation"], "model_watch": ["lean_slight"], "lean": "slight", "crossarm": "none_visible", "vegetation": "touching", "transformer": false, "attachments_estimate": 0, "photos_assessed": 5, "capture_sequences": 3, "photo_shown_date": "2018-06", "latest_available_photo_date": "2018-06", "source_photo_url": "https://www.mapillary.com/app/?pKey=131580989037195&focus=photo", "nearest_osm_pole_m": null}}, {"type": "Feature", "geometry": {"type": "Point", "coordinates": [-72.37224, 44.548244]}, "properties": {"id": "hard-01095", "is_utility_pole": true, "pole_type": "wood_utility", "model_flags": [], "model_watch": ["lean_slight"], "lean": "slight", "crossarm": "none_visible", "vegetation": "near", "transformer": false, "attachments_estimate": 1, "photos_assessed": 3, "capture_sequences": 3, "photo_shown_date": "2016-07", "latest_available_photo_date": "2016-07", "source_photo_url": "https://www.mapillary.com/app/?pKey=466211354475512&focus=photo", "nearest_osm_pole_m": null}}, {"type": "Feature", "geometry": {"type": "Point", "coordinates": [-72.31767, 44.49464]}, "properties": {"id": "hard-01096", "is_utility_pole": true, "pole_type": "wood_utility", "model_flags": [], "model_watch": [], "lean": "none", "crossarm": "none_visible", "vegetation": "near", "transformer": false, "attachments_estimate": 0, "photos_assessed": 2, "capture_sequences": 2, "photo_shown_date": "2018-07", "latest_available_photo_date": "2018-07", "source_photo_url": "https://www.mapillary.com/app/?pKey=1660929624098128&focus=photo", "nearest_osm_pole_m": null}}, {"type": "Feature", "geometry": {"type": "Point", "coordinates": [-72.30682, 44.51714]}, "properties": {"id": "hard-01097", "is_utility_pole": true, "pole_type": "wood_utility", "model_flags": ["vegetation"], "model_watch": [], "lean": "none", "crossarm": "unclear", "vegetation": "touching", "transformer": false, "attachments_estimate": 0, "photos_assessed": 1, "capture_sequences": 1, "photo_shown_date": "2016-06", "latest_available_photo_date": "2016-06", "source_photo_url": "https://www.mapillary.com/app/?pKey=538140060678419&focus=photo", "nearest_osm_pole_m": null}}, {"type": "Feature", "geometry": {"type": "Point", "coordinates": [-72.30234, 44.519005]}, "properties": {"id": "hard-01098", "is_utility_pole": true, "pole_type": "wood_utility", "model_flags": [], "model_watch": ["lean_slight"], "lean": "slight", "crossarm": "intact", "vegetation": "none", "transformer": false, "attachments_estimate": 0, "photos_assessed": 1, "capture_sequences": 1, "photo_shown_date": "2014-06", "latest_available_photo_date": "2016-06", "source_photo_url": "https://www.mapillary.com/app/?pKey=1114096319103665&focus=photo", "nearest_osm_pole_m": null}}, {"type": "Feature", "geometry": {"type": "Point", "coordinates": [-72.3057, 44.51739]}, "properties": {"id": "hard-01099", "is_utility_pole": true, "pole_type": "wood_utility", "model_flags": ["vegetation"], "model_watch": ["lean_slight"], "lean": "slight", "crossarm": "unclear", "vegetation": "touching", "transformer": false, "attachments_estimate": 1, "photos_assessed": 1, "capture_sequences": 1, "photo_shown_date": "2016-06", "latest_available_photo_date": "2016-06", "source_photo_url": "https://www.mapillary.com/app/?pKey=488057615641665&focus=photo", "nearest_osm_pole_m": null}}, {"type": "Feature", "geometry": {"type": "Point", "coordinates": [-72.30207, 44.5193727]}, "properties": {"id": "hard-01100", "is_utility_pole": true, "pole_type": "wood_utility", "model_flags": [], "model_watch": [], "lean": "unclear", "crossarm": "none_visible", "vegetation": "none", "transformer": false, "attachments_estimate": 0, "photos_assessed": 3, "capture_sequences": 3, "photo_shown_date": "2016-06", "latest_available_photo_date": "2018-07", "source_photo_url": "https://www.mapillary.com/app/?pKey=329809478559394&focus=photo", "nearest_osm_pole_m": null}}, {"type": "Feature", "geometry": {"type": "Point", "coordinates": [-72.302216, 44.519096]}, "properties": {"id": "hard-01101", "is_utility_pole": true, "pole_type": "wood_utility", "model_flags": [], "model_watch": ["lean_slight"], "lean": "slight", "crossarm": "none_visible", "vegetation": "near", "transformer": false, "attachments_estimate": 1, "photos_assessed": 3, "capture_sequences": 2, "photo_shown_date": "2018-07", "latest_available_photo_date": "2018-07", "source_photo_url": "https://www.mapillary.com/app/?pKey=489022955552106&focus=photo", "nearest_osm_pole_m": null}}, {"type": "Feature", "geometry": {"type": "Point", "coordinates": [-72.30383, 44.517914]}, "properties": {"id": "hard-01102", "is_utility_pole": true, "pole_type": "wood_utility", "model_flags": ["vegetation"], "model_watch": ["lean_slight"], "lean": "slight", "crossarm": "intact", "vegetation": "touching", "transformer": false, "attachments_estimate": 0, "photos_assessed": 3, "capture_sequences": 3, "photo_shown_date": "2018-07", "latest_available_photo_date": "2018-07", "source_photo_url": "https://www.mapillary.com/app/?pKey=232519125300949&focus=photo", "nearest_osm_pole_m": null}}, {"type": "Feature", "geometry": {"type": "Point", "coordinates": [-72.41197, 44.46548]}, "properties": {"id": "hard-01103", "is_utility_pole": true, "pole_type": "wood_utility", "model_flags": ["vegetation"], "model_watch": ["lean_slight"], "lean": "slight", "crossarm": "none_visible", "vegetation": "touching", "transformer": false, "attachments_estimate": 0, "photos_assessed": 3, "capture_sequences": 3, "photo_shown_date": "2016-07", "latest_available_photo_date": "2018-06", "source_photo_url": "https://www.mapillary.com/app/?pKey=503275581118228&focus=photo", "nearest_osm_pole_m": null}}, {"type": "Feature", "geometry": {"type": "Point", "coordinates": [-72.31928, 44.502636]}, "properties": {"id": "hard-01104", "is_utility_pole": true, "pole_type": "wood_utility", "model_flags": ["vegetation"], "model_watch": [], "lean": "none", "crossarm": "none_visible", "vegetation": "touching", "transformer": false, "attachments_estimate": 0, "photos_assessed": 3, "capture_sequences": 3, "photo_shown_date": "2016-06", "latest_available_photo_date": "2016-06", "source_photo_url": "https://www.mapillary.com/app/?pKey=1291126061285079&focus=photo", "nearest_osm_pole_m": null}}, {"type": "Feature", "geometry": {"type": "Point", "coordinates": [-72.32193, 44.50032]}, "properties": {"id": "hard-01105", "is_utility_pole": true, "pole_type": "wood_utility", "model_flags": [], "model_watch": [], "lean": "none", "crossarm": "intact", "vegetation": "near", "transformer": false, "attachments_estimate": 1, "photos_assessed": 2, "capture_sequences": 1, "photo_shown_date": "2016-06", "latest_available_photo_date": "2016-06", "source_photo_url": "https://www.mapillary.com/app/?pKey=1195345810915701&focus=photo", "nearest_osm_pole_m": null}}, {"type": "Feature", "geometry": {"type": "Point", "coordinates": [-72.31985, 44.502037]}, "properties": {"id": "hard-01106", "is_utility_pole": true, "pole_type": "wood_utility", "model_flags": [], "model_watch": ["lean_slight"], "lean": "slight", "crossarm": "none_visible", "vegetation": "none", "transformer": false, "attachments_estimate": 0, "photos_assessed": 3, "capture_sequences": 3, "photo_shown_date": "2018-07", "latest_available_photo_date": "2018-07", "source_photo_url": "https://www.mapillary.com/app/?pKey=319961902940676&focus=photo", "nearest_osm_pole_m": null}}, {"type": "Feature", "geometry": {"type": "Point", "coordinates": [-72.32245, 44.500313]}, "properties": {"id": "hard-01107", "is_utility_pole": true, "pole_type": "wood_utility", "model_flags": [], "model_watch": [], "lean": "none", "crossarm": "none_visible", "vegetation": "none", "transformer": false, "attachments_estimate": 0, "photos_assessed": 3, "capture_sequences": 3, "photo_shown_date": "2018-07", "latest_available_photo_date": "2018-07", "source_photo_url": "https://www.mapillary.com/app/?pKey=1374449506273681&focus=photo", "nearest_osm_pole_m": null}}, {"type": "Feature", "geometry": {"type": "Point", "coordinates": [-72.321, 44.500828]}, "properties": {"id": "hard-01108", "is_utility_pole": true, "pole_type": "wood_utility", "model_flags": [], "model_watch": ["lean_slight"], "lean": "slight", "crossarm": "none_visible", "vegetation": "near", "transformer": false, "attachments_estimate": 0, "photos_assessed": 3, "capture_sequences": 3, "photo_shown_date": "2018-07", "latest_available_photo_date": "2018-07", "source_photo_url": "https://www.mapillary.com/app/?pKey=4166321316763435&focus=photo", "nearest_osm_pole_m": null}}, {"type": "Feature", "geometry": {"type": "Point", "coordinates": [-72.318535, 44.503452]}, "properties": {"id": "hard-01109", "is_utility_pole": false, "pole_type": "unclear", "model_flags": ["vegetation"], "model_watch": [], "lean": "unclear", "crossarm": "none_visible", "vegetation": "touching", "transformer": false, "attachments_estimate": 0, "photos_assessed": 1, "capture_sequences": 1, "photo_shown_date": "2018-07", "latest_available_photo_date": "2018-07", "source_photo_url": "https://www.mapillary.com/app/?pKey=1673733396147127&focus=photo", "nearest_osm_pole_m": null}}, {"type": "Feature", "geometry": {"type": "Point", "coordinates": [-72.32133, 44.500668]}, "properties": {"id": "hard-01110", "is_utility_pole": true, "pole_type": "wood_utility", "model_flags": [], "model_watch": ["lean_slight"], "lean": "slight", "crossarm": "none_visible", "vegetation": "near", "transformer": false, "attachments_estimate": 0, "photos_assessed": 1, "capture_sequences": 1, "photo_shown_date": "2016-06", "latest_available_photo_date": "2016-06", "source_photo_url": "https://www.mapillary.com/app/?pKey=229847585202827&focus=photo", "nearest_osm_pole_m": null}}, {"type": "Feature", "geometry": {"type": "Point", "coordinates": [-72.32041, 44.501453]}, "properties": {"id": "hard-01111", "is_utility_pole": true, "pole_type": "concrete_or_steel_utility", "model_flags": [], "model_watch": [], "lean": "none", "crossarm": "none_visible", "vegetation": "none", "transformer": false, "attachments_estimate": 1, "photos_assessed": 3, "capture_sequences": 3, "photo_shown_date": "2018-07", "latest_available_photo_date": "2018-07", "source_photo_url": "https://www.mapillary.com/app/?pKey=836030157022811&focus=photo", "nearest_osm_pole_m": null}}, {"type": "Feature", "geometry": {"type": "Point", "coordinates": [-72.3214, 44.5006]}, "properties": {"id": "hard-01112", "is_utility_pole": true, "pole_type": "wood_utility", "model_flags": ["lean"], "model_watch": [], "lean": "moderate", "crossarm": "none_visible", "vegetation": "none", "transformer": false, "attachments_estimate": 0, "photos_assessed": 3, "capture_sequences": 3, "photo_shown_date": "2018-07", "latest_available_photo_date": "2018-07", "source_photo_url": "https://www.mapillary.com/app/?pKey=315961476763118&focus=photo", "nearest_osm_pole_m": null}}, {"type": "Feature", "geometry": {"type": "Point", "coordinates": [-72.412213, 44.521695]}, "properties": {"id": "hard-01113", "is_utility_pole": true, "pole_type": "wood_utility", "model_flags": [], "model_watch": [], "lean": "unclear", "crossarm": "unclear", "vegetation": "near", "transformer": false, "attachments_estimate": 0, "photos_assessed": 2, "capture_sequences": 2, "photo_shown_date": "2016-06", "latest_available_photo_date": "2018-07", "source_photo_url": "https://www.mapillary.com/app/?pKey=2791664431146786&focus=photo", "nearest_osm_pole_m": null}}, {"type": "Feature", "geometry": {"type": "Point", "coordinates": [-72.4105075, 44.5204275]}, "properties": {"id": "hard-01114", "is_utility_pole": true, "pole_type": "wood_utility", "model_flags": [], "model_watch": [], "lean": "none", "crossarm": "intact", "vegetation": "none", "transformer": true, "attachments_estimate": 0, "photos_assessed": 6, "capture_sequences": 5, "photo_shown_date": "2018-07", "latest_available_photo_date": "2018-07", "source_photo_url": "https://www.mapillary.com/app/?pKey=188180223170856&focus=photo", "nearest_osm_pole_m": null}}, {"type": "Feature", "geometry": {"type": "Point", "coordinates": [-72.409065, 44.51948]}, "properties": {"id": "hard-01115", "is_utility_pole": false, "pole_type": "unclear", "model_flags": [], "model_watch": [], "lean": "unclear", "crossarm": "none_visible", "vegetation": "unclear", "transformer": false, "attachments_estimate": 0, "photos_assessed": 1, "capture_sequences": 1, "photo_shown_date": "2016-06", "latest_available_photo_date": "2016-06", "source_photo_url": "https://www.mapillary.com/app/?pKey=3968846923212077&focus=photo", "nearest_osm_pole_m": null}}, {"type": "Feature", "geometry": {"type": "Point", "coordinates": [-72.409386, 44.519707]}, "properties": {"id": "hard-01116", "is_utility_pole": true, "pole_type": "wood_utility", "model_flags": [], "model_watch": ["lean_slight"], "lean": "slight", "crossarm": "intact", "vegetation": "none", "transformer": false, "attachments_estimate": 1, "photos_assessed": 3, "capture_sequences": 2, "photo_shown_date": "2018-07", "latest_available_photo_date": "2018-07", "source_photo_url": "https://www.mapillary.com/app/?pKey=201098661739782&focus=photo", "nearest_osm_pole_m": null}}, {"type": "Feature", "geometry": {"type": "Point", "coordinates": [-72.4092616, 44.519614]}, "properties": {"id": "hard-01117", "is_utility_pole": true, "pole_type": "wood_utility", "model_flags": [], "model_watch": ["lean_slight"], "lean": "slight", "crossarm": "intact", "vegetation": "none", "transformer": false, "attachments_estimate": 0, "photos_assessed": 5, "capture_sequences": 3, "photo_shown_date": "2016-06", "latest_available_photo_date": "2018-07", "source_photo_url": "https://www.mapillary.com/app/?pKey=203954658105520&focus=photo", "nearest_osm_pole_m": null}}, {"type": "Feature", "geometry": {"type": "Point", "coordinates": [-72.40976, 44.5199725]}, "properties": {"id": "hard-01118", "is_utility_pole": true, "pole_type": "wood_utility", "model_flags": [], "model_watch": [], "lean": "none", "crossarm": "none_visible", "vegetation": "near", "transformer": false, "attachments_estimate": 0, "photos_assessed": 6, "capture_sequences": 3, "photo_shown_date": "2018-07", "latest_available_photo_date": "2018-07", "source_photo_url": "https://www.mapillary.com/app/?pKey=532884008075983&focus=photo", "nearest_osm_pole_m": null}}, {"type": "Feature", "geometry": {"type": "Point", "coordinates": [-72.41073, 44.52003]}, "properties": {"id": "hard-01119", "is_utility_pole": true, "pole_type": "wood_utility", "model_flags": ["lean"], "model_watch": [], "lean": "moderate", "crossarm": "none_visible", "vegetation": "near", "transformer": false, "attachments_estimate": 0, "photos_assessed": 1, "capture_sequences": 1, "photo_shown_date": "2014-07", "latest_available_photo_date": "2014-07", "source_photo_url": "https://www.mapillary.com/app/?pKey=383306569765734&focus=photo", "nearest_osm_pole_m": null}}, {"type": "Feature", "geometry": {"type": "Point", "coordinates": [-72.41116, 44.5207595]}, "properties": {"id": "hard-01120", "is_utility_pole": true, "pole_type": "wood_utility", "model_flags": [], "model_watch": [], "lean": "none", "crossarm": "intact", "vegetation": "near", "transformer": false, "attachments_estimate": 0, "photos_assessed": 6, "capture_sequences": 3, "photo_shown_date": "2018-07", "latest_available_photo_date": "2018-07", "source_photo_url": "https://www.mapillary.com/app/?pKey=559787975408188&focus=photo", "nearest_osm_pole_m": null}}, {"type": "Feature", "geometry": {"type": "Point", "coordinates": [-72.40985, 44.520004]}, "properties": {"id": "hard-01121", "is_utility_pole": true, "pole_type": "wood_utility", "model_flags": [], "model_watch": ["lean_slight"], "lean": "slight", "crossarm": "intact", "vegetation": "none", "transformer": false, "attachments_estimate": 0, "photos_assessed": 3, "capture_sequences": 3, "photo_shown_date": "2018-07", "latest_available_photo_date": "2018-07", "source_photo_url": "https://www.mapillary.com/app/?pKey=843198052947573&focus=photo", "nearest_osm_pole_m": null}}, {"type": "Feature", "geometry": {"type": "Point", "coordinates": [-72.34622, 44.508938]}, "properties": {"id": "hard-01122", "is_utility_pole": true, "pole_type": "wood_utility", "model_flags": [], "model_watch": [], "lean": "none", "crossarm": "intact", "vegetation": "near", "transformer": false, "attachments_estimate": 0, "photos_assessed": 3, "capture_sequences": 2, "photo_shown_date": "2017-07", "latest_available_photo_date": "2017-07", "source_photo_url": "https://www.mapillary.com/app/?pKey=838606246734709&focus=photo", "nearest_osm_pole_m": null}}, {"type": "Feature", "geometry": {"type": "Point", "coordinates": [-72.3427, 44.51222]}, "properties": {"id": "hard-01123", "is_utility_pole": true, "pole_type": "wood_utility", "model_flags": [], "model_watch": [], "lean": "none", "crossarm": "none_visible", "vegetation": "none", "transformer": false, "attachments_estimate": 0, "photos_assessed": 1, "capture_sequences": 1, "photo_shown_date": "2017-07", "latest_available_photo_date": "2017-07", "source_photo_url": "https://www.mapillary.com/app/?pKey=246132937266748&focus=photo", "nearest_osm_pole_m": null}}, {"type": "Feature", "geometry": {"type": "Point", "coordinates": [-72.286835, 44.567135]}, "properties": {"id": "hard-01124", "is_utility_pole": true, "pole_type": "wood_utility", "model_flags": ["vegetation"], "model_watch": ["lean_slight"], "lean": "slight", "crossarm": "unclear", "vegetation": "touching", "transformer": false, "attachments_estimate": 0, "photos_assessed": 3, "capture_sequences": 1, "photo_shown_date": "2017-07", "latest_available_photo_date": "2017-07", "source_photo_url": "https://www.mapillary.com/app/?pKey=187675713239634&focus=photo", "nearest_osm_pole_m": null}}, {"type": "Feature", "geometry": {"type": "Point", "coordinates": [-72.41037, 44.52031]}, "properties": {"id": "hard-01125", "is_utility_pole": true, "pole_type": "wood_utility", "model_flags": [], "model_watch": [], "lean": "none", "crossarm": "intact", "vegetation": "near", "transformer": true, "attachments_estimate": 1, "photos_assessed": 1, "capture_sequences": 1, "photo_shown_date": "2016-06", "latest_available_photo_date": "2018-07", "source_photo_url": "https://www.mapillary.com/app/?pKey=768052570744029&focus=photo", "nearest_osm_pole_m": null}}, {"type": "Feature", "geometry": {"type": "Point", "coordinates": [-72.34174, 44.517918]}, "properties": {"id": "hard-01126", "is_utility_pole": true, "pole_type": "wood_utility", "model_flags": [], "model_watch": ["lean_slight"], "lean": "slight", "crossarm": "intact", "vegetation": "near", "transformer": false, "attachments_estimate": 0, "photos_assessed": 2, "capture_sequences": 2, "photo_shown_date": "2017-07", "latest_available_photo_date": "2017-07", "source_photo_url": "https://www.mapillary.com/app/?pKey=840796423485672&focus=photo", "nearest_osm_pole_m": null}}, {"type": "Feature", "geometry": {"type": "Point", "coordinates": [-72.34172, 44.51782]}, "properties": {"id": "hard-01127", "is_utility_pole": true, "pole_type": "wood_utility", "model_flags": [], "model_watch": ["lean_slight"], "lean": "slight", "crossarm": "intact", "vegetation": "near", "transformer": true, "attachments_estimate": 1, "photos_assessed": 3, "capture_sequences": 2, "photo_shown_date": "2019-07", "latest_available_photo_date": "2019-07", "source_photo_url": "https://www.mapillary.com/app/?pKey=309452444221110&focus=photo", "nearest_osm_pole_m": null}}, {"type": "Feature", "geometry": {"type": "Point", "coordinates": [-72.34216, 44.513973]}, "properties": {"id": "hard-01128", "is_utility_pole": true, "pole_type": "wood_utility", "model_flags": [], "model_watch": [], "lean": "none", "crossarm": "none_visible", "vegetation": "none", "transformer": false, "attachments_estimate": 1, "photos_assessed": 3, "capture_sequences": 3, "photo_shown_date": "2019-07", "latest_available_photo_date": "2019-07", "source_photo_url": "https://www.mapillary.com/app/?pKey=145741234208449&focus=photo", "nearest_osm_pole_m": null}}, {"type": "Feature", "geometry": {"type": "Point", "coordinates": [-72.34161, 44.51824]}, "properties": {"id": "hard-01129", "is_utility_pole": true, "pole_type": "wood_utility", "model_flags": [], "model_watch": ["lean_slight"], "lean": "slight", "crossarm": "intact", "vegetation": "near", "transformer": false, "attachments_estimate": 0, "photos_assessed": 3, "capture_sequences": 1, "photo_shown_date": "2017-07", "latest_available_photo_date": "2017-07", "source_photo_url": "https://www.mapillary.com/app/?pKey=3767348216728318&focus=photo", "nearest_osm_pole_m": null}}, {"type": "Feature", "geometry": {"type": "Point", "coordinates": [-72.341805, 44.517277]}, "properties": {"id": "hard-01130", "is_utility_pole": true, "pole_type": "wood_utility", "model_flags": [], "model_watch": [], "lean": "none", "crossarm": "intact", "vegetation": "none", "transformer": false, "attachments_estimate": 1, "photos_assessed": 3, "capture_sequences": 2, "photo_shown_date": "2015-07", "latest_available_photo_date": "2015-07", "source_photo_url": "https://www.mapillary.com/app/?pKey=184343603475911&focus=photo", "nearest_osm_pole_m": null}}, {"type": "Feature", "geometry": {"type": "Point", "coordinates": [-72.341805, 44.517605]}, "properties": {"id": "hard-01131", "is_utility_pole": true, "pole_type": "wood_utility", "model_flags": [], "model_watch": [], "lean": "none", "crossarm": "intact", "vegetation": "none", "transformer": false, "attachments_estimate": 0, "photos_assessed": 3, "capture_sequences": 2, "photo_shown_date": "2015-07", "latest_available_photo_date": "2015-07", "source_photo_url": "https://www.mapillary.com/app/?pKey=2579048175738009&focus=photo", "nearest_osm_pole_m": null}}, {"type": "Feature", "geometry": {"type": "Point", "coordinates": [-72.34175, 44.517715]}, "properties": {"id": "hard-01132", "is_utility_pole": true, "pole_type": "wood_utility", "model_flags": [], "model_watch": [], "lean": "none", "crossarm": "intact", "vegetation": "none", "transformer": false, "attachments_estimate": 1, "photos_assessed": 3, "capture_sequences": 2, "photo_shown_date": "2015-07", "latest_available_photo_date": "2015-07", "source_photo_url": "https://www.mapillary.com/app/?pKey=3016800891799432&focus=photo", "nearest_osm_pole_m": null}}, {"type": "Feature", "geometry": {"type": "Point", "coordinates": [-72.34205, 44.51514]}, "properties": {"id": "hard-01133", "is_utility_pole": true, "pole_type": "wood_utility", "model_flags": [], "model_watch": [], "lean": "none", "crossarm": "intact", "vegetation": "near", "transformer": true, "attachments_estimate": 1, "photos_assessed": 3, "capture_sequences": 3, "photo_shown_date": "2015-07", "latest_available_photo_date": "2015-07", "source_photo_url": "https://www.mapillary.com/app/?pKey=205997601365484&focus=photo", "nearest_osm_pole_m": null}}, {"type": "Feature", "geometry": {"type": "Point", "coordinates": [-72.34209, 44.51541]}, "properties": {"id": "hard-01134", "is_utility_pole": false, "pole_type": "unclear", "model_flags": [], "model_watch": [], "lean": "unclear", "crossarm": "unclear", "vegetation": "unclear", "transformer": false, "attachments_estimate": 0, "photos_assessed": 2, "capture_sequences": 2, "photo_shown_date": "2017-07", "latest_available_photo_date": "2017-07", "source_photo_url": "https://www.mapillary.com/app/?pKey=296162721871040&focus=photo", "nearest_osm_pole_m": null}}, {"type": "Feature", "geometry": {"type": "Point", "coordinates": [-72.2670529, 44.5508401]}, "properties": {"id": "hard-01135", "is_utility_pole": true, "pole_type": "wood_utility", "model_flags": ["vegetation"], "model_watch": ["lean_slight"], "lean": "slight", "crossarm": "none_visible", "vegetation": "touching", "transformer": false, "attachments_estimate": 1, "photos_assessed": 7, "capture_sequences": 1, "photo_shown_date": "2019-07", "latest_available_photo_date": "2019-07", "source_photo_url": "https://www.mapillary.com/app/?pKey=1159944331095895&focus=photo", "nearest_osm_pole_m": null}}, {"type": "Feature", "geometry": {"type": "Point", "coordinates": [-72.34228, 44.514908]}, "properties": {"id": "hard-01136", "is_utility_pole": false, "pole_type": "unclear", "model_flags": [], "model_watch": [], "lean": "unclear", "crossarm": "none_visible", "vegetation": "unclear", "transformer": false, "attachments_estimate": 0, "photos_assessed": 3, "capture_sequences": 3, "photo_shown_date": "2017-07", "latest_available_photo_date": "2017-07", "source_photo_url": "https://www.mapillary.com/app/?pKey=477347253371590&focus=photo", "nearest_osm_pole_m": null}}, {"type": "Feature", "geometry": {"type": "Point", "coordinates": [-72.3415, 44.51894]}, "properties": {"id": "hard-01137", "is_utility_pole": true, "pole_type": "wood_utility", "model_flags": ["vegetation"], "model_watch": [], "lean": "none", "crossarm": "none_visible", "vegetation": "touching", "transformer": false, "attachments_estimate": 1, "photos_assessed": 3, "capture_sequences": 3, "photo_shown_date": "2015-07", "latest_available_photo_date": "2015-07", "source_photo_url": "https://www.mapillary.com/app/?pKey=943783153065268&focus=photo", "nearest_osm_pole_m": null}}, {"type": "Feature", "geometry": {"type": "Point", "coordinates": [-72.34222, 44.513405]}, "properties": {"id": "hard-01138", "is_utility_pole": true, "pole_type": "wood_utility", "model_flags": ["vegetation"], "model_watch": ["lean_slight"], "lean": "slight", "crossarm": "none_visible", "vegetation": "touching", "transformer": false, "attachments_estimate": 0, "photos_assessed": 3, "capture_sequences": 3, "photo_shown_date": "2015-07", "latest_available_photo_date": "2015-07", "source_photo_url": "https://www.mapillary.com/app/?pKey=830815701142001&focus=photo", "nearest_osm_pole_m": null}}, {"type": "Feature", "geometry": {"type": "Point", "coordinates": [-72.34206, 44.51525]}, "properties": {"id": "hard-01139", "is_utility_pole": false, "pole_type": "unclear", "model_flags": ["vegetation"], "model_watch": [], "lean": "unclear", "crossarm": "none_visible", "vegetation": "touching", "transformer": false, "attachments_estimate": 0, "photos_assessed": 3, "capture_sequences": 3, "photo_shown_date": "2019-07", "latest_available_photo_date": "2019-07", "source_photo_url": "https://www.mapillary.com/app/?pKey=472250530507322&focus=photo", "nearest_osm_pole_m": null}}, {"type": "Feature", "geometry": {"type": "Point", "coordinates": [-72.3421, 44.51452]}, "properties": {"id": "hard-01140", "is_utility_pole": true, "pole_type": "wood_utility", "model_flags": [], "model_watch": [], "lean": "none", "crossarm": "none_visible", "vegetation": "none", "transformer": false, "attachments_estimate": 1, "photos_assessed": 3, "capture_sequences": 3, "photo_shown_date": "2019-07", "latest_available_photo_date": "2019-07", "source_photo_url": "https://www.mapillary.com/app/?pKey=146129537547623&focus=photo", "nearest_osm_pole_m": null}}, {"type": "Feature", "geometry": {"type": "Point", "coordinates": [-72.29531, 44.57595]}, "properties": {"id": "hard-01141", "is_utility_pole": true, "pole_type": "wood_utility", "model_flags": [], "model_watch": [], "lean": "none", "crossarm": "none_visible", "vegetation": "near", "transformer": false, "attachments_estimate": 1, "photos_assessed": 3, "capture_sequences": 3, "photo_shown_date": "2019-07", "latest_available_photo_date": "2019-07", "source_photo_url": "https://www.mapillary.com/app/?pKey=856061228453672&focus=photo", "nearest_osm_pole_m": null}}, {"type": "Feature", "geometry": {"type": "Point", "coordinates": [-72.40767, 44.46819]}, "properties": {"id": "hard-01142", "is_utility_pole": true, "pole_type": "wood_utility", "model_flags": ["vegetation"], "model_watch": [], "lean": "none", "crossarm": "intact", "vegetation": "touching", "transformer": false, "attachments_estimate": 0, "photos_assessed": 2, "capture_sequences": 2, "photo_shown_date": "2018-07", "latest_available_photo_date": "2018-07", "source_photo_url": "https://www.mapillary.com/app/?pKey=382496496459370&focus=photo", "nearest_osm_pole_m": null}}, {"type": "Feature", "geometry": {"type": "Point", "coordinates": [-72.40779, 44.46814]}, "properties": {"id": "hard-01143", "is_utility_pole": true, "pole_type": "wood_utility", "model_flags": [], "model_watch": ["lean_slight"], "lean": "slight", "crossarm": "intact", "vegetation": "near", "transformer": false, "attachments_estimate": 0, "photos_assessed": 2, "capture_sequences": 2, "photo_shown_date": "2014-07", "latest_available_photo_date": "2018-07", "source_photo_url": "https://www.mapillary.com/app/?pKey=1619019928283799&focus=photo", "nearest_osm_pole_m": null}}, {"type": "Feature", "geometry": {"type": "Point", "coordinates": [-72.40408, 44.46994]}, "properties": {"id": "hard-01144", "is_utility_pole": true, "pole_type": "wood_utility", "model_flags": ["vegetation"], "model_watch": ["lean_slight"], "lean": "slight", "crossarm": "none_visible", "vegetation": "touching", "transformer": false, "attachments_estimate": 0, "photos_assessed": 2, "capture_sequences": 2, "photo_shown_date": "2016-07", "latest_available_photo_date": "2018-06", "source_photo_url": "https://www.mapillary.com/app/?pKey=317525170011302&focus=photo", "nearest_osm_pole_m": null}}, {"type": "Feature", "geometry": {"type": "Point", "coordinates": [-72.40509, 44.46928]}, "properties": {"id": "hard-01145", "is_utility_pole": true, "pole_type": "wood_utility", "model_flags": ["vegetation"], "model_watch": [], "lean": "none", "crossarm": "none_visible", "vegetation": "touching", "transformer": false, "attachments_estimate": 1, "photos_assessed": 2, "capture_sequences": 2, "photo_shown_date": "2016-07", "latest_available_photo_date": "2018-06", "source_photo_url": "https://www.mapillary.com/app/?pKey=956365645124775&focus=photo", "nearest_osm_pole_m": null}}, {"type": "Feature", "geometry": {"type": "Point", "coordinates": [-72.40919, 44.519558]}, "properties": {"id": "hard-01146", "is_utility_pole": true, "pole_type": "wood_utility", "model_flags": [], "model_watch": ["lean_slight"], "lean": "slight", "crossarm": "none_visible", "vegetation": "near", "transformer": false, "attachments_estimate": 0, "photos_assessed": 1, "capture_sequences": 1, "photo_shown_date": "2018-07", "latest_available_photo_date": "2018-07", "source_photo_url": "https://www.mapillary.com/app/?pKey=385403319499220&focus=photo", "nearest_osm_pole_m": null}}, {"type": "Feature", "geometry": {"type": "Point", "coordinates": [-72.40749, 44.468185]}, "properties": {"id": "hard-01147", "is_utility_pole": true, "pole_type": "wood_utility", "model_flags": ["vegetation"], "model_watch": [], "lean": "none", "crossarm": "intact", "vegetation": "touching", "transformer": false, "attachments_estimate": 1, "photos_assessed": 3, "capture_sequences": 2, "photo_shown_date": "2018-07", "latest_available_photo_date": "2018-07", "source_photo_url": "https://www.mapillary.com/app/?pKey=3037752023107784&focus=photo", "nearest_osm_pole_m": null}}, {"type": "Feature", "geometry": {"type": "Point", "coordinates": [-72.341225, 44.5027]}, "properties": {"id": "hard-01148", "is_utility_pole": false, "pole_type": "unclear", "model_flags": ["vegetation"], "model_watch": [], "lean": "unclear", "crossarm": "unclear", "vegetation": "touching", "transformer": false, "attachments_estimate": 0, "photos_assessed": 1, "capture_sequences": 1, "photo_shown_date": "2014-07", "latest_available_photo_date": "2016-06", "source_photo_url": "https://www.mapillary.com/app/?pKey=533747571322205&focus=photo", "nearest_osm_pole_m": null}}, {"type": "Feature", "geometry": {"type": "Point", "coordinates": [-72.33849, 44.50286]}, "properties": {"id": "hard-01149", "is_utility_pole": false, "pole_type": "other", "model_flags": [], "model_watch": [], "lean": "unclear", "crossarm": "none_visible", "vegetation": "unclear", "transformer": false, "attachments_estimate": 0, "photos_assessed": 1, "capture_sequences": 1, "photo_shown_date": "2014-07", "latest_available_photo_date": "2014-07", "source_photo_url": "https://www.mapillary.com/app/?pKey=485665799409217&focus=photo", "nearest_osm_pole_m": null}}, {"type": "Feature", "geometry": {"type": "Point", "coordinates": [-72.31772, 44.506622]}, "properties": {"id": "hard-01150", "is_utility_pole": true, "pole_type": "wood_utility", "model_flags": [], "model_watch": [], "lean": "none", "crossarm": "none_visible", "vegetation": "near", "transformer": false, "attachments_estimate": 0, "photos_assessed": 3, "capture_sequences": 3, "photo_shown_date": "2018-07", "latest_available_photo_date": "2018-07", "source_photo_url": "https://www.mapillary.com/app/?pKey=2795460810784444&focus=photo", "nearest_osm_pole_m": null}}, {"type": "Feature", "geometry": {"type": "Point", "coordinates": [-72.31735, 44.507854]}, "properties": {"id": "hard-01151", "is_utility_pole": true, "pole_type": "wood_utility", "model_flags": [], "model_watch": [], "lean": "none", "crossarm": "none_visible", "vegetation": "near", "transformer": false, "attachments_estimate": 0, "photos_assessed": 2, "capture_sequences": 2, "photo_shown_date": "2018-07", "latest_available_photo_date": "2018-07", "source_photo_url": "https://www.mapillary.com/app/?pKey=545438906457090&focus=photo", "nearest_osm_pole_m": null}}, {"type": "Feature", "geometry": {"type": "Point", "coordinates": [-72.317642, 44.507434]}, "properties": {"id": "hard-01152", "is_utility_pole": true, "pole_type": "wood_utility", "model_flags": [], "model_watch": ["lean_slight"], "lean": "slight", "crossarm": "none_visible", "vegetation": "unclear", "transformer": false, "attachments_estimate": 0, "photos_assessed": 5, "capture_sequences": 5, "photo_shown_date": "2018-07", "latest_available_photo_date": "2018-07", "source_photo_url": "https://www.mapillary.com/app/?pKey=538584893981989&focus=photo", "nearest_osm_pole_m": null}}, {"type": "Feature", "geometry": {"type": "Point", "coordinates": [-72.317005, 44.5545405]}, "properties": {"id": "hard-01153", "is_utility_pole": true, "pole_type": "wood_utility", "model_flags": ["vegetation"], "model_watch": [], "lean": "none", "crossarm": "none_visible", "vegetation": "touching", "transformer": false, "attachments_estimate": 0, "photos_assessed": 6, "capture_sequences": 4, "photo_shown_date": "2019-07", "latest_available_photo_date": "2019-07", "source_photo_url": "https://www.mapillary.com/app/?pKey=851469138822315&focus=photo", "nearest_osm_pole_m": null}}, {"type": "Feature", "geometry": {"type": "Point", "coordinates": [-72.29703, 44.583294]}, "properties": {"id": "hard-01154", "is_utility_pole": true, "pole_type": "wood_utility", "model_flags": [], "model_watch": ["lean_slight"], "lean": "slight", "crossarm": "intact", "vegetation": "near", "transformer": false, "attachments_estimate": 0, "photos_assessed": 3, "capture_sequences": 1, "photo_shown_date": "2017-07", "latest_available_photo_date": "2017-07", "source_photo_url": "https://www.mapillary.com/app/?pKey=507293783740989&focus=photo", "nearest_osm_pole_m": null}}, {"type": "Feature", "geometry": {"type": "Point", "coordinates": [-72.29716, 44.5837243]}, "properties": {"id": "hard-01155", "is_utility_pole": true, "pole_type": "wood_utility", "model_flags": ["vegetation"], "model_watch": ["lean_slight"], "lean": "slight", "crossarm": "intact", "vegetation": "touching", "transformer": false, "attachments_estimate": 0, "photos_assessed": 4, "capture_sequences": 3, "photo_shown_date": "2019-07", "latest_available_photo_date": "2019-07", "source_photo_url": "https://www.mapillary.com/app/?pKey=805761463703308&focus=photo", "nearest_osm_pole_m": null}}, {"type": "Feature", "geometry": {"type": "Point", "coordinates": [-72.3169025, 44.554587]}, "properties": {"id": "hard-01156", "is_utility_pole": true, "pole_type": "wood_utility", "model_flags": ["vegetation"], "model_watch": [], "lean": "none", "crossarm": "none_visible", "vegetation": "touching", "transformer": false, "attachments_estimate": 0, "photos_assessed": 4, "capture_sequences": 2, "photo_shown_date": "2015-07", "latest_available_photo_date": "2015-07", "source_photo_url": "https://www.mapillary.com/app/?pKey=1193985837729892&focus=photo", "nearest_osm_pole_m": null}}, {"type": "Feature", "geometry": {"type": "Point", "coordinates": [-72.30128, 44.521053]}, "properties": {"id": "hard-01157", "is_utility_pole": true, "pole_type": "wood_utility", "model_flags": ["vegetation"], "model_watch": ["lean_slight"], "lean": "slight", "crossarm": "unclear", "vegetation": "touching", "transformer": false, "attachments_estimate": 0, "photos_assessed": 2, "capture_sequences": 1, "photo_shown_date": "2016-06", "latest_available_photo_date": "2018-07", "source_photo_url": "https://www.mapillary.com/app/?pKey=932643190907487&focus=photo", "nearest_osm_pole_m": null}}, {"type": "Feature", "geometry": {"type": "Point", "coordinates": [-72.30013, 44.521828]}, "properties": {"id": "hard-01158", "is_utility_pole": true, "pole_type": "wood_utility", "model_flags": ["vegetation"], "model_watch": ["lean_slight"], "lean": "slight", "crossarm": "intact", "vegetation": "touching", "transformer": false, "attachments_estimate": 0, "photos_assessed": 3, "capture_sequences": 3, "photo_shown_date": "2016-06", "latest_available_photo_date": "2016-06", "source_photo_url": "https://www.mapillary.com/app/?pKey=327712555496380&focus=photo", "nearest_osm_pole_m": null}}, {"type": "Feature", "geometry": {"type": "Point", "coordinates": [-72.30152, 44.520924]}, "properties": {"id": "hard-01159", "is_utility_pole": true, "pole_type": "wood_utility", "model_flags": ["vegetation"], "model_watch": ["lean_slight"], "lean": "slight", "crossarm": "unclear", "vegetation": "touching", "transformer": false, "attachments_estimate": 0, "photos_assessed": 3, "capture_sequences": 2, "photo_shown_date": "2018-07", "latest_available_photo_date": "2018-07", "source_photo_url": "https://www.mapillary.com/app/?pKey=272617334590504&focus=photo", "nearest_osm_pole_m": null}}, {"type": "Feature", "geometry": {"type": "Point", "coordinates": [-72.30157, 44.519943]}, "properties": {"id": "hard-01160", "is_utility_pole": true, "pole_type": "wood_utility", "model_flags": [], "model_watch": [], "lean": "none", "crossarm": "none_visible", "vegetation": "near", "transformer": false, "attachments_estimate": 0, "photos_assessed": 3, "capture_sequences": 2, "photo_shown_date": "2016-06", "latest_available_photo_date": "2016-06", "source_photo_url": "https://www.mapillary.com/app/?pKey=566804201391934&focus=photo", "nearest_osm_pole_m": null}}, {"type": "Feature", "geometry": {"type": "Point", "coordinates": [-72.3649625, 44.574802]}, "properties": {"id": "hard-01161", "is_utility_pole": false, "pole_type": "unclear", "model_flags": [], "model_watch": [], "lean": "unclear", "crossarm": "none_visible", "vegetation": "unclear", "transformer": false, "attachments_estimate": 0, "photos_assessed": 2, "capture_sequences": 1, "photo_shown_date": "2016-07", "latest_available_photo_date": "2016-07", "source_photo_url": "https://www.mapillary.com/app/?pKey=219472196402489&focus=photo", "nearest_osm_pole_m": null}}, {"type": "Feature", "geometry": {"type": "Point", "coordinates": [-72.36522, 44.572536]}, "properties": {"id": "hard-01162", "is_utility_pole": false, "pole_type": "unclear", "model_flags": ["vegetation"], "model_watch": [], "lean": "unclear", "crossarm": "none_visible", "vegetation": "touching", "transformer": false, "attachments_estimate": 0, "photos_assessed": 1, "capture_sequences": 1, "photo_shown_date": "2018-06", "latest_available_photo_date": "2018-06", "source_photo_url": "https://www.mapillary.com/app/?pKey=311442343880985&focus=photo", "nearest_osm_pole_m": null}}, {"type": "Feature", "geometry": {"type": "Point", "coordinates": [-72.365166, 44.57409]}, "properties": {"id": "hard-01163", "is_utility_pole": true, "pole_type": "wood_utility", "model_flags": [], "model_watch": [], "lean": "none", "crossarm": "none_visible", "vegetation": "near", "transformer": false, "attachments_estimate": 0, "photos_assessed": 2, "capture_sequences": 2, "photo_shown_date": "2014-06", "latest_available_photo_date": "2016-07", "source_photo_url": "https://www.mapillary.com/app/?pKey=1077792372709685&focus=photo", "nearest_osm_pole_m": null}}, {"type": "Feature", "geometry": {"type": "Point", "coordinates": [-72.3652, 44.57357]}, "properties": {"id": "hard-01164", "is_utility_pole": false, "pole_type": "unclear", "model_flags": ["vegetation"], "model_watch": [], "lean": "unclear", "crossarm": "none_visible", "vegetation": "touching", "transformer": false, "attachments_estimate": 0, "photos_assessed": 1, "capture_sequences": 1, "photo_shown_date": "2018-06", "latest_available_photo_date": "2018-06", "source_photo_url": "https://www.mapillary.com/app/?pKey=472980183991981&focus=photo", "nearest_osm_pole_m": null}}, {"type": "Feature", "geometry": {"type": "Point", "coordinates": [-72.3652, 44.573917]}, "properties": {"id": "hard-01165", "is_utility_pole": true, "pole_type": "wood_utility", "model_flags": [], "model_watch": [], "lean": "unclear", "crossarm": "none_visible", "vegetation": "near", "transformer": false, "attachments_estimate": 0, "photos_assessed": 2, "capture_sequences": 2, "photo_shown_date": "2016-07", "latest_available_photo_date": "2016-07", "source_photo_url": "https://www.mapillary.com/app/?pKey=305353424509438&focus=photo", "nearest_osm_pole_m": null}}, {"type": "Feature", "geometry": {"type": "Point", "coordinates": [-72.31345, 44.55939]}, "properties": {"id": "hard-01166", "is_utility_pole": true, "pole_type": "wood_utility", "model_flags": ["vegetation"], "model_watch": [], "lean": "none", "crossarm": "intact", "vegetation": "touching", "transformer": false, "attachments_estimate": 0, "photos_assessed": 3, "capture_sequences": 2, "photo_shown_date": "2019-07", "latest_available_photo_date": "2019-07", "source_photo_url": "https://www.mapillary.com/app/?pKey=2762827210696868&focus=photo", "nearest_osm_pole_m": null}}, {"type": "Feature", "geometry": {"type": "Point", "coordinates": [-72.37189, 44.497883]}, "properties": {"id": "hard-01167", "is_utility_pole": true, "pole_type": "wood_utility", "model_flags": [], "model_watch": ["lean_slight"], "lean": "slight", "crossarm": "none_visible", "vegetation": "near", "transformer": false, "attachments_estimate": 1, "photos_assessed": 1, "capture_sequences": 1, "photo_shown_date": "2018-07", "latest_available_photo_date": "2018-07", "source_photo_url": "https://www.mapillary.com/app/?pKey=509638733518001&focus=photo", "nearest_osm_pole_m": null}}, {"type": "Feature", "geometry": {"type": "Point", "coordinates": [-72.37158, 44.49812]}, "properties": {"id": "hard-01168", "is_utility_pole": true, "pole_type": "wood_utility", "model_flags": [], "model_watch": [], "lean": "none", "crossarm": "intact", "vegetation": "near", "transformer": false, "attachments_estimate": 1, "photos_assessed": 2, "capture_sequences": 2, "photo_shown_date": "2018-07", "latest_available_photo_date": "2018-07", "source_photo_url": "https://www.mapillary.com/app/?pKey=321557622652921&focus=photo", "nearest_osm_pole_m": null}}, {"type": "Feature", "geometry": {"type": "Point", "coordinates": [-72.36924, 44.503418]}, "properties": {"id": "hard-01169", "is_utility_pole": true, "pole_type": "wood_utility", "model_flags": ["vegetation"], "model_watch": [], "lean": "none", "crossarm": "none_visible", "vegetation": "touching", "transformer": false, "attachments_estimate": 0, "photos_assessed": 3, "capture_sequences": 2, "photo_shown_date": "2018-06", "latest_available_photo_date": "2018-06", "source_photo_url": "https://www.mapillary.com/app/?pKey=893139747901789&focus=photo", "nearest_osm_pole_m": null}}, {"type": "Feature", "geometry": {"type": "Point", "coordinates": [-72.37199, 44.501507]}, "properties": {"id": "hard-01170", "is_utility_pole": true, "pole_type": "wood_utility", "model_flags": ["vegetation"], "model_watch": ["lean_slight"], "lean": "slight", "crossarm": "intact", "vegetation": "touching", "transformer": false, "attachments_estimate": 2, "photos_assessed": 1, "capture_sequences": 1, "photo_shown_date": "2018-06", "latest_available_photo_date": "2018-06", "source_photo_url": "https://www.mapillary.com/app/?pKey=822638838352053&focus=photo", "nearest_osm_pole_m": null}}, {"type": "Feature", "geometry": {"type": "Point", "coordinates": [-72.36941, 44.503272]}, "properties": {"id": "hard-01171", "is_utility_pole": false, "pole_type": "wood_utility", "model_flags": [], "model_watch": [], "lean": "unclear", "crossarm": "none_visible", "vegetation": "near", "transformer": false, "attachments_estimate": 0, "photos_assessed": 6, "capture_sequences": 3, "photo_shown_date": "2018-06", "latest_available_photo_date": "2018-06", "source_photo_url": "https://www.mapillary.com/app/?pKey=1179875782459506&focus=photo", "nearest_osm_pole_m": null}}, {"type": "Feature", "geometry": {"type": "Point", "coordinates": [-72.369576, 44.503258]}, "properties": {"id": "hard-01172", "is_utility_pole": false, "pole_type": "unclear", "model_flags": [], "model_watch": [], "lean": "unclear", "crossarm": "none_visible", "vegetation": "unclear", "transformer": false, "attachments_estimate": 0, "photos_assessed": 3, "capture_sequences": 3, "photo_shown_date": "2014-07", "latest_available_photo_date": "2018-06", "source_photo_url": "https://www.mapillary.com/app/?pKey=2608405479455298&focus=photo", "nearest_osm_pole_m": null}}, {"type": "Feature", "geometry": {"type": "Point", "coordinates": [-72.369908, 44.503017]}, "properties": {"id": "hard-01173", "is_utility_pole": true, "pole_type": "wood_utility", "model_flags": [], "model_watch": ["lean_slight"], "lean": "slight", "crossarm": "none_visible", "vegetation": "near", "transformer": false, "attachments_estimate": 2, "photos_assessed": 6, "capture_sequences": 3, "photo_shown_date": "2016-07", "latest_available_photo_date": "2018-06", "source_photo_url": "https://www.mapillary.com/app/?pKey=1869438606778004&focus=photo", "nearest_osm_pole_m": null}}, {"type": "Feature", "geometry": {"type": "Point", "coordinates": [-72.368882, 44.5034565]}, "properties": {"id": "hard-01174", "is_utility_pole": true, "pole_type": "wood_utility", "model_flags": [], "model_watch": [], "lean": "none", "crossarm": "none_visible", "vegetation": "near", "transformer": false, "attachments_estimate": 1, "photos_assessed": 6, "capture_sequences": 2, "photo_shown_date": "2016-07", "latest_available_photo_date": "2016-07", "source_photo_url": "https://www.mapillary.com/app/?pKey=193635292620737&focus=photo", "nearest_osm_pole_m": null}}, {"type": "Feature", "geometry": {"type": "Point", "coordinates": [-72.369095, 44.50347]}, "properties": {"id": "hard-01175", "is_utility_pole": true, "pole_type": "wood_utility", "model_flags": ["vegetation"], "model_watch": ["lean_slight"], "lean": "slight", "crossarm": "intact", "vegetation": "touching", "transformer": false, "attachments_estimate": 1, "photos_assessed": 2, "capture_sequences": 1, "photo_shown_date": "2018-06", "latest_available_photo_date": "2018-06", "source_photo_url": "https://www.mapillary.com/app/?pKey=989704115166478&focus=photo", "nearest_osm_pole_m": null}}, {"type": "Feature", "geometry": {"type": "Point", "coordinates": [-72.371796, 44.501812]}, "properties": {"id": "hard-01176", "is_utility_pole": true, "pole_type": "wood_utility", "model_flags": [], "model_watch": [], "lean": "unclear", "crossarm": "unclear", "vegetation": "unclear", "transformer": false, "attachments_estimate": 1, "photos_assessed": 3, "capture_sequences": 2, "photo_shown_date": "2018-06", "latest_available_photo_date": "2018-06", "source_photo_url": "https://www.mapillary.com/app/?pKey=783142089234851&focus=photo", "nearest_osm_pole_m": null}}, {"type": "Feature", "geometry": {"type": "Point", "coordinates": [-72.371826, 44.49983]}, "properties": {"id": "hard-01177", "is_utility_pole": true, "pole_type": "wood_utility", "model_flags": ["vegetation"], "model_watch": [], "lean": "none", "crossarm": "intact", "vegetation": "touching", "transformer": false, "attachments_estimate": 2, "photos_assessed": 3, "capture_sequences": 2, "photo_shown_date": "2018-07", "latest_available_photo_date": "2018-07", "source_photo_url": "https://www.mapillary.com/app/?pKey=114177820751111&focus=photo", "nearest_osm_pole_m": null}}, {"type": "Feature", "geometry": {"type": "Point", "coordinates": [-72.37196, 44.500167]}, "properties": {"id": "hard-01178", "is_utility_pole": true, "pole_type": "wood_utility", "model_flags": [], "model_watch": ["lean_slight"], "lean": "slight", "crossarm": "intact", "vegetation": "near", "transformer": false, "attachments_estimate": 1, "photos_assessed": 4, "capture_sequences": 3, "photo_shown_date": "2018-07", "latest_available_photo_date": "2018-07", "source_photo_url": "https://www.mapillary.com/app/?pKey=463802711382182&focus=photo", "nearest_osm_pole_m": null}}, {"type": "Feature", "geometry": {"type": "Point", "coordinates": [-72.36998, 44.502953]}, "properties": {"id": "hard-01179", "is_utility_pole": true, "pole_type": "wood_utility", "model_flags": [], "model_watch": [], "lean": "none", "crossarm": "intact", "vegetation": "near", "transformer": false, "attachments_estimate": 2, "photos_assessed": 6, "capture_sequences": 3, "photo_shown_date": "2018-06", "latest_available_photo_date": "2018-06", "source_photo_url": "https://www.mapillary.com/app/?pKey=169394005033635&focus=photo", "nearest_osm_pole_m": null}}, {"type": "Feature", "geometry": {"type": "Point", "coordinates": [-72.36874, 44.503508]}, "properties": {"id": "hard-01180", "is_utility_pole": true, "pole_type": "wood_utility", "model_flags": [], "model_watch": [], "lean": "none", "crossarm": "intact", "vegetation": "near", "transformer": false, "attachments_estimate": 1, "photos_assessed": 9, "capture_sequences": 4, "photo_shown_date": "2018-06", "latest_available_photo_date": "2018-06", "source_photo_url": "https://www.mapillary.com/app/?pKey=884139155792684&focus=photo", "nearest_osm_pole_m": null}}, {"type": "Feature", "geometry": {"type": "Point", "coordinates": [-72.30105, 44.52109]}, "properties": {"id": "hard-01181", "is_utility_pole": true, "pole_type": "wood_utility", "model_flags": ["lean"], "model_watch": [], "lean": "moderate", "crossarm": "none_visible", "vegetation": "near", "transformer": false, "attachments_estimate": 0, "photos_assessed": 1, "capture_sequences": 1, "photo_shown_date": "2014-06", "latest_available_photo_date": "2016-06", "source_photo_url": "https://www.mapillary.com/app/?pKey=563271817990542&focus=photo", "nearest_osm_pole_m": null}}, {"type": "Feature", "geometry": {"type": "Point", "coordinates": [-72.36885, 44.503563]}, "properties": {"id": "hard-01182", "is_utility_pole": true, "pole_type": "wood_utility", "model_flags": ["vegetation"], "model_watch": ["lean_slight"], "lean": "slight", "crossarm": "unclear", "vegetation": "touching", "transformer": false, "attachments_estimate": 1, "photos_assessed": 3, "capture_sequences": 2, "photo_shown_date": "2018-06", "latest_available_photo_date": "2018-06", "source_photo_url": "https://www.mapillary.com/app/?pKey=309070634009883&focus=photo", "nearest_osm_pole_m": null}}, {"type": "Feature", "geometry": {"type": "Point", "coordinates": [-72.37178, 44.501892]}, "properties": {"id": "hard-01183", "is_utility_pole": true, "pole_type": "wood_utility", "model_flags": [], "model_watch": ["lean_slight"], "lean": "slight", "crossarm": "intact", "vegetation": "near", "transformer": false, "attachments_estimate": 1, "photos_assessed": 2, "capture_sequences": 2, "photo_shown_date": "2016-07", "latest_available_photo_date": "2018-06", "source_photo_url": "https://www.mapillary.com/app/?pKey=2918866004993771&focus=photo", "nearest_osm_pole_m": null}}, {"type": "Feature", "geometry": {"type": "Point", "coordinates": [-72.372246, 44.500088]}, "properties": {"id": "hard-01184", "is_utility_pole": true, "pole_type": "wood_utility", "model_flags": ["vegetation"], "model_watch": [], "lean": "none", "crossarm": "none_visible", "vegetation": "touching", "transformer": false, "attachments_estimate": 1, "photos_assessed": 1, "capture_sequences": 1, "photo_shown_date": "2016-07", "latest_available_photo_date": "2018-06", "source_photo_url": "https://www.mapillary.com/app/?pKey=780594279317527&focus=photo", "nearest_osm_pole_m": null}}, {"type": "Feature", "geometry": {"type": "Point", "coordinates": [-72.368385, 44.50422]}, "properties": {"id": "hard-01185", "is_utility_pole": true, "pole_type": "wood_utility", "model_flags": [], "model_watch": ["lean_slight"], "lean": "slight", "crossarm": "intact", "vegetation": "near", "transformer": false, "attachments_estimate": 2, "photos_assessed": 3, "capture_sequences": 2, "photo_shown_date": "2016-06", "latest_available_photo_date": "2016-06", "source_photo_url": "https://www.mapillary.com/app/?pKey=532736164401894&focus=photo", "nearest_osm_pole_m": null}}, {"type": "Feature", "geometry": {"type": "Point", "coordinates": [-72.37089, 44.5071]}, "properties": {"id": "hard-01186", "is_utility_pole": true, "pole_type": "wood_utility", "model_flags": [], "model_watch": [], "lean": "none", "crossarm": "intact", "vegetation": "none", "transformer": false, "attachments_estimate": 1, "photos_assessed": 3, "capture_sequences": 3, "photo_shown_date": "2018-07", "latest_available_photo_date": "2018-07", "source_photo_url": "https://www.mapillary.com/app/?pKey=3731751500284539&focus=photo", "nearest_osm_pole_m": null}}, {"type": "Feature", "geometry": {"type": "Point", "coordinates": [-72.37068, 44.507175]}, "properties": {"id": "hard-01187", "is_utility_pole": true, "pole_type": "wood_utility", "model_flags": [], "model_watch": ["lean_slight"], "lean": "slight", "crossarm": "none_visible", "vegetation": "near", "transformer": false, "attachments_estimate": 2, "photos_assessed": 3, "capture_sequences": 3, "photo_shown_date": "2018-07", "latest_available_photo_date": "2018-07", "source_photo_url": "https://www.mapillary.com/app/?pKey=808538286750103&focus=photo", "nearest_osm_pole_m": null}}, {"type": "Feature", "geometry": {"type": "Point", "coordinates": [-72.37123, 44.507909]}, "properties": {"id": "hard-01188", "is_utility_pole": true, "pole_type": "wood_utility", "model_flags": ["lean"], "model_watch": [], "lean": "moderate", "crossarm": "none_visible", "vegetation": "near", "transformer": false, "attachments_estimate": 1, "photos_assessed": 6, "capture_sequences": 4, "photo_shown_date": "2018-07", "latest_available_photo_date": "2018-07", "source_photo_url": "https://www.mapillary.com/app/?pKey=928554987941673&focus=photo", "nearest_osm_pole_m": null}}, {"type": "Feature", "geometry": {"type": "Point", "coordinates": [-72.371765, 44.508602]}, "properties": {"id": "hard-01189", "is_utility_pole": true, "pole_type": "wood_utility", "model_flags": [], "model_watch": [], "lean": "none", "crossarm": "intact", "vegetation": "near", "transformer": false, "attachments_estimate": 2, "photos_assessed": 3, "capture_sequences": 2, "photo_shown_date": "2018-07", "latest_available_photo_date": "2018-07", "source_photo_url": "https://www.mapillary.com/app/?pKey=481121466544459&focus=photo", "nearest_osm_pole_m": null}}, {"type": "Feature", "geometry": {"type": "Point", "coordinates": [-72.368288, 44.5040525]}, "properties": {"id": "hard-01190", "is_utility_pole": true, "pole_type": "wood_utility", "model_flags": [], "model_watch": ["lean_slight"], "lean": "slight", "crossarm": "none_visible", "vegetation": "near", "transformer": false, "attachments_estimate": 1, "photos_assessed": 6, "capture_sequences": 4, "photo_shown_date": "2018-07", "latest_available_photo_date": "2018-07", "source_photo_url": "https://www.mapillary.com/app/?pKey=1102657403536665&focus=photo", "nearest_osm_pole_m": null}}, {"type": "Feature", "geometry": {"type": "Point", "coordinates": [-72.36857, 44.504482]}, "properties": {"id": "hard-01191", "is_utility_pole": true, "pole_type": "wood_utility", "model_flags": [], "model_watch": [], "lean": "none", "crossarm": "none_visible", "vegetation": "near", "transformer": false, "attachments_estimate": 2, "photos_assessed": 1, "capture_sequences": 1, "photo_shown_date": "2016-06", "latest_available_photo_date": "2016-06", "source_photo_url": "https://www.mapillary.com/app/?pKey=1183534755394104&focus=photo", "nearest_osm_pole_m": null}}, {"type": "Feature", "geometry": {"type": "Point", "coordinates": [-72.37058, 44.506836]}, "properties": {"id": "hard-01192", "is_utility_pole": false, "pole_type": "unclear", "model_flags": [], "model_watch": [], "lean": "unclear", "crossarm": "none_visible", "vegetation": "none", "transformer": false, "attachments_estimate": 0, "photos_assessed": 1, "capture_sequences": 1, "photo_shown_date": "2016-06", "latest_available_photo_date": "2016-06", "source_photo_url": "https://www.mapillary.com/app/?pKey=573836850612224&focus=photo", "nearest_osm_pole_m": null}}, {"type": "Feature", "geometry": {"type": "Point", "coordinates": [-72.2964, 44.581577]}, "properties": {"id": "hard-01193", "is_utility_pole": true, "pole_type": "wood_utility", "model_flags": ["vegetation"], "model_watch": [], "lean": "none", "crossarm": "none_visible", "vegetation": "touching", "transformer": false, "attachments_estimate": 0, "photos_assessed": 1, "capture_sequences": 1, "photo_shown_date": "2019-07", "latest_available_photo_date": "2019-07", "source_photo_url": "https://www.mapillary.com/app/?pKey=145346520954397&focus=photo", "nearest_osm_pole_m": null}}, {"type": "Feature", "geometry": {"type": "Point", "coordinates": [-72.27702, 44.557484]}, "properties": {"id": "hard-01194", "is_utility_pole": false, "pole_type": "unclear", "model_flags": [], "model_watch": [], "lean": "unclear", "crossarm": "none_visible", "vegetation": "unclear", "transformer": false, "attachments_estimate": 0, "photos_assessed": 1, "capture_sequences": 1, "photo_shown_date": "2013-09", "latest_available_photo_date": "2019-07", "source_photo_url": "https://www.mapillary.com/app/?pKey=309892810736625&focus=photo", "nearest_osm_pole_m": null}}, {"type": "Feature", "geometry": {"type": "Point", "coordinates": [-72.277115, 44.55775]}, "properties": {"id": "hard-01195", "is_utility_pole": false, "pole_type": "unclear", "model_flags": [], "model_watch": [], "lean": "unclear", "crossarm": "none_visible", "vegetation": "unclear", "transformer": false, "attachments_estimate": 0, "photos_assessed": 1, "capture_sequences": 1, "photo_shown_date": "2015-07", "latest_available_photo_date": "2017-07", "source_photo_url": "https://www.mapillary.com/app/?pKey=1214441195667359&focus=photo", "nearest_osm_pole_m": null}}, {"type": "Feature", "geometry": {"type": "Point", "coordinates": [-72.27684, 44.556957]}, "properties": {"id": "hard-01196", "is_utility_pole": false, "pole_type": "unclear", "model_flags": [], "model_watch": [], "lean": "unclear", "crossarm": "none_visible", "vegetation": "unclear", "transformer": false, "attachments_estimate": 0, "photos_assessed": 2, "capture_sequences": 2, "photo_shown_date": "2019-07", "latest_available_photo_date": "2019-07", "source_photo_url": "https://www.mapillary.com/app/?pKey=570712533912492&focus=photo", "nearest_osm_pole_m": null}}, {"type": "Feature", "geometry": {"type": "Point", "coordinates": [-72.27746, 44.55938]}, "properties": {"id": "hard-01197", "is_utility_pole": true, "pole_type": "wood_utility", "model_flags": ["vegetation"], "model_watch": [], "lean": "none", "crossarm": "none_visible", "vegetation": "touching", "transformer": false, "attachments_estimate": 0, "photos_assessed": 1, "capture_sequences": 1, "photo_shown_date": "2015-07", "latest_available_photo_date": "2015-07", "source_photo_url": "https://www.mapillary.com/app/?pKey=2845676649016613&focus=photo", "nearest_osm_pole_m": null}}, {"type": "Feature", "geometry": {"type": "Point", "coordinates": [-72.27733, 44.558834]}, "properties": {"id": "hard-01198", "is_utility_pole": true, "pole_type": "wood_utility", "model_flags": ["vegetation"], "model_watch": ["lean_slight"], "lean": "slight", "crossarm": "none_visible", "vegetation": "touching", "transformer": false, "attachments_estimate": 1, "photos_assessed": 3, "capture_sequences": 3, "photo_shown_date": "2019-07", "latest_available_photo_date": "2019-07", "source_photo_url": "https://www.mapillary.com/app/?pKey=1266386717149846&focus=photo", "nearest_osm_pole_m": null}}, {"type": "Feature", "geometry": {"type": "Point", "coordinates": [-72.27642, 44.5565545]}, "properties": {"id": "hard-01199", "is_utility_pole": false, "pole_type": "push_brace", "model_flags": [], "model_watch": [], "lean": "unclear", "crossarm": "none_visible", "vegetation": "near", "transformer": false, "attachments_estimate": 0, "photos_assessed": 6, "capture_sequences": 3, "photo_shown_date": "2019-07", "latest_available_photo_date": "2019-07", "source_photo_url": "https://www.mapillary.com/app/?pKey=511563700029952&focus=photo", "nearest_osm_pole_m": null}}, {"type": "Feature", "geometry": {"type": "Point", "coordinates": [-72.2779, 44.560234]}, "properties": {"id": "hard-01200", "is_utility_pole": false, "pole_type": "unclear", "model_flags": [], "model_watch": [], "lean": "unclear", "crossarm": "none_visible", "vegetation": "unclear", "transformer": false, "attachments_estimate": 0, "photos_assessed": 1, "capture_sequences": 1, "photo_shown_date": "2015-07", "latest_available_photo_date": "2015-07", "source_photo_url": "https://www.mapillary.com/app/?pKey=288949809534460&focus=photo", "nearest_osm_pole_m": null}}, {"type": "Feature", "geometry": {"type": "Point", "coordinates": [-72.27766, 44.56004]}, "properties": {"id": "hard-01201", "is_utility_pole": true, "pole_type": "wood_utility", "model_flags": [], "model_watch": [], "lean": "none", "crossarm": "none_visible", "vegetation": "near", "transformer": false, "attachments_estimate": 1, "photos_assessed": 3, "capture_sequences": 2, "photo_shown_date": "2019-07", "latest_available_photo_date": "2019-07", "source_photo_url": "https://www.mapillary.com/app/?pKey=917998268777199&focus=photo", "nearest_osm_pole_m": null}}, {"type": "Feature", "geometry": {"type": "Point", "coordinates": [-72.27804, 44.56085]}, "properties": {"id": "hard-01202", "is_utility_pole": false, "pole_type": "unclear", "model_flags": [], "model_watch": [], "lean": "unclear", "crossarm": "none_visible", "vegetation": "near", "transformer": false, "attachments_estimate": 0, "photos_assessed": 1, "capture_sequences": 1, "photo_shown_date": "2015-07", "latest_available_photo_date": "2015-07", "source_photo_url": "https://www.mapillary.com/app/?pKey=1173051449789310&focus=photo", "nearest_osm_pole_m": null}}, {"type": "Feature", "geometry": {"type": "Point", "coordinates": [-72.27786, 44.56067]}, "properties": {"id": "hard-01203", "is_utility_pole": true, "pole_type": "wood_utility", "model_flags": [], "model_watch": ["lean_slight"], "lean": "slight", "crossarm": "none_visible", "vegetation": "none", "transformer": false, "attachments_estimate": 0, "photos_assessed": 3, "capture_sequences": 3, "photo_shown_date": "2019-07", "latest_available_photo_date": "2019-07", "source_photo_url": "https://www.mapillary.com/app/?pKey=851458635777620&focus=photo", "nearest_osm_pole_m": null}}, {"type": "Feature", "geometry": {"type": "Point", "coordinates": [-72.2775133, 44.558913]}, "properties": {"id": "hard-01204", "is_utility_pole": false, "pole_type": "unclear", "model_flags": ["vegetation"], "model_watch": [], "lean": "unclear", "crossarm": "none_visible", "vegetation": "touching", "transformer": false, "attachments_estimate": 0, "photos_assessed": 9, "capture_sequences": 5, "photo_shown_date": "2019-07", "latest_available_photo_date": "2019-07", "source_photo_url": "https://www.mapillary.com/app/?pKey=2584801641825192&focus=photo", "nearest_osm_pole_m": null}}, {"type": "Feature", "geometry": {"type": "Point", "coordinates": [-72.276886, 44.55704]}, "properties": {"id": "hard-01205", "is_utility_pole": true, "pole_type": "wood_utility", "model_flags": ["vegetation"], "model_watch": ["lean_slight"], "lean": "slight", "crossarm": "none_visible", "vegetation": "touching", "transformer": false, "attachments_estimate": 1, "photos_assessed": 3, "capture_sequences": 3, "photo_shown_date": "2019-07", "latest_available_photo_date": "2019-07", "source_photo_url": "https://www.mapillary.com/app/?pKey=915499705967290&focus=photo", "nearest_osm_pole_m": null}}, {"type": "Feature", "geometry": {"type": "Point", "coordinates": [-72.278275, 44.561092]}, "properties": {"id": "hard-01206", "is_utility_pole": true, "pole_type": "wood_utility", "model_flags": ["vegetation"], "model_watch": ["lean_slight"], "lean": "slight", "crossarm": "none_visible", "vegetation": "touching", "transformer": false, "attachments_estimate": 0, "photos_assessed": 3, "capture_sequences": 3, "photo_shown_date": "2019-07", "latest_available_photo_date": "2019-07", "source_photo_url": "https://www.mapillary.com/app/?pKey=934241157395978&focus=photo", "nearest_osm_pole_m": null}}, {"type": "Feature", "geometry": {"type": "Point", "coordinates": [-72.27797, 44.55994]}, "properties": {"id": "hard-01207", "is_utility_pole": true, "pole_type": "wood_utility", "model_flags": [], "model_watch": [], "lean": "none", "crossarm": "none_visible", "vegetation": "none", "transformer": false, "attachments_estimate": 0, "photos_assessed": 2, "capture_sequences": 2, "photo_shown_date": "2015-07", "latest_available_photo_date": "2015-07", "source_photo_url": "https://www.mapillary.com/app/?pKey=495689148439459&focus=photo", "nearest_osm_pole_m": null}}, {"type": "Feature", "geometry": {"type": "Point", "coordinates": [-72.27714, 44.55824]}, "properties": {"id": "hard-01208", "is_utility_pole": true, "pole_type": "wood_utility", "model_flags": ["vegetation"], "model_watch": [], "lean": "none", "crossarm": "none_visible", "vegetation": "touching", "transformer": false, "attachments_estimate": 0, "photos_assessed": 3, "capture_sequences": 2, "photo_shown_date": "2019-07", "latest_available_photo_date": "2019-07", "source_photo_url": "https://www.mapillary.com/app/?pKey=789157558655046&focus=photo", "nearest_osm_pole_m": null}}, {"type": "Feature", "geometry": {"type": "Point", "coordinates": [-72.278825, 44.5617165]}, "properties": {"id": "hard-01209", "is_utility_pole": true, "pole_type": "wood_utility", "model_flags": [], "model_watch": [], "lean": "none", "crossarm": "none_visible", "vegetation": "near", "transformer": false, "attachments_estimate": 2, "photos_assessed": 6, "capture_sequences": 5, "photo_shown_date": "2019-07", "latest_available_photo_date": "2019-07", "source_photo_url": "https://www.mapillary.com/app/?pKey=891967098023832&focus=photo", "nearest_osm_pole_m": null}}, {"type": "Feature", "geometry": {"type": "Point", "coordinates": [-72.278, 44.56039]}, "properties": {"id": "hard-01210", "is_utility_pole": false, "pole_type": "unclear", "model_flags": [], "model_watch": [], "lean": "unclear", "crossarm": "none_visible", "vegetation": "unclear", "transformer": false, "attachments_estimate": 0, "photos_assessed": 3, "capture_sequences": 3, "photo_shown_date": "2015-07", "latest_available_photo_date": "2015-07", "source_photo_url": "https://www.mapillary.com/app/?pKey=958257538322305&focus=photo", "nearest_osm_pole_m": null}}, {"type": "Feature", "geometry": {"type": "Point", "coordinates": [-72.27673, 44.557068]}, "properties": {"id": "hard-01211", "is_utility_pole": true, "pole_type": "wood_utility", "model_flags": [], "model_watch": [], "lean": "none", "crossarm": "none_visible", "vegetation": "near", "transformer": false, "attachments_estimate": 0, "photos_assessed": 6, "capture_sequences": 3, "photo_shown_date": "2019-07", "latest_available_photo_date": "2019-07", "source_photo_url": "https://www.mapillary.com/app/?pKey=4282053151814232&focus=photo", "nearest_osm_pole_m": null}}, {"type": "Feature", "geometry": {"type": "Point", "coordinates": [-72.27734, 44.558975]}, "properties": {"id": "hard-01212", "is_utility_pole": true, "pole_type": "wood_utility", "model_flags": [], "model_watch": [], "lean": "none", "crossarm": "none_visible", "vegetation": "near", "transformer": false, "attachments_estimate": 0, "photos_assessed": 2, "capture_sequences": 2, "photo_shown_date": "2015-07", "latest_available_photo_date": "2017-07", "source_photo_url": "https://www.mapillary.com/app/?pKey=522869728889462&focus=photo", "nearest_osm_pole_m": null}}, {"type": "Feature", "geometry": {"type": "Point", "coordinates": [-72.27762, 44.559933]}, "properties": {"id": "hard-01213", "is_utility_pole": true, "pole_type": "wood_utility", "model_flags": [], "model_watch": [], "lean": "none", "crossarm": "none_visible", "vegetation": "none", "transformer": true, "attachments_estimate": 0, "photos_assessed": 3, "capture_sequences": 2, "photo_shown_date": "2015-07", "latest_available_photo_date": "2015-07", "source_photo_url": "https://www.mapillary.com/app/?pKey=521544442530334&focus=photo", "nearest_osm_pole_m": null}}, {"type": "Feature", "geometry": {"type": "Point", "coordinates": [-72.27721, 44.558064]}, "properties": {"id": "hard-01214", "is_utility_pole": false, "pole_type": "unclear", "model_flags": [], "model_watch": [], "lean": "unclear", "crossarm": "none_visible", "vegetation": "unclear", "transformer": false, "attachments_estimate": 0, "photos_assessed": 1, "capture_sequences": 1, "photo_shown_date": "2015-07", "latest_available_photo_date": "2015-07", "source_photo_url": "https://www.mapillary.com/app/?pKey=294790572375230&focus=photo", "nearest_osm_pole_m": null}}, {"type": "Feature", "geometry": {"type": "Point", "coordinates": [-72.2788, 44.561558]}, "properties": {"id": "hard-01215", "is_utility_pole": false, "pole_type": "unclear", "model_flags": [], "model_watch": [], "lean": "unclear", "crossarm": "none_visible", "vegetation": "unclear", "transformer": false, "attachments_estimate": 0, "photos_assessed": 3, "capture_sequences": 3, "photo_shown_date": "2015-07", "latest_available_photo_date": "2019-07", "source_photo_url": "https://www.mapillary.com/app/?pKey=1192582897833844&focus=photo", "nearest_osm_pole_m": null}}, {"type": "Feature", "geometry": {"type": "Point", "coordinates": [-72.2773367, 44.5583453]}, "properties": {"id": "hard-01216", "is_utility_pole": false, "pole_type": "unclear", "model_flags": [], "model_watch": [], "lean": "unclear", "crossarm": "none_visible", "vegetation": "unclear", "transformer": false, "attachments_estimate": 0, "photos_assessed": 9, "capture_sequences": 6, "photo_shown_date": "2019-07", "latest_available_photo_date": "2019-07", "source_photo_url": "https://www.mapillary.com/app/?pKey=547566916231776&focus=photo", "nearest_osm_pole_m": null}}, {"type": "Feature", "geometry": {"type": "Point", "coordinates": [-72.2787, 44.561497]}, "properties": {"id": "hard-01217", "is_utility_pole": false, "pole_type": "other", "model_flags": [], "model_watch": [], "lean": "unclear", "crossarm": "none_visible", "vegetation": "none", "transformer": false, "attachments_estimate": 0, "photos_assessed": 1, "capture_sequences": 1, "photo_shown_date": "2013-09", "latest_available_photo_date": "2015-07", "source_photo_url": "https://www.mapillary.com/app/?pKey=1229497250799193&focus=photo", "nearest_osm_pole_m": null}}, {"type": "Feature", "geometry": {"type": "Point", "coordinates": [-72.27694, 44.557674]}, "properties": {"id": "hard-01218", "is_utility_pole": true, "pole_type": "wood_utility", "model_flags": ["vegetation"], "model_watch": [], "lean": "unclear", "crossarm": "none_visible", "vegetation": "touching", "transformer": false, "attachments_estimate": 0, "photos_assessed": 3, "capture_sequences": 3, "photo_shown_date": "2019-07", "latest_available_photo_date": "2019-07", "source_photo_url": "https://www.mapillary.com/app/?pKey=143116077873487&focus=photo", "nearest_osm_pole_m": null}}, {"type": "Feature", "geometry": {"type": "Point", "coordinates": [-72.37509, 44.526806]}, "properties": {"id": "hard-01219", "is_utility_pole": true, "pole_type": "wood_utility", "model_flags": [], "model_watch": ["lean_slight"], "lean": "slight", "crossarm": "intact", "vegetation": "near", "transformer": false, "attachments_estimate": 0, "photos_assessed": 3, "capture_sequences": 1, "photo_shown_date": "2018-07", "latest_available_photo_date": "2018-07", "source_photo_url": "https://www.mapillary.com/app/?pKey=152474763529155&focus=photo", "nearest_osm_pole_m": null}}, {"type": "Feature", "geometry": {"type": "Point", "coordinates": [-72.37534, 44.525906]}, "properties": {"id": "hard-01220", "is_utility_pole": true, "pole_type": "wood_utility", "model_flags": [], "model_watch": ["lean_slight"], "lean": "slight", "crossarm": "intact", "vegetation": "near", "transformer": false, "attachments_estimate": 0, "photos_assessed": 3, "capture_sequences": 3, "photo_shown_date": "2018-06", "latest_available_photo_date": "2018-06", "source_photo_url": "https://www.mapillary.com/app/?pKey=2865071953743116&focus=photo", "nearest_osm_pole_m": null}}, {"type": "Feature", "geometry": {"type": "Point", "coordinates": [-72.374886, 44.52322]}, "properties": {"id": "hard-01221", "is_utility_pole": true, "pole_type": "wood_utility", "model_flags": ["vegetation"], "model_watch": ["lean_slight"], "lean": "slight", "crossarm": "intact", "vegetation": "touching", "transformer": false, "attachments_estimate": 1, "photos_assessed": 3, "capture_sequences": 3, "photo_shown_date": "2018-07", "latest_available_photo_date": "2018-07", "source_photo_url": "https://www.mapillary.com/app/?pKey=4029319387105477&focus=photo", "nearest_osm_pole_m": null}}, {"type": "Feature", "geometry": {"type": "Point", "coordinates": [-72.37533, 44.526104]}, "properties": {"id": "hard-01222", "is_utility_pole": true, "pole_type": "wood_utility", "model_flags": ["vegetation"], "model_watch": ["lean_slight"], "lean": "slight", "crossarm": "intact", "vegetation": "touching", "transformer": false, "attachments_estimate": 0, "photos_assessed": 3, "capture_sequences": 1, "photo_shown_date": "2018-07", "latest_available_photo_date": "2018-07", "source_photo_url": "https://www.mapillary.com/app/?pKey=1058637164543881&focus=photo", "nearest_osm_pole_m": null}}, {"type": "Feature", "geometry": {"type": "Point", "coordinates": [-72.37549, 44.52496]}, "properties": {"id": "hard-01223", "is_utility_pole": true, "pole_type": "wood_utility", "model_flags": ["vegetation"], "model_watch": ["lean_slight"], "lean": "slight", "crossarm": "unclear", "vegetation": "touching", "transformer": false, "attachments_estimate": 0, "photos_assessed": 1, "capture_sequences": 1, "photo_shown_date": "2016-07", "latest_available_photo_date": "2016-07", "source_photo_url": "https://www.mapillary.com/app/?pKey=181444847221295&focus=photo", "nearest_osm_pole_m": null}}, {"type": "Feature", "geometry": {"type": "Point", "coordinates": [-72.37508, 44.52688]}, "properties": {"id": "hard-01224", "is_utility_pole": true, "pole_type": "wood_utility", "model_flags": ["vegetation"], "model_watch": ["lean_slight"], "lean": "slight", "crossarm": "intact", "vegetation": "touching", "transformer": false, "attachments_estimate": 0, "photos_assessed": 3, "capture_sequences": 2, "photo_shown_date": "2016-07", "latest_available_photo_date": "2016-07", "source_photo_url": "https://www.mapillary.com/app/?pKey=850008152598409&focus=photo", "nearest_osm_pole_m": null}}, {"type": "Feature", "geometry": {"type": "Point", "coordinates": [-72.374982, 44.5233696]}, "properties": {"id": "hard-01225", "is_utility_pole": true, "pole_type": "wood_utility", "model_flags": ["vegetation"], "model_watch": ["lean_slight"], "lean": "slight", "crossarm": "none_visible", "vegetation": "touching", "transformer": false, "attachments_estimate": 0, "photos_assessed": 5, "capture_sequences": 2, "photo_shown_date": "2016-07", "latest_available_photo_date": "2016-07", "source_photo_url": "https://www.mapillary.com/app/?pKey=306721887737787&focus=photo", "nearest_osm_pole_m": null}}, {"type": "Feature", "geometry": {"type": "Point", "coordinates": [-72.33157, 44.535625]}, "properties": {"id": "hard-01226", "is_utility_pole": true, "pole_type": "wood_utility", "model_flags": [], "model_watch": [], "lean": "none", "crossarm": "intact", "vegetation": "none", "transformer": false, "attachments_estimate": 1, "photos_assessed": 3, "capture_sequences": 2, "photo_shown_date": "2017-07", "latest_available_photo_date": "2017-07", "source_photo_url": "https://www.mapillary.com/app/?pKey=1204277853349358&focus=photo", "nearest_osm_pole_m": null}}, {"type": "Feature", "geometry": {"type": "Point", "coordinates": [-72.37533, 44.524284]}, "properties": {"id": "hard-01227", "is_utility_pole": true, "pole_type": "wood_utility", "model_flags": ["vegetation"], "model_watch": ["lean_slight"], "lean": "slight", "crossarm": "intact", "vegetation": "touching", "transformer": false, "attachments_estimate": 0, "photos_assessed": 2, "capture_sequences": 1, "photo_shown_date": "2014-06", "latest_available_photo_date": "2014-06", "source_photo_url": "https://www.mapillary.com/app/?pKey=1184288362018318&focus=photo", "nearest_osm_pole_m": null}}, {"type": "Feature", "geometry": {"type": "Point", "coordinates": [-72.37523, 44.523937]}, "properties": {"id": "hard-01228", "is_utility_pole": true, "pole_type": "wood_utility", "model_flags": [], "model_watch": [], "lean": "none", "crossarm": "intact", "vegetation": "near", "transformer": false, "attachments_estimate": 1, "photos_assessed": 3, "capture_sequences": 3, "photo_shown_date": "2018-06", "latest_available_photo_date": "2018-06", "source_photo_url": "https://www.mapillary.com/app/?pKey=808432086734679&focus=photo", "nearest_osm_pole_m": null}}, {"type": "Feature", "geometry": {"type": "Point", "coordinates": [-72.37463, 44.522366]}, "properties": {"id": "hard-01229", "is_utility_pole": true, "pole_type": "wood_utility", "model_flags": [], "model_watch": ["lean_slight"], "lean": "slight", "crossarm": "intact", "vegetation": "near", "transformer": false, "attachments_estimate": 0, "photos_assessed": 3, "capture_sequences": 1, "photo_shown_date": "2016-07", "latest_available_photo_date": "2016-07", "source_photo_url": "https://www.mapillary.com/app/?pKey=520438698987538&focus=photo", "nearest_osm_pole_m": null}}, {"type": "Feature", "geometry": {"type": "Point", "coordinates": [-72.37459, 44.52254]}, "properties": {"id": "hard-01230", "is_utility_pole": true, "pole_type": "wood_utility", "model_flags": [], "model_watch": [], "lean": "none", "crossarm": "intact", "vegetation": "near", "transformer": false, "attachments_estimate": 1, "photos_assessed": 3, "capture_sequences": 2, "photo_shown_date": "2018-07", "latest_available_photo_date": "2018-07", "source_photo_url": "https://www.mapillary.com/app/?pKey=5492265934181165&focus=photo", "nearest_osm_pole_m": null}}, {"type": "Feature", "geometry": {"type": "Point", "coordinates": [-72.33221, 44.53479]}, "properties": {"id": "hard-01231", "is_utility_pole": true, "pole_type": "wood_utility", "model_flags": ["vegetation"], "model_watch": [], "lean": "none", "crossarm": "none_visible", "vegetation": "touching", "transformer": true, "attachments_estimate": 1, "photos_assessed": 6, "capture_sequences": 3, "photo_shown_date": "2017-07", "latest_available_photo_date": "2017-07", "source_photo_url": "https://www.mapillary.com/app/?pKey=405860727065192&focus=photo", "nearest_osm_pole_m": null}}, {"type": "Feature", "geometry": {"type": "Point", "coordinates": [-72.37551, 44.5246]}, "properties": {"id": "hard-01232", "is_utility_pole": true, "pole_type": "wood_utility", "model_flags": ["vegetation"], "model_watch": ["lean_slight"], "lean": "slight", "crossarm": "intact", "vegetation": "touching", "transformer": false, "attachments_estimate": 0, "photos_assessed": 3, "capture_sequences": 3, "photo_shown_date": "2018-06", "latest_available_photo_date": "2018-06", "source_photo_url": "https://www.mapillary.com/app/?pKey=226682138911051&focus=photo", "nearest_osm_pole_m": null}}, {"type": "Feature", "geometry": {"type": "Point", "coordinates": [-72.37494, 44.527065]}, "properties": {"id": "hard-01233", "is_utility_pole": false, "pole_type": "unclear", "model_flags": [], "model_watch": [], "lean": "unclear", "crossarm": "none_visible", "vegetation": "unclear", "transformer": false, "attachments_estimate": 0, "photos_assessed": 1, "capture_sequences": 1, "photo_shown_date": "2018-06", "latest_available_photo_date": "2018-07", "source_photo_url": "https://www.mapillary.com/app/?pKey=855804525279999&focus=photo", "nearest_osm_pole_m": null}}, {"type": "Feature", "geometry": {"type": "Point", "coordinates": [-72.375565, 44.525303]}, "properties": {"id": "hard-01234", "is_utility_pole": true, "pole_type": "wood_utility", "model_flags": [], "model_watch": [], "lean": "none", "crossarm": "intact", "vegetation": "near", "transformer": false, "attachments_estimate": 0, "photos_assessed": 3, "capture_sequences": 3, "photo_shown_date": "2018-07", "latest_available_photo_date": "2018-07", "source_photo_url": "https://www.mapillary.com/app/?pKey=324790805775234&focus=photo", "nearest_osm_pole_m": null}}, {"type": "Feature", "geometry": {"type": "Point", "coordinates": [-72.37511, 44.526604]}, "properties": {"id": "hard-01235", "is_utility_pole": true, "pole_type": "wood_utility", "model_flags": ["vegetation"], "model_watch": [], "lean": "none", "crossarm": "none_visible", "vegetation": "touching", "transformer": false, "attachments_estimate": 0, "photos_assessed": 1, "capture_sequences": 1, "photo_shown_date": "2016-07", "latest_available_photo_date": "2018-07", "source_photo_url": "https://www.mapillary.com/app/?pKey=2855585158042486&focus=photo", "nearest_osm_pole_m": null}}, {"type": "Feature", "geometry": {"type": "Point", "coordinates": [-72.39323, 44.476337]}, "properties": {"id": "hard-01236", "is_utility_pole": true, "pole_type": "wood_utility", "model_flags": ["vegetation"], "model_watch": [], "lean": "none", "crossarm": "none_visible", "vegetation": "touching", "transformer": false, "attachments_estimate": 0, "photos_assessed": 3, "capture_sequences": 2, "photo_shown_date": "2018-07", "latest_available_photo_date": "2018-07", "source_photo_url": "https://www.mapillary.com/app/?pKey=231118085041290&focus=photo", "nearest_osm_pole_m": null}}, {"type": "Feature", "geometry": {"type": "Point", "coordinates": [-72.31494, 44.55716]}, "properties": {"id": "hard-01237", "is_utility_pole": true, "pole_type": "wood_utility", "model_flags": [], "model_watch": ["lean_slight"], "lean": "slight", "crossarm": "none_visible", "vegetation": "none", "transformer": false, "attachments_estimate": 1, "photos_assessed": 6, "capture_sequences": 4, "photo_shown_date": "2019-07", "latest_available_photo_date": "2019-07", "source_photo_url": "https://www.mapillary.com/app/?pKey=1221707638262919&focus=photo", "nearest_osm_pole_m": null}}, {"type": "Feature", "geometry": {"type": "Point", "coordinates": [-72.28901, 44.569157]}, "properties": {"id": "hard-01238", "is_utility_pole": true, "pole_type": "wood_utility", "model_flags": [], "model_watch": [], "lean": "none", "crossarm": "none_visible", "vegetation": "near", "transformer": false, "attachments_estimate": 1, "photos_assessed": 1, "capture_sequences": 1, "photo_shown_date": "2017-07", "latest_available_photo_date": "2017-07", "source_photo_url": "https://www.mapillary.com/app/?pKey=4160870650645150&focus=photo", "nearest_osm_pole_m": null}}, {"type": "Feature", "geometry": {"type": "Point", "coordinates": [-72.386406, 44.481297]}, "properties": {"id": "hard-01239", "is_utility_pole": false, "pole_type": "other", "model_flags": [], "model_watch": [], "lean": "unclear", "crossarm": "none_visible", "vegetation": "unclear", "transformer": false, "attachments_estimate": 0, "photos_assessed": 1, "capture_sequences": 1, "photo_shown_date": "2018-06", "latest_available_photo_date": "2018-06", "source_photo_url": "https://www.mapillary.com/app/?pKey=305438601240105&focus=photo", "nearest_osm_pole_m": null}}, {"type": "Feature", "geometry": {"type": "Point", "coordinates": [-72.289972, 44.5700556]}, "properties": {"id": "hard-01240", "is_utility_pole": true, "pole_type": "wood_utility", "model_flags": ["vegetation"], "model_watch": ["lean_slight"], "lean": "slight", "crossarm": "none_visible", "vegetation": "touching", "transformer": false, "attachments_estimate": 0, "photos_assessed": 5, "capture_sequences": 3, "photo_shown_date": "2019-07", "latest_available_photo_date": "2019-07", "source_photo_url": "https://www.mapillary.com/app/?pKey=551129946060000&focus=photo", "nearest_osm_pole_m": null}}, {"type": "Feature", "geometry": {"type": "Point", "coordinates": [-72.28843, 44.473957]}, "properties": {"id": "hard-01241", "is_utility_pole": false, "pole_type": "unclear", "model_flags": [], "model_watch": [], "lean": "unclear", "crossarm": "none_visible", "vegetation": "unclear", "transformer": false, "attachments_estimate": 0, "photos_assessed": 1, "capture_sequences": 1, "photo_shown_date": "2018-07", "latest_available_photo_date": "2018-07", "source_photo_url": "https://www.mapillary.com/app/?pKey=779308896090064&focus=photo", "nearest_osm_pole_m": null}}, {"type": "Feature", "geometry": {"type": "Point", "coordinates": [-72.29953, 44.477528]}, "properties": {"id": "hard-01242", "is_utility_pole": true, "pole_type": "wood_utility", "model_flags": ["vegetation"], "model_watch": [], "lean": "none", "crossarm": "none_visible", "vegetation": "touching", "transformer": false, "attachments_estimate": 0, "photos_assessed": 1, "capture_sequences": 1, "photo_shown_date": "2018-07", "latest_available_photo_date": "2018-07", "source_photo_url": "https://www.mapillary.com/app/?pKey=4759718407376487&focus=photo", "nearest_osm_pole_m": null}}, {"type": "Feature", "geometry": {"type": "Point", "coordinates": [-72.36672, 44.565876]}, "properties": {"id": "hard-01243", "is_utility_pole": true, "pole_type": "wood_utility", "model_flags": ["lean"], "model_watch": [], "lean": "moderate", "crossarm": "intact", "vegetation": "near", "transformer": false, "attachments_estimate": 0, "photos_assessed": 2, "capture_sequences": 1, "photo_shown_date": "2016-07", "latest_available_photo_date": "2016-07", "source_photo_url": "https://www.mapillary.com/app/?pKey=145227760873568&focus=photo", "nearest_osm_pole_m": null}}, {"type": "Feature", "geometry": {"type": "Point", "coordinates": [-72.36621, 44.568348]}, "properties": {"id": "hard-01244", "is_utility_pole": false, "pole_type": "other", "model_flags": ["vegetation"], "model_watch": [], "lean": "none", "crossarm": "none_visible", "vegetation": "touching", "transformer": false, "attachments_estimate": 0, "photos_assessed": 1, "capture_sequences": 1, "photo_shown_date": "2014-06", "latest_available_photo_date": "2014-06", "source_photo_url": "https://www.mapillary.com/app/?pKey=381615996543703&focus=photo", "nearest_osm_pole_m": null}}, {"type": "Feature", "geometry": {"type": "Point", "coordinates": [-72.300835, 44.47798]}, "properties": {"id": "hard-01245", "is_utility_pole": true, "pole_type": "wood_utility", "model_flags": [], "model_watch": [], "lean": "none", "crossarm": "none_visible", "vegetation": "near", "transformer": true, "attachments_estimate": 1, "photos_assessed": 3, "capture_sequences": 3, "photo_shown_date": "2018-07", "latest_available_photo_date": "2018-07", "source_photo_url": "https://www.mapillary.com/app/?pKey=213272170434617&focus=photo", "nearest_osm_pole_m": null}}, {"type": "Feature", "geometry": {"type": "Point", "coordinates": [-72.30138, 44.47862]}, "properties": {"id": "hard-01246", "is_utility_pole": true, "pole_type": "wood_utility", "model_flags": ["vegetation"], "model_watch": ["lean_slight"], "lean": "slight", "crossarm": "none_visible", "vegetation": "touching", "transformer": false, "attachments_estimate": 0, "photos_assessed": 3, "capture_sequences": 2, "photo_shown_date": "2018-07", "latest_available_photo_date": "2018-07", "source_photo_url": "https://www.mapillary.com/app/?pKey=522813565382524&focus=photo", "nearest_osm_pole_m": null}}, {"type": "Feature", "geometry": {"type": "Point", "coordinates": [-72.37143, 44.498657]}, "properties": {"id": "hard-01247", "is_utility_pole": true, "pole_type": "wood_utility", "model_flags": [], "model_watch": ["lean_slight"], "lean": "slight", "crossarm": "none_visible", "vegetation": "near", "transformer": true, "attachments_estimate": 2, "photos_assessed": 3, "capture_sequences": 2, "photo_shown_date": "2018-06", "latest_available_photo_date": "2018-06", "source_photo_url": "https://www.mapillary.com/app/?pKey=499960844537093&focus=photo", "nearest_osm_pole_m": null}}, {"type": "Feature", "geometry": {"type": "Point", "coordinates": [-72.37193, 44.4969]}, "properties": {"id": "hard-01248", "is_utility_pole": true, "pole_type": "wood_utility", "model_flags": [], "model_watch": [], "lean": "none", "crossarm": "intact", "vegetation": "near", "transformer": false, "attachments_estimate": 0, "photos_assessed": 2, "capture_sequences": 2, "photo_shown_date": "2016-07", "latest_available_photo_date": "2016-07", "source_photo_url": "https://www.mapillary.com/app/?pKey=857618654834961&focus=photo", "nearest_osm_pole_m": null}}, {"type": "Feature", "geometry": {"type": "Point", "coordinates": [-72.37298, 44.495575]}, "properties": {"id": "hard-01249", "is_utility_pole": true, "pole_type": "wood_utility", "model_flags": [], "model_watch": ["lean_slight"], "lean": "slight", "crossarm": "intact", "vegetation": "none", "transformer": false, "attachments_estimate": 0, "photos_assessed": 3, "capture_sequences": 3, "photo_shown_date": "2018-06", "latest_available_photo_date": "2018-06", "source_photo_url": "https://www.mapillary.com/app/?pKey=591183211769397&focus=photo", "nearest_osm_pole_m": null}}, {"type": "Feature", "geometry": {"type": "Point", "coordinates": [-72.37275, 44.495674]}, "properties": {"id": "hard-01250", "is_utility_pole": true, "pole_type": "wood_utility", "model_flags": [], "model_watch": [], "lean": "none", "crossarm": "intact", "vegetation": "near", "transformer": false, "attachments_estimate": 1, "photos_assessed": 3, "capture_sequences": 3, "photo_shown_date": "2016-07", "latest_available_photo_date": "2016-07", "source_photo_url": "https://www.mapillary.com/app/?pKey=841873503345515&focus=photo", "nearest_osm_pole_m": null}}, {"type": "Feature", "geometry": {"type": "Point", "coordinates": [-72.37285, 44.495525]}, "properties": {"id": "hard-01251", "is_utility_pole": true, "pole_type": "wood_utility", "model_flags": [], "model_watch": ["lean_slight"], "lean": "slight", "crossarm": "intact", "vegetation": "near", "transformer": false, "attachments_estimate": 2, "photos_assessed": 3, "capture_sequences": 1, "photo_shown_date": "2016-07", "latest_available_photo_date": "2016-07", "source_photo_url": "https://www.mapillary.com/app/?pKey=1376465106061945&focus=photo", "nearest_osm_pole_m": null}}, {"type": "Feature", "geometry": {"type": "Point", "coordinates": [-72.37254, 44.49596]}, "properties": {"id": "hard-01252", "is_utility_pole": true, "pole_type": "wood_utility", "model_flags": [], "model_watch": ["lean_slight"], "lean": "slight", "crossarm": "intact", "vegetation": "near", "transformer": true, "attachments_estimate": 1, "photos_assessed": 1, "capture_sequences": 1, "photo_shown_date": "2014-07", "latest_available_photo_date": "2018-07", "source_photo_url": "https://www.mapillary.com/app/?pKey=476679636750420&focus=photo", "nearest_osm_pole_m": null}}, {"type": "Feature", "geometry": {"type": "Point", "coordinates": [-72.282845, 44.472225]}, "properties": {"id": "hard-01253", "is_utility_pole": true, "pole_type": "wood_utility", "model_flags": ["lean"], "model_watch": [], "lean": "moderate", "crossarm": "none_visible", "vegetation": "near", "transformer": false, "attachments_estimate": 0, "photos_assessed": 3, "capture_sequences": 2, "photo_shown_date": "2018-07", "latest_available_photo_date": "2018-07", "source_photo_url": "https://www.mapillary.com/app/?pKey=307046754240495&focus=photo", "nearest_osm_pole_m": null}}, {"type": "Feature", "geometry": {"type": "Point", "coordinates": [-72.372055, 44.496536]}, "properties": {"id": "hard-01254", "is_utility_pole": true, "pole_type": "wood_utility", "model_flags": [], "model_watch": [], "lean": "none", "crossarm": "intact", "vegetation": "near", "transformer": false, "attachments_estimate": 0, "photos_assessed": 3, "capture_sequences": 2, "photo_shown_date": "2016-07", "latest_available_photo_date": "2016-07", "source_photo_url": "https://www.mapillary.com/app/?pKey=909647866249292&focus=photo", "nearest_osm_pole_m": null}}, {"type": "Feature", "geometry": {"type": "Point", "coordinates": [-72.281494, 44.471405]}, "properties": {"id": "hard-01255", "is_utility_pole": true, "pole_type": "wood_utility", "model_flags": ["vegetation"], "model_watch": ["lean_slight"], "lean": "slight", "crossarm": "none_visible", "vegetation": "touching", "transformer": false, "attachments_estimate": 0, "photos_assessed": 1, "capture_sequences": 1, "photo_shown_date": "2014-07", "latest_available_photo_date": "2016-06", "source_photo_url": "https://www.mapillary.com/app/?pKey=303866291341364&focus=photo", "nearest_osm_pole_m": null}}, {"type": "Feature", "geometry": {"type": "Point", "coordinates": [-72.37243, 44.49603]}, "properties": {"id": "hard-01256", "is_utility_pole": true, "pole_type": "wood_utility", "model_flags": [], "model_watch": [], "lean": "none", "crossarm": "intact", "vegetation": "near", "transformer": false, "attachments_estimate": 1, "photos_assessed": 3, "capture_sequences": 2, "photo_shown_date": "2016-07", "latest_available_photo_date": "2016-07", "source_photo_url": "https://www.mapillary.com/app/?pKey=291940592623121&focus=photo", "nearest_osm_pole_m": null}}, {"type": "Feature", "geometry": {"type": "Point", "coordinates": [-72.37188, 44.496746]}, "properties": {"id": "hard-01257", "is_utility_pole": true, "pole_type": "wood_utility", "model_flags": [], "model_watch": ["lean_slight"], "lean": "slight", "crossarm": "none_visible", "vegetation": "near", "transformer": true, "attachments_estimate": 2, "photos_assessed": 3, "capture_sequences": 2, "photo_shown_date": "2018-07", "latest_available_photo_date": "2018-07", "source_photo_url": "https://www.mapillary.com/app/?pKey=921592728680634&focus=photo", "nearest_osm_pole_m": null}}, {"type": "Feature", "geometry": {"type": "Point", "coordinates": [-72.27089, 44.466938]}, "properties": {"id": "hard-01258", "is_utility_pole": false, "pole_type": "unclear", "model_flags": [], "model_watch": [], "lean": "unclear", "crossarm": "none_visible", "vegetation": "unclear", "transformer": false, "attachments_estimate": 0, "photos_assessed": 1, "capture_sequences": 1, "photo_shown_date": "2016-06", "latest_available_photo_date": "2016-06", "source_photo_url": "https://www.mapillary.com/app/?pKey=938318356962748&focus=photo", "nearest_osm_pole_m": null}}, {"type": "Feature", "geometry": {"type": "Point", "coordinates": [-72.296475, 44.5817808]}, "properties": {"id": "hard-01259", "is_utility_pole": true, "pole_type": "wood_utility", "model_flags": ["vegetation"], "model_watch": ["lean_slight"], "lean": "slight", "crossarm": "intact", "vegetation": "touching", "transformer": true, "attachments_estimate": 0, "photos_assessed": 4, "capture_sequences": 2, "photo_shown_date": "2019-07", "latest_available_photo_date": "2019-07", "source_photo_url": "https://www.mapillary.com/app/?pKey=500044701146920&focus=photo", "nearest_osm_pole_m": null}}, {"type": "Feature", "geometry": {"type": "Point", "coordinates": [-72.29644, 44.581688]}, "properties": {"id": "hard-01260", "is_utility_pole": false, "pole_type": "unclear", "model_flags": ["vegetation"], "model_watch": [], "lean": "unclear", "crossarm": "unclear", "vegetation": "touching", "transformer": false, "attachments_estimate": 0, "photos_assessed": 1, "capture_sequences": 1, "photo_shown_date": "2019-07", "latest_available_photo_date": "2019-07", "source_photo_url": "https://www.mapillary.com/app/?pKey=526295248383555&focus=photo", "nearest_osm_pole_m": null}}, {"type": "Feature", "geometry": {"type": "Point", "coordinates": [-72.296326, 44.581346]}, "properties": {"id": "hard-01261", "is_utility_pole": true, "pole_type": "wood_utility", "model_flags": [], "model_watch": ["lean_slight"], "lean": "slight", "crossarm": "intact", "vegetation": "near", "transformer": false, "attachments_estimate": 1, "photos_assessed": 5, "capture_sequences": 5, "photo_shown_date": "2019-07", "latest_available_photo_date": "2019-07", "source_photo_url": "https://www.mapillary.com/app/?pKey=4050871464992585&focus=photo", "nearest_osm_pole_m": null}}, {"type": "Feature", "geometry": {"type": "Point", "coordinates": [-72.296913, 44.583065]}, "properties": {"id": "hard-01262", "is_utility_pole": true, "pole_type": "wood_utility", "model_flags": [], "model_watch": [], "lean": "none", "crossarm": "intact", "vegetation": "near", "transformer": false, "attachments_estimate": 0, "photos_assessed": 6, "capture_sequences": 5, "photo_shown_date": "2019-07", "latest_available_photo_date": "2019-07", "source_photo_url": "https://www.mapillary.com/app/?pKey=770575236861974&focus=photo", "nearest_osm_pole_m": null}}, {"type": "Feature", "geometry": {"type": "Point", "coordinates": [-72.29727, 44.5837]}, "properties": {"id": "hard-01263", "is_utility_pole": false, "pole_type": "unclear", "model_flags": [], "model_watch": [], "lean": "unclear", "crossarm": "none_visible", "vegetation": "unclear", "transformer": false, "attachments_estimate": 0, "photos_assessed": 3, "capture_sequences": 3, "photo_shown_date": "2017-07", "latest_available_photo_date": "2017-07", "source_photo_url": "https://www.mapillary.com/app/?pKey=460750061656951&focus=photo", "nearest_osm_pole_m": null}}, {"type": "Feature", "geometry": {"type": "Point", "coordinates": [-72.34396, 44.509964]}, "properties": {"id": "hard-01264", "is_utility_pole": true, "pole_type": "wood_utility", "model_flags": [], "model_watch": [], "lean": "none", "crossarm": "intact", "vegetation": "near", "transformer": false, "attachments_estimate": 0, "photos_assessed": 2, "capture_sequences": 1, "photo_shown_date": "2019-07", "latest_available_photo_date": "2019-07", "source_photo_url": "https://www.mapillary.com/app/?pKey=2942308209327486&focus=photo", "nearest_osm_pole_m": null}}, {"type": "Feature", "geometry": {"type": "Point", "coordinates": [-72.34251, 44.51307]}, "properties": {"id": "hard-01265", "is_utility_pole": true, "pole_type": "wood_utility", "model_flags": [], "model_watch": ["lean_slight"], "lean": "slight", "crossarm": "none_visible", "vegetation": "none", "transformer": true, "attachments_estimate": 1, "photos_assessed": 1, "capture_sequences": 1, "photo_shown_date": "2015-07", "latest_available_photo_date": "2019-07", "source_photo_url": "https://www.mapillary.com/app/?pKey=4605815879442754&focus=photo", "nearest_osm_pole_m": null}}, {"type": "Feature", "geometry": {"type": "Point", "coordinates": [-72.38063, 44.517406]}, "properties": {"id": "hard-01266", "is_utility_pole": true, "pole_type": "wood_utility", "model_flags": [], "model_watch": ["lean_slight"], "lean": "slight", "crossarm": "none_visible", "vegetation": "near", "transformer": false, "attachments_estimate": 0, "photos_assessed": 3, "capture_sequences": 3, "photo_shown_date": "2018-07", "latest_available_photo_date": "2018-07", "source_photo_url": "https://www.mapillary.com/app/?pKey=226551542258493&focus=photo", "nearest_osm_pole_m": null}}, {"type": "Feature", "geometry": {"type": "Point", "coordinates": [-72.3427275, 44.5124227]}, "properties": {"id": "hard-01267", "is_utility_pole": true, "pole_type": "wood_utility", "model_flags": [], "model_watch": [], "lean": "none", "crossarm": "none_visible", "vegetation": "none", "transformer": false, "attachments_estimate": 0, "photos_assessed": 4, "capture_sequences": 3, "photo_shown_date": "2019-07", "latest_available_photo_date": "2019-07", "source_photo_url": "https://www.mapillary.com/app/?pKey=527588948242872&focus=photo", "nearest_osm_pole_m": null}}, {"type": "Feature", "geometry": {"type": "Point", "coordinates": [-72.343346, 44.5108]}, "properties": {"id": "hard-01268", "is_utility_pole": true, "pole_type": "wood_utility", "model_flags": [], "model_watch": ["lean_slight"], "lean": "slight", "crossarm": "intact", "vegetation": "near", "transformer": false, "attachments_estimate": 1, "photos_assessed": 3, "capture_sequences": 1, "photo_shown_date": "2015-07", "latest_available_photo_date": "2015-07", "source_photo_url": "https://www.mapillary.com/app/?pKey=906358373555006&focus=photo", "nearest_osm_pole_m": null}}, {"type": "Feature", "geometry": {"type": "Point", "coordinates": [-72.38337, 44.51648]}, "properties": {"id": "hard-01269", "is_utility_pole": true, "pole_type": "wood_utility", "model_flags": [], "model_watch": [], "lean": "none", "crossarm": "intact", "vegetation": "none", "transformer": false, "attachments_estimate": 0, "photos_assessed": 3, "capture_sequences": 2, "photo_shown_date": "2016-06", "latest_available_photo_date": "2016-06", "source_photo_url": "https://www.mapillary.com/app/?pKey=764453880924923&focus=photo", "nearest_osm_pole_m": null}}, {"type": "Feature", "geometry": {"type": "Point", "coordinates": [-72.38285, 44.51676]}, "properties": {"id": "hard-01270", "is_utility_pole": true, "pole_type": "wood_utility", "model_flags": [], "model_watch": ["lean_slight"], "lean": "slight", "crossarm": "intact", "vegetation": "near", "transformer": false, "attachments_estimate": 1, "photos_assessed": 3, "capture_sequences": 2, "photo_shown_date": "2018-07", "latest_available_photo_date": "2018-07", "source_photo_url": "https://www.mapillary.com/app/?pKey=499274121275667&focus=photo", "nearest_osm_pole_m": null}}, {"type": "Feature", "geometry": {"type": "Point", "coordinates": [-72.38371, 44.516277]}, "properties": {"id": "hard-01271", "is_utility_pole": true, "pole_type": "wood_utility", "model_flags": [], "model_watch": ["lean_slight"], "lean": "slight", "crossarm": "intact", "vegetation": "near", "transformer": false, "attachments_estimate": 1, "photos_assessed": 3, "capture_sequences": 2, "photo_shown_date": "2014-07", "latest_available_photo_date": "2016-06", "source_photo_url": "https://www.mapillary.com/app/?pKey=1467372300268506&focus=photo", "nearest_osm_pole_m": null}}, {"type": "Feature", "geometry": {"type": "Point", "coordinates": [-72.367744, 44.56265]}, "properties": {"id": "hard-01272", "is_utility_pole": true, "pole_type": "wood_utility", "model_flags": ["vegetation"], "model_watch": ["lean_slight"], "lean": "slight", "crossarm": "intact", "vegetation": "touching", "transformer": false, "attachments_estimate": 1, "photos_assessed": 3, "capture_sequences": 3, "photo_shown_date": "2018-07", "latest_available_photo_date": "2018-07", "source_photo_url": "https://www.mapillary.com/app/?pKey=476590333434716&focus=photo", "nearest_osm_pole_m": null}}, {"type": "Feature", "geometry": {"type": "Point", "coordinates": [-72.36756, 44.563915]}, "properties": {"id": "hard-01273", "is_utility_pole": true, "pole_type": "wood_utility", "model_flags": [], "model_watch": [], "lean": "none", "crossarm": "intact", "vegetation": "near", "transformer": false, "attachments_estimate": 0, "photos_assessed": 3, "capture_sequences": 3, "photo_shown_date": "2018-07", "latest_available_photo_date": "2018-07", "source_photo_url": "https://www.mapillary.com/app/?pKey=1990249401140983&focus=photo", "nearest_osm_pole_m": null}}, {"type": "Feature", "geometry": {"type": "Point", "coordinates": [-72.37162, 44.548615]}, "properties": {"id": "hard-01274", "is_utility_pole": true, "pole_type": "wood_utility", "model_flags": [], "model_watch": [], "lean": "none", "crossarm": "intact", "vegetation": "near", "transformer": false, "attachments_estimate": 0, "photos_assessed": 3, "capture_sequences": 2, "photo_shown_date": "2016-07", "latest_available_photo_date": "2016-07", "source_photo_url": "https://www.mapillary.com/app/?pKey=840615426879450&focus=photo", "nearest_osm_pole_m": null}}, {"type": "Feature", "geometry": {"type": "Point", "coordinates": [-72.3677, 44.562416]}, "properties": {"id": "hard-01275", "is_utility_pole": true, "pole_type": "wood_utility", "model_flags": ["vegetation"], "model_watch": [], "lean": "none", "crossarm": "none_visible", "vegetation": "touching", "transformer": false, "attachments_estimate": 0, "photos_assessed": 1, "capture_sequences": 1, "photo_shown_date": "2016-07", "latest_available_photo_date": "2018-06", "source_photo_url": "https://www.mapillary.com/app/?pKey=1420499144970305&focus=photo", "nearest_osm_pole_m": null}}, {"type": "Feature", "geometry": {"type": "Point", "coordinates": [-72.37031, 44.54971]}, "properties": {"id": "hard-01276", "is_utility_pole": true, "pole_type": "wood_utility", "model_flags": ["vegetation"], "model_watch": [], "lean": "none", "crossarm": "none_visible", "vegetation": "touching", "transformer": false, "attachments_estimate": 0, "photos_assessed": 2, "capture_sequences": 2, "photo_shown_date": "2018-07", "latest_available_photo_date": "2018-07", "source_photo_url": "https://www.mapillary.com/app/?pKey=155130766587951&focus=photo", "nearest_osm_pole_m": null}}, {"type": "Feature", "geometry": {"type": "Point", "coordinates": [-72.37052, 44.549698]}, "properties": {"id": "hard-01277", "is_utility_pole": true, "pole_type": "wood_utility", "model_flags": [], "model_watch": ["lean_slight"], "lean": "slight", "crossarm": "intact", "vegetation": "near", "transformer": false, "attachments_estimate": 1, "photos_assessed": 3, "capture_sequences": 2, "photo_shown_date": "2016-07", "latest_available_photo_date": "2016-07", "source_photo_url": "https://www.mapillary.com/app/?pKey=227330858820531&focus=photo", "nearest_osm_pole_m": null}}, {"type": "Feature", "geometry": {"type": "Point", "coordinates": [-72.37021, 44.550816]}, "properties": {"id": "hard-01278", "is_utility_pole": true, "pole_type": "wood_utility", "model_flags": [], "model_watch": [], "lean": "none", "crossarm": "intact", "vegetation": "none", "transformer": false, "attachments_estimate": 0, "photos_assessed": 3, "capture_sequences": 2, "photo_shown_date": "2018-07", "latest_available_photo_date": "2018-07", "source_photo_url": "https://www.mapillary.com/app/?pKey=1113493439179418&focus=photo", "nearest_osm_pole_m": null}}, {"type": "Feature", "geometry": {"type": "Point", "coordinates": [-72.37135, 44.548855]}, "properties": {"id": "hard-01279", "is_utility_pole": true, "pole_type": "wood_utility", "model_flags": [], "model_watch": ["lean_slight"], "lean": "slight", "crossarm": "intact", "vegetation": "none", "transformer": false, "attachments_estimate": 0, "photos_assessed": 3, "capture_sequences": 2, "photo_shown_date": "2018-07", "latest_available_photo_date": "2018-07", "source_photo_url": "https://www.mapillary.com/app/?pKey=312600530494716&focus=photo", "nearest_osm_pole_m": null}}, {"type": "Feature", "geometry": {"type": "Point", "coordinates": [-72.367225, 44.5647625]}, "properties": {"id": "hard-01280", "is_utility_pole": true, "pole_type": "wood_utility", "model_flags": ["vegetation"], "model_watch": ["lean_slight"], "lean": "slight", "crossarm": "unclear", "vegetation": "touching", "transformer": false, "attachments_estimate": 1, "photos_assessed": 4, "capture_sequences": 1, "photo_shown_date": "2016-07", "latest_available_photo_date": "2018-06", "source_photo_url": "https://www.mapillary.com/app/?pKey=1984347301728894&focus=photo", "nearest_osm_pole_m": null}}, {"type": "Feature", "geometry": {"type": "Point", "coordinates": [-72.370804, 44.549248]}, "properties": {"id": "hard-01281", "is_utility_pole": true, "pole_type": "wood_utility", "model_flags": [], "model_watch": ["lean_slight"], "lean": "slight", "crossarm": "intact", "vegetation": "near", "transformer": false, "attachments_estimate": 0, "photos_assessed": 3, "capture_sequences": 3, "photo_shown_date": "2018-07", "latest_available_photo_date": "2018-07", "source_photo_url": "https://www.mapillary.com/app/?pKey=4343067465728200&focus=photo", "nearest_osm_pole_m": null}}, {"type": "Feature", "geometry": {"type": "Point", "coordinates": [-72.371124, 44.54904]}, "properties": {"id": "hard-01282", "is_utility_pole": true, "pole_type": "wood_utility", "model_flags": [], "model_watch": ["lean_slight"], "lean": "slight", "crossarm": "intact", "vegetation": "near", "transformer": false, "attachments_estimate": 0, "photos_assessed": 3, "capture_sequences": 2, "photo_shown_date": "2016-07", "latest_available_photo_date": "2016-07", "source_photo_url": "https://www.mapillary.com/app/?pKey=146559497458324&focus=photo", "nearest_osm_pole_m": null}}, {"type": "Feature", "geometry": {"type": "Point", "coordinates": [-72.366684, 44.56639]}, "properties": {"id": "hard-01283", "is_utility_pole": true, "pole_type": "wood_utility", "model_flags": [], "model_watch": [], "lean": "none", "crossarm": "intact", "vegetation": "none", "transformer": false, "attachments_estimate": 0, "photos_assessed": 3, "capture_sequences": 2, "photo_shown_date": "2014-06", "latest_available_photo_date": "2014-06", "source_photo_url": "https://www.mapillary.com/app/?pKey=383682272954641&focus=photo", "nearest_osm_pole_m": null}}, {"type": "Feature", "geometry": {"type": "Point", "coordinates": [-72.37058, 44.549603]}, "properties": {"id": "hard-01284", "is_utility_pole": true, "pole_type": "wood_utility", "model_flags": [], "model_watch": [], "lean": "none", "crossarm": "intact", "vegetation": "near", "transformer": false, "attachments_estimate": 0, "photos_assessed": 1, "capture_sequences": 1, "photo_shown_date": "2014-06", "latest_available_photo_date": "2018-07", "source_photo_url": "https://www.mapillary.com/app/?pKey=485204626024810&focus=photo", "nearest_osm_pole_m": null}}, {"type": "Feature", "geometry": {"type": "Point", "coordinates": [-72.367165, 44.564865]}, "properties": {"id": "hard-01285", "is_utility_pole": true, "pole_type": "wood_utility", "model_flags": ["vegetation"], "model_watch": [], "lean": "none", "crossarm": "intact", "vegetation": "touching", "transformer": false, "attachments_estimate": 1, "photos_assessed": 3, "capture_sequences": 2, "photo_shown_date": "2016-07", "latest_available_photo_date": "2018-06", "source_photo_url": "https://www.mapillary.com/app/?pKey=382102633126578&focus=photo", "nearest_osm_pole_m": null}}, {"type": "Feature", "geometry": {"type": "Point", "coordinates": [-72.34316, 44.51125]}, "properties": {"id": "hard-01286", "is_utility_pole": true, "pole_type": "wood_utility", "model_flags": [], "model_watch": [], "lean": "none", "crossarm": "none_visible", "vegetation": "near", "transformer": false, "attachments_estimate": 2, "photos_assessed": 6, "capture_sequences": 3, "photo_shown_date": "2019-07", "latest_available_photo_date": "2019-07", "source_photo_url": "https://www.mapillary.com/app/?pKey=496549284990791&focus=photo", "nearest_osm_pole_m": null}}, {"type": "Feature", "geometry": {"type": "Point", "coordinates": [-72.371234, 44.5489348]}, "properties": {"id": "hard-01287", "is_utility_pole": true, "pole_type": "wood_utility", "model_flags": [], "model_watch": ["lean_slight"], "lean": "slight", "crossarm": "intact", "vegetation": "near", "transformer": false, "attachments_estimate": 1, "photos_assessed": 5, "capture_sequences": 3, "photo_shown_date": "2018-07", "latest_available_photo_date": "2018-07", "source_photo_url": "https://www.mapillary.com/app/?pKey=520084452679705&focus=photo", "nearest_osm_pole_m": null}}, {"type": "Feature", "geometry": {"type": "Point", "coordinates": [-72.367744, 44.56169]}, "properties": {"id": "hard-01288", "is_utility_pole": true, "pole_type": "wood_utility", "model_flags": [], "model_watch": [], "lean": "none", "crossarm": "intact", "vegetation": "near", "transformer": false, "attachments_estimate": 0, "photos_assessed": 3, "capture_sequences": 3, "photo_shown_date": "2018-07", "latest_available_photo_date": "2018-07", "source_photo_url": "https://www.mapillary.com/app/?pKey=116502437183888&focus=photo", "nearest_osm_pole_m": null}}, {"type": "Feature", "geometry": {"type": "Point", "coordinates": [-72.38174, 44.517315]}, "properties": {"id": "hard-01289", "is_utility_pole": true, "pole_type": "wood_utility", "model_flags": [], "model_watch": [], "lean": "none", "crossarm": "intact", "vegetation": "near", "transformer": false, "attachments_estimate": 0, "photos_assessed": 1, "capture_sequences": 1, "photo_shown_date": "2016-06", "latest_available_photo_date": "2018-07", "source_photo_url": "https://www.mapillary.com/app/?pKey=215328280432365&focus=photo", "nearest_osm_pole_m": null}}, {"type": "Feature", "geometry": {"type": "Point", "coordinates": [-72.37026, 44.54978]}, "properties": {"id": "hard-01290", "is_utility_pole": true, "pole_type": "wood_utility", "model_flags": ["lean"], "model_watch": [], "lean": "severe", "crossarm": "none_visible", "vegetation": "near", "transformer": false, "attachments_estimate": 0, "photos_assessed": 3, "capture_sequences": 2, "photo_shown_date": "2016-07", "latest_available_photo_date": "2016-07", "source_photo_url": "https://www.mapillary.com/app/?pKey=211597770607859&focus=photo", "nearest_osm_pole_m": null}}, {"type": "Feature", "geometry": {"type": "Point", "coordinates": [-72.36776, 44.56347]}, "properties": {"id": "hard-01291", "is_utility_pole": true, "pole_type": "wood_utility", "model_flags": ["vegetation"], "model_watch": [], "lean": "none", "crossarm": "intact", "vegetation": "touching", "transformer": false, "attachments_estimate": 1, "photos_assessed": 3, "capture_sequences": 3, "photo_shown_date": "2018-07", "latest_available_photo_date": "2018-07", "source_photo_url": "https://www.mapillary.com/app/?pKey=554952418853882&focus=photo", "nearest_osm_pole_m": null}}, {"type": "Feature", "geometry": {"type": "Point", "coordinates": [-72.371574, 44.548695]}, "properties": {"id": "hard-01292", "is_utility_pole": false, "pole_type": "unclear", "model_flags": [], "model_watch": [], "lean": "unclear", "crossarm": "none_visible", "vegetation": "none", "transformer": false, "attachments_estimate": 0, "photos_assessed": 1, "capture_sequences": 1, "photo_shown_date": "2018-06", "latest_available_photo_date": "2018-06", "source_photo_url": "https://www.mapillary.com/app/?pKey=3816391065149909&focus=photo", "nearest_osm_pole_m": null}}, {"type": "Feature", "geometry": {"type": "Point", "coordinates": [-72.3704, 44.549633]}, "properties": {"id": "hard-01293", "is_utility_pole": false, "pole_type": "other", "model_flags": [], "model_watch": [], "lean": "unclear", "crossarm": "none_visible", "vegetation": "unclear", "transformer": false, "attachments_estimate": 0, "photos_assessed": 1, "capture_sequences": 1, "photo_shown_date": "2016-07", "latest_available_photo_date": "2016-07", "source_photo_url": "https://www.mapillary.com/app/?pKey=279243047218630&focus=photo", "nearest_osm_pole_m": null}}, {"type": "Feature", "geometry": {"type": "Point", "coordinates": [-72.37122, 44.54916]}, "properties": {"id": "hard-01294", "is_utility_pole": true, "pole_type": "wood_utility", "model_flags": [], "model_watch": [], "lean": "none", "crossarm": "intact", "vegetation": "none", "transformer": false, "attachments_estimate": 1, "photos_assessed": 3, "capture_sequences": 2, "photo_shown_date": "2014-06", "latest_available_photo_date": "2014-06", "source_photo_url": "https://www.mapillary.com/app/?pKey=301236814990129&focus=photo", "nearest_osm_pole_m": null}}, {"type": "Feature", "geometry": {"type": "Point", "coordinates": [-72.41256, 44.46502]}, "properties": {"id": "hard-01295", "is_utility_pole": true, "pole_type": "wood_utility", "model_flags": ["vegetation"], "model_watch": [], "lean": "none", "crossarm": "none_visible", "vegetation": "touching", "transformer": false, "attachments_estimate": 0, "photos_assessed": 3, "capture_sequences": 2, "photo_shown_date": "2016-07", "latest_available_photo_date": "2016-07", "source_photo_url": "https://www.mapillary.com/app/?pKey=536183364422164&focus=photo", "nearest_osm_pole_m": null}}, {"type": "Feature", "geometry": {"type": "Point", "coordinates": [-72.411644, 44.465725]}, "properties": {"id": "hard-01296", "is_utility_pole": true, "pole_type": "wood_utility", "model_flags": [], "model_watch": ["lean_slight"], "lean": "slight", "crossarm": "intact", "vegetation": "near", "transformer": false, "attachments_estimate": 2, "photos_assessed": 3, "capture_sequences": 3, "photo_shown_date": "2018-07", "latest_available_photo_date": "2018-07", "source_photo_url": "https://www.mapillary.com/app/?pKey=762477651081295&focus=photo", "nearest_osm_pole_m": null}}, {"type": "Feature", "geometry": {"type": "Point", "coordinates": [-72.414078, 44.464442]}, "properties": {"id": "hard-01297", "is_utility_pole": true, "pole_type": "wood_utility", "model_flags": [], "model_watch": ["lean_slight"], "lean": "slight", "crossarm": "intact", "vegetation": "near", "transformer": false, "attachments_estimate": 0, "photos_assessed": 5, "capture_sequences": 2, "photo_shown_date": "2014-07", "latest_available_photo_date": "2018-06", "source_photo_url": "https://www.mapillary.com/app/?pKey=336066298053961&focus=photo", "nearest_osm_pole_m": null}}, {"type": "Feature", "geometry": {"type": "Point", "coordinates": [-72.41201, 44.46537]}, "properties": {"id": "hard-01298", "is_utility_pole": true, "pole_type": "wood_utility", "model_flags": ["vegetation"], "model_watch": ["lean_slight"], "lean": "slight", "crossarm": "none_visible", "vegetation": "touching", "transformer": false, "attachments_estimate": 0, "photos_assessed": 3, "capture_sequences": 3, "photo_shown_date": "2016-07", "latest_available_photo_date": "2018-07", "source_photo_url": "https://www.mapillary.com/app/?pKey=503275581118228&focus=photo", "nearest_osm_pole_m": null}}, {"type": "Feature", "geometry": {"type": "Point", "coordinates": [-72.4148, 44.464195]}, "properties": {"id": "hard-01299", "is_utility_pole": true, "pole_type": "wood_utility", "model_flags": [], "model_watch": [], "lean": "none", "crossarm": "none_visible", "vegetation": "near", "transformer": false, "attachments_estimate": 0, "photos_assessed": 3, "capture_sequences": 2, "photo_shown_date": "2018-07", "latest_available_photo_date": "2018-07", "source_photo_url": "https://www.mapillary.com/app/?pKey=2007592162732492&focus=photo", "nearest_osm_pole_m": null}}, {"type": "Feature", "geometry": {"type": "Point", "coordinates": [-72.41583, 44.463234]}, "properties": {"id": "hard-01300", "is_utility_pole": true, "pole_type": "wood_utility", "model_flags": ["vegetation"], "model_watch": ["lean_slight"], "lean": "slight", "crossarm": "intact", "vegetation": "touching", "transformer": false, "attachments_estimate": 1, "photos_assessed": 3, "capture_sequences": 3, "photo_shown_date": "2016-07", "latest_available_photo_date": "2018-07", "source_photo_url": "https://www.mapillary.com/app/?pKey=205384114734415&focus=photo", "nearest_osm_pole_m": null}}, {"type": "Feature", "geometry": {"type": "Point", "coordinates": [-72.413635, 44.464634]}, "properties": {"id": "hard-01301", "is_utility_pole": true, "pole_type": "wood_utility", "model_flags": [], "model_watch": ["lean_slight"], "lean": "slight", "crossarm": "none_visible", "vegetation": "near", "transformer": false, "attachments_estimate": 0, "photos_assessed": 2, "capture_sequences": 2, "photo_shown_date": "2014-07", "latest_available_photo_date": "2018-06", "source_photo_url": "https://www.mapillary.com/app/?pKey=1494500170895470&focus=photo", "nearest_osm_pole_m": null}}, {"type": "Feature", "geometry": {"type": "Point", "coordinates": [-72.4116, 44.465828]}, "properties": {"id": "hard-01302", "is_utility_pole": true, "pole_type": "wood_utility", "model_flags": [], "model_watch": [], "lean": "none", "crossarm": "intact", "vegetation": "near", "transformer": false, "attachments_estimate": 2, "photos_assessed": 3, "capture_sequences": 2, "photo_shown_date": "2018-06", "latest_available_photo_date": "2018-06", "source_photo_url": "https://www.mapillary.com/app/?pKey=799742064240920&focus=photo", "nearest_osm_pole_m": null}}, {"type": "Feature", "geometry": {"type": "Point", "coordinates": [-72.413216, 44.464775]}, "properties": {"id": "hard-01303", "is_utility_pole": true, "pole_type": "wood_utility", "model_flags": [], "model_watch": [], "lean": "none", "crossarm": "intact", "vegetation": "near", "transformer": false, "attachments_estimate": 0, "photos_assessed": 3, "capture_sequences": 2, "photo_shown_date": "2016-07", "latest_available_photo_date": "2016-07", "source_photo_url": "https://www.mapillary.com/app/?pKey=538335280525172&focus=photo", "nearest_osm_pole_m": null}}, {"type": "Feature", "geometry": {"type": "Point", "coordinates": [-72.413925, 44.46454]}, "properties": {"id": "hard-01304", "is_utility_pole": true, "pole_type": "wood_utility", "model_flags": [], "model_watch": [], "lean": "none", "crossarm": "intact", "vegetation": "near", "transformer": false, "attachments_estimate": 0, "photos_assessed": 3, "capture_sequences": 3, "photo_shown_date": "2018-06", "latest_available_photo_date": "2018-06", "source_photo_url": "https://www.mapillary.com/app/?pKey=2288445994621615&focus=photo", "nearest_osm_pole_m": null}}, {"type": "Feature", "geometry": {"type": "Point", "coordinates": [-72.41213, 44.46527]}, "properties": {"id": "hard-01305", "is_utility_pole": true, "pole_type": "wood_utility", "model_flags": ["vegetation"], "model_watch": [], "lean": "none", "crossarm": "intact", "vegetation": "touching", "transformer": false, "attachments_estimate": 0, "photos_assessed": 3, "capture_sequences": 3, "photo_shown_date": "2016-07", "latest_available_photo_date": "2016-07", "source_photo_url": "https://www.mapillary.com/app/?pKey=209787020814919&focus=photo", "nearest_osm_pole_m": null}}, {"type": "Feature", "geometry": {"type": "Point", "coordinates": [-72.36529, 44.573513]}, "properties": {"id": "hard-01306", "is_utility_pole": true, "pole_type": "wood_utility", "model_flags": [], "model_watch": [], "lean": "none", "crossarm": "unclear", "vegetation": "near", "transformer": false, "attachments_estimate": 0, "photos_assessed": 2, "capture_sequences": 1, "photo_shown_date": "2016-07", "latest_available_photo_date": "2016-07", "source_photo_url": "https://www.mapillary.com/app/?pKey=201544045146884&focus=photo", "nearest_osm_pole_m": null}}, {"type": "Feature", "geometry": {"type": "Point", "coordinates": [-72.41376, 44.464584]}, "properties": {"id": "hard-01307", "is_utility_pole": true, "pole_type": "wood_utility", "model_flags": ["vegetation"], "model_watch": ["lean_slight"], "lean": "slight", "crossarm": "intact", "vegetation": "touching", "transformer": false, "attachments_estimate": 1, "photos_assessed": 3, "capture_sequences": 2, "photo_shown_date": "2016-07", "latest_available_photo_date": "2016-07", "source_photo_url": "https://www.mapillary.com/app/?pKey=958107864999476&focus=photo", "nearest_osm_pole_m": null}}, {"type": "Feature", "geometry": {"type": "Point", "coordinates": [-72.41114, 44.466507]}, "properties": {"id": "hard-01308", "is_utility_pole": false, "pole_type": "unclear", "model_flags": [], "model_watch": [], "lean": "unclear", "crossarm": "unclear", "vegetation": "unclear", "transformer": false, "attachments_estimate": 0, "photos_assessed": 1, "capture_sequences": 1, "photo_shown_date": "2014-07", "latest_available_photo_date": "2018-06", "source_photo_url": "https://www.mapillary.com/app/?pKey=510726420190577&focus=photo", "nearest_osm_pole_m": null}}, {"type": "Feature", "geometry": {"type": "Point", "coordinates": [-72.26849, 44.545277]}, "properties": {"id": "hard-01309", "is_utility_pole": false, "pole_type": "unclear", "model_flags": [], "model_watch": [], "lean": "unclear", "crossarm": "none_visible", "vegetation": "unclear", "transformer": false, "attachments_estimate": 0, "photos_assessed": 2, "capture_sequences": 1, "photo_shown_date": "2016-06", "latest_available_photo_date": "2016-06", "source_photo_url": "https://www.mapillary.com/app/?pKey=480375349743186&focus=photo", "nearest_osm_pole_m": null}}, {"type": "Feature", "geometry": {"type": "Point", "coordinates": [-72.26756, 44.546406]}, "properties": {"id": "hard-01310", "is_utility_pole": true, "pole_type": "wood_utility", "model_flags": ["lean"], "model_watch": [], "lean": "moderate", "crossarm": "none_visible", "vegetation": "near", "transformer": true, "attachments_estimate": 1, "photos_assessed": 3, "capture_sequences": 3, "photo_shown_date": "2018-07", "latest_available_photo_date": "2018-07", "source_photo_url": "https://www.mapillary.com/app/?pKey=809970022957442&focus=photo", "nearest_osm_pole_m": null}}, {"type": "Feature", "geometry": {"type": "Point", "coordinates": [-72.26822, 44.545803]}, "properties": {"id": "hard-01311", "is_utility_pole": true, "pole_type": "wood_utility", "model_flags": ["vegetation"], "model_watch": ["lean_slight"], "lean": "slight", "crossarm": "none_visible", "vegetation": "touching", "transformer": false, "attachments_estimate": 1, "photos_assessed": 3, "capture_sequences": 3, "photo_shown_date": "2018-07", "latest_available_photo_date": "2018-07", "source_photo_url": "https://www.mapillary.com/app/?pKey=1190647991359557&focus=photo", "nearest_osm_pole_m": null}}, {"type": "Feature", "geometry": {"type": "Point", "coordinates": [-72.26891, 44.54406]}, "properties": {"id": "hard-01312", "is_utility_pole": true, "pole_type": "wood_utility", "model_flags": [], "model_watch": ["lean_slight"], "lean": "slight", "crossarm": "none_visible", "vegetation": "near", "transformer": false, "attachments_estimate": 0, "photos_assessed": 3, "capture_sequences": 2, "photo_shown_date": "2018-07", "latest_available_photo_date": "2018-07", "source_photo_url": "https://www.mapillary.com/app/?pKey=478505770145387&focus=photo", "nearest_osm_pole_m": null}}, {"type": "Feature", "geometry": {"type": "Point", "coordinates": [-72.28012, 44.56305]}, "properties": {"id": "hard-01313", "is_utility_pole": true, "pole_type": "wood_utility", "model_flags": ["vegetation"], "model_watch": ["lean_slight"], "lean": "slight", "crossarm": "none_visible", "vegetation": "touching", "transformer": false, "attachments_estimate": 0, "photos_assessed": 3, "capture_sequences": 3, "photo_shown_date": "2019-07", "latest_available_photo_date": "2019-07", "source_photo_url": "https://www.mapillary.com/app/?pKey=2522872318021450&focus=photo", "nearest_osm_pole_m": null}}, {"type": "Feature", "geometry": {"type": "Point", "coordinates": [-72.26854, 44.544792]}, "properties": {"id": "hard-01314", "is_utility_pole": true, "pole_type": "wood_utility", "model_flags": ["vegetation"], "model_watch": ["lean_slight"], "lean": "slight", "crossarm": "none_visible", "vegetation": "touching", "transformer": false, "attachments_estimate": 0, "photos_assessed": 1, "capture_sequences": 1, "photo_shown_date": "2014-06", "latest_available_photo_date": "2014-06", "source_photo_url": "https://www.mapillary.com/app/?pKey=843400206271718&focus=photo", "nearest_osm_pole_m": null}}, {"type": "Feature", "geometry": {"type": "Point", "coordinates": [-72.26857, 44.544914]}, "properties": {"id": "hard-01315", "is_utility_pole": true, "pole_type": "wood_utility", "model_flags": ["vegetation"], "model_watch": ["lean_slight"], "lean": "slight", "crossarm": "none_visible", "vegetation": "touching", "transformer": false, "attachments_estimate": 0, "photos_assessed": 3, "capture_sequences": 3, "photo_shown_date": "2018-07", "latest_available_photo_date": "2018-07", "source_photo_url": "https://www.mapillary.com/app/?pKey=883230305739826&focus=photo", "nearest_osm_pole_m": null}}, {"type": "Feature", "geometry": {"type": "Point", "coordinates": [-72.268295, 44.54486]}, "properties": {"id": "hard-01316", "is_utility_pole": false, "pole_type": "unclear", "model_flags": [], "model_watch": [], "lean": "unclear", "crossarm": "none_visible", "vegetation": "unclear", "transformer": false, "attachments_estimate": 0, "photos_assessed": 1, "capture_sequences": 1, "photo_shown_date": "2018-07", "latest_available_photo_date": "2018-07", "source_photo_url": "https://www.mapillary.com/app/?pKey=883230305739826&focus=photo", "nearest_osm_pole_m": null}}, {"type": "Feature", "geometry": {"type": "Point", "coordinates": [-72.4280205, 44.53324]}, "properties": {"id": "hard-01317", "is_utility_pole": true, "pole_type": "wood_utility", "model_flags": [], "model_watch": ["lean_slight"], "lean": "slight", "crossarm": "none_visible", "vegetation": "near", "transformer": false, "attachments_estimate": 0, "photos_assessed": 6, "capture_sequences": 4, "photo_shown_date": "2018-07", "latest_available_photo_date": "2018-07", "source_photo_url": "https://www.mapillary.com/app/?pKey=510450726843497&focus=photo", "nearest_osm_pole_m": null}}, {"type": "Feature", "geometry": {"type": "Point", "coordinates": [-72.43117, 44.534374]}, "properties": {"id": "hard-01318", "is_utility_pole": true, "pole_type": "wood_utility", "model_flags": ["vegetation"], "model_watch": [], "lean": "unclear", "crossarm": "unclear", "vegetation": "touching", "transformer": false, "attachments_estimate": 0, "photos_assessed": 2, "capture_sequences": 2, "photo_shown_date": "2014-06", "latest_available_photo_date": "2016-06", "source_photo_url": "https://www.mapillary.com/app/?pKey=3037929153102782&focus=photo", "nearest_osm_pole_m": null}}, {"type": "Feature", "geometry": {"type": "Point", "coordinates": [-72.4314, 44.534172]}, "properties": {"id": "hard-01319", "is_utility_pole": true, "pole_type": "wood_utility", "model_flags": [], "model_watch": ["lean_slight"], "lean": "slight", "crossarm": "none_visible", "vegetation": "none", "transformer": false, "attachments_estimate": 1, "photos_assessed": 3, "capture_sequences": 3, "photo_shown_date": "2018-07", "latest_available_photo_date": "2018-07", "source_photo_url": "https://www.mapillary.com/app/?pKey=3371672519602540&focus=photo", "nearest_osm_pole_m": null}}, {"type": "Feature", "geometry": {"type": "Point", "coordinates": [-72.430593, 44.5339898]}, "properties": {"id": "hard-01320", "is_utility_pole": true, "pole_type": "wood_utility", "model_flags": [], "model_watch": [], "lean": "none", "crossarm": "none_visible", "vegetation": "none", "transformer": false, "attachments_estimate": 0, "photos_assessed": 5, "capture_sequences": 4, "photo_shown_date": "2018-07", "latest_available_photo_date": "2018-07", "source_photo_url": "https://www.mapillary.com/app/?pKey=209809584149138&focus=photo", "nearest_osm_pole_m": null}}, {"type": "Feature", "geometry": {"type": "Point", "coordinates": [-72.429695, 44.533726]}, "properties": {"id": "hard-01321", "is_utility_pole": true, "pole_type": "wood_utility", "model_flags": [], "model_watch": ["lean_slight"], "lean": "slight", "crossarm": "none_visible", "vegetation": "none", "transformer": false, "attachments_estimate": 0, "photos_assessed": 3, "capture_sequences": 3, "photo_shown_date": "2018-07", "latest_available_photo_date": "2018-07", "source_photo_url": "https://www.mapillary.com/app/?pKey=2879259128984296&focus=photo", "nearest_osm_pole_m": null}}, {"type": "Feature", "geometry": {"type": "Point", "coordinates": [-72.42874, 44.53345]}, "properties": {"id": "hard-01322", "is_utility_pole": true, "pole_type": "wood_utility", "model_flags": [], "model_watch": [], "lean": "none", "crossarm": "none_visible", "vegetation": "none", "transformer": false, "attachments_estimate": 0, "photos_assessed": 3, "capture_sequences": 3, "photo_shown_date": "2018-07", "latest_available_photo_date": "2018-07", "source_photo_url": "https://www.mapillary.com/app/?pKey=904736376752933&focus=photo", "nearest_osm_pole_m": null}}, {"type": "Feature", "geometry": {"type": "Point", "coordinates": [-72.43173, 44.534386]}, "properties": {"id": "hard-01323", "is_utility_pole": true, "pole_type": "wood_utility", "model_flags": [], "model_watch": [], "lean": "none", "crossarm": "none_visible", "vegetation": "near", "transformer": false, "attachments_estimate": 0, "photos_assessed": 1, "capture_sequences": 1, "photo_shown_date": "2016-06", "latest_available_photo_date": "2016-06", "source_photo_url": "https://www.mapillary.com/app/?pKey=480301103199321&focus=photo", "nearest_osm_pole_m": null}}, {"type": "Feature", "geometry": {"type": "Point", "coordinates": [-72.425835, 44.532585]}, "properties": {"id": "hard-01324", "is_utility_pole": true, "pole_type": "wood_utility", "model_flags": [], "model_watch": ["lean_slight"], "lean": "slight", "crossarm": "none_visible", "vegetation": "near", "transformer": false, "attachments_estimate": 0, "photos_assessed": 3, "capture_sequences": 3, "photo_shown_date": "2016-06", "latest_available_photo_date": "2016-06", "source_photo_url": "https://www.mapillary.com/app/?pKey=788228385414907&focus=photo", "nearest_osm_pole_m": null}}, {"type": "Feature", "geometry": {"type": "Point", "coordinates": [-72.4268, 44.53289]}, "properties": {"id": "hard-01325", "is_utility_pole": true, "pole_type": "wood_utility", "model_flags": [], "model_watch": [], "lean": "none", "crossarm": "none_visible", "vegetation": "near", "transformer": false, "attachments_estimate": 0, "photos_assessed": 3, "capture_sequences": 3, "photo_shown_date": "2018-07", "latest_available_photo_date": "2018-07", "source_photo_url": "https://www.mapillary.com/app/?pKey=522499672438643&focus=photo", "nearest_osm_pole_m": null}}, {"type": "Feature", "geometry": {"type": "Point", "coordinates": [-72.368525, 44.5035705]}, "properties": {"id": "hard-01326", "is_utility_pole": true, "pole_type": "wood_utility", "model_flags": [], "model_watch": [], "lean": "none", "crossarm": "none_visible", "vegetation": "near", "transformer": false, "attachments_estimate": 2, "photos_assessed": 6, "capture_sequences": 4, "photo_shown_date": "2016-07", "latest_available_photo_date": "2016-07", "source_photo_url": "https://www.mapillary.com/app/?pKey=295026088970186&focus=photo", "nearest_osm_pole_m": null}}, {"type": "Feature", "geometry": {"type": "Point", "coordinates": [-72.36507, 44.50389]}, "properties": {"id": "hard-01327", "is_utility_pole": true, "pole_type": "wood_utility", "model_flags": [], "model_watch": [], "lean": "none", "crossarm": "none_visible", "vegetation": "near", "transformer": false, "attachments_estimate": 1, "photos_assessed": 2, "capture_sequences": 2, "photo_shown_date": "2016-06", "latest_available_photo_date": "2016-06", "source_photo_url": "https://www.mapillary.com/app/?pKey=2958826877693622&focus=photo", "nearest_osm_pole_m": null}}, {"type": "Feature", "geometry": {"type": "Point", "coordinates": [-72.3651, 44.504276]}, "properties": {"id": "hard-01328", "is_utility_pole": true, "pole_type": "wood_utility", "model_flags": [], "model_watch": ["lean_slight"], "lean": "slight", "crossarm": "none_visible", "vegetation": "near", "transformer": false, "attachments_estimate": 1, "photos_assessed": 1, "capture_sequences": 1, "photo_shown_date": "2016-06", "latest_available_photo_date": "2018-07", "source_photo_url": "https://www.mapillary.com/app/?pKey=1267671090315684&focus=photo", "nearest_osm_pole_m": null}}, {"type": "Feature", "geometry": {"type": "Point", "coordinates": [-72.36829, 44.503675]}, "properties": {"id": "hard-01329", "is_utility_pole": true, "pole_type": "wood_utility", "model_flags": [], "model_watch": [], "lean": "none", "crossarm": "intact", "vegetation": "near", "transformer": false, "attachments_estimate": 1, "photos_assessed": 6, "capture_sequences": 4, "photo_shown_date": "2018-07", "latest_available_photo_date": "2018-07", "source_photo_url": "https://www.mapillary.com/app/?pKey=871550906908870&focus=photo", "nearest_osm_pole_m": null}}, {"type": "Feature", "geometry": {"type": "Point", "coordinates": [-72.36882, 44.55974]}, "properties": {"id": "hard-01330", "is_utility_pole": true, "pole_type": "wood_utility", "model_flags": ["vegetation"], "model_watch": [], "lean": "unclear", "crossarm": "none_visible", "vegetation": "touching", "transformer": false, "attachments_estimate": 0, "photos_assessed": 1, "capture_sequences": 1, "photo_shown_date": "2014-06", "latest_available_photo_date": "2018-06", "source_photo_url": "https://www.mapillary.com/app/?pKey=865008741030221&focus=photo", "nearest_osm_pole_m": null}}, {"type": "Feature", "geometry": {"type": "Point", "coordinates": [-72.295715, 44.575928]}, "properties": {"id": "hard-01331", "is_utility_pole": true, "pole_type": "wood_utility", "model_flags": [], "model_watch": ["lean_slight"], "lean": "slight", "crossarm": "none_visible", "vegetation": "near", "transformer": false, "attachments_estimate": 2, "photos_assessed": 3, "capture_sequences": 3, "photo_shown_date": "2019-07", "latest_available_photo_date": "2019-07", "source_photo_url": "https://www.mapillary.com/app/?pKey=545937549737222&focus=photo", "nearest_osm_pole_m": null}}, {"type": "Feature", "geometry": {"type": "Point", "coordinates": [-72.306061, 44.4847145]}, "properties": {"id": "hard-01332", "is_utility_pole": true, "pole_type": "wood_utility", "model_flags": [], "model_watch": [], "lean": "none", "crossarm": "none_visible", "vegetation": "near", "transformer": false, "attachments_estimate": 0, "photos_assessed": 6, "capture_sequences": 5, "photo_shown_date": "2018-07", "latest_available_photo_date": "2018-07", "source_photo_url": "https://www.mapillary.com/app/?pKey=543080583357684&focus=photo", "nearest_osm_pole_m": null}}, {"type": "Feature", "geometry": {"type": "Point", "coordinates": [-72.309265, 44.486904]}, "properties": {"id": "hard-01333", "is_utility_pole": true, "pole_type": "wood_utility", "model_flags": [], "model_watch": [], "lean": "none", "crossarm": "none_visible", "vegetation": "near", "transformer": false, "attachments_estimate": 0, "photos_assessed": 3, "capture_sequences": 3, "photo_shown_date": "2018-07", "latest_available_photo_date": "2018-07", "source_photo_url": "https://www.mapillary.com/app/?pKey=747660425931173&focus=photo", "nearest_osm_pole_m": null}}, {"type": "Feature", "geometry": {"type": "Point", "coordinates": [-72.30861, 44.4863412]}, "properties": {"id": "hard-01334", "is_utility_pole": true, "pole_type": "wood_utility", "model_flags": [], "model_watch": [], "lean": "none", "crossarm": "none_visible", "vegetation": "near", "transformer": false, "attachments_estimate": 0, "photos_assessed": 5, "capture_sequences": 5, "photo_shown_date": "2018-07", "latest_available_photo_date": "2018-07", "source_photo_url": "https://www.mapillary.com/app/?pKey=816395305935065&focus=photo", "nearest_osm_pole_m": null}}, {"type": "Feature", "geometry": {"type": "Point", "coordinates": [-72.305725, 44.484425]}, "properties": {"id": "hard-01335", "is_utility_pole": true, "pole_type": "wood_utility", "model_flags": [], "model_watch": [], "lean": "none", "crossarm": "none_visible", "vegetation": "near", "transformer": false, "attachments_estimate": 1, "photos_assessed": 2, "capture_sequences": 2, "photo_shown_date": "2016-06", "latest_available_photo_date": "2016-06", "source_photo_url": "https://www.mapillary.com/app/?pKey=335504688083617&focus=photo", "nearest_osm_pole_m": null}}, {"type": "Feature", "geometry": {"type": "Point", "coordinates": [-72.29591, 44.57541]}, "properties": {"id": "hard-01336", "is_utility_pole": true, "pole_type": "wood_utility", "model_flags": [], "model_watch": [], "lean": "none", "crossarm": "intact", "vegetation": "none", "transformer": false, "attachments_estimate": 2, "photos_assessed": 3, "capture_sequences": 3, "photo_shown_date": "2017-07", "latest_available_photo_date": "2017-07", "source_photo_url": "https://www.mapillary.com/app/?pKey=1386280435081760&focus=photo", "nearest_osm_pole_m": null}}, {"type": "Feature", "geometry": {"type": "Point", "coordinates": [-72.30595, 44.48463]}, "properties": {"id": "hard-01337", "is_utility_pole": true, "pole_type": "wood_utility", "model_flags": ["vegetation"], "model_watch": [], "lean": "none", "crossarm": "none_visible", "vegetation": "touching", "transformer": false, "attachments_estimate": 1, "photos_assessed": 1, "capture_sequences": 1, "photo_shown_date": "2016-06", "latest_available_photo_date": "2016-06", "source_photo_url": "https://www.mapillary.com/app/?pKey=179365094099449&focus=photo", "nearest_osm_pole_m": null}}, {"type": "Feature", "geometry": {"type": "Point", "coordinates": [-72.34695, 44.508595]}, "properties": {"id": "hard-01338", "is_utility_pole": true, "pole_type": "wood_utility", "model_flags": [], "model_watch": ["lean_slight"], "lean": "slight", "crossarm": "none_visible", "vegetation": "near", "transformer": false, "attachments_estimate": 1, "photos_assessed": 3, "capture_sequences": 3, "photo_shown_date": "2015-07", "latest_available_photo_date": "2017-07", "source_photo_url": "https://www.mapillary.com/app/?pKey=462349004867193&focus=photo", "nearest_osm_pole_m": null}}, {"type": "Feature", "geometry": {"type": "Point", "coordinates": [-72.34834, 44.507935]}, "properties": {"id": "hard-01339", "is_utility_pole": true, "pole_type": "wood_utility", "model_flags": [], "model_watch": [], "lean": "none", "crossarm": "intact", "vegetation": "near", "transformer": false, "attachments_estimate": 1, "photos_assessed": 3, "capture_sequences": 2, "photo_shown_date": "2015-07", "latest_available_photo_date": "2015-07", "source_photo_url": "https://www.mapillary.com/app/?pKey=938736816909652&focus=photo", "nearest_osm_pole_m": null}}, {"type": "Feature", "geometry": {"type": "Point", "coordinates": [-72.35217, 44.506454]}, "properties": {"id": "hard-01340", "is_utility_pole": true, "pole_type": "wood_utility", "model_flags": [], "model_watch": [], "lean": "none", "crossarm": "intact", "vegetation": "near", "transformer": false, "attachments_estimate": 1, "photos_assessed": 3, "capture_sequences": 1, "photo_shown_date": "2017-07", "latest_available_photo_date": "2017-07", "source_photo_url": "https://www.mapillary.com/app/?pKey=950545982364782&focus=photo", "nearest_osm_pole_m": null}}, {"type": "Feature", "geometry": {"type": "Point", "coordinates": [-72.35203, 44.50652]}, "properties": {"id": "hard-01341", "is_utility_pole": true, "pole_type": "wood_utility", "model_flags": [], "model_watch": ["lean_slight"], "lean": "slight", "crossarm": "none_visible", "vegetation": "near", "transformer": false, "attachments_estimate": 1, "photos_assessed": 3, "capture_sequences": 3, "photo_shown_date": "2019-07", "latest_available_photo_date": "2019-07", "source_photo_url": "https://www.mapillary.com/app/?pKey=1128539397650519&focus=photo", "nearest_osm_pole_m": null}}, {"type": "Feature", "geometry": {"type": "Point", "coordinates": [-72.34964, 44.507412]}, "properties": {"id": "hard-01342", "is_utility_pole": true, "pole_type": "wood_utility", "model_flags": [], "model_watch": [], "lean": "none", "crossarm": "none_visible", "vegetation": "near", "transformer": false, "attachments_estimate": 0, "photos_assessed": 3, "capture_sequences": 2, "photo_shown_date": "2017-07", "latest_available_photo_date": "2017-07", "source_photo_url": "https://www.mapillary.com/app/?pKey=518054692658810&focus=photo", "nearest_osm_pole_m": null}}, {"type": "Feature", "geometry": {"type": "Point", "coordinates": [-72.350003, 44.507305]}, "properties": {"id": "hard-01343", "is_utility_pole": true, "pole_type": "wood_utility", "model_flags": [], "model_watch": [], "lean": "none", "crossarm": "intact", "vegetation": "none", "transformer": false, "attachments_estimate": 0, "photos_assessed": 6, "capture_sequences": 3, "photo_shown_date": "2017-07", "latest_available_photo_date": "2017-07", "source_photo_url": "https://www.mapillary.com/app/?pKey=466371941122380&focus=photo", "nearest_osm_pole_m": null}}, {"type": "Feature", "geometry": {"type": "Point", "coordinates": [-72.346695, 44.508705]}, "properties": {"id": "hard-01344", "is_utility_pole": true, "pole_type": "wood_utility", "model_flags": [], "model_watch": ["lean_slight"], "lean": "slight", "crossarm": "intact", "vegetation": "near", "transformer": false, "attachments_estimate": 1, "photos_assessed": 3, "capture_sequences": 2, "photo_shown_date": "2013-09", "latest_available_photo_date": "2015-07", "source_photo_url": "https://www.mapillary.com/app/?pKey=1935756213256253&focus=photo", "nearest_osm_pole_m": null}}, {"type": "Feature", "geometry": {"type": "Point", "coordinates": [-72.3501313, 44.5072637]}, "properties": {"id": "hard-01345", "is_utility_pole": true, "pole_type": "wood_utility", "model_flags": [], "model_watch": [], "lean": "none", "crossarm": "intact", "vegetation": "near", "transformer": false, "attachments_estimate": 1, "photos_assessed": 4, "capture_sequences": 3, "photo_shown_date": "2017-07", "latest_available_photo_date": "2017-07", "source_photo_url": "https://www.mapillary.com/app/?pKey=994189464718393&focus=photo", "nearest_osm_pole_m": null}}, {"type": "Feature", "geometry": {"type": "Point", "coordinates": [-72.34941, 44.507526]}, "properties": {"id": "hard-01346", "is_utility_pole": true, "pole_type": "wood_utility", "model_flags": [], "model_watch": [], "lean": "none", "crossarm": "intact", "vegetation": "none", "transformer": false, "attachments_estimate": 0, "photos_assessed": 2, "capture_sequences": 2, "photo_shown_date": "2017-07", "latest_available_photo_date": "2017-07", "source_photo_url": "https://www.mapillary.com/app/?pKey=186649243337822&focus=photo", "nearest_osm_pole_m": null}}, {"type": "Feature", "geometry": {"type": "Point", "coordinates": [-72.35055, 44.507133]}, "properties": {"id": "hard-01347", "is_utility_pole": true, "pole_type": "wood_utility", "model_flags": [], "model_watch": [], "lean": "none", "crossarm": "intact", "vegetation": "none", "transformer": false, "attachments_estimate": 1, "photos_assessed": 3, "capture_sequences": 2, "photo_shown_date": "2019-07", "latest_available_photo_date": "2019-07", "source_photo_url": "https://www.mapillary.com/app/?pKey=328877481923673&focus=photo", "nearest_osm_pole_m": null}}, {"type": "Feature", "geometry": {"type": "Point", "coordinates": [-72.34857, 44.50796]}, "properties": {"id": "hard-01348", "is_utility_pole": true, "pole_type": "wood_utility", "model_flags": [], "model_watch": [], "lean": "none", "crossarm": "none_visible", "vegetation": "near", "transformer": false, "attachments_estimate": 0, "photos_assessed": 3, "capture_sequences": 2, "photo_shown_date": "2019-07", "latest_available_photo_date": "2019-07", "source_photo_url": "https://www.mapillary.com/app/?pKey=149442023877909&focus=photo", "nearest_osm_pole_m": null}}, {"type": "Feature", "geometry": {"type": "Point", "coordinates": [-72.351345, 44.506757]}, "properties": {"id": "hard-01349", "is_utility_pole": true, "pole_type": "wood_utility", "model_flags": [], "model_watch": ["lean_slight"], "lean": "slight", "crossarm": "intact", "vegetation": "near", "transformer": false, "attachments_estimate": 1, "photos_assessed": 6, "capture_sequences": 4, "photo_shown_date": "2019-07", "latest_available_photo_date": "2019-07", "source_photo_url": "https://www.mapillary.com/app/?pKey=528841998139557&focus=photo", "nearest_osm_pole_m": null}}, {"type": "Feature", "geometry": {"type": "Point", "coordinates": [-72.352554, 44.506348]}, "properties": {"id": "hard-01350", "is_utility_pole": true, "pole_type": "wood_utility", "model_flags": [], "model_watch": ["lean_slight"], "lean": "slight", "crossarm": "intact", "vegetation": "near", "transformer": false, "attachments_estimate": 1, "photos_assessed": 3, "capture_sequences": 2, "photo_shown_date": "2019-07", "latest_available_photo_date": "2019-07", "source_photo_url": "https://www.mapillary.com/app/?pKey=519305782441926&focus=photo", "nearest_osm_pole_m": null}}, {"type": "Feature", "geometry": {"type": "Point", "coordinates": [-72.3493, 44.507572]}, "properties": {"id": "hard-01351", "is_utility_pole": true, "pole_type": "wood_utility", "model_flags": [], "model_watch": ["lean_slight"], "lean": "slight", "crossarm": "intact", "vegetation": "near", "transformer": false, "attachments_estimate": 1, "photos_assessed": 3, "capture_sequences": 3, "photo_shown_date": "2019-07", "latest_available_photo_date": "2019-07", "source_photo_url": "https://www.mapillary.com/app/?pKey=509950926704496&focus=photo", "nearest_osm_pole_m": null}}, {"type": "Feature", "geometry": {"type": "Point", "coordinates": [-72.35074, 44.506996]}, "properties": {"id": "hard-01352", "is_utility_pole": true, "pole_type": "wood_utility", "model_flags": [], "model_watch": ["lean_slight"], "lean": "slight", "crossarm": "intact", "vegetation": "near", "transformer": false, "attachments_estimate": 1, "photos_assessed": 1, "capture_sequences": 1, "photo_shown_date": "2017-07", "latest_available_photo_date": "2019-07", "source_photo_url": "https://www.mapillary.com/app/?pKey=514616269679012&focus=photo", "nearest_osm_pole_m": null}}, {"type": "Feature", "geometry": {"type": "Point", "coordinates": [-72.34756, 44.508316]}, "properties": {"id": "hard-01353", "is_utility_pole": true, "pole_type": "wood_utility", "model_flags": ["vegetation"], "model_watch": [], "lean": "none", "crossarm": "intact", "vegetation": "touching", "transformer": false, "attachments_estimate": 0, "photos_assessed": 3, "capture_sequences": 2, "photo_shown_date": "2019-07", "latest_available_photo_date": "2019-07", "source_photo_url": "https://www.mapillary.com/app/?pKey=3503064923127282&focus=photo", "nearest_osm_pole_m": null}}, {"type": "Feature", "geometry": {"type": "Point", "coordinates": [-72.27897, 44.5349136]}, "properties": {"id": "hard-01354", "is_utility_pole": true, "pole_type": "wood_utility", "model_flags": [], "model_watch": [], "lean": "none", "crossarm": "intact", "vegetation": "near", "transformer": false, "attachments_estimate": 0, "photos_assessed": 5, "capture_sequences": 3, "photo_shown_date": "2018-07", "latest_available_photo_date": "2018-07", "source_photo_url": "https://www.mapillary.com/app/?pKey=266600571898517&focus=photo", "nearest_osm_pole_m": null}}, {"type": "Feature", "geometry": {"type": "Point", "coordinates": [-72.34635, 44.50887]}, "properties": {"id": "hard-01355", "is_utility_pole": true, "pole_type": "wood_utility", "model_flags": [], "model_watch": [], "lean": "none", "crossarm": "intact", "vegetation": "near", "transformer": false, "attachments_estimate": 1, "photos_assessed": 3, "capture_sequences": 3, "photo_shown_date": "2015-07", "latest_available_photo_date": "2019-07", "source_photo_url": "https://www.mapillary.com/app/?pKey=740403723322064&focus=photo", "nearest_osm_pole_m": null}}, {"type": "Feature", "geometry": {"type": "Point", "coordinates": [-72.349175, 44.50768]}, "properties": {"id": "hard-01356", "is_utility_pole": true, "pole_type": "wood_utility", "model_flags": [], "model_watch": [], "lean": "none", "crossarm": "intact", "vegetation": "near", "transformer": false, "attachments_estimate": 2, "photos_assessed": 6, "capture_sequences": 3, "photo_shown_date": "2019-07", "latest_available_photo_date": "2019-07", "source_photo_url": "https://www.mapillary.com/app/?pKey=306967124304164&focus=photo", "nearest_osm_pole_m": null}}, {"type": "Feature", "geometry": {"type": "Point", "coordinates": [-72.351654, 44.50665]}, "properties": {"id": "hard-01357", "is_utility_pole": true, "pole_type": "wood_utility", "model_flags": [], "model_watch": [], "lean": "none", "crossarm": "intact", "vegetation": "near", "transformer": false, "attachments_estimate": 0, "photos_assessed": 1, "capture_sequences": 1, "photo_shown_date": "2017-07", "latest_available_photo_date": "2017-07", "source_photo_url": "https://www.mapillary.com/app/?pKey=136114211813667&focus=photo", "nearest_osm_pole_m": null}}, {"type": "Feature", "geometry": {"type": "Point", "coordinates": [-72.348694, 44.507874]}, "properties": {"id": "hard-01358", "is_utility_pole": true, "pole_type": "wood_utility", "model_flags": ["vegetation"], "model_watch": [], "lean": "none", "crossarm": "intact", "vegetation": "touching", "transformer": false, "attachments_estimate": 1, "photos_assessed": 3, "capture_sequences": 2, "photo_shown_date": "2019-07", "latest_available_photo_date": "2019-07", "source_photo_url": "https://www.mapillary.com/app/?pKey=510849693439855&focus=photo", "nearest_osm_pole_m": null}}, {"type": "Feature", "geometry": {"type": "Point", "coordinates": [-72.346592, 44.5087488]}, "properties": {"id": "hard-01359", "is_utility_pole": true, "pole_type": "wood_utility", "model_flags": [], "model_watch": ["lean_slight"], "lean": "slight", "crossarm": "intact", "vegetation": "near", "transformer": true, "attachments_estimate": 1, "photos_assessed": 5, "capture_sequences": 3, "photo_shown_date": "2019-07", "latest_available_photo_date": "2019-07", "source_photo_url": "https://www.mapillary.com/app/?pKey=522398085612753&focus=photo", "nearest_osm_pole_m": null}}, {"type": "Feature", "geometry": {"type": "Point", "coordinates": [-72.352615, 44.506264]}, "properties": {"id": "hard-01360", "is_utility_pole": true, "pole_type": "wood_utility", "model_flags": [], "model_watch": [], "lean": "none", "crossarm": "intact", "vegetation": "near", "transformer": false, "attachments_estimate": 1, "photos_assessed": 3, "capture_sequences": 2, "photo_shown_date": "2019-07", "latest_available_photo_date": "2019-07", "source_photo_url": "https://www.mapillary.com/app/?pKey=821532332097969&focus=photo", "nearest_osm_pole_m": null}}, {"type": "Feature", "geometry": {"type": "Point", "coordinates": [-72.35288, 44.506233]}, "properties": {"id": "hard-01361", "is_utility_pole": true, "pole_type": "wood_utility", "model_flags": [], "model_watch": [], "lean": "none", "crossarm": "intact", "vegetation": "near", "transformer": false, "attachments_estimate": 1, "photos_assessed": 3, "capture_sequences": 2, "photo_shown_date": "2017-07", "latest_available_photo_date": "2017-07", "source_photo_url": "https://www.mapillary.com/app/?pKey=244338207492115&focus=photo", "nearest_osm_pole_m": null}}, {"type": "Feature", "geometry": {"type": "Point", "coordinates": [-72.35148, 44.506718]}, "properties": {"id": "hard-01362", "is_utility_pole": true, "pole_type": "wood_utility", "model_flags": [], "model_watch": ["lean_slight"], "lean": "slight", "crossarm": "intact", "vegetation": "near", "transformer": false, "attachments_estimate": 1, "photos_assessed": 3, "capture_sequences": 1, "photo_shown_date": "2017-07", "latest_available_photo_date": "2017-07", "source_photo_url": "https://www.mapillary.com/app/?pKey=207685247713743&focus=photo", "nearest_osm_pole_m": null}}, {"type": "Feature", "geometry": {"type": "Point", "coordinates": [-72.35231, 44.506428]}, "properties": {"id": "hard-01363", "is_utility_pole": true, "pole_type": "wood_utility", "model_flags": [], "model_watch": [], "lean": "none", "crossarm": "intact", "vegetation": "near", "transformer": false, "attachments_estimate": 1, "photos_assessed": 3, "capture_sequences": 2, "photo_shown_date": "2017-07", "latest_available_photo_date": "2019-07", "source_photo_url": "https://www.mapillary.com/app/?pKey=223247002639191&focus=photo", "nearest_osm_pole_m": null}}, {"type": "Feature", "geometry": {"type": "Point", "coordinates": [-72.27986, 44.534447]}, "properties": {"id": "hard-01364", "is_utility_pole": true, "pole_type": "wood_utility", "model_flags": [], "model_watch": ["lean_slight"], "lean": "slight", "crossarm": "intact", "vegetation": "near", "transformer": false, "attachments_estimate": 1, "photos_assessed": 3, "capture_sequences": 3, "photo_shown_date": "2018-07", "latest_available_photo_date": "2018-07", "source_photo_url": "https://www.mapillary.com/app/?pKey=310052150791881&focus=photo", "nearest_osm_pole_m": null}}, {"type": "Feature", "geometry": {"type": "Point", "coordinates": [-72.348946, 44.507732]}, "properties": {"id": "hard-01365", "is_utility_pole": true, "pole_type": "wood_utility", "model_flags": [], "model_watch": ["lean_slight"], "lean": "slight", "crossarm": "intact", "vegetation": "near", "transformer": false, "attachments_estimate": 1, "photos_assessed": 3, "capture_sequences": 2, "photo_shown_date": "2019-07", "latest_available_photo_date": "2019-07", "source_photo_url": "https://www.mapillary.com/app/?pKey=579906362976328&focus=photo", "nearest_osm_pole_m": null}}, {"type": "Feature", "geometry": {"type": "Point", "coordinates": [-72.34765, 44.508266]}, "properties": {"id": "hard-01366", "is_utility_pole": true, "pole_type": "wood_utility", "model_flags": [], "model_watch": [], "lean": "none", "crossarm": "intact", "vegetation": "near", "transformer": false, "attachments_estimate": 0, "photos_assessed": 1, "capture_sequences": 1, "photo_shown_date": "2017-07", "latest_available_photo_date": "2017-07", "source_photo_url": "https://www.mapillary.com/app/?pKey=503244957486487&focus=photo", "nearest_osm_pole_m": null}}, {"type": "Feature", "geometry": {"type": "Point", "coordinates": [-72.35176, 44.50658]}, "properties": {"id": "hard-01367", "is_utility_pole": true, "pole_type": "wood_utility", "model_flags": [], "model_watch": [], "lean": "none", "crossarm": "intact", "vegetation": "near", "transformer": false, "attachments_estimate": 1, "photos_assessed": 1, "capture_sequences": 1, "photo_shown_date": "2017-07", "latest_available_photo_date": "2017-07", "source_photo_url": "https://www.mapillary.com/app/?pKey=477777916864022&focus=photo", "nearest_osm_pole_m": null}}, {"type": "Feature", "geometry": {"type": "Point", "coordinates": [-72.34879, 44.507847]}, "properties": {"id": "hard-01368", "is_utility_pole": true, "pole_type": "wood_utility", "model_flags": [], "model_watch": ["lean_slight"], "lean": "slight", "crossarm": "intact", "vegetation": "near", "transformer": false, "attachments_estimate": 0, "photos_assessed": 3, "capture_sequences": 1, "photo_shown_date": "2017-07", "latest_available_photo_date": "2017-07", "source_photo_url": "https://www.mapillary.com/app/?pKey=164099469003052&focus=photo", "nearest_osm_pole_m": null}}, {"type": "Feature", "geometry": {"type": "Point", "coordinates": [-72.27919, 44.534874]}, "properties": {"id": "hard-01369", "is_utility_pole": true, "pole_type": "wood_utility", "model_flags": ["vegetation"], "model_watch": [], "lean": "none", "crossarm": "intact", "vegetation": "touching", "transformer": true, "attachments_estimate": 0, "photos_assessed": 3, "capture_sequences": 3, "photo_shown_date": "2018-07", "latest_available_photo_date": "2018-07", "source_photo_url": "https://www.mapillary.com/app/?pKey=3727594170701446&focus=photo", "nearest_osm_pole_m": null}}, {"type": "Feature", "geometry": {"type": "Point", "coordinates": [-72.348434, 44.507877]}, "properties": {"id": "hard-01370", "is_utility_pole": true, "pole_type": "wood_utility", "model_flags": ["vegetation"], "model_watch": [], "lean": "unclear", "crossarm": "none_visible", "vegetation": "touching", "transformer": false, "attachments_estimate": 0, "photos_assessed": 3, "capture_sequences": 3, "photo_shown_date": "2013-09", "latest_available_photo_date": "2015-07", "source_photo_url": "https://www.mapillary.com/app/?pKey=956464568506259&focus=photo", "nearest_osm_pole_m": null}}, {"type": "Feature", "geometry": {"type": "Point", "coordinates": [-72.41129, 44.466118]}, "properties": {"id": "hard-01371", "is_utility_pole": true, "pole_type": "wood_utility", "model_flags": ["vegetation"], "model_watch": ["lean_slight"], "lean": "slight", "crossarm": "intact", "vegetation": "touching", "transformer": false, "attachments_estimate": 1, "photos_assessed": 3, "capture_sequences": 2, "photo_shown_date": "2014-07", "latest_available_photo_date": "2016-07", "source_photo_url": "https://www.mapillary.com/app/?pKey=333028574871473&focus=photo", "nearest_osm_pole_m": null}}, {"type": "Feature", "geometry": {"type": "Point", "coordinates": [-72.410614, 44.466793]}, "properties": {"id": "hard-01372", "is_utility_pole": true, "pole_type": "wood_utility", "model_flags": ["vegetation"], "model_watch": ["lean_slight"], "lean": "slight", "crossarm": "unclear", "vegetation": "touching", "transformer": false, "attachments_estimate": 1, "photos_assessed": 3, "capture_sequences": 1, "photo_shown_date": "2016-07", "latest_available_photo_date": "2016-07", "source_photo_url": "https://www.mapillary.com/app/?pKey=334030304919170&focus=photo", "nearest_osm_pole_m": null}}, {"type": "Feature", "geometry": {"type": "Point", "coordinates": [-72.40646, 44.468773]}, "properties": {"id": "hard-01373", "is_utility_pole": true, "pole_type": "wood_utility", "model_flags": ["vegetation"], "model_watch": ["lean_slight"], "lean": "slight", "crossarm": "none_visible", "vegetation": "touching", "transformer": false, "attachments_estimate": 1, "photos_assessed": 3, "capture_sequences": 3, "photo_shown_date": "2018-07", "latest_available_photo_date": "2018-07", "source_photo_url": "https://www.mapillary.com/app/?pKey=1205705326527431&focus=photo", "nearest_osm_pole_m": null}}, {"type": "Feature", "geometry": {"type": "Point", "coordinates": [-72.41104, 44.4664]}, "properties": {"id": "hard-01374", "is_utility_pole": true, "pole_type": "wood_utility", "model_flags": [], "model_watch": ["lean_slight"], "lean": "slight", "crossarm": "intact", "vegetation": "near", "transformer": false, "attachments_estimate": 1, "photos_assessed": 3, "capture_sequences": 3, "photo_shown_date": "2016-07", "latest_available_photo_date": "2016-07", "source_photo_url": "https://www.mapillary.com/app/?pKey=782803079092850&focus=photo", "nearest_osm_pole_m": null}}, {"type": "Feature", "geometry": {"type": "Point", "coordinates": [-72.41134, 44.466034]}, "properties": {"id": "hard-01375", "is_utility_pole": true, "pole_type": "wood_utility", "model_flags": ["vegetation"], "model_watch": ["lean_slight"], "lean": "slight", "crossarm": "intact", "vegetation": "touching", "transformer": false, "attachments_estimate": 0, "photos_assessed": 3, "capture_sequences": 2, "photo_shown_date": "2018-07", "latest_available_photo_date": "2018-07", "source_photo_url": "https://www.mapillary.com/app/?pKey=822998058615875&focus=photo", "nearest_osm_pole_m": null}}, {"type": "Feature", "geometry": {"type": "Point", "coordinates": [-72.40588, 44.468742]}, "properties": {"id": "hard-01376", "is_utility_pole": true, "pole_type": "wood_utility", "model_flags": [], "model_watch": ["lean_slight"], "lean": "slight", "crossarm": "intact", "vegetation": "near", "transformer": false, "attachments_estimate": 0, "photos_assessed": 3, "capture_sequences": 3, "photo_shown_date": "2014-07", "latest_available_photo_date": "2016-07", "source_photo_url": "https://www.mapillary.com/app/?pKey=684102709031343&focus=photo", "nearest_osm_pole_m": null}}, {"type": "Feature", "geometry": {"type": "Point", "coordinates": [-72.406494, 44.468582]}, "properties": {"id": "hard-01377", "is_utility_pole": true, "pole_type": "wood_utility", "model_flags": ["vegetation"], "model_watch": ["lean_slight"], "lean": "slight", "crossarm": "none_visible", "vegetation": "touching", "transformer": false, "attachments_estimate": 0, "photos_assessed": 1, "capture_sequences": 1, "photo_shown_date": "2016-07", "latest_available_photo_date": "2016-07", "source_photo_url": "https://www.mapillary.com/app/?pKey=136154365138754&focus=photo", "nearest_osm_pole_m": null}}, {"type": "Feature", "geometry": {"type": "Point", "coordinates": [-72.40987, 44.46733]}, "properties": {"id": "hard-01378", "is_utility_pole": true, "pole_type": "wood_utility", "model_flags": ["vegetation"], "model_watch": [], "lean": "none", "crossarm": "intact", "vegetation": "touching", "transformer": false, "attachments_estimate": 1, "photos_assessed": 3, "capture_sequences": 3, "photo_shown_date": "2018-07", "latest_available_photo_date": "2018-07", "source_photo_url": "https://www.mapillary.com/app/?pKey=588120945912401&focus=photo", "nearest_osm_pole_m": null}}, {"type": "Feature", "geometry": {"type": "Point", "coordinates": [-72.4112, 44.466194]}, "properties": {"id": "hard-01379", "is_utility_pole": true, "pole_type": "wood_utility", "model_flags": ["vegetation"], "model_watch": [], "lean": "none", "crossarm": "intact", "vegetation": "touching", "transformer": false, "attachments_estimate": 0, "photos_assessed": 3, "capture_sequences": 3, "photo_shown_date": "2018-06", "latest_available_photo_date": "2018-06", "source_photo_url": "https://www.mapillary.com/app/?pKey=381781636546834&focus=photo", "nearest_osm_pole_m": null}}, {"type": "Feature", "geometry": {"type": "Point", "coordinates": [-72.410545, 44.467094]}, "properties": {"id": "hard-01380", "is_utility_pole": false, "pole_type": "unclear", "model_flags": [], "model_watch": [], "lean": "unclear", "crossarm": "none_visible", "vegetation": "unclear", "transformer": false, "attachments_estimate": 0, "photos_assessed": 3, "capture_sequences": 2, "photo_shown_date": "2016-07", "latest_available_photo_date": "2016-07", "source_photo_url": "https://www.mapillary.com/app/?pKey=932560137564090&focus=photo", "nearest_osm_pole_m": null}}, {"type": "Feature", "geometry": {"type": "Point", "coordinates": [-72.4066, 44.4685]}, "properties": {"id": "hard-01381", "is_utility_pole": true, "pole_type": "wood_utility", "model_flags": ["vegetation"], "model_watch": [], "lean": "none", "crossarm": "intact", "vegetation": "touching", "transformer": false, "attachments_estimate": 1, "photos_assessed": 3, "capture_sequences": 3, "photo_shown_date": "2018-07", "latest_available_photo_date": "2018-07", "source_photo_url": "https://www.mapillary.com/app/?pKey=511719149958719&focus=photo", "nearest_osm_pole_m": null}}, {"type": "Feature", "geometry": {"type": "Point", "coordinates": [-72.411476, 44.46594]}, "properties": {"id": "hard-01382", "is_utility_pole": true, "pole_type": "wood_utility", "model_flags": ["vegetation"], "model_watch": ["lean_slight"], "lean": "slight", "crossarm": "intact", "vegetation": "touching", "transformer": false, "attachments_estimate": 1, "photos_assessed": 3, "capture_sequences": 2, "photo_shown_date": "2018-07", "latest_available_photo_date": "2018-07", "source_photo_url": "https://www.mapillary.com/app/?pKey=777110759613889&focus=photo", "nearest_osm_pole_m": null}}, {"type": "Feature", "geometry": {"type": "Point", "coordinates": [-72.4091, 44.467606]}, "properties": {"id": "hard-01383", "is_utility_pole": true, "pole_type": "wood_utility", "model_flags": ["vegetation"], "model_watch": [], "lean": "none", "crossarm": "intact", "vegetation": "touching", "transformer": false, "attachments_estimate": 0, "photos_assessed": 3, "capture_sequences": 1, "photo_shown_date": "2014-07", "latest_available_photo_date": "2014-07", "source_photo_url": "https://www.mapillary.com/app/?pKey=697538967629383&focus=photo", "nearest_osm_pole_m": null}}, {"type": "Feature", "geometry": {"type": "Point", "coordinates": [-72.40837, 44.46786]}, "properties": {"id": "hard-01384", "is_utility_pole": true, "pole_type": "wood_utility", "model_flags": ["vegetation"], "model_watch": [], "lean": "none", "crossarm": "intact", "vegetation": "touching", "transformer": false, "attachments_estimate": 1, "photos_assessed": 3, "capture_sequences": 2, "photo_shown_date": "2014-07", "latest_available_photo_date": "2016-07", "source_photo_url": "https://www.mapillary.com/app/?pKey=487719219187317&focus=photo", "nearest_osm_pole_m": null}}, {"type": "Feature", "geometry": {"type": "Point", "coordinates": [-72.41113, 44.466297]}, "properties": {"id": "hard-01385", "is_utility_pole": true, "pole_type": "wood_utility", "model_flags": ["vegetation"], "model_watch": [], "lean": "none", "crossarm": "none_visible", "vegetation": "touching", "transformer": false, "attachments_estimate": 0, "photos_assessed": 3, "capture_sequences": 2, "photo_shown_date": "2016-07", "latest_available_photo_date": "2016-07", "source_photo_url": "https://www.mapillary.com/app/?pKey=140409758144020&focus=photo", "nearest_osm_pole_m": null}}, {"type": "Feature", "geometry": {"type": "Point", "coordinates": [-72.407425, 44.46827]}, "properties": {"id": "hard-01386", "is_utility_pole": true, "pole_type": "wood_utility", "model_flags": [], "model_watch": ["lean_slight"], "lean": "slight", "crossarm": "none_visible", "vegetation": "near", "transformer": false, "attachments_estimate": 0, "photos_assessed": 2, "capture_sequences": 2, "photo_shown_date": "2016-07", "latest_available_photo_date": "2018-06", "source_photo_url": "https://www.mapillary.com/app/?pKey=301010248398745&focus=photo", "nearest_osm_pole_m": null}}, {"type": "Feature", "geometry": {"type": "Point", "coordinates": [-72.41078, 44.466625]}, "properties": {"id": "hard-01387", "is_utility_pole": true, "pole_type": "wood_utility", "model_flags": ["vegetation"], "model_watch": ["lean_slight"], "lean": "slight", "crossarm": "none_visible", "vegetation": "touching", "transformer": false, "attachments_estimate": 1, "photos_assessed": 3, "capture_sequences": 3, "photo_shown_date": "2018-07", "latest_available_photo_date": "2018-07", "source_photo_url": "https://www.mapillary.com/app/?pKey=482645649656948&focus=photo", "nearest_osm_pole_m": null}}, {"type": "Feature", "geometry": {"type": "Point", "coordinates": [-72.40529, 44.469223]}, "properties": {"id": "hard-01388", "is_utility_pole": true, "pole_type": "wood_utility", "model_flags": ["vegetation"], "model_watch": [], "lean": "unclear", "crossarm": "unclear", "vegetation": "touching", "transformer": false, "attachments_estimate": 0, "photos_assessed": 1, "capture_sequences": 1, "photo_shown_date": "2014-07", "latest_available_photo_date": "2018-07", "source_photo_url": "https://www.mapillary.com/app/?pKey=334857001368746&focus=photo", "nearest_osm_pole_m": null}}, {"type": "Feature", "geometry": {"type": "Point", "coordinates": [-72.31036, 44.563084]}, "properties": {"id": "hard-01389", "is_utility_pole": true, "pole_type": "wood_utility", "model_flags": ["vegetation"], "model_watch": ["lean_slight"], "lean": "slight", "crossarm": "intact", "vegetation": "touching", "transformer": false, "attachments_estimate": 1, "photos_assessed": 1, "capture_sequences": 1, "photo_shown_date": "2017-07", "latest_available_photo_date": "2017-07", "source_photo_url": "https://www.mapillary.com/app/?pKey=167924878607078&focus=photo", "nearest_osm_pole_m": null}}, {"type": "Feature", "geometry": {"type": "Point", "coordinates": [-72.31662, 44.5550925]}, "properties": {"id": "hard-01390", "is_utility_pole": true, "pole_type": "wood_utility", "model_flags": ["vegetation"], "model_watch": [], "lean": "none", "crossarm": "none_visible", "vegetation": "touching", "transformer": false, "attachments_estimate": 1, "photos_assessed": 4, "capture_sequences": 3, "photo_shown_date": "2019-07", "latest_available_photo_date": "2019-07", "source_photo_url": "https://www.mapillary.com/app/?pKey=820676582166191&focus=photo", "nearest_osm_pole_m": null}}, {"type": "Feature", "geometry": {"type": "Point", "coordinates": [-72.31064, 44.562782]}, "properties": {"id": "hard-01391", "is_utility_pole": true, "pole_type": "wood_utility", "model_flags": ["vegetation"], "model_watch": ["lean_slight"], "lean": "slight", "crossarm": "unclear", "vegetation": "touching", "transformer": false, "attachments_estimate": 0, "photos_assessed": 2, "capture_sequences": 2, "photo_shown_date": "2019-07", "latest_available_photo_date": "2019-07", "source_photo_url": "https://www.mapillary.com/app/?pKey=1448194098907001&focus=photo", "nearest_osm_pole_m": null}}, {"type": "Feature", "geometry": {"type": "Point", "coordinates": [-72.31189, 44.561314]}, "properties": {"id": "hard-01392", "is_utility_pole": true, "pole_type": "wood_utility", "model_flags": ["vegetation"], "model_watch": ["lean_slight"], "lean": "slight", "crossarm": "none_visible", "vegetation": "touching", "transformer": false, "attachments_estimate": 0, "photos_assessed": 1, "capture_sequences": 1, "photo_shown_date": "2017-07", "latest_available_photo_date": "2019-07", "source_photo_url": "https://www.mapillary.com/app/?pKey=771867777026169&focus=photo", "nearest_osm_pole_m": null}}, {"type": "Feature", "geometry": {"type": "Point", "coordinates": [-72.34563, 44.502644]}, "properties": {"id": "hard-01393", "is_utility_pole": true, "pole_type": "wood_utility", "model_flags": ["lean", "vegetation"], "model_watch": [], "lean": "moderate", "crossarm": "none_visible", "vegetation": "touching", "transformer": false, "attachments_estimate": 0, "photos_assessed": 1, "capture_sequences": 1, "photo_shown_date": "2018-07", "latest_available_photo_date": "2018-07", "source_photo_url": "https://www.mapillary.com/app/?pKey=118087580349918&focus=photo", "nearest_osm_pole_m": null}}, {"type": "Feature", "geometry": {"type": "Point", "coordinates": [-72.318742, 44.5032118]}, "properties": {"id": "hard-01394", "is_utility_pole": true, "pole_type": "wood_utility", "model_flags": [], "model_watch": [], "lean": "none", "crossarm": "none_visible", "vegetation": "near", "transformer": false, "attachments_estimate": 0, "photos_assessed": 5, "capture_sequences": 4, "photo_shown_date": "2018-07", "latest_available_photo_date": "2018-07", "source_photo_url": "https://www.mapillary.com/app/?pKey=382793809737203&focus=photo", "nearest_osm_pole_m": null}}, {"type": "Feature", "geometry": {"type": "Point", "coordinates": [-72.31863, 44.503387]}, "properties": {"id": "hard-01395", "is_utility_pole": true, "pole_type": "wood_utility", "model_flags": [], "model_watch": ["lean_slight"], "lean": "slight", "crossarm": "none_visible", "vegetation": "near", "transformer": false, "attachments_estimate": 0, "photos_assessed": 3, "capture_sequences": 1, "photo_shown_date": "2016-06", "latest_available_photo_date": "2016-06", "source_photo_url": "https://www.mapillary.com/app/?pKey=173679441352884&focus=photo", "nearest_osm_pole_m": null}}, {"type": "Feature", "geometry": {"type": "Point", "coordinates": [-72.32027, 44.50165]}, "properties": {"id": "hard-01396", "is_utility_pole": true, "pole_type": "wood_utility", "model_flags": [], "model_watch": [], "lean": "none", "crossarm": "none_visible", "vegetation": "near", "transformer": false, "attachments_estimate": 0, "photos_assessed": 2, "capture_sequences": 2, "photo_shown_date": "2016-06", "latest_available_photo_date": "2016-06", "source_photo_url": "https://www.mapillary.com/app/?pKey=932575147601796&focus=photo", "nearest_osm_pole_m": null}}, {"type": "Feature", "geometry": {"type": "Point", "coordinates": [-72.321815, 44.500374]}, "properties": {"id": "hard-01397", "is_utility_pole": true, "pole_type": "wood_utility", "model_flags": [], "model_watch": ["lean_slight"], "lean": "slight", "crossarm": "none_visible", "vegetation": "none", "transformer": false, "attachments_estimate": 0, "photos_assessed": 3, "capture_sequences": 3, "photo_shown_date": "2016-06", "latest_available_photo_date": "2016-06", "source_photo_url": "https://www.mapillary.com/app/?pKey=798140217756947&focus=photo", "nearest_osm_pole_m": null}}, {"type": "Feature", "geometry": {"type": "Point", "coordinates": [-72.318115, 44.503857]}, "properties": {"id": "hard-01398", "is_utility_pole": true, "pole_type": "wood_utility", "model_flags": [], "model_watch": ["lean_slight"], "lean": "slight", "crossarm": "none_visible", "vegetation": "near", "transformer": false, "attachments_estimate": 0, "photos_assessed": 3, "capture_sequences": 3, "photo_shown_date": "2018-07", "latest_available_photo_date": "2018-07", "source_photo_url": "https://www.mapillary.com/app/?pKey=133388872186227&focus=photo", "nearest_osm_pole_m": null}}, {"type": "Feature", "geometry": {"type": "Point", "coordinates": [-72.32039, 44.50155]}, "properties": {"id": "hard-01399", "is_utility_pole": true, "pole_type": "wood_utility", "model_flags": [], "model_watch": [], "lean": "none", "crossarm": "none_visible", "vegetation": "none", "transformer": false, "attachments_estimate": 0, "photos_assessed": 3, "capture_sequences": 2, "photo_shown_date": "2018-07", "latest_available_photo_date": "2018-07", "source_photo_url": "https://www.mapillary.com/app/?pKey=531474084904105&focus=photo", "nearest_osm_pole_m": null}}, {"type": "Feature", "geometry": {"type": "Point", "coordinates": [-72.32338, 44.500042]}, "properties": {"id": "hard-01400", "is_utility_pole": true, "pole_type": "wood_utility", "model_flags": [], "model_watch": [], "lean": "unclear", "crossarm": "unclear", "vegetation": "near", "transformer": false, "attachments_estimate": 0, "photos_assessed": 2, "capture_sequences": 2, "photo_shown_date": "2016-06", "latest_available_photo_date": "2016-06", "source_photo_url": "https://www.mapillary.com/app/?pKey=1005000936703785&focus=photo", "nearest_osm_pole_m": null}}, {"type": "Feature", "geometry": {"type": "Point", "coordinates": [-72.3064, 44.56674]}, "properties": {"id": "hard-01401", "is_utility_pole": true, "pole_type": "wood_utility", "model_flags": [], "model_watch": [], "lean": "none", "crossarm": "none_visible", "vegetation": "near", "transformer": false, "attachments_estimate": 0, "photos_assessed": 2, "capture_sequences": 1, "photo_shown_date": "2017-07", "latest_available_photo_date": "2017-07", "source_photo_url": "https://www.mapillary.com/app/?pKey=143340957843027&focus=photo", "nearest_osm_pole_m": null}}, {"type": "Feature", "geometry": {"type": "Point", "coordinates": [-72.31025, 44.563484]}, "properties": {"id": "hard-01402", "is_utility_pole": true, "pole_type": "wood_utility", "model_flags": ["vegetation"], "model_watch": [], "lean": "none", "crossarm": "intact", "vegetation": "touching", "transformer": false, "attachments_estimate": 1, "photos_assessed": 1, "capture_sequences": 1, "photo_shown_date": "2017-07", "latest_available_photo_date": "2019-07", "source_photo_url": "https://www.mapillary.com/app/?pKey=216403463416636&focus=photo", "nearest_osm_pole_m": null}}, {"type": "Feature", "geometry": {"type": "Point", "coordinates": [-72.30618, 44.566895]}, "properties": {"id": "hard-01403", "is_utility_pole": true, "pole_type": "wood_utility", "model_flags": [], "model_watch": [], "lean": "none", "crossarm": "intact", "vegetation": "near", "transformer": false, "attachments_estimate": 0, "photos_assessed": 3, "capture_sequences": 2, "photo_shown_date": "2019-07", "latest_available_photo_date": "2019-07", "source_photo_url": "https://www.mapillary.com/app/?pKey=168025805179941&focus=photo", "nearest_osm_pole_m": null}}, {"type": "Feature", "geometry": {"type": "Point", "coordinates": [-72.30807, 44.566135]}, "properties": {"id": "hard-01404", "is_utility_pole": false, "pole_type": "unclear", "model_flags": ["vegetation"], "model_watch": [], "lean": "unclear", "crossarm": "none_visible", "vegetation": "touching", "transformer": false, "attachments_estimate": 0, "photos_assessed": 1, "capture_sequences": 1, "photo_shown_date": "2017-07", "latest_available_photo_date": "2019-07", "source_photo_url": "https://www.mapillary.com/app/?pKey=790047441653619&focus=photo", "nearest_osm_pole_m": null}}, {"type": "Feature", "geometry": {"type": "Point", "coordinates": [-72.27558, 44.555202]}, "properties": {"id": "hard-01405", "is_utility_pole": false, "pole_type": "unclear", "model_flags": [], "model_watch": [], "lean": "unclear", "crossarm": "none_visible", "vegetation": "unclear", "transformer": false, "attachments_estimate": 0, "photos_assessed": 3, "capture_sequences": 2, "photo_shown_date": "2019-07", "latest_available_photo_date": "2019-07", "source_photo_url": "https://www.mapillary.com/app/?pKey=2906035416318280&focus=photo", "nearest_osm_pole_m": null}}, {"type": "Feature", "geometry": {"type": "Point", "coordinates": [-72.275696, 44.555073]}, "properties": {"id": "hard-01406", "is_utility_pole": false, "pole_type": "unclear", "model_flags": ["vegetation"], "model_watch": [], "lean": "none", "crossarm": "none_visible", "vegetation": "touching", "transformer": false, "attachments_estimate": 0, "photos_assessed": 3, "capture_sequences": 2, "photo_shown_date": "2017-07", "latest_available_photo_date": "2017-07", "source_photo_url": "https://www.mapillary.com/app/?pKey=1469343230080861&focus=photo", "nearest_osm_pole_m": null}}, {"type": "Feature", "geometry": {"type": "Point", "coordinates": [-72.32116, 44.549142]}, "properties": {"id": "hard-01407", "is_utility_pole": true, "pole_type": "wood_utility", "model_flags": [], "model_watch": ["lean_slight"], "lean": "slight", "crossarm": "intact", "vegetation": "near", "transformer": false, "attachments_estimate": 0, "photos_assessed": 6, "capture_sequences": 4, "photo_shown_date": "2019-07", "latest_available_photo_date": "2019-07", "source_photo_url": "https://www.mapillary.com/app/?pKey=2863973317249710&focus=photo", "nearest_osm_pole_m": null}}, {"type": "Feature", "geometry": {"type": "Point", "coordinates": [-72.299685, 44.570178]}, "properties": {"id": "hard-01408", "is_utility_pole": true, "pole_type": "wood_utility", "model_flags": ["vegetation"], "model_watch": ["lean_slight"], "lean": "slight", "crossarm": "none_visible", "vegetation": "touching", "transformer": false, "attachments_estimate": 1, "photos_assessed": 9, "capture_sequences": 4, "photo_shown_date": "2019-07", "latest_available_photo_date": "2019-07", "source_photo_url": "https://www.mapillary.com/app/?pKey=975797689910131&focus=photo", "nearest_osm_pole_m": null}}, {"type": "Feature", "geometry": {"type": "Point", "coordinates": [-72.30522, 44.567158]}, "properties": {"id": "hard-01409", "is_utility_pole": true, "pole_type": "wood_utility", "model_flags": [], "model_watch": [], "lean": "none", "crossarm": "none_visible", "vegetation": "near", "transformer": false, "attachments_estimate": 0, "photos_assessed": 1, "capture_sequences": 1, "photo_shown_date": "2013-09", "latest_available_photo_date": "2019-07", "source_photo_url": "https://www.mapillary.com/app/?pKey=1822263061279536&focus=photo", "nearest_osm_pole_m": null}}, {"type": "Feature", "geometry": {"type": "Point", "coordinates": [-72.300372, 44.569804]}, "properties": {"id": "hard-01410", "is_utility_pole": true, "pole_type": "wood_utility", "model_flags": [], "model_watch": ["lean_slight"], "lean": "slight", "crossarm": "none_visible", "vegetation": "near", "transformer": false, "attachments_estimate": 1, "photos_assessed": 5, "capture_sequences": 4, "photo_shown_date": "2019-07", "latest_available_photo_date": "2019-07", "source_photo_url": "https://www.mapillary.com/app/?pKey=816933492573357&focus=photo", "nearest_osm_pole_m": null}}, {"type": "Feature", "geometry": {"type": "Point", "coordinates": [-72.30425, 44.567513]}, "properties": {"id": "hard-01411", "is_utility_pole": true, "pole_type": "wood_utility", "model_flags": [], "model_watch": ["lean_slight"], "lean": "slight", "crossarm": "intact", "vegetation": "near", "transformer": true, "attachments_estimate": 1, "photos_assessed": 3, "capture_sequences": 3, "photo_shown_date": "2019-07", "latest_available_photo_date": "2019-07", "source_photo_url": "https://www.mapillary.com/app/?pKey=773920726601816&focus=photo", "nearest_osm_pole_m": null}}, {"type": "Feature", "geometry": {"type": "Point", "coordinates": [-72.299934, 44.570015]}, "properties": {"id": "hard-01412", "is_utility_pole": true, "pole_type": "wood_utility", "model_flags": ["vegetation"], "model_watch": [], "lean": "none", "crossarm": "intact", "vegetation": "touching", "transformer": false, "attachments_estimate": 1, "photos_assessed": 3, "capture_sequences": 2, "photo_shown_date": "2019-07", "latest_available_photo_date": "2019-07", "source_photo_url": "https://www.mapillary.com/app/?pKey=153600336787523&focus=photo", "nearest_osm_pole_m": null}}, {"type": "Feature", "geometry": {"type": "Point", "coordinates": [-72.30541, 44.567043]}, "properties": {"id": "hard-01413", "is_utility_pole": true, "pole_type": "wood_utility", "model_flags": [], "model_watch": [], "lean": "none", "crossarm": "intact", "vegetation": "none", "transformer": false, "attachments_estimate": 0, "photos_assessed": 3, "capture_sequences": 3, "photo_shown_date": "2019-07", "latest_available_photo_date": "2019-07", "source_photo_url": "https://www.mapillary.com/app/?pKey=340638574062493&focus=photo", "nearest_osm_pole_m": null}}, {"type": "Feature", "geometry": {"type": "Point", "coordinates": [-72.29963, 44.570295]}, "properties": {"id": "hard-01414", "is_utility_pole": true, "pole_type": "wood_utility", "model_flags": ["vegetation"], "model_watch": ["lean_slight"], "lean": "slight", "crossarm": "none_visible", "vegetation": "touching", "transformer": false, "attachments_estimate": 0, "photos_assessed": 4, "capture_sequences": 2, "photo_shown_date": "2017-07", "latest_available_photo_date": "2017-07", "source_photo_url": "https://www.mapillary.com/app/?pKey=245803913983927&focus=photo", "nearest_osm_pole_m": null}}, {"type": "Feature", "geometry": {"type": "Point", "coordinates": [-72.30543, 44.567192]}, "properties": {"id": "hard-01415", "is_utility_pole": true, "pole_type": "wood_utility", "model_flags": [], "model_watch": ["lean_slight"], "lean": "slight", "crossarm": "none_visible", "vegetation": "near", "transformer": false, "attachments_estimate": 0, "photos_assessed": 3, "capture_sequences": 3, "photo_shown_date": "2019-07", "latest_available_photo_date": "2019-07", "source_photo_url": "https://www.mapillary.com/app/?pKey=310553440523451&focus=photo", "nearest_osm_pole_m": null}}, {"type": "Feature", "geometry": {"type": "Point", "coordinates": [-72.299644, 44.57038]}, "properties": {"id": "hard-01416", "is_utility_pole": true, "pole_type": "wood_utility", "model_flags": [], "model_watch": ["lean_slight"], "lean": "slight", "crossarm": "none_visible", "vegetation": "near", "transformer": false, "attachments_estimate": 1, "photos_assessed": 1, "capture_sequences": 1, "photo_shown_date": "2017-07", "latest_available_photo_date": "2017-07", "source_photo_url": "https://www.mapillary.com/app/?pKey=263979005512885&focus=photo", "nearest_osm_pole_m": null}}, {"type": "Feature", "geometry": {"type": "Point", "coordinates": [-72.29954, 44.5704125]}, "properties": {"id": "hard-01417", "is_utility_pole": true, "pole_type": "wood_utility", "model_flags": ["vegetation"], "model_watch": [], "lean": "none", "crossarm": "none_visible", "vegetation": "touching", "transformer": false, "attachments_estimate": 0, "photos_assessed": 6, "capture_sequences": 5, "photo_shown_date": "2019-07", "latest_available_photo_date": "2019-07", "source_photo_url": "https://www.mapillary.com/app/?pKey=281574993667228&focus=photo", "nearest_osm_pole_m": null}}, {"type": "Feature", "geometry": {"type": "Point", "coordinates": [-72.30054, 44.569736]}, "properties": {"id": "hard-01418", "is_utility_pole": true, "pole_type": "wood_utility", "model_flags": [], "model_watch": [], "lean": "none", "crossarm": "intact", "vegetation": "near", "transformer": true, "attachments_estimate": 0, "photos_assessed": 3, "capture_sequences": 1, "photo_shown_date": "2017-07", "latest_available_photo_date": "2017-07", "source_photo_url": "https://www.mapillary.com/app/?pKey=505256513926595&focus=photo", "nearest_osm_pole_m": null}}, {"type": "Feature", "geometry": {"type": "Point", "coordinates": [-72.36543, 44.57811]}, "properties": {"id": "hard-01419", "is_utility_pole": true, "pole_type": "wood_utility", "model_flags": ["vegetation"], "model_watch": [], "lean": "unclear", "crossarm": "none_visible", "vegetation": "touching", "transformer": false, "attachments_estimate": 0, "photos_assessed": 1, "capture_sequences": 1, "photo_shown_date": "2016-07", "latest_available_photo_date": "2016-07", "source_photo_url": "https://www.mapillary.com/app/?pKey=1107989329684401&focus=photo", "nearest_osm_pole_m": null}}, {"type": "Feature", "geometry": {"type": "Point", "coordinates": [-72.36502, 44.575462]}, "properties": {"id": "hard-01420", "is_utility_pole": false, "pole_type": "unclear", "model_flags": ["vegetation"], "model_watch": [], "lean": "unclear", "crossarm": "none_visible", "vegetation": "touching", "transformer": false, "attachments_estimate": 0, "photos_assessed": 1, "capture_sequences": 1, "photo_shown_date": "2016-07", "latest_available_photo_date": "2016-07", "source_photo_url": "https://www.mapillary.com/app/?pKey=1252132525225785&focus=photo", "nearest_osm_pole_m": null}}, {"type": "Feature", "geometry": {"type": "Point", "coordinates": [-72.32001, 44.501915]}, "properties": {"id": "hard-01421", "is_utility_pole": true, "pole_type": "wood_utility", "model_flags": [], "model_watch": ["lean_slight"], "lean": "slight", "crossarm": "none_visible", "vegetation": "near", "transformer": false, "attachments_estimate": 1, "photos_assessed": 1, "capture_sequences": 1, "photo_shown_date": "2022-11", "latest_available_photo_date": "2022-11", "source_photo_url": "https://www.mapillary.com/app/?pKey=152572887482764&focus=photo", "nearest_osm_pole_m": null}}, {"type": "Feature", "geometry": {"type": "Point", "coordinates": [-72.40162, 44.472527]}, "properties": {"id": "hard-01422", "is_utility_pole": true, "pole_type": "wood_utility", "model_flags": ["vegetation"], "model_watch": [], "lean": "none", "crossarm": "intact", "vegetation": "touching", "transformer": false, "attachments_estimate": 1, "photos_assessed": 1, "capture_sequences": 1, "photo_shown_date": "2016-07", "latest_available_photo_date": "2016-07", "source_photo_url": "https://www.mapillary.com/app/?pKey=836299323960228&focus=photo", "nearest_osm_pole_m": null}}, {"type": "Feature", "geometry": {"type": "Point", "coordinates": [-72.39975, 44.47389]}, "properties": {"id": "hard-01423", "is_utility_pole": false, "pole_type": "unclear", "model_flags": [], "model_watch": [], "lean": "unclear", "crossarm": "unclear", "vegetation": "unclear", "transformer": false, "attachments_estimate": 0, "photos_assessed": 1, "capture_sequences": 1, "photo_shown_date": "2016-07", "latest_available_photo_date": "2018-07", "source_photo_url": "https://www.mapillary.com/app/?pKey=481863392873884&focus=photo", "nearest_osm_pole_m": null}}, {"type": "Feature", "geometry": {"type": "Point", "coordinates": [-72.40332, 44.470634]}, "properties": {"id": "hard-01424", "is_utility_pole": true, "pole_type": "wood_utility", "model_flags": ["vegetation"], "model_watch": ["lean_slight"], "lean": "slight", "crossarm": "intact", "vegetation": "touching", "transformer": false, "attachments_estimate": 1, "photos_assessed": 3, "capture_sequences": 2, "photo_shown_date": "2016-07", "latest_available_photo_date": "2016-07", "source_photo_url": "https://www.mapillary.com/app/?pKey=337563307736086&focus=photo", "nearest_osm_pole_m": null}}, {"type": "Feature", "geometry": {"type": "Point", "coordinates": [-72.40228, 44.471657]}, "properties": {"id": "hard-01425", "is_utility_pole": true, "pole_type": "wood_utility", "model_flags": [], "model_watch": [], "lean": "none", "crossarm": "unclear", "vegetation": "near", "transformer": false, "attachments_estimate": 0, "photos_assessed": 2, "capture_sequences": 2, "photo_shown_date": "2014-07", "latest_available_photo_date": "2016-07", "source_photo_url": "https://www.mapillary.com/app/?pKey=524406118931506&focus=photo", "nearest_osm_pole_m": null}}, {"type": "Feature", "geometry": {"type": "Point", "coordinates": [-72.40049, 44.473385]}, "properties": {"id": "hard-01426", "is_utility_pole": true, "pole_type": "wood_utility", "model_flags": [], "model_watch": ["lean_slight"], "lean": "slight", "crossarm": "unclear", "vegetation": "near", "transformer": false, "attachments_estimate": 1, "photos_assessed": 2, "capture_sequences": 2, "photo_shown_date": "2014-07", "latest_available_photo_date": "2016-07", "source_photo_url": "https://www.mapillary.com/app/?pKey=494447061787856&focus=photo", "nearest_osm_pole_m": null}}, {"type": "Feature", "geometry": {"type": "Point", "coordinates": [-72.37593, 44.493397]}, "properties": {"id": "hard-01427", "is_utility_pole": true, "pole_type": "wood_utility", "model_flags": [], "model_watch": [], "lean": "none", "crossarm": "intact", "vegetation": "near", "transformer": false, "attachments_estimate": 1, "photos_assessed": 3, "capture_sequences": 2, "photo_shown_date": "2016-07", "latest_available_photo_date": "2018-07", "source_photo_url": "https://www.mapillary.com/app/?pKey=491266432118934&focus=photo", "nearest_osm_pole_m": null}}, {"type": "Feature", "geometry": {"type": "Point", "coordinates": [-72.33663, 44.529278]}, "properties": {"id": "hard-01428", "is_utility_pole": true, "pole_type": "wood_utility", "model_flags": [], "model_watch": [], "lean": "none", "crossarm": "intact", "vegetation": "none", "transformer": false, "attachments_estimate": 0, "photos_assessed": 3, "capture_sequences": 2, "photo_shown_date": "2019-07", "latest_available_photo_date": "2019-07", "source_photo_url": "https://www.mapillary.com/app/?pKey=270482581522887&focus=photo", "nearest_osm_pole_m": null}}, {"type": "Feature", "geometry": {"type": "Point", "coordinates": [-72.3362995, 44.529687]}, "properties": {"id": "hard-01429", "is_utility_pole": true, "pole_type": "wood_utility", "model_flags": [], "model_watch": ["lean_slight"], "lean": "slight", "crossarm": "intact", "vegetation": "none", "transformer": false, "attachments_estimate": 0, "photos_assessed": 4, "capture_sequences": 4, "photo_shown_date": "2019-07", "latest_available_photo_date": "2019-07", "source_photo_url": "https://www.mapillary.com/app/?pKey=955794998556669&focus=photo", "nearest_osm_pole_m": null}}, {"type": "Feature", "geometry": {"type": "Point", "coordinates": [-72.29627, 44.581158]}, "properties": {"id": "hard-01430", "is_utility_pole": false, "pole_type": "unclear", "model_flags": ["vegetation"], "model_watch": [], "lean": "unclear", "crossarm": "none_visible", "vegetation": "touching", "transformer": false, "attachments_estimate": 0, "photos_assessed": 2, "capture_sequences": 1, "photo_shown_date": "2019-07", "latest_available_photo_date": "2019-07", "source_photo_url": "https://www.mapillary.com/app/?pKey=520234896062216&focus=photo", "nearest_osm_pole_m": null}}, {"type": "Feature", "geometry": {"type": "Point", "coordinates": [-72.2962, 44.581013]}, "properties": {"id": "hard-01431", "is_utility_pole": true, "pole_type": "wood_utility", "model_flags": [], "model_watch": [], "lean": "unclear", "crossarm": "none_visible", "vegetation": "near", "transformer": false, "attachments_estimate": 1, "photos_assessed": 3, "capture_sequences": 3, "photo_shown_date": "2019-07", "latest_available_photo_date": "2019-07", "source_photo_url": "https://www.mapillary.com/app/?pKey=501514421088961&focus=photo", "nearest_osm_pole_m": null}}, {"type": "Feature", "geometry": {"type": "Point", "coordinates": [-72.29645, 44.581394]}, "properties": {"id": "hard-01432", "is_utility_pole": true, "pole_type": "wood_utility", "model_flags": [], "model_watch": ["lean_slight"], "lean": "slight", "crossarm": "none_visible", "vegetation": "unclear", "transformer": false, "attachments_estimate": 1, "photos_assessed": 3, "capture_sequences": 2, "photo_shown_date": "2019-07", "latest_available_photo_date": "2019-07", "source_photo_url": "https://www.mapillary.com/app/?pKey=4050871464992585&focus=photo", "nearest_osm_pole_m": null}}, {"type": "Feature", "geometry": {"type": "Point", "coordinates": [-72.29639, 44.58146]}, "properties": {"id": "hard-01433", "is_utility_pole": true, "pole_type": "wood_utility", "model_flags": [], "model_watch": ["lean_slight"], "lean": "slight", "crossarm": "none_visible", "vegetation": "near", "transformer": false, "attachments_estimate": 1, "photos_assessed": 3, "capture_sequences": 1, "photo_shown_date": "2017-07", "latest_available_photo_date": "2017-07", "source_photo_url": "https://www.mapillary.com/app/?pKey=899259217295958&focus=photo", "nearest_osm_pole_m": null}}, {"type": "Feature", "geometry": {"type": "Point", "coordinates": [-72.35907, 44.50548]}, "properties": {"id": "hard-01434", "is_utility_pole": true, "pole_type": "wood_utility", "model_flags": [], "model_watch": [], "lean": "none", "crossarm": "intact", "vegetation": "near", "transformer": false, "attachments_estimate": 1, "photos_assessed": 3, "capture_sequences": 2, "photo_shown_date": "2019-07", "latest_available_photo_date": "2019-07", "source_photo_url": "https://www.mapillary.com/app/?pKey=327340858801163&focus=photo", "nearest_osm_pole_m": null}}, {"type": "Feature", "geometry": {"type": "Point", "coordinates": [-72.31743, 44.505684]}, "properties": {"id": "hard-01435", "is_utility_pole": true, "pole_type": "wood_utility", "model_flags": [], "model_watch": ["lean_slight"], "lean": "slight", "crossarm": "none_visible", "vegetation": "near", "transformer": false, "attachments_estimate": 0, "photos_assessed": 3, "capture_sequences": 2, "photo_shown_date": "2018-07", "latest_available_photo_date": "2018-07", "source_photo_url": "https://www.mapillary.com/app/?pKey=181230033803198&focus=photo", "nearest_osm_pole_m": null}}, {"type": "Feature", "geometry": {"type": "Point", "coordinates": [-72.317335, 44.5079115]}, "properties": {"id": "hard-01436", "is_utility_pole": true, "pole_type": "wood_utility", "model_flags": ["vegetation"], "model_watch": [], "lean": "none", "crossarm": "none_visible", "vegetation": "touching", "transformer": false, "attachments_estimate": 1, "photos_assessed": 4, "capture_sequences": 1, "photo_shown_date": "2016-06", "latest_available_photo_date": "2016-06", "source_photo_url": "https://www.mapillary.com/app/?pKey=466176418003302&focus=photo", "nearest_osm_pole_m": null}}, {"type": "Feature", "geometry": {"type": "Point", "coordinates": [-72.31745, 44.505741]}, "properties": {"id": "hard-01437", "is_utility_pole": true, "pole_type": "wood_utility", "model_flags": [], "model_watch": [], "lean": "none", "crossarm": "none_visible", "vegetation": "near", "transformer": false, "attachments_estimate": 1, "photos_assessed": 6, "capture_sequences": 4, "photo_shown_date": "2018-07", "latest_available_photo_date": "2018-07", "source_photo_url": "https://www.mapillary.com/app/?pKey=220723569859106&focus=photo", "nearest_osm_pole_m": null}}, {"type": "Feature", "geometry": {"type": "Point", "coordinates": [-72.31773, 44.50612]}, "properties": {"id": "hard-01438", "is_utility_pole": true, "pole_type": "wood_utility", "model_flags": ["vegetation"], "model_watch": ["lean_slight"], "lean": "slight", "crossarm": "none_visible", "vegetation": "touching", "transformer": false, "attachments_estimate": 0, "photos_assessed": 1, "capture_sequences": 1, "photo_shown_date": "2016-06", "latest_available_photo_date": "2016-06", "source_photo_url": "https://www.mapillary.com/app/?pKey=219021716695403&focus=photo", "nearest_osm_pole_m": null}}, {"type": "Feature", "geometry": {"type": "Point", "coordinates": [-72.31761, 44.507526]}, "properties": {"id": "hard-01439", "is_utility_pole": false, "pole_type": "unclear", "model_flags": [], "model_watch": [], "lean": "unclear", "crossarm": "none_visible", "vegetation": "unclear", "transformer": false, "attachments_estimate": 0, "photos_assessed": 3, "capture_sequences": 3, "photo_shown_date": "2016-06", "latest_available_photo_date": "2016-06", "source_photo_url": "https://www.mapillary.com/app/?pKey=942058233262200&focus=photo", "nearest_osm_pole_m": null}}, {"type": "Feature", "geometry": {"type": "Point", "coordinates": [-72.317764, 44.50627]}, "properties": {"id": "hard-01440", "is_utility_pole": true, "pole_type": "wood_utility", "model_flags": [], "model_watch": ["lean_slight"], "lean": "slight", "crossarm": "none_visible", "vegetation": "none", "transformer": false, "attachments_estimate": 0, "photos_assessed": 3, "capture_sequences": 2, "photo_shown_date": "2018-07", "latest_available_photo_date": "2018-07", "source_photo_url": "https://www.mapillary.com/app/?pKey=257161126187405&focus=photo", "nearest_osm_pole_m": null}}, {"type": "Feature", "geometry": {"type": "Point", "coordinates": [-72.317566, 44.506588]}, "properties": {"id": "hard-01441", "is_utility_pole": true, "pole_type": "wood_utility", "model_flags": ["vegetation"], "model_watch": ["lean_slight"], "lean": "slight", "crossarm": "none_visible", "vegetation": "touching", "transformer": false, "attachments_estimate": 0, "photos_assessed": 3, "capture_sequences": 3, "photo_shown_date": "2018-07", "latest_available_photo_date": "2018-07", "source_photo_url": "https://www.mapillary.com/app/?pKey=1946027575554785&focus=photo", "nearest_osm_pole_m": null}}, {"type": "Feature", "geometry": {"type": "Point", "coordinates": [-72.33131, 44.5359535]}, "properties": {"id": "hard-01442", "is_utility_pole": true, "pole_type": "wood_utility", "model_flags": [], "model_watch": [], "lean": "none", "crossarm": "intact", "vegetation": "near", "transformer": false, "attachments_estimate": 1, "photos_assessed": 6, "capture_sequences": 3, "photo_shown_date": "2019-07", "latest_available_photo_date": "2019-07", "source_photo_url": "https://www.mapillary.com/app/?pKey=327658295439398&focus=photo", "nearest_osm_pole_m": null}}, {"type": "Feature", "geometry": {"type": "Point", "coordinates": [-72.37399, 44.514534]}, "properties": {"id": "hard-01443", "is_utility_pole": true, "pole_type": "wood_utility", "model_flags": [], "model_watch": ["lean_slight"], "lean": "slight", "crossarm": "none_visible", "vegetation": "near", "transformer": false, "attachments_estimate": 1, "photos_assessed": 2, "capture_sequences": 2, "photo_shown_date": "2018-07", "latest_available_photo_date": "2018-07", "source_photo_url": "https://www.mapillary.com/app/?pKey=1165370810590548&focus=photo", "nearest_osm_pole_m": null}}, {"type": "Feature", "geometry": {"type": "Point", "coordinates": [-72.37802, 44.51671]}, "properties": {"id": "hard-01444", "is_utility_pole": true, "pole_type": "wood_utility", "model_flags": [], "model_watch": ["lean_slight"], "lean": "slight", "crossarm": "intact", "vegetation": "near", "transformer": false, "attachments_estimate": 0, "photos_assessed": 3, "capture_sequences": 2, "photo_shown_date": "2018-07", "latest_available_photo_date": "2018-07", "source_photo_url": "https://www.mapillary.com/app/?pKey=788312938725034&focus=photo", "nearest_osm_pole_m": null}}, {"type": "Feature", "geometry": {"type": "Point", "coordinates": [-72.373535, 44.51341]}, "properties": {"id": "hard-01445", "is_utility_pole": true, "pole_type": "wood_utility", "model_flags": [], "model_watch": [], "lean": "none", "crossarm": "intact", "vegetation": "near", "transformer": false, "attachments_estimate": 1, "photos_assessed": 3, "capture_sequences": 2, "photo_shown_date": "2018-07", "latest_available_photo_date": "2018-07", "source_photo_url": "https://www.mapillary.com/app/?pKey=977017859711291&focus=photo", "nearest_osm_pole_m": null}}, {"type": "Feature", "geometry": {"type": "Point", "coordinates": [-72.373726, 44.514072]}, "properties": {"id": "hard-01446", "is_utility_pole": true, "pole_type": "wood_utility", "model_flags": [], "model_watch": [], "lean": "none", "crossarm": "none_visible", "vegetation": "near", "transformer": false, "attachments_estimate": 1, "photos_assessed": 1, "capture_sequences": 1, "photo_shown_date": "2018-07", "latest_available_photo_date": "2018-07", "source_photo_url": "https://www.mapillary.com/app/?pKey=500043428011222&focus=photo", "nearest_osm_pole_m": null}}, {"type": "Feature", "geometry": {"type": "Point", "coordinates": [-72.37382, 44.513145]}, "properties": {"id": "hard-01447", "is_utility_pole": true, "pole_type": "concrete_or_steel_utility", "model_flags": [], "model_watch": [], "lean": "none", "crossarm": "none_visible", "vegetation": "near", "transformer": false, "attachments_estimate": 0, "photos_assessed": 2, "capture_sequences": 2, "photo_shown_date": "2016-06", "latest_available_photo_date": "2016-06", "source_photo_url": "https://www.mapillary.com/app/?pKey=252319806689053&focus=photo", "nearest_osm_pole_m": null}}, {"type": "Feature", "geometry": {"type": "Point", "coordinates": [-72.3733, 44.514156]}, "properties": {"id": "hard-01448", "is_utility_pole": true, "pole_type": "wood_utility", "model_flags": [], "model_watch": ["lean_slight"], "lean": "slight", "crossarm": "none_visible", "vegetation": "near", "transformer": false, "attachments_estimate": 1, "photos_assessed": 3, "capture_sequences": 2, "photo_shown_date": "2018-07", "latest_available_photo_date": "2018-07", "source_photo_url": "https://www.mapillary.com/app/?pKey=554656959029668&focus=photo", "nearest_osm_pole_m": null}}, {"type": "Feature", "geometry": {"type": "Point", "coordinates": [-72.29061, 44.57068]}, "properties": {"id": "hard-01449", "is_utility_pole": false, "pole_type": "other", "model_flags": ["vegetation"], "model_watch": [], "lean": "unclear", "crossarm": "unclear", "vegetation": "touching", "transformer": false, "attachments_estimate": 0, "photos_assessed": 1, "capture_sequences": 1, "photo_shown_date": "2019-07", "latest_available_photo_date": "2019-07", "source_photo_url": "https://www.mapillary.com/app/?pKey=824115264903062&focus=photo", "nearest_osm_pole_m": null}}, {"type": "Feature", "geometry": {"type": "Point", "coordinates": [-72.291833, 44.5720302]}, "properties": {"id": "hard-01450", "is_utility_pole": true, "pole_type": "wood_utility", "model_flags": [], "model_watch": ["lean_slight"], "lean": "slight", "crossarm": "intact", "vegetation": "near", "transformer": false, "attachments_estimate": 1, "photos_assessed": 4, "capture_sequences": 1, "photo_shown_date": "2017-07", "latest_available_photo_date": "2019-07", "source_photo_url": "https://www.mapillary.com/app/?pKey=535452927590434&focus=photo", "nearest_osm_pole_m": null}}, {"type": "Feature", "geometry": {"type": "Point", "coordinates": [-72.291985, 44.572227]}, "properties": {"id": "hard-01451", "is_utility_pole": false, "pole_type": "unclear", "model_flags": ["vegetation"], "model_watch": [], "lean": "unclear", "crossarm": "none_visible", "vegetation": "touching", "transformer": false, "attachments_estimate": 0, "photos_assessed": 1, "capture_sequences": 1, "photo_shown_date": "2019-07", "latest_available_photo_date": "2019-07", "source_photo_url": "https://www.mapillary.com/app/?pKey=493781101829829&focus=photo", "nearest_osm_pole_m": null}}, {"type": "Feature", "geometry": {"type": "Point", "coordinates": [-72.29152, 44.571453]}, "properties": {"id": "hard-01452", "is_utility_pole": false, "pole_type": "unclear", "model_flags": [], "model_watch": [], "lean": "unclear", "crossarm": "none_visible", "vegetation": "unclear", "transformer": false, "attachments_estimate": 0, "photos_assessed": 2, "capture_sequences": 2, "photo_shown_date": "2017-07", "latest_available_photo_date": "2017-07", "source_photo_url": "https://www.mapillary.com/app/?pKey=611450686916585&focus=photo", "nearest_osm_pole_m": null}}, {"type": "Feature", "geometry": {"type": "Point", "coordinates": [-72.29167, 44.57188]}, "properties": {"id": "hard-01453", "is_utility_pole": true, "pole_type": "wood_utility", "model_flags": ["vegetation"], "model_watch": ["lean_slight"], "lean": "slight", "crossarm": "intact", "vegetation": "touching", "transformer": false, "attachments_estimate": 1, "photos_assessed": 3, "capture_sequences": 2, "photo_shown_date": "2019-07", "latest_available_photo_date": "2019-07", "source_photo_url": "https://www.mapillary.com/app/?pKey=391180312094785&focus=photo", "nearest_osm_pole_m": null}}, {"type": "Feature", "geometry": {"type": "Point", "coordinates": [-72.2922275, 44.5725137]}, "properties": {"id": "hard-01454", "is_utility_pole": true, "pole_type": "wood_utility", "model_flags": ["vegetation"], "model_watch": ["lean_slight"], "lean": "slight", "crossarm": "none_visible", "vegetation": "touching", "transformer": false, "attachments_estimate": 0, "photos_assessed": 4, "capture_sequences": 2, "photo_shown_date": "2019-07", "latest_available_photo_date": "2019-07", "source_photo_url": "https://www.mapillary.com/app/?pKey=382532673078611&focus=photo", "nearest_osm_pole_m": null}}, {"type": "Feature", "geometry": {"type": "Point", "coordinates": [-72.29143, 44.571575]}, "properties": {"id": "hard-01455", "is_utility_pole": true, "pole_type": "wood_utility", "model_flags": ["vegetation"], "model_watch": [], "lean": "unclear", "crossarm": "unclear", "vegetation": "touching", "transformer": false, "attachments_estimate": 0, "photos_assessed": 1, "capture_sequences": 1, "photo_shown_date": "2015-07", "latest_available_photo_date": "2019-07", "source_photo_url": "https://www.mapillary.com/app/?pKey=172523381471288&focus=photo", "nearest_osm_pole_m": null}}, {"type": "Feature", "geometry": {"type": "Point", "coordinates": [-72.2652, 44.548584]}, "properties": {"id": "hard-01456", "is_utility_pole": true, "pole_type": "wood_utility", "model_flags": ["vegetation"], "model_watch": ["lean_slight"], "lean": "slight", "crossarm": "none_visible", "vegetation": "touching", "transformer": false, "attachments_estimate": 2, "photos_assessed": 3, "capture_sequences": 2, "photo_shown_date": "2019-07", "latest_available_photo_date": "2019-07", "source_photo_url": "https://www.mapillary.com/app/?pKey=513410929837402&focus=photo", "nearest_osm_pole_m": null}}, {"type": "Feature", "geometry": {"type": "Point", "coordinates": [-72.364044, 44.503822]}, "properties": {"id": "hard-01457", "is_utility_pole": true, "pole_type": "wood_utility", "model_flags": [], "model_watch": ["lean_slight"], "lean": "slight", "crossarm": "none_visible", "vegetation": "near", "transformer": false, "attachments_estimate": 0, "photos_assessed": 3, "capture_sequences": 1, "photo_shown_date": "2022-11", "latest_available_photo_date": "2022-11", "source_photo_url": "https://www.mapillary.com/app/?pKey=435477685416353&focus=photo", "nearest_osm_pole_m": null}}, {"type": "Feature", "geometry": {"type": "Point", "coordinates": [-72.31476, 44.468235]}, "properties": {"id": "hard-01458", "is_utility_pole": true, "pole_type": "wood_utility", "model_flags": [], "model_watch": [], "lean": "unclear", "crossarm": "none_visible", "vegetation": "near", "transformer": false, "attachments_estimate": 0, "photos_assessed": 3, "capture_sequences": 1, "photo_shown_date": "2022-11", "latest_available_photo_date": "2022-11", "source_photo_url": "https://www.mapillary.com/app/?pKey=208165308299487&focus=photo", "nearest_osm_pole_m": null}}, {"type": "Feature", "geometry": {"type": "Point", "coordinates": [-72.296036, 44.580173]}, "properties": {"id": "hard-01459", "is_utility_pole": true, "pole_type": "wood_utility", "model_flags": [], "model_watch": ["lean_slight"], "lean": "slight", "crossarm": "none_visible", "vegetation": "near", "transformer": false, "attachments_estimate": 1, "photos_assessed": 1, "capture_sequences": 1, "photo_shown_date": "2017-07", "latest_available_photo_date": "2017-07", "source_photo_url": "https://www.mapillary.com/app/?pKey=1174704316334715&focus=photo", "nearest_osm_pole_m": null}}, {"type": "Feature", "geometry": {"type": "Point", "coordinates": [-72.29693, 44.582542]}, "properties": {"id": "hard-01460", "is_utility_pole": false, "pole_type": "other", "model_flags": ["vegetation"], "model_watch": [], "lean": "none", "crossarm": "none_visible", "vegetation": "touching", "transformer": false, "attachments_estimate": 0, "photos_assessed": 2, "capture_sequences": 1, "photo_shown_date": "2015-07", "latest_available_photo_date": "2015-07", "source_photo_url": "https://www.mapillary.com/app/?pKey=385817156077007&focus=photo", "nearest_osm_pole_m": null}}, {"type": "Feature", "geometry": {"type": "Point", "coordinates": [-72.39079, 44.478725]}, "properties": {"id": "hard-01461", "is_utility_pole": true, "pole_type": "wood_utility", "model_flags": ["vegetation"], "model_watch": ["lean_slight"], "lean": "slight", "crossarm": "intact", "vegetation": "touching", "transformer": false, "attachments_estimate": 1, "photos_assessed": 1, "capture_sequences": 1, "photo_shown_date": "2016-07", "latest_available_photo_date": "2016-07", "source_photo_url": "https://www.mapillary.com/app/?pKey=172675721450125&focus=photo", "nearest_osm_pole_m": null}}, {"type": "Feature", "geometry": {"type": "Point", "coordinates": [-72.388725, 44.480267]}, "properties": {"id": "hard-01462", "is_utility_pole": true, "pole_type": "wood_utility", "model_flags": ["vegetation"], "model_watch": [], "lean": "unclear", "crossarm": "unclear", "vegetation": "touching", "transformer": false, "attachments_estimate": 0, "photos_assessed": 1, "capture_sequences": 1, "photo_shown_date": "2018-06", "latest_available_photo_date": "2018-06", "source_photo_url": "https://www.mapillary.com/app/?pKey=186765073323538&focus=photo", "nearest_osm_pole_m": null}}, {"type": "Feature", "geometry": {"type": "Point", "coordinates": [-72.34688, 44.501934]}, "properties": {"id": "hard-01463", "is_utility_pole": true, "pole_type": "wood_utility", "model_flags": ["vegetation"], "model_watch": [], "lean": "unclear", "crossarm": "unclear", "vegetation": "touching", "transformer": false, "attachments_estimate": 0, "photos_assessed": 1, "capture_sequences": 1, "photo_shown_date": "2014-06", "latest_available_photo_date": "2018-07", "source_photo_url": "https://www.mapillary.com/app/?pKey=230763032147929&focus=photo", "nearest_osm_pole_m": null}}, {"type": "Feature", "geometry": {"type": "Point", "coordinates": [-72.3473, 44.501846]}, "properties": {"id": "hard-01464", "is_utility_pole": true, "pole_type": "wood_utility", "model_flags": [], "model_watch": [], "lean": "none", "crossarm": "none_visible", "vegetation": "near", "transformer": false, "attachments_estimate": 1, "photos_assessed": 2, "capture_sequences": 1, "photo_shown_date": "2016-06", "latest_available_photo_date": "2016-06", "source_photo_url": "https://www.mapillary.com/app/?pKey=1410366045978488&focus=photo", "nearest_osm_pole_m": null}}, {"type": "Feature", "geometry": {"type": "Point", "coordinates": [-72.34365, 44.50227]}, "properties": {"id": "hard-01465", "is_utility_pole": false, "pole_type": "unclear", "model_flags": [], "model_watch": [], "lean": "unclear", "crossarm": "none_visible", "vegetation": "unclear", "transformer": false, "attachments_estimate": 0, "photos_assessed": 1, "capture_sequences": 1, "photo_shown_date": "2014-06", "latest_available_photo_date": "2016-06", "source_photo_url": "https://www.mapillary.com/app/?pKey=803799640276957&focus=photo", "nearest_osm_pole_m": null}}, {"type": "Feature", "geometry": {"type": "Point", "coordinates": [-72.34938, 44.501854]}, "properties": {"id": "hard-01466", "is_utility_pole": true, "pole_type": "wood_utility", "model_flags": [], "model_watch": ["lean_slight"], "lean": "slight", "crossarm": "none_visible", "vegetation": "near", "transformer": false, "attachments_estimate": 0, "photos_assessed": 3, "capture_sequences": 3, "photo_shown_date": "2018-07", "latest_available_photo_date": "2018-07", "source_photo_url": "https://www.mapillary.com/app/?pKey=1446659495726578&focus=photo", "nearest_osm_pole_m": null}}, {"type": "Feature", "geometry": {"type": "Point", "coordinates": [-72.34485, 44.502457]}, "properties": {"id": "hard-01467", "is_utility_pole": true, "pole_type": "wood_utility", "model_flags": [], "model_watch": [], "lean": "none", "crossarm": "none_visible", "vegetation": "near", "transformer": false, "attachments_estimate": 0, "photos_assessed": 3, "capture_sequences": 3, "photo_shown_date": "2018-07", "latest_available_photo_date": "2018-07", "source_photo_url": "https://www.mapillary.com/app/?pKey=895218644541526&focus=photo", "nearest_osm_pole_m": null}}, {"type": "Feature", "geometry": {"type": "Point", "coordinates": [-72.346245, 44.502354]}, "properties": {"id": "hard-01468", "is_utility_pole": true, "pole_type": "wood_utility", "model_flags": [], "model_watch": ["lean_slight"], "lean": "slight", "crossarm": "intact", "vegetation": "near", "transformer": false, "attachments_estimate": 0, "photos_assessed": 3, "capture_sequences": 2, "photo_shown_date": "2016-06", "latest_available_photo_date": "2018-07", "source_photo_url": "https://www.mapillary.com/app/?pKey=1225373187918182&focus=photo", "nearest_osm_pole_m": null}}, {"type": "Feature", "geometry": {"type": "Point", "coordinates": [-72.34768, 44.501724]}, "properties": {"id": "hard-01469", "is_utility_pole": true, "pole_type": "wood_utility", "model_flags": [], "model_watch": ["lean_slight"], "lean": "slight", "crossarm": "none_visible", "vegetation": "near", "transformer": false, "attachments_estimate": 0, "photos_assessed": 3, "capture_sequences": 3, "photo_shown_date": "2018-07", "latest_available_photo_date": "2018-07", "source_photo_url": "https://www.mapillary.com/app/?pKey=233210988554137&focus=photo", "nearest_osm_pole_m": null}}, {"type": "Feature", "geometry": {"type": "Point", "coordinates": [-72.34902, 44.501923]}, "properties": {"id": "hard-01470", "is_utility_pole": true, "pole_type": "wood_utility", "model_flags": [], "model_watch": ["lean_slight"], "lean": "slight", "crossarm": "none_visible", "vegetation": "near", "transformer": false, "attachments_estimate": 1, "photos_assessed": 1, "capture_sequences": 1, "photo_shown_date": "2014-07", "latest_available_photo_date": "2014-07", "source_photo_url": "https://www.mapillary.com/app/?pKey=197906968739872&focus=photo", "nearest_osm_pole_m": null}}, {"type": "Feature", "geometry": {"type": "Point", "coordinates": [-72.348678, 44.5016437]}, "properties": {"id": "hard-01471", "is_utility_pole": true, "pole_type": "wood_utility", "model_flags": ["vegetation"], "model_watch": ["lean_slight"], "lean": "slight", "crossarm": "intact", "vegetation": "touching", "transformer": false, "attachments_estimate": 1, "photos_assessed": 9, "capture_sequences": 4, "photo_shown_date": "2018-07", "latest_available_photo_date": "2018-07", "source_photo_url": "https://www.mapillary.com/app/?pKey=605782287064533&focus=photo", "nearest_osm_pole_m": null}}, {"type": "Feature", "geometry": {"type": "Point", "coordinates": [-72.344154, 44.502514]}, "properties": {"id": "hard-01472", "is_utility_pole": true, "pole_type": "wood_utility", "model_flags": [], "model_watch": [], "lean": "none", "crossarm": "none_visible", "vegetation": "near", "transformer": false, "attachments_estimate": 0, "photos_assessed": 2, "capture_sequences": 1, "photo_shown_date": "2016-06", "latest_available_photo_date": "2016-06", "source_photo_url": "https://www.mapillary.com/app/?pKey=508891576918423&focus=photo", "nearest_osm_pole_m": null}}, {"type": "Feature", "geometry": {"type": "Point", "coordinates": [-72.34922, 44.501673]}, "properties": {"id": "hard-01473", "is_utility_pole": true, "pole_type": "wood_utility", "model_flags": [], "model_watch": ["lean_slight"], "lean": "slight", "crossarm": "none_visible", "vegetation": "near", "transformer": false, "attachments_estimate": 0, "photos_assessed": 6, "capture_sequences": 3, "photo_shown_date": "2018-07", "latest_available_photo_date": "2018-07", "source_photo_url": "https://www.mapillary.com/app/?pKey=1446659495726578&focus=photo", "nearest_osm_pole_m": null}}, {"type": "Feature", "geometry": {"type": "Point", "coordinates": [-72.348946, 44.50167]}, "properties": {"id": "hard-01474", "is_utility_pole": false, "pole_type": "other", "model_flags": [], "model_watch": ["lean_slight"], "lean": "slight", "crossarm": "none_visible", "vegetation": "near", "transformer": false, "attachments_estimate": 0, "photos_assessed": 2, "capture_sequences": 2, "photo_shown_date": "2014-07", "latest_available_photo_date": "2016-06", "source_photo_url": "https://www.mapillary.com/app/?pKey=313946697029380&focus=photo", "nearest_osm_pole_m": null}}, {"type": "Feature", "geometry": {"type": "Point", "coordinates": [-72.34202, 44.502613]}, "properties": {"id": "hard-01475", "is_utility_pole": true, "pole_type": "wood_utility", "model_flags": [], "model_watch": ["lean_slight"], "lean": "slight", "crossarm": "none_visible", "vegetation": "near", "transformer": false, "attachments_estimate": 0, "photos_assessed": 3, "capture_sequences": 2, "photo_shown_date": "2014-06", "latest_available_photo_date": "2016-06", "source_photo_url": "https://www.mapillary.com/app/?pKey=1483042545380654&focus=photo", "nearest_osm_pole_m": null}}, {"type": "Feature", "geometry": {"type": "Point", "coordinates": [-72.349846, 44.50174]}, "properties": {"id": "hard-01476", "is_utility_pole": true, "pole_type": "wood_utility", "model_flags": ["vegetation"], "model_watch": ["lean_slight"], "lean": "slight", "crossarm": "intact", "vegetation": "touching", "transformer": false, "attachments_estimate": 0, "photos_assessed": 1, "capture_sequences": 1, "photo_shown_date": "2018-07", "latest_available_photo_date": "2018-07", "source_photo_url": "https://www.mapillary.com/app/?pKey=196496205660039&focus=photo", "nearest_osm_pole_m": null}}, {"type": "Feature", "geometry": {"type": "Point", "coordinates": [-72.348095, 44.5016285]}, "properties": {"id": "hard-01477", "is_utility_pole": true, "pole_type": "wood_utility", "model_flags": [], "model_watch": ["lean_slight"], "lean": "slight", "crossarm": "none_visible", "vegetation": "near", "transformer": false, "attachments_estimate": 1, "photos_assessed": 6, "capture_sequences": 4, "photo_shown_date": "2018-07", "latest_available_photo_date": "2018-07", "source_photo_url": "https://www.mapillary.com/app/?pKey=995007984368183&focus=photo", "nearest_osm_pole_m": null}}, {"type": "Feature", "geometry": {"type": "Point", "coordinates": [-72.34607, 44.5024]}, "properties": {"id": "hard-01478", "is_utility_pole": true, "pole_type": "wood_utility", "model_flags": [], "model_watch": ["lean_slight"], "lean": "slight", "crossarm": "intact", "vegetation": "near", "transformer": false, "attachments_estimate": 0, "photos_assessed": 3, "capture_sequences": 2, "photo_shown_date": "2018-07", "latest_available_photo_date": "2018-07", "source_photo_url": "https://www.mapillary.com/app/?pKey=1137253870122187&focus=photo", "nearest_osm_pole_m": null}}, {"type": "Feature", "geometry": {"type": "Point", "coordinates": [-72.343895, 44.502556]}, "properties": {"id": "hard-01479", "is_utility_pole": true, "pole_type": "wood_utility", "model_flags": [], "model_watch": ["lean_slight"], "lean": "slight", "crossarm": "none_visible", "vegetation": "near", "transformer": false, "attachments_estimate": 0, "photos_assessed": 3, "capture_sequences": 3, "photo_shown_date": "2018-07", "latest_available_photo_date": "2018-07", "source_photo_url": "https://www.mapillary.com/app/?pKey=492239608713030&focus=photo", "nearest_osm_pole_m": null}}, {"type": "Feature", "geometry": {"type": "Point", "coordinates": [-72.34656, 44.501995]}, "properties": {"id": "hard-01480", "is_utility_pole": true, "pole_type": "wood_utility", "model_flags": [], "model_watch": ["lean_slight"], "lean": "slight", "crossarm": "intact", "vegetation": "near", "transformer": false, "attachments_estimate": 0, "photos_assessed": 3, "capture_sequences": 3, "photo_shown_date": "2018-07", "latest_available_photo_date": "2018-07", "source_photo_url": "https://www.mapillary.com/app/?pKey=2943117069296953&focus=photo", "nearest_osm_pole_m": null}}, {"type": "Feature", "geometry": {"type": "Point", "coordinates": [-72.3502375, 44.5017015]}, "properties": {"id": "hard-01481", "is_utility_pole": true, "pole_type": "wood_utility", "model_flags": ["vegetation"], "model_watch": ["lean_slight"], "lean": "slight", "crossarm": "none_visible", "vegetation": "touching", "transformer": false, "attachments_estimate": 0, "photos_assessed": 6, "capture_sequences": 5, "photo_shown_date": "2018-07", "latest_available_photo_date": "2018-07", "source_photo_url": "https://www.mapillary.com/app/?pKey=948664069232199&focus=photo", "nearest_osm_pole_m": null}}, {"type": "Feature", "geometry": {"type": "Point", "coordinates": [-72.34766, 44.501617]}, "properties": {"id": "hard-01482", "is_utility_pole": true, "pole_type": "wood_utility", "model_flags": ["vegetation"], "model_watch": ["lean_slight"], "lean": "slight", "crossarm": "intact", "vegetation": "touching", "transformer": false, "attachments_estimate": 0, "photos_assessed": 3, "capture_sequences": 2, "photo_shown_date": "2016-06", "latest_available_photo_date": "2016-06", "source_photo_url": "https://www.mapillary.com/app/?pKey=1468004926881842&focus=photo", "nearest_osm_pole_m": null}}, {"type": "Feature", "geometry": {"type": "Point", "coordinates": [-72.39707, 44.47441]}, "properties": {"id": "hard-01483", "is_utility_pole": false, "pole_type": "unclear", "model_flags": [], "model_watch": [], "lean": "unclear", "crossarm": "unclear", "vegetation": "unclear", "transformer": false, "attachments_estimate": 0, "photos_assessed": 1, "capture_sequences": 1, "photo_shown_date": "2016-07", "latest_available_photo_date": "2016-07", "source_photo_url": "https://www.mapillary.com/app/?pKey=305162471343697&focus=photo", "nearest_osm_pole_m": null}}, {"type": "Feature", "geometry": {"type": "Point", "coordinates": [-72.30173, 44.479584]}, "properties": {"id": "hard-01484", "is_utility_pole": true, "pole_type": "wood_utility", "model_flags": [], "model_watch": ["lean_slight"], "lean": "slight", "crossarm": "none_visible", "vegetation": "near", "transformer": false, "attachments_estimate": 1, "photos_assessed": 3, "capture_sequences": 2, "photo_shown_date": "2016-06", "latest_available_photo_date": "2016-06", "source_photo_url": "https://www.mapillary.com/app/?pKey=315054453418125&focus=photo", "nearest_osm_pole_m": null}}, {"type": "Feature", "geometry": {"type": "Point", "coordinates": [-72.34091, 44.502747]}, "properties": {"id": "hard-01485", "is_utility_pole": true, "pole_type": "wood_utility", "model_flags": ["vegetation"], "model_watch": ["lean_slight"], "lean": "slight", "crossarm": "none_visible", "vegetation": "touching", "transformer": false, "attachments_estimate": 1, "photos_assessed": 1, "capture_sequences": 1, "photo_shown_date": "2016-06", "latest_available_photo_date": "2016-06", "source_photo_url": "https://www.mapillary.com/app/?pKey=695304101259536&focus=photo", "nearest_osm_pole_m": null}}, {"type": "Feature", "geometry": {"type": "Point", "coordinates": [-72.34013, 44.502888]}, "properties": {"id": "hard-01486", "is_utility_pole": false, "pole_type": "unclear", "model_flags": [], "model_watch": [], "lean": "unclear", "crossarm": "none_visible", "vegetation": "unclear", "transformer": false, "attachments_estimate": 0, "photos_assessed": 1, "capture_sequences": 1, "photo_shown_date": "2014-06", "latest_available_photo_date": "2018-07", "source_photo_url": "https://www.mapillary.com/app/?pKey=818695229040846&focus=photo", "nearest_osm_pole_m": null}}, {"type": "Feature", "geometry": {"type": "Point", "coordinates": [-72.34151, 44.502674]}, "properties": {"id": "hard-01487", "is_utility_pole": true, "pole_type": "wood_utility", "model_flags": ["vegetation"], "model_watch": [], "lean": "none", "crossarm": "none_visible", "vegetation": "touching", "transformer": false, "attachments_estimate": 0, "photos_assessed": 1, "capture_sequences": 1, "photo_shown_date": "2014-07", "latest_available_photo_date": "2016-06", "source_photo_url": "https://www.mapillary.com/app/?pKey=342921874219314&focus=photo", "nearest_osm_pole_m": null}}, {"type": "Feature", "geometry": {"type": "Point", "coordinates": [-72.33822, 44.503033]}, "properties": {"id": "hard-01488", "is_utility_pole": false, "pole_type": "other", "model_flags": [], "model_watch": [], "lean": "unclear", "crossarm": "none_visible", "vegetation": "unclear", "transformer": false, "attachments_estimate": 0, "photos_assessed": 3, "capture_sequences": 3, "photo_shown_date": "2014-07", "latest_available_photo_date": "2018-07", "source_photo_url": "https://www.mapillary.com/app/?pKey=2946317252303852&focus=photo", "nearest_osm_pole_m": null}}, {"type": "Feature", "geometry": {"type": "Point", "coordinates": [-72.340715, 44.502755]}, "properties": {"id": "hard-01489", "is_utility_pole": true, "pole_type": "wood_utility", "model_flags": ["vegetation"], "model_watch": ["lean_slight"], "lean": "slight", "crossarm": "none_visible", "vegetation": "touching", "transformer": false, "attachments_estimate": 1, "photos_assessed": 6, "capture_sequences": 5, "photo_shown_date": "2018-07", "latest_available_photo_date": "2018-07", "source_photo_url": "https://www.mapillary.com/app/?pKey=520056959355220&focus=photo", "nearest_osm_pole_m": null}}, {"type": "Feature", "geometry": {"type": "Point", "coordinates": [-72.341354, 44.502686]}, "properties": {"id": "hard-01490", "is_utility_pole": true, "pole_type": "wood_utility", "model_flags": [], "model_watch": [], "lean": "none", "crossarm": "none_visible", "vegetation": "near", "transformer": false, "attachments_estimate": 0, "photos_assessed": 3, "capture_sequences": 3, "photo_shown_date": "2016-06", "latest_available_photo_date": "2016-06", "source_photo_url": "https://www.mapillary.com/app/?pKey=469644420787065&focus=photo", "nearest_osm_pole_m": null}}, {"type": "Feature", "geometry": {"type": "Point", "coordinates": [-72.337494, 44.503082]}, "properties": {"id": "hard-01491", "is_utility_pole": false, "pole_type": "unclear", "model_flags": [], "model_watch": [], "lean": "unclear", "crossarm": "none_visible", "vegetation": "unclear", "transformer": false, "attachments_estimate": 0, "photos_assessed": 2, "capture_sequences": 2, "photo_shown_date": "2014-06", "latest_available_photo_date": "2018-07", "source_photo_url": "https://www.mapillary.com/app/?pKey=503612730982526&focus=photo", "nearest_osm_pole_m": null}}, {"type": "Feature", "geometry": {"type": "Point", "coordinates": [-72.34192, 44.502655]}, "properties": {"id": "hard-01492", "is_utility_pole": true, "pole_type": "wood_utility", "model_flags": [], "model_watch": [], "lean": "none", "crossarm": "none_visible", "vegetation": "near", "transformer": false, "attachments_estimate": 0, "photos_assessed": 2, "capture_sequences": 2, "photo_shown_date": "2016-06", "latest_available_photo_date": "2016-06", "source_photo_url": "https://www.mapillary.com/app/?pKey=155464899814445&focus=photo", "nearest_osm_pole_m": null}}, {"type": "Feature", "geometry": {"type": "Point", "coordinates": [-72.297565, 44.573079]}, "properties": {"id": "hard-01493", "is_utility_pole": true, "pole_type": "wood_utility", "model_flags": [], "model_watch": [], "lean": "none", "crossarm": "none_visible", "vegetation": "near", "transformer": false, "attachments_estimate": 0, "photos_assessed": 9, "capture_sequences": 6, "photo_shown_date": "2019-07", "latest_available_photo_date": "2019-07", "source_photo_url": "https://www.mapillary.com/app/?pKey=319751836305562&focus=photo", "nearest_osm_pole_m": null}}, {"type": "Feature", "geometry": {"type": "Point", "coordinates": [-72.298435, 44.5718995]}, "properties": {"id": "hard-01494", "is_utility_pole": true, "pole_type": "wood_utility", "model_flags": [], "model_watch": [], "lean": "none", "crossarm": "intact", "vegetation": "near", "transformer": false, "attachments_estimate": 1, "photos_assessed": 6, "capture_sequences": 3, "photo_shown_date": "2015-07", "latest_available_photo_date": "2017-07", "source_photo_url": "https://www.mapillary.com/app/?pKey=301382838296825&focus=photo", "nearest_osm_pole_m": null}}, {"type": "Feature", "geometry": {"type": "Point", "coordinates": [-72.29825, 44.5721407]}, "properties": {"id": "hard-01495", "is_utility_pole": true, "pole_type": "wood_utility", "model_flags": ["vegetation"], "model_watch": ["lean_slight"], "lean": "slight", "crossarm": "intact", "vegetation": "touching", "transformer": false, "attachments_estimate": 1, "photos_assessed": 9, "capture_sequences": 4, "photo_shown_date": "2019-07", "latest_available_photo_date": "2019-07", "source_photo_url": "https://www.mapillary.com/app/?pKey=833017294286041&focus=photo", "nearest_osm_pole_m": null}}, {"type": "Feature", "geometry": {"type": "Point", "coordinates": [-72.29881, 44.5713633]}, "properties": {"id": "hard-01496", "is_utility_pole": true, "pole_type": "wood_utility", "model_flags": ["vegetation"], "model_watch": ["lean_slight"], "lean": "slight", "crossarm": "intact", "vegetation": "touching", "transformer": false, "attachments_estimate": 1, "photos_assessed": 7, "capture_sequences": 5, "photo_shown_date": "2019-07", "latest_available_photo_date": "2019-07", "source_photo_url": "https://www.mapillary.com/app/?pKey=1449746715358865&focus=photo", "nearest_osm_pole_m": null}}, {"type": "Feature", "geometry": {"type": "Point", "coordinates": [-72.2986706, 44.5715549]}, "properties": {"id": "hard-01497", "is_utility_pole": true, "pole_type": "wood_utility", "model_flags": ["vegetation"], "model_watch": ["lean_slight"], "lean": "slight", "crossarm": "none_visible", "vegetation": "touching", "transformer": false, "attachments_estimate": 1, "photos_assessed": 8, "capture_sequences": 4, "photo_shown_date": "2017-07", "latest_available_photo_date": "2019-07", "source_photo_url": "https://www.mapillary.com/app/?pKey=205744011379034&focus=photo", "nearest_osm_pole_m": null}}, {"type": "Feature", "geometry": {"type": "Point", "coordinates": [-72.29647, 44.574574]}, "properties": {"id": "hard-01498", "is_utility_pole": true, "pole_type": "wood_utility", "model_flags": [], "model_watch": ["lean_slight"], "lean": "slight", "crossarm": "intact", "vegetation": "near", "transformer": false, "attachments_estimate": 1, "photos_assessed": 3, "capture_sequences": 3, "photo_shown_date": "2019-07", "latest_available_photo_date": "2019-07", "source_photo_url": "https://www.mapillary.com/app/?pKey=3641897795939097&focus=photo", "nearest_osm_pole_m": null}}, {"type": "Feature", "geometry": {"type": "Point", "coordinates": [-72.2985433, 44.5717353]}, "properties": {"id": "hard-01499", "is_utility_pole": true, "pole_type": "wood_utility", "model_flags": [], "model_watch": ["lean_slight"], "lean": "slight", "crossarm": "none_visible", "vegetation": "near", "transformer": false, "attachments_estimate": 1, "photos_assessed": 9, "capture_sequences": 6, "photo_shown_date": "2019-07", "latest_available_photo_date": "2019-07", "source_photo_url": "https://www.mapillary.com/app/?pKey=742949576382588&focus=photo", "nearest_osm_pole_m": null}}, {"type": "Feature", "geometry": {"type": "Point", "coordinates": [-72.296005, 44.57526]}, "properties": {"id": "hard-01500", "is_utility_pole": true, "pole_type": "wood_utility", "model_flags": [], "model_watch": [], "lean": "none", "crossarm": "none_visible", "vegetation": "near", "transformer": false, "attachments_estimate": 1, "photos_assessed": 6, "capture_sequences": 4, "photo_shown_date": "2019-07", "latest_available_photo_date": "2019-07", "source_photo_url": "https://www.mapillary.com/app/?pKey=3000308940251445&focus=photo", "nearest_osm_pole_m": null}}, {"type": "Feature", "geometry": {"type": "Point", "coordinates": [-72.296705, 44.574259]}, "properties": {"id": "hard-01501", "is_utility_pole": true, "pole_type": "wood_utility", "model_flags": [], "model_watch": ["lean_slight"], "lean": "slight", "crossarm": "none_visible", "vegetation": "near", "transformer": false, "attachments_estimate": 1, "photos_assessed": 6, "capture_sequences": 4, "photo_shown_date": "2019-07", "latest_available_photo_date": "2019-07", "source_photo_url": "https://www.mapillary.com/app/?pKey=1239751099781511&focus=photo", "nearest_osm_pole_m": null}}, {"type": "Feature", "geometry": {"type": "Point", "coordinates": [-72.29798, 44.5725115]}, "properties": {"id": "hard-01502", "is_utility_pole": true, "pole_type": "wood_utility", "model_flags": ["vegetation"], "model_watch": ["lean_slight"], "lean": "slight", "crossarm": "intact", "vegetation": "touching", "transformer": false, "attachments_estimate": 1, "photos_assessed": 6, "capture_sequences": 4, "photo_shown_date": "2019-07", "latest_available_photo_date": "2019-07", "source_photo_url": "https://www.mapillary.com/app/?pKey=298333338633175&focus=photo", "nearest_osm_pole_m": null}}, {"type": "Feature", "geometry": {"type": "Point", "coordinates": [-72.298065, 44.572403]}, "properties": {"id": "hard-01503", "is_utility_pole": true, "pole_type": "wood_utility", "model_flags": [], "model_watch": ["lean_slight"], "lean": "slight", "crossarm": "intact", "vegetation": "near", "transformer": false, "attachments_estimate": 1, "photos_assessed": 3, "capture_sequences": 2, "photo_shown_date": "2017-07", "latest_available_photo_date": "2017-07", "source_photo_url": "https://www.mapillary.com/app/?pKey=905990916909171&focus=photo", "nearest_osm_pole_m": null}}, {"type": "Feature", "geometry": {"type": "Point", "coordinates": [-72.297794, 44.5727807]}, "properties": {"id": "hard-01504", "is_utility_pole": true, "pole_type": "wood_utility", "model_flags": ["vegetation"], "model_watch": ["lean_slight"], "lean": "slight", "crossarm": "none_visible", "vegetation": "touching", "transformer": false, "attachments_estimate": 2, "photos_assessed": 9, "capture_sequences": 4, "photo_shown_date": "2019-07", "latest_available_photo_date": "2019-07", "source_photo_url": "https://www.mapillary.com/app/?pKey=516771626024311&focus=photo", "nearest_osm_pole_m": null}}, {"type": "Feature", "geometry": {"type": "Point", "coordinates": [-72.296235, 44.574924]}, "properties": {"id": "hard-01505", "is_utility_pole": true, "pole_type": "wood_utility", "model_flags": [], "model_watch": [], "lean": "none", "crossarm": "none_visible", "vegetation": "none", "transformer": false, "attachments_estimate": 1, "photos_assessed": 6, "capture_sequences": 4, "photo_shown_date": "2019-07", "latest_available_photo_date": "2019-07", "source_photo_url": "https://www.mapillary.com/app/?pKey=2857359751168755&focus=photo", "nearest_osm_pole_m": null}}, {"type": "Feature", "geometry": {"type": "Point", "coordinates": [-72.29945, 44.5705196]}, "properties": {"id": "hard-01506", "is_utility_pole": true, "pole_type": "wood_utility", "model_flags": [], "model_watch": ["lean_slight"], "lean": "slight", "crossarm": "intact", "vegetation": "near", "transformer": false, "attachments_estimate": 1, "photos_assessed": 5, "capture_sequences": 2, "photo_shown_date": "2019-07", "latest_available_photo_date": "2019-07", "source_photo_url": "https://www.mapillary.com/app/?pKey=204713378134887&focus=photo", "nearest_osm_pole_m": null}}, {"type": "Feature", "geometry": {"type": "Point", "coordinates": [-72.29916, 44.570892]}, "properties": {"id": "hard-01507", "is_utility_pole": true, "pole_type": "wood_utility", "model_flags": ["vegetation"], "model_watch": ["lean_slight"], "lean": "slight", "crossarm": "intact", "vegetation": "touching", "transformer": false, "attachments_estimate": 1, "photos_assessed": 3, "capture_sequences": 3, "photo_shown_date": "2019-07", "latest_available_photo_date": "2019-07", "source_photo_url": "https://www.mapillary.com/app/?pKey=962598117808268&focus=photo", "nearest_osm_pole_m": null}}, {"type": "Feature", "geometry": {"type": "Point", "coordinates": [-72.29899, 44.57112]}, "properties": {"id": "hard-01508", "is_utility_pole": true, "pole_type": "wood_utility", "model_flags": ["lean", "vegetation"], "model_watch": [], "lean": "moderate", "crossarm": "none_visible", "vegetation": "touching", "transformer": false, "attachments_estimate": 1, "photos_assessed": 3, "capture_sequences": 2, "photo_shown_date": "2019-07", "latest_available_photo_date": "2019-07", "source_photo_url": "https://www.mapillary.com/app/?pKey=517168602803631&focus=photo", "nearest_osm_pole_m": null}}, {"type": "Feature", "geometry": {"type": "Point", "coordinates": [-72.297122, 44.5736905]}, "properties": {"id": "hard-01509", "is_utility_pole": true, "pole_type": "wood_utility", "model_flags": [], "model_watch": ["lean_slight"], "lean": "slight", "crossarm": "none_visible", "vegetation": "near", "transformer": false, "attachments_estimate": 1, "photos_assessed": 6, "capture_sequences": 4, "photo_shown_date": "2019-07", "latest_available_photo_date": "2019-07", "source_photo_url": "https://www.mapillary.com/app/?pKey=536757493983897&focus=photo", "nearest_osm_pole_m": null}}, {"type": "Feature", "geometry": {"type": "Point", "coordinates": [-72.3917, 44.478237]}, "properties": {"id": "hard-01510", "is_utility_pole": true, "pole_type": "wood_utility", "model_flags": ["vegetation"], "model_watch": ["lean_slight"], "lean": "slight", "crossarm": "intact", "vegetation": "touching", "transformer": false, "attachments_estimate": 0, "photos_assessed": 3, "capture_sequences": 3, "photo_shown_date": "2016-07", "latest_available_photo_date": "2018-06", "source_photo_url": "https://www.mapillary.com/app/?pKey=519998245719206&focus=photo", "nearest_osm_pole_m": null}}, {"type": "Feature", "geometry": {"type": "Point", "coordinates": [-72.296104, 44.575146]}, "properties": {"id": "hard-01511", "is_utility_pole": true, "pole_type": "wood_utility", "model_flags": [], "model_watch": [], "lean": "none", "crossarm": "intact", "vegetation": "near", "transformer": false, "attachments_estimate": 2, "photos_assessed": 1, "capture_sequences": 1, "photo_shown_date": "2013-09", "latest_available_photo_date": "2019-07", "source_photo_url": "https://www.mapillary.com/app/?pKey=186159523290290&focus=photo", "nearest_osm_pole_m": null}}, {"type": "Feature", "geometry": {"type": "Point", "coordinates": [-72.296455, 44.574654]}, "properties": {"id": "hard-01512", "is_utility_pole": true, "pole_type": "wood_utility", "model_flags": [], "model_watch": [], "lean": "none", "crossarm": "unclear", "vegetation": "near", "transformer": false, "attachments_estimate": 1, "photos_assessed": 2, "capture_sequences": 2, "photo_shown_date": "2019-07", "latest_available_photo_date": "2019-07", "source_photo_url": "https://www.mapillary.com/app/?pKey=3641897795939097&focus=photo", "nearest_osm_pole_m": null}}, {"type": "Feature", "geometry": {"type": "Point", "coordinates": [-72.296844, 44.57408]}, "properties": {"id": "hard-01513", "is_utility_pole": true, "pole_type": "wood_utility", "model_flags": [], "model_watch": [], "lean": "none", "crossarm": "intact", "vegetation": "near", "transformer": false, "attachments_estimate": 2, "photos_assessed": 3, "capture_sequences": 3, "photo_shown_date": "2017-07", "latest_available_photo_date": "2019-07", "source_photo_url": "https://www.mapillary.com/app/?pKey=142338247945168&focus=photo", "nearest_osm_pole_m": null}}, {"type": "Feature", "geometry": {"type": "Point", "coordinates": [-72.39057, 44.478794]}, "properties": {"id": "hard-01514", "is_utility_pole": true, "pole_type": "wood_utility", "model_flags": [], "model_watch": ["lean_slight"], "lean": "slight", "crossarm": "intact", "vegetation": "near", "transformer": false, "attachments_estimate": 0, "photos_assessed": 2, "capture_sequences": 1, "photo_shown_date": "2016-07", "latest_available_photo_date": "2016-07", "source_photo_url": "https://www.mapillary.com/app/?pKey=792178571671686&focus=photo", "nearest_osm_pole_m": null}}, {"type": "Feature", "geometry": {"type": "Point", "coordinates": [-72.29847, 44.571823]}, "properties": {"id": "hard-01515", "is_utility_pole": true, "pole_type": "wood_utility", "model_flags": [], "model_watch": ["lean_slight"], "lean": "slight", "crossarm": "none_visible", "vegetation": "near", "transformer": false, "attachments_estimate": 0, "photos_assessed": 3, "capture_sequences": 3, "photo_shown_date": "2019-07", "latest_available_photo_date": "2019-07", "source_photo_url": "https://www.mapillary.com/app/?pKey=340863520729127&focus=photo", "nearest_osm_pole_m": null}}, {"type": "Feature", "geometry": {"type": "Point", "coordinates": [-72.29822, 44.57221]}, "properties": {"id": "hard-01516", "is_utility_pole": true, "pole_type": "wood_utility", "model_flags": ["vegetation"], "model_watch": ["lean_slight"], "lean": "slight", "crossarm": "intact", "vegetation": "touching", "transformer": false, "attachments_estimate": 2, "photos_assessed": 3, "capture_sequences": 3, "photo_shown_date": "2019-07", "latest_available_photo_date": "2019-07", "source_photo_url": "https://www.mapillary.com/app/?pKey=485470629235254&focus=photo", "nearest_osm_pole_m": null}}, {"type": "Feature", "geometry": {"type": "Point", "coordinates": [-72.391335, 44.478474]}, "properties": {"id": "hard-01517", "is_utility_pole": true, "pole_type": "wood_utility", "model_flags": [], "model_watch": [], "lean": "none", "crossarm": "intact", "vegetation": "near", "transformer": false, "attachments_estimate": 1, "photos_assessed": 2, "capture_sequences": 2, "photo_shown_date": "2016-07", "latest_available_photo_date": "2018-06", "source_photo_url": "https://www.mapillary.com/app/?pKey=776872476524832&focus=photo", "nearest_osm_pole_m": null}}, {"type": "Feature", "geometry": {"type": "Point", "coordinates": [-72.39229, 44.477924]}, "properties": {"id": "hard-01518", "is_utility_pole": true, "pole_type": "wood_utility", "model_flags": ["vegetation"], "model_watch": ["lean_slight"], "lean": "slight", "crossarm": "none_visible", "vegetation": "touching", "transformer": false, "attachments_estimate": 0, "photos_assessed": 3, "capture_sequences": 3, "photo_shown_date": "2018-07", "latest_available_photo_date": "2018-07", "source_photo_url": "https://www.mapillary.com/app/?pKey=186951679867622&focus=photo", "nearest_osm_pole_m": null}}, {"type": "Feature", "geometry": {"type": "Point", "coordinates": [-72.391655, 44.478416]}, "properties": {"id": "hard-01519", "is_utility_pole": true, "pole_type": "wood_utility", "model_flags": ["crossarm", "vegetation"], "model_watch": ["lean_slight"], "lean": "slight", "crossarm": "damaged", "vegetation": "touching", "transformer": false, "attachments_estimate": 0, "photos_assessed": 1, "capture_sequences": 1, "photo_shown_date": "2016-07", "latest_available_photo_date": "2016-07", "source_photo_url": "https://www.mapillary.com/app/?pKey=925021221613034&focus=photo", "nearest_osm_pole_m": null}}, {"type": "Feature", "geometry": {"type": "Point", "coordinates": [-72.39119, 44.478546]}, "properties": {"id": "hard-01520", "is_utility_pole": true, "pole_type": "wood_utility", "model_flags": [], "model_watch": ["lean_slight"], "lean": "slight", "crossarm": "intact", "vegetation": "near", "transformer": false, "attachments_estimate": 1, "photos_assessed": 3, "capture_sequences": 3, "photo_shown_date": "2018-07", "latest_available_photo_date": "2018-07", "source_photo_url": "https://www.mapillary.com/app/?pKey=332239854989110&focus=photo", "nearest_osm_pole_m": null}}, {"type": "Feature", "geometry": {"type": "Point", "coordinates": [-72.39191, 44.478134]}, "properties": {"id": "hard-01521", "is_utility_pole": false, "pole_type": "unclear", "model_flags": ["vegetation"], "model_watch": [], "lean": "unclear", "crossarm": "none_visible", "vegetation": "touching", "transformer": false, "attachments_estimate": 0, "photos_assessed": 3, "capture_sequences": 1, "photo_shown_date": "2018-07", "latest_available_photo_date": "2018-07", "source_photo_url": "https://www.mapillary.com/app/?pKey=215105633803269&focus=photo", "nearest_osm_pole_m": null}}, {"type": "Feature", "geometry": {"type": "Point", "coordinates": [-72.29789, 44.572655]}, "properties": {"id": "hard-01522", "is_utility_pole": true, "pole_type": "wood_utility", "model_flags": [], "model_watch": ["lean_slight"], "lean": "slight", "crossarm": "intact", "vegetation": "near", "transformer": false, "attachments_estimate": 2, "photos_assessed": 3, "capture_sequences": 2, "photo_shown_date": "2017-07", "latest_available_photo_date": "2017-07", "source_photo_url": "https://www.mapillary.com/app/?pKey=317023406539555&focus=photo", "nearest_osm_pole_m": null}}, {"type": "Feature", "geometry": {"type": "Point", "coordinates": [-72.39185, 44.47833]}, "properties": {"id": "hard-01523", "is_utility_pole": true, "pole_type": "wood_utility", "model_flags": ["vegetation"], "model_watch": ["lean_slight"], "lean": "slight", "crossarm": "none_visible", "vegetation": "touching", "transformer": false, "attachments_estimate": 0, "photos_assessed": 3, "capture_sequences": 3, "photo_shown_date": "2018-07", "latest_available_photo_date": "2018-07", "source_photo_url": "https://www.mapillary.com/app/?pKey=2808623622783428&focus=photo", "nearest_osm_pole_m": null}}, {"type": "Feature", "geometry": {"type": "Point", "coordinates": [-72.3925, 44.47734]}, "properties": {"id": "hard-01524", "is_utility_pole": true, "pole_type": "wood_utility", "model_flags": [], "model_watch": [], "lean": "none", "crossarm": "intact", "vegetation": "near", "transformer": false, "attachments_estimate": 0, "photos_assessed": 3, "capture_sequences": 2, "photo_shown_date": "2018-07", "latest_available_photo_date": "2018-07", "source_photo_url": "https://www.mapillary.com/app/?pKey=611596309800001&focus=photo", "nearest_osm_pole_m": null}}, {"type": "Feature", "geometry": {"type": "Point", "coordinates": [-72.39213, 44.47786]}, "properties": {"id": "hard-01525", "is_utility_pole": true, "pole_type": "wood_utility", "model_flags": ["vegetation"], "model_watch": ["lean_slight"], "lean": "slight", "crossarm": "intact", "vegetation": "touching", "transformer": false, "attachments_estimate": 1, "photos_assessed": 3, "capture_sequences": 3, "photo_shown_date": "2018-06", "latest_available_photo_date": "2018-06", "source_photo_url": "https://www.mapillary.com/app/?pKey=353069106249383&focus=photo", "nearest_osm_pole_m": null}}, {"type": "Feature", "geometry": {"type": "Point", "coordinates": [-72.2962, 44.57501]}, "properties": {"id": "hard-01526", "is_utility_pole": true, "pole_type": "wood_utility", "model_flags": [], "model_watch": ["lean_slight"], "lean": "slight", "crossarm": "intact", "vegetation": "near", "transformer": false, "attachments_estimate": 2, "photos_assessed": 3, "capture_sequences": 2, "photo_shown_date": "2017-07", "latest_available_photo_date": "2017-07", "source_photo_url": "https://www.mapillary.com/app/?pKey=221473252835416&focus=photo", "nearest_osm_pole_m": null}}, {"type": "Feature", "geometry": {"type": "Point", "coordinates": [-72.29729, 44.57349]}, "properties": {"id": "hard-01527", "is_utility_pole": true, "pole_type": "wood_utility", "model_flags": [], "model_watch": ["lean_slight"], "lean": "slight", "crossarm": "intact", "vegetation": "near", "transformer": false, "attachments_estimate": 2, "photos_assessed": 3, "capture_sequences": 1, "photo_shown_date": "2013-09", "latest_available_photo_date": "2013-09", "source_photo_url": "https://www.mapillary.com/app/?pKey=791786491523405&focus=photo", "nearest_osm_pole_m": null}}, {"type": "Feature", "geometry": {"type": "Point", "coordinates": [-72.39142, 44.478626]}, "properties": {"id": "hard-01528", "is_utility_pole": false, "pole_type": "unclear", "model_flags": [], "model_watch": [], "lean": "unclear", "crossarm": "none_visible", "vegetation": "unclear", "transformer": false, "attachments_estimate": 0, "photos_assessed": 3, "capture_sequences": 2, "photo_shown_date": "2018-07", "latest_available_photo_date": "2018-07", "source_photo_url": "https://www.mapillary.com/app/?pKey=332239854989110&focus=photo", "nearest_osm_pole_m": null}}, {"type": "Feature", "geometry": {"type": "Point", "coordinates": [-72.39259, 44.477272]}, "properties": {"id": "hard-01529", "is_utility_pole": true, "pole_type": "wood_utility", "model_flags": ["vegetation"], "model_watch": [], "lean": "none", "crossarm": "intact", "vegetation": "touching", "transformer": false, "attachments_estimate": 0, "photos_assessed": 3, "capture_sequences": 2, "photo_shown_date": "2016-07", "latest_available_photo_date": "2016-07", "source_photo_url": "https://www.mapillary.com/app/?pKey=351005979926016&focus=photo", "nearest_osm_pole_m": null}}, {"type": "Feature", "geometry": {"type": "Point", "coordinates": [-72.34213, 44.51351]}, "properties": {"id": "hard-01530", "is_utility_pole": true, "pole_type": "wood_utility", "model_flags": ["vegetation"], "model_watch": [], "lean": "none", "crossarm": "none_visible", "vegetation": "touching", "transformer": false, "attachments_estimate": 0, "photos_assessed": 2, "capture_sequences": 2, "photo_shown_date": "2017-07", "latest_available_photo_date": "2019-07", "source_photo_url": "https://www.mapillary.com/app/?pKey=302057498210758&focus=photo", "nearest_osm_pole_m": null}}, {"type": "Feature", "geometry": {"type": "Point", "coordinates": [-72.297966, 44.52257]}, "properties": {"id": "hard-01531", "is_utility_pole": true, "pole_type": "wood_utility", "model_flags": [], "model_watch": [], "lean": "none", "crossarm": "intact", "vegetation": "near", "transformer": false, "attachments_estimate": 0, "photos_assessed": 2, "capture_sequences": 1, "photo_shown_date": "2018-07", "latest_available_photo_date": "2018-07", "source_photo_url": "https://www.mapillary.com/app/?pKey=987723271976746&focus=photo", "nearest_osm_pole_m": null}}, {"type": "Feature", "geometry": {"type": "Point", "coordinates": [-72.29005, 44.570137]}, "properties": {"id": "hard-01532", "is_utility_pole": true, "pole_type": "wood_utility", "model_flags": [], "model_watch": ["lean_slight"], "lean": "slight", "crossarm": "none_visible", "vegetation": "near", "transformer": false, "attachments_estimate": 0, "photos_assessed": 2, "capture_sequences": 2, "photo_shown_date": "2019-07", "latest_available_photo_date": "2019-07", "source_photo_url": "https://www.mapillary.com/app/?pKey=132264348875660&focus=photo", "nearest_osm_pole_m": null}}, {"type": "Feature", "geometry": {"type": "Point", "coordinates": [-72.29103, 44.571133]}, "properties": {"id": "hard-01533", "is_utility_pole": true, "pole_type": "wood_utility", "model_flags": ["vegetation"], "model_watch": ["lean_slight"], "lean": "slight", "crossarm": "intact", "vegetation": "touching", "transformer": false, "attachments_estimate": 0, "photos_assessed": 3, "capture_sequences": 3, "photo_shown_date": "2017-07", "latest_available_photo_date": "2017-07", "source_photo_url": "https://www.mapillary.com/app/?pKey=1170671276710590&focus=photo", "nearest_osm_pole_m": null}}, {"type": "Feature", "geometry": {"type": "Point", "coordinates": [-72.292564, 44.572964]}, "properties": {"id": "hard-01534", "is_utility_pole": true, "pole_type": "wood_utility", "model_flags": [], "model_watch": ["lean_slight"], "lean": "slight", "crossarm": "intact", "vegetation": "near", "transformer": false, "attachments_estimate": 0, "photos_assessed": 3, "capture_sequences": 2, "photo_shown_date": "2019-07", "latest_available_photo_date": "2019-07", "source_photo_url": "https://www.mapillary.com/app/?pKey=927274671444026&focus=photo", "nearest_osm_pole_m": null}}, {"type": "Feature", "geometry": {"type": "Point", "coordinates": [-72.2915925, 44.5717755]}, "properties": {"id": "hard-01535", "is_utility_pole": true, "pole_type": "wood_utility", "model_flags": ["vegetation"], "model_watch": ["lean_slight"], "lean": "slight", "crossarm": "none_visible", "vegetation": "touching", "transformer": false, "attachments_estimate": 1, "photos_assessed": 6, "capture_sequences": 5, "photo_shown_date": "2019-07", "latest_available_photo_date": "2019-07", "source_photo_url": "https://www.mapillary.com/app/?pKey=279255010605609&focus=photo", "nearest_osm_pole_m": null}}, {"type": "Feature", "geometry": {"type": "Point", "coordinates": [-72.29299, 44.573528]}, "properties": {"id": "hard-01536", "is_utility_pole": true, "pole_type": "wood_utility", "model_flags": [], "model_watch": ["lean_slight"], "lean": "slight", "crossarm": "none_visible", "vegetation": "near", "transformer": false, "attachments_estimate": 0, "photos_assessed": 6, "capture_sequences": 4, "photo_shown_date": "2019-07", "latest_available_photo_date": "2019-07", "source_photo_url": "https://www.mapillary.com/app/?pKey=744592549542819&focus=photo", "nearest_osm_pole_m": null}}, {"type": "Feature", "geometry": {"type": "Point", "coordinates": [-72.29312, 44.57369]}, "properties": {"id": "hard-01537", "is_utility_pole": true, "pole_type": "wood_utility", "model_flags": [], "model_watch": ["lean_slight"], "lean": "slight", "crossarm": "intact", "vegetation": "near", "transformer": false, "attachments_estimate": 1, "photos_assessed": 2, "capture_sequences": 2, "photo_shown_date": "2017-07", "latest_available_photo_date": "2019-07", "source_photo_url": "https://www.mapillary.com/app/?pKey=920964978755240&focus=photo", "nearest_osm_pole_m": null}}, {"type": "Feature", "geometry": {"type": "Point", "coordinates": [-72.29212, 44.572403]}, "properties": {"id": "hard-01538", "is_utility_pole": true, "pole_type": "wood_utility", "model_flags": ["vegetation"], "model_watch": ["lean_slight"], "lean": "slight", "crossarm": "intact", "vegetation": "touching", "transformer": false, "attachments_estimate": 0, "photos_assessed": 3, "capture_sequences": 3, "photo_shown_date": "2019-07", "latest_available_photo_date": "2019-07", "source_photo_url": "https://www.mapillary.com/app/?pKey=322601545904333&focus=photo", "nearest_osm_pole_m": null}}, {"type": "Feature", "geometry": {"type": "Point", "coordinates": [-72.28878, 44.568966]}, "properties": {"id": "hard-01539", "is_utility_pole": true, "pole_type": "wood_utility", "model_flags": ["vegetation"], "model_watch": ["lean_slight"], "lean": "slight", "crossarm": "intact", "vegetation": "touching", "transformer": false, "attachments_estimate": 0, "photos_assessed": 3, "capture_sequences": 3, "photo_shown_date": "2019-07", "latest_available_photo_date": "2019-07", "source_photo_url": "https://www.mapillary.com/app/?pKey=341323974094770&focus=photo", "nearest_osm_pole_m": null}}, {"type": "Feature", "geometry": {"type": "Point", "coordinates": [-72.290315, 44.5703975]}, "properties": {"id": "hard-01540", "is_utility_pole": true, "pole_type": "wood_utility", "model_flags": ["vegetation"], "model_watch": ["lean_slight"], "lean": "slight", "crossarm": "none_visible", "vegetation": "touching", "transformer": false, "attachments_estimate": 0, "photos_assessed": 6, "capture_sequences": 4, "photo_shown_date": "2019-07", "latest_available_photo_date": "2019-07", "source_photo_url": "https://www.mapillary.com/app/?pKey=298183132014882&focus=photo", "nearest_osm_pole_m": null}}, {"type": "Feature", "geometry": {"type": "Point", "coordinates": [-72.290016, 44.569893]}, "properties": {"id": "hard-01541", "is_utility_pole": true, "pole_type": "wood_utility", "model_flags": ["vegetation"], "model_watch": [], "lean": "none", "crossarm": "none_visible", "vegetation": "touching", "transformer": false, "attachments_estimate": 1, "photos_assessed": 1, "capture_sequences": 1, "photo_shown_date": "2015-07", "latest_available_photo_date": "2017-07", "source_photo_url": "https://www.mapillary.com/app/?pKey=974703520025972&focus=photo", "nearest_osm_pole_m": null}}, {"type": "Feature", "geometry": {"type": "Point", "coordinates": [-72.289501, 44.5696135]}, "properties": {"id": "hard-01542", "is_utility_pole": true, "pole_type": "wood_utility", "model_flags": [], "model_watch": [], "lean": "none", "crossarm": "intact", "vegetation": "near", "transformer": false, "attachments_estimate": 0, "photos_assessed": 4, "capture_sequences": 4, "photo_shown_date": "2019-07", "latest_available_photo_date": "2019-07", "source_photo_url": "https://www.mapillary.com/app/?pKey=524387362251658&focus=photo", "nearest_osm_pole_m": null}}, {"type": "Feature", "geometry": {"type": "Point", "coordinates": [-72.38086, 44.51735]}, "properties": {"id": "hard-01543", "is_utility_pole": true, "pole_type": "wood_utility", "model_flags": ["vegetation"], "model_watch": ["lean_slight"], "lean": "slight", "crossarm": "none_visible", "vegetation": "touching", "transformer": false, "attachments_estimate": 0, "photos_assessed": 1, "capture_sequences": 1, "photo_shown_date": "2014-06", "latest_available_photo_date": "2018-07", "source_photo_url": "https://www.mapillary.com/app/?pKey=1105733926576014&focus=photo", "nearest_osm_pole_m": null}}, {"type": "Feature", "geometry": {"type": "Point", "coordinates": [-72.38476, 44.515854]}, "properties": {"id": "hard-01544", "is_utility_pole": true, "pole_type": "wood_utility", "model_flags": ["vegetation"], "model_watch": ["lean_slight"], "lean": "slight", "crossarm": "none_visible", "vegetation": "touching", "transformer": false, "attachments_estimate": 1, "photos_assessed": 1, "capture_sequences": 1, "photo_shown_date": "2018-07", "latest_available_photo_date": "2018-07", "source_photo_url": "https://www.mapillary.com/app/?pKey=1450182151991754&focus=photo", "nearest_osm_pole_m": null}}, {"type": "Feature", "geometry": {"type": "Point", "coordinates": [-72.374214, 44.53784]}, "properties": {"id": "hard-01545", "is_utility_pole": true, "pole_type": "wood_utility", "model_flags": [], "model_watch": [], "lean": "none", "crossarm": "intact", "vegetation": "near", "transformer": false, "attachments_estimate": 0, "photos_assessed": 2, "capture_sequences": 1, "photo_shown_date": "2016-07", "latest_available_photo_date": "2018-06", "source_photo_url": "https://www.mapillary.com/app/?pKey=204433054711225&focus=photo", "nearest_osm_pole_m": null}}, {"type": "Feature", "geometry": {"type": "Point", "coordinates": [-72.374245, 44.537357]}, "properties": {"id": "hard-01546", "is_utility_pole": true, "pole_type": "wood_utility", "model_flags": ["vegetation"], "model_watch": ["lean_slight"], "lean": "slight", "crossarm": "intact", "vegetation": "touching", "transformer": false, "attachments_estimate": 1, "photos_assessed": 1, "capture_sequences": 1, "photo_shown_date": "2018-06", "latest_available_photo_date": "2018-06", "source_photo_url": "https://www.mapillary.com/app/?pKey=183542427013712&focus=photo", "nearest_osm_pole_m": null}}, {"type": "Feature", "geometry": {"type": "Point", "coordinates": [-72.37408, 44.538963]}, "properties": {"id": "hard-01547", "is_utility_pole": true, "pole_type": "wood_utility", "model_flags": ["vegetation"], "model_watch": ["lean_slight"], "lean": "slight", "crossarm": "intact", "vegetation": "touching", "transformer": false, "attachments_estimate": 1, "photos_assessed": 1, "capture_sequences": 1, "photo_shown_date": "2014-06", "latest_available_photo_date": "2018-06", "source_photo_url": "https://www.mapillary.com/app/?pKey=1091725227903948&focus=photo", "nearest_osm_pole_m": null}}, {"type": "Feature", "geometry": {"type": "Point", "coordinates": [-72.32971, 44.537918]}, "properties": {"id": "hard-01548", "is_utility_pole": true, "pole_type": "wood_utility", "model_flags": [], "model_watch": [], "lean": "none", "crossarm": "intact", "vegetation": "near", "transformer": false, "attachments_estimate": 0, "photos_assessed": 3, "capture_sequences": 3, "photo_shown_date": "2019-07", "latest_available_photo_date": "2019-07", "source_photo_url": "https://www.mapillary.com/app/?pKey=628680954724065&focus=photo", "nearest_osm_pole_m": null}}, {"type": "Feature", "geometry": {"type": "Point", "coordinates": [-72.33245, 44.534504]}, "properties": {"id": "hard-01549", "is_utility_pole": true, "pole_type": "wood_utility", "model_flags": ["vegetation"], "model_watch": ["lean_slight"], "lean": "slight", "crossarm": "unclear", "vegetation": "touching", "transformer": true, "attachments_estimate": 1, "photos_assessed": 1, "capture_sequences": 1, "photo_shown_date": "2015-07", "latest_available_photo_date": "2017-07", "source_photo_url": "https://www.mapillary.com/app/?pKey=762943027722633&focus=photo", "nearest_osm_pole_m": null}}, {"type": "Feature", "geometry": {"type": "Point", "coordinates": [-72.330826, 44.536568]}, "properties": {"id": "hard-01550", "is_utility_pole": true, "pole_type": "wood_utility", "model_flags": [], "model_watch": ["lean_slight"], "lean": "slight", "crossarm": "intact", "vegetation": "near", "transformer": false, "attachments_estimate": 0, "photos_assessed": 1, "capture_sequences": 1, "photo_shown_date": "2015-07", "latest_available_photo_date": "2017-07", "source_photo_url": "https://www.mapillary.com/app/?pKey=923676748421333&focus=photo", "nearest_osm_pole_m": null}}, {"type": "Feature", "geometry": {"type": "Point", "coordinates": [-72.332756, 44.534115]}, "properties": {"id": "hard-01551", "is_utility_pole": true, "pole_type": "wood_utility", "model_flags": [], "model_watch": [], "lean": "none", "crossarm": "intact", "vegetation": "near", "transformer": false, "attachments_estimate": 1, "photos_assessed": 1, "capture_sequences": 1, "photo_shown_date": "2017-07", "latest_available_photo_date": "2017-07", "source_photo_url": "https://www.mapillary.com/app/?pKey=325455132263855&focus=photo", "nearest_osm_pole_m": null}}, {"type": "Feature", "geometry": {"type": "Point", "coordinates": [-72.3297175, 44.5379735]}, "properties": {"id": "hard-01552", "is_utility_pole": true, "pole_type": "wood_utility", "model_flags": ["vegetation"], "model_watch": [], "lean": "none", "crossarm": "intact", "vegetation": "touching", "transformer": false, "attachments_estimate": 1, "photos_assessed": 4, "capture_sequences": 3, "photo_shown_date": "2017-07", "latest_available_photo_date": "2019-07", "source_photo_url": "https://www.mapillary.com/app/?pKey=584214749197261&focus=photo", "nearest_osm_pole_m": null}}, {"type": "Feature", "geometry": {"type": "Point", "coordinates": [-72.33265, 44.534245]}, "properties": {"id": "hard-01553", "is_utility_pole": true, "pole_type": "wood_utility", "model_flags": ["vegetation"], "model_watch": ["lean_slight"], "lean": "slight", "crossarm": "intact", "vegetation": "touching", "transformer": false, "attachments_estimate": 1, "photos_assessed": 1, "capture_sequences": 1, "photo_shown_date": "2017-07", "latest_available_photo_date": "2017-07", "source_photo_url": "https://www.mapillary.com/app/?pKey=473550613909612&focus=photo", "nearest_osm_pole_m": null}}, {"type": "Feature", "geometry": {"type": "Point", "coordinates": [-72.3309, 44.53644]}, "properties": {"id": "hard-01554", "is_utility_pole": true, "pole_type": "wood_utility", "model_flags": [], "model_watch": [], "lean": "none", "crossarm": "intact", "vegetation": "none", "transformer": false, "attachments_estimate": 0, "photos_assessed": 3, "capture_sequences": 3, "photo_shown_date": "2019-07", "latest_available_photo_date": "2019-07", "source_photo_url": "https://www.mapillary.com/app/?pKey=841405890106372&focus=photo", "nearest_osm_pole_m": null}}, {"type": "Feature", "geometry": {"type": "Point", "coordinates": [-72.33295, 44.533794]}, "properties": {"id": "hard-01555", "is_utility_pole": true, "pole_type": "wood_utility", "model_flags": [], "model_watch": [], "lean": "none", "crossarm": "intact", "vegetation": "none", "transformer": false, "attachments_estimate": 0, "photos_assessed": 3, "capture_sequences": 2, "photo_shown_date": "2017-07", "latest_available_photo_date": "2017-07", "source_photo_url": "https://www.mapillary.com/app/?pKey=882341238982886&focus=photo", "nearest_osm_pole_m": null}}, {"type": "Feature", "geometry": {"type": "Point", "coordinates": [-72.33251, 44.534355]}, "properties": {"id": "hard-01556", "is_utility_pole": true, "pole_type": "wood_utility", "model_flags": [], "model_watch": ["lean_slight"], "lean": "slight", "crossarm": "intact", "vegetation": "near", "transformer": true, "attachments_estimate": 0, "photos_assessed": 3, "capture_sequences": 3, "photo_shown_date": "2019-07", "latest_available_photo_date": "2019-07", "source_photo_url": "https://www.mapillary.com/app/?pKey=514699203052797&focus=photo", "nearest_osm_pole_m": null}}, {"type": "Feature", "geometry": {"type": "Point", "coordinates": [-72.33008, 44.537518]}, "properties": {"id": "hard-01557", "is_utility_pole": true, "pole_type": "wood_utility", "model_flags": [], "model_watch": [], "lean": "none", "crossarm": "none_visible", "vegetation": "none", "transformer": false, "attachments_estimate": 0, "photos_assessed": 2, "capture_sequences": 2, "photo_shown_date": "2019-07", "latest_available_photo_date": "2019-07", "source_photo_url": "https://www.mapillary.com/app/?pKey=132623775505882&focus=photo", "nearest_osm_pole_m": null}}, {"type": "Feature", "geometry": {"type": "Point", "coordinates": [-72.33111, 44.536224]}, "properties": {"id": "hard-01558", "is_utility_pole": true, "pole_type": "wood_utility", "model_flags": [], "model_watch": [], "lean": "none", "crossarm": "intact", "vegetation": "none", "transformer": false, "attachments_estimate": 0, "photos_assessed": 2, "capture_sequences": 1, "photo_shown_date": "2017-07", "latest_available_photo_date": "2017-07", "source_photo_url": "https://www.mapillary.com/app/?pKey=869324653927671&focus=photo", "nearest_osm_pole_m": null}}, {"type": "Feature", "geometry": {"type": "Point", "coordinates": [-72.3314, 44.535828]}, "properties": {"id": "hard-01559", "is_utility_pole": true, "pole_type": "wood_utility", "model_flags": [], "model_watch": [], "lean": "none", "crossarm": "intact", "vegetation": "none", "transformer": false, "attachments_estimate": 1, "photos_assessed": 3, "capture_sequences": 2, "photo_shown_date": "2017-07", "latest_available_photo_date": "2017-07", "source_photo_url": "https://www.mapillary.com/app/?pKey=818771838762027&focus=photo", "nearest_osm_pole_m": null}}, {"type": "Feature", "geometry": {"type": "Point", "coordinates": [-72.3305275, 44.5369275]}, "properties": {"id": "hard-01560", "is_utility_pole": true, "pole_type": "wood_utility", "model_flags": [], "model_watch": [], "lean": "none", "crossarm": "intact", "vegetation": "none", "transformer": false, "attachments_estimate": 0, "photos_assessed": 6, "capture_sequences": 5, "photo_shown_date": "2019-07", "latest_available_photo_date": "2019-07", "source_photo_url": "https://www.mapillary.com/app/?pKey=507666643755429&focus=photo", "nearest_osm_pole_m": null}}, {"type": "Feature", "geometry": {"type": "Point", "coordinates": [-72.330345, 44.537186]}, "properties": {"id": "hard-01561", "is_utility_pole": true, "pole_type": "wood_utility", "model_flags": [], "model_watch": [], "lean": "none", "crossarm": "intact", "vegetation": "near", "transformer": false, "attachments_estimate": 1, "photos_assessed": 2, "capture_sequences": 1, "photo_shown_date": "2017-07", "latest_available_photo_date": "2017-07", "source_photo_url": "https://www.mapillary.com/app/?pKey=1290260968088385&focus=photo", "nearest_osm_pole_m": null}}, {"type": "Feature", "geometry": {"type": "Point", "coordinates": [-72.33121, 44.536083]}, "properties": {"id": "hard-01562", "is_utility_pole": true, "pole_type": "wood_utility", "model_flags": [], "model_watch": [], "lean": "none", "crossarm": "intact", "vegetation": "near", "transformer": false, "attachments_estimate": 1, "photos_assessed": 2, "capture_sequences": 1, "photo_shown_date": "2015-07", "latest_available_photo_date": "2017-07", "source_photo_url": "https://www.mapillary.com/app/?pKey=2928945437361816&focus=photo", "nearest_osm_pole_m": null}}, {"type": "Feature", "geometry": {"type": "Point", "coordinates": [-72.33189, 44.535294]}, "properties": {"id": "hard-01563", "is_utility_pole": false, "pole_type": "unclear", "model_flags": [], "model_watch": [], "lean": "unclear", "crossarm": "none_visible", "vegetation": "unclear", "transformer": false, "attachments_estimate": 0, "photos_assessed": 2, "capture_sequences": 1, "photo_shown_date": "2019-07", "latest_available_photo_date": "2019-07", "source_photo_url": "https://www.mapillary.com/app/?pKey=1590718304471181&focus=photo", "nearest_osm_pole_m": null}}, {"type": "Feature", "geometry": {"type": "Point", "coordinates": [-72.330124, 44.53744]}, "properties": {"id": "hard-01564", "is_utility_pole": true, "pole_type": "wood_utility", "model_flags": [], "model_watch": [], "lean": "none", "crossarm": "intact", "vegetation": "none", "transformer": false, "attachments_estimate": 0, "photos_assessed": 3, "capture_sequences": 2, "photo_shown_date": "2019-07", "latest_available_photo_date": "2019-07", "source_photo_url": "https://www.mapillary.com/app/?pKey=930740061047068&focus=photo", "nearest_osm_pole_m": null}}, {"type": "Feature", "geometry": {"type": "Point", "coordinates": [-72.33187, 44.53522]}, "properties": {"id": "hard-01565", "is_utility_pole": true, "pole_type": "wood_utility", "model_flags": [], "model_watch": [], "lean": "none", "crossarm": "intact", "vegetation": "near", "transformer": false, "attachments_estimate": 1, "photos_assessed": 2, "capture_sequences": 2, "photo_shown_date": "2017-07", "latest_available_photo_date": "2017-07", "source_photo_url": "https://www.mapillary.com/app/?pKey=2866424263622224&focus=photo", "nearest_osm_pole_m": null}}, {"type": "Feature", "geometry": {"type": "Point", "coordinates": [-72.33212, 44.5349]}, "properties": {"id": "hard-01566", "is_utility_pole": true, "pole_type": "wood_utility", "model_flags": [], "model_watch": ["lean_slight"], "lean": "slight", "crossarm": "none_visible", "vegetation": "none", "transformer": false, "attachments_estimate": 1, "photos_assessed": 3, "capture_sequences": 3, "photo_shown_date": "2019-07", "latest_available_photo_date": "2019-07", "source_photo_url": "https://www.mapillary.com/app/?pKey=1710982215762383&focus=photo", "nearest_osm_pole_m": null}}, {"type": "Feature", "geometry": {"type": "Point", "coordinates": [-72.3317425, 44.5353675]}, "properties": {"id": "hard-01567", "is_utility_pole": true, "pole_type": "wood_utility", "model_flags": [], "model_watch": [], "lean": "none", "crossarm": "intact", "vegetation": "near", "transformer": false, "attachments_estimate": 1, "photos_assessed": 4, "capture_sequences": 2, "photo_shown_date": "2017-07", "latest_available_photo_date": "2017-07", "source_photo_url": "https://www.mapillary.com/app/?pKey=1170286726771339&focus=photo", "nearest_osm_pole_m": null}}, {"type": "Feature", "geometry": {"type": "Point", "coordinates": [-72.33171, 44.535416]}, "properties": {"id": "hard-01568", "is_utility_pole": true, "pole_type": "wood_utility", "model_flags": [], "model_watch": [], "lean": "none", "crossarm": "intact", "vegetation": "near", "transformer": true, "attachments_estimate": 1, "photos_assessed": 3, "capture_sequences": 3, "photo_shown_date": "2019-07", "latest_available_photo_date": "2019-07", "source_photo_url": "https://www.mapillary.com/app/?pKey=933636527386516&focus=photo", "nearest_osm_pole_m": null}}, {"type": "Feature", "geometry": {"type": "Point", "coordinates": [-72.36789, 44.504005]}, "properties": {"id": "hard-01569", "is_utility_pole": false, "pole_type": "unclear", "model_flags": ["vegetation"], "model_watch": [], "lean": "unclear", "crossarm": "unclear", "vegetation": "touching", "transformer": false, "attachments_estimate": 0, "photos_assessed": 3, "capture_sequences": 3, "photo_shown_date": "2018-07", "latest_available_photo_date": "2018-07", "source_photo_url": "https://www.mapillary.com/app/?pKey=2052150091593477&focus=photo", "nearest_osm_pole_m": null}}, {"type": "Feature", "geometry": {"type": "Point", "coordinates": [-72.3652775, 44.504251]}, "properties": {"id": "hard-01570", "is_utility_pole": true, "pole_type": "wood_utility", "model_flags": [], "model_watch": [], "lean": "none", "crossarm": "none_visible", "vegetation": "none", "transformer": false, "attachments_estimate": 2, "photos_assessed": 6, "capture_sequences": 5, "photo_shown_date": "2018-07", "latest_available_photo_date": "2018-07", "source_photo_url": "https://www.mapillary.com/app/?pKey=5631069866935674&focus=photo", "nearest_osm_pole_m": null}}, {"type": "Feature", "geometry": {"type": "Point", "coordinates": [-72.36545, 44.504257]}, "properties": {"id": "hard-01571", "is_utility_pole": true, "pole_type": "wood_utility", "model_flags": [], "model_watch": ["lean_slight"], "lean": "slight", "crossarm": "intact", "vegetation": "near", "transformer": true, "attachments_estimate": 1, "photos_assessed": 3, "capture_sequences": 2, "photo_shown_date": "2016-06", "latest_available_photo_date": "2016-06", "source_photo_url": "https://www.mapillary.com/app/?pKey=196267345702995&focus=photo", "nearest_osm_pole_m": null}}, {"type": "Feature", "geometry": {"type": "Point", "coordinates": [-72.368126, 44.503708]}, "properties": {"id": "hard-01572", "is_utility_pole": true, "pole_type": "wood_utility", "model_flags": [], "model_watch": [], "lean": "none", "crossarm": "none_visible", "vegetation": "none", "transformer": false, "attachments_estimate": 2, "photos_assessed": 3, "capture_sequences": 3, "photo_shown_date": "2018-07", "latest_available_photo_date": "2018-07", "source_photo_url": "https://www.mapillary.com/app/?pKey=1154520888293854&focus=photo", "nearest_osm_pole_m": null}}, {"type": "Feature", "geometry": {"type": "Point", "coordinates": [-72.367676, 44.50391]}, "properties": {"id": "hard-01573", "is_utility_pole": true, "pole_type": "wood_utility", "model_flags": [], "model_watch": ["lean_slight"], "lean": "slight", "crossarm": "intact", "vegetation": "near", "transformer": false, "attachments_estimate": 2, "photos_assessed": 3, "capture_sequences": 2, "photo_shown_date": "2018-07", "latest_available_photo_date": "2018-07", "source_photo_url": "https://www.mapillary.com/app/?pKey=555259745469229&focus=photo", "nearest_osm_pole_m": null}}, {"type": "Feature", "geometry": {"type": "Point", "coordinates": [-72.365776, 44.504948]}, "properties": {"id": "hard-01574", "is_utility_pole": true, "pole_type": "wood_utility", "model_flags": [], "model_watch": ["lean_slight"], "lean": "slight", "crossarm": "intact", "vegetation": "near", "transformer": false, "attachments_estimate": 1, "photos_assessed": 3, "capture_sequences": 3, "photo_shown_date": "2017-07", "latest_available_photo_date": "2017-07", "source_photo_url": "https://www.mapillary.com/app/?pKey=1117717602037867&focus=photo", "nearest_osm_pole_m": null}}, {"type": "Feature", "geometry": {"type": "Point", "coordinates": [-72.36786, 44.503857]}, "properties": {"id": "hard-01575", "is_utility_pole": true, "pole_type": "wood_utility", "model_flags": [], "model_watch": ["lean_slight"], "lean": "slight", "crossarm": "intact", "vegetation": "near", "transformer": false, "attachments_estimate": 2, "photos_assessed": 3, "capture_sequences": 2, "photo_shown_date": "2018-07", "latest_available_photo_date": "2018-07", "source_photo_url": "https://www.mapillary.com/app/?pKey=328693475344973&focus=photo", "nearest_osm_pole_m": null}}, {"type": "Feature", "geometry": {"type": "Point", "coordinates": [-72.368025, 44.503822]}, "properties": {"id": "hard-01576", "is_utility_pole": true, "pole_type": "wood_utility", "model_flags": [], "model_watch": [], "lean": "none", "crossarm": "none_visible", "vegetation": "near", "transformer": false, "attachments_estimate": 1, "photos_assessed": 4, "capture_sequences": 3, "photo_shown_date": "2018-07", "latest_available_photo_date": "2018-07", "source_photo_url": "https://www.mapillary.com/app/?pKey=3925496220902398&focus=photo", "nearest_osm_pole_m": null}}, {"type": "Feature", "geometry": {"type": "Point", "coordinates": [-72.3656, 44.504288]}, "properties": {"id": "hard-01577", "is_utility_pole": true, "pole_type": "wood_utility", "model_flags": [], "model_watch": [], "lean": "none", "crossarm": "none_visible", "vegetation": "near", "transformer": false, "attachments_estimate": 1, "photos_assessed": 3, "capture_sequences": 3, "photo_shown_date": "2018-07", "latest_available_photo_date": "2018-07", "source_photo_url": "https://www.mapillary.com/app/?pKey=191022256213732&focus=photo", "nearest_osm_pole_m": null}}, {"type": "Feature", "geometry": {"type": "Point", "coordinates": [-72.29578, 44.578106]}, "properties": {"id": "hard-01578", "is_utility_pole": true, "pole_type": "wood_utility", "model_flags": [], "model_watch": [], "lean": "none", "crossarm": "intact", "vegetation": "near", "transformer": false, "attachments_estimate": 1, "photos_assessed": 3, "capture_sequences": 3, "photo_shown_date": "2019-07", "latest_available_photo_date": "2019-07", "source_photo_url": "https://www.mapillary.com/app/?pKey=384311359928184&focus=photo", "nearest_osm_pole_m": null}}, {"type": "Feature", "geometry": {"type": "Point", "coordinates": [-72.29584, 44.577812]}, "properties": {"id": "hard-01579", "is_utility_pole": true, "pole_type": "wood_utility", "model_flags": [], "model_watch": [], "lean": "none", "crossarm": "intact", "vegetation": "near", "transformer": false, "attachments_estimate": 1, "photos_assessed": 3, "capture_sequences": 2, "photo_shown_date": "2015-07", "latest_available_photo_date": "2019-07", "source_photo_url": "https://www.mapillary.com/app/?pKey=865828970671146&focus=photo", "nearest_osm_pole_m": null}}, {"type": "Feature", "geometry": {"type": "Point", "coordinates": [-72.31545, 44.5566985]}, "properties": {"id": "hard-01580", "is_utility_pole": true, "pole_type": "wood_utility", "model_flags": [], "model_watch": ["lean_slight"], "lean": "slight", "crossarm": "none_visible", "vegetation": "near", "transformer": false, "attachments_estimate": 1, "photos_assessed": 6, "capture_sequences": 3, "photo_shown_date": "2019-07", "latest_available_photo_date": "2019-07", "source_photo_url": "https://www.mapillary.com/app/?pKey=326599118919136&focus=photo", "nearest_osm_pole_m": null}}, {"type": "Feature", "geometry": {"type": "Point", "coordinates": [-72.373146, 44.545807]}, "properties": {"id": "hard-01581", "is_utility_pole": true, "pole_type": "wood_utility", "model_flags": ["vegetation"], "model_watch": ["lean_slight"], "lean": "slight", "crossarm": "intact", "vegetation": "touching", "transformer": false, "attachments_estimate": 1, "photos_assessed": 3, "capture_sequences": 3, "photo_shown_date": "2018-06", "latest_available_photo_date": "2018-06", "source_photo_url": "https://www.mapillary.com/app/?pKey=2857515984508324&focus=photo", "nearest_osm_pole_m": null}}, {"type": "Feature", "geometry": {"type": "Point", "coordinates": [-72.37333, 44.545135]}, "properties": {"id": "hard-01582", "is_utility_pole": true, "pole_type": "wood_utility", "model_flags": [], "model_watch": ["lean_slight"], "lean": "slight", "crossarm": "none_visible", "vegetation": "near", "transformer": false, "attachments_estimate": 0, "photos_assessed": 1, "capture_sequences": 1, "photo_shown_date": "2016-07", "latest_available_photo_date": "2016-07", "source_photo_url": "https://www.mapillary.com/app/?pKey=4360237614020675&focus=photo", "nearest_osm_pole_m": null}}, {"type": "Feature", "geometry": {"type": "Point", "coordinates": [-72.31625, 44.555645]}, "properties": {"id": "hard-01583", "is_utility_pole": true, "pole_type": "wood_utility", "model_flags": ["vegetation"], "model_watch": [], "lean": "none", "crossarm": "intact", "vegetation": "touching", "transformer": false, "attachments_estimate": 1, "photos_assessed": 3, "capture_sequences": 2, "photo_shown_date": "2013-09", "latest_available_photo_date": "2019-07", "source_photo_url": "https://www.mapillary.com/app/?pKey=213613223732588&focus=photo", "nearest_osm_pole_m": null}}, {"type": "Feature", "geometry": {"type": "Point", "coordinates": [-72.31452, 44.557713]}, "properties": {"id": "hard-01584", "is_utility_pole": true, "pole_type": "wood_utility", "model_flags": [], "model_watch": [], "lean": "none", "crossarm": "none_visible", "vegetation": "near", "transformer": false, "attachments_estimate": 0, "photos_assessed": 3, "capture_sequences": 3, "photo_shown_date": "2019-07", "latest_available_photo_date": "2019-07", "source_photo_url": "https://www.mapillary.com/app/?pKey=813363825953377&focus=photo", "nearest_osm_pole_m": null}}, {"type": "Feature", "geometry": {"type": "Point", "coordinates": [-72.317825, 44.55358]}, "properties": {"id": "hard-01585", "is_utility_pole": true, "pole_type": "wood_utility", "model_flags": ["vegetation"], "model_watch": [], "lean": "none", "crossarm": "intact", "vegetation": "touching", "transformer": false, "attachments_estimate": 0, "photos_assessed": 3, "capture_sequences": 2, "photo_shown_date": "2019-07", "latest_available_photo_date": "2019-07", "source_photo_url": "https://www.mapillary.com/app/?pKey=195916432386320&focus=photo", "nearest_osm_pole_m": null}}, {"type": "Feature", "geometry": {"type": "Point", "coordinates": [-72.318375, 44.55277]}, "properties": {"id": "hard-01586", "is_utility_pole": false, "pole_type": "unclear", "model_flags": [], "model_watch": [], "lean": "unclear", "crossarm": "none_visible", "vegetation": "unclear", "transformer": false, "attachments_estimate": 0, "photos_assessed": 1, "capture_sequences": 1, "photo_shown_date": "2015-07", "latest_available_photo_date": "2019-07", "source_photo_url": "https://www.mapillary.com/app/?pKey=295574868914063&focus=photo", "nearest_osm_pole_m": null}}, {"type": "Feature", "geometry": {"type": "Point", "coordinates": [-72.3199, 44.550713]}, "properties": {"id": "hard-01587", "is_utility_pole": true, "pole_type": "wood_utility", "model_flags": ["vegetation"], "model_watch": ["lean_slight"], "lean": "slight", "crossarm": "none_visible", "vegetation": "touching", "transformer": false, "attachments_estimate": 0, "photos_assessed": 3, "capture_sequences": 3, "photo_shown_date": "2019-07", "latest_available_photo_date": "2019-07", "source_photo_url": "https://www.mapillary.com/app/?pKey=4122589941130406&focus=photo", "nearest_osm_pole_m": null}}, {"type": "Feature", "geometry": {"type": "Point", "coordinates": [-72.313835, 44.514523]}, "properties": {"id": "hard-01588", "is_utility_pole": true, "pole_type": "wood_utility", "model_flags": ["vegetation"], "model_watch": ["lean_slight"], "lean": "slight", "crossarm": "none_visible", "vegetation": "touching", "transformer": false, "attachments_estimate": 0, "photos_assessed": 3, "capture_sequences": 3, "photo_shown_date": "2018-07", "latest_available_photo_date": "2018-07", "source_photo_url": "https://www.mapillary.com/app/?pKey=596772671296739&focus=photo", "nearest_osm_pole_m": null}}, {"type": "Feature", "geometry": {"type": "Point", "coordinates": [-72.31272, 44.514774]}, "properties": {"id": "hard-01589", "is_utility_pole": true, "pole_type": "wood_utility", "model_flags": [], "model_watch": ["lean_slight"], "lean": "slight", "crossarm": "none_visible", "vegetation": "near", "transformer": false, "attachments_estimate": 0, "photos_assessed": 2, "capture_sequences": 2, "photo_shown_date": "2014-06", "latest_available_photo_date": "2018-07", "source_photo_url": "https://www.mapillary.com/app/?pKey=296794158824352&focus=photo", "nearest_osm_pole_m": null}}, {"type": "Feature", "geometry": {"type": "Point", "coordinates": [-72.276344, 44.468647]}, "properties": {"id": "hard-01590", "is_utility_pole": false, "pole_type": "unclear", "model_flags": [], "model_watch": [], "lean": "unclear", "crossarm": "none_visible", "vegetation": "unclear", "transformer": false, "attachments_estimate": 0, "photos_assessed": 1, "capture_sequences": 1, "photo_shown_date": "2018-07", "latest_available_photo_date": "2018-07", "source_photo_url": "https://www.mapillary.com/app/?pKey=397169461565406&focus=photo", "nearest_osm_pole_m": null}}, {"type": "Feature", "geometry": {"type": "Point", "coordinates": [-72.34186, 44.51721]}, "properties": {"id": "hard-01591", "is_utility_pole": true, "pole_type": "wood_utility", "model_flags": ["vegetation"], "model_watch": [], "lean": "none", "crossarm": "intact", "vegetation": "touching", "transformer": false, "attachments_estimate": 1, "photos_assessed": 3, "capture_sequences": 2, "photo_shown_date": "2019-07", "latest_available_photo_date": "2019-07", "source_photo_url": "https://www.mapillary.com/app/?pKey=306750134234548&focus=photo", "nearest_osm_pole_m": null}}, {"type": "Feature", "geometry": {"type": "Point", "coordinates": [-72.34146, 44.519283]}, "properties": {"id": "hard-01592", "is_utility_pole": true, "pole_type": "wood_utility", "model_flags": [], "model_watch": ["lean_slight"], "lean": "slight", "crossarm": "none_visible", "vegetation": "near", "transformer": false, "attachments_estimate": 1, "photos_assessed": 1, "capture_sequences": 1, "photo_shown_date": "2015-07", "latest_available_photo_date": "2019-07", "source_photo_url": "https://www.mapillary.com/app/?pKey=228532218705084&focus=photo", "nearest_osm_pole_m": null}}, {"type": "Feature", "geometry": {"type": "Point", "coordinates": [-72.34162, 44.518524]}, "properties": {"id": "hard-01593", "is_utility_pole": true, "pole_type": "wood_utility", "model_flags": [], "model_watch": ["lean_slight"], "lean": "slight", "crossarm": "none_visible", "vegetation": "none", "transformer": false, "attachments_estimate": 0, "photos_assessed": 2, "capture_sequences": 1, "photo_shown_date": "2015-07", "latest_available_photo_date": "2019-07", "source_photo_url": "https://www.mapillary.com/app/?pKey=209823257487106&focus=photo", "nearest_osm_pole_m": null}}, {"type": "Feature", "geometry": {"type": "Point", "coordinates": [-72.31177, 44.561428]}, "properties": {"id": "hard-01594", "is_utility_pole": true, "pole_type": "wood_utility", "model_flags": ["vegetation"], "model_watch": ["lean_slight"], "lean": "slight", "crossarm": "none_visible", "vegetation": "touching", "transformer": false, "attachments_estimate": 0, "photos_assessed": 3, "capture_sequences": 2, "photo_shown_date": "2019-07", "latest_available_photo_date": "2019-07", "source_photo_url": "https://www.mapillary.com/app/?pKey=228285238721578&focus=photo", "nearest_osm_pole_m": null}}, {"type": "Feature", "geometry": {"type": "Point", "coordinates": [-72.31132, 44.56186]}, "properties": {"id": "hard-01595", "is_utility_pole": true, "pole_type": "wood_utility", "model_flags": ["vegetation"], "model_watch": ["lean_slight"], "lean": "slight", "crossarm": "none_visible", "vegetation": "touching", "transformer": false, "attachments_estimate": 0, "photos_assessed": 3, "capture_sequences": 2, "photo_shown_date": "2019-07", "latest_available_photo_date": "2019-07", "source_photo_url": "https://www.mapillary.com/app/?pKey=329900991986019&focus=photo", "nearest_osm_pole_m": null}}, {"type": "Feature", "geometry": {"type": "Point", "coordinates": [-72.31292, 44.559963]}, "properties": {"id": "hard-01596", "is_utility_pole": true, "pole_type": "wood_utility", "model_flags": ["vegetation"], "model_watch": ["lean_slight"], "lean": "slight", "crossarm": "none_visible", "vegetation": "touching", "transformer": true, "attachments_estimate": 1, "photos_assessed": 3, "capture_sequences": 2, "photo_shown_date": "2015-07", "latest_available_photo_date": "2015-07", "source_photo_url": "https://www.mapillary.com/app/?pKey=330193601794218&focus=photo", "nearest_osm_pole_m": null}}, {"type": "Feature", "geometry": {"type": "Point", "coordinates": [-72.31396, 44.514263]}, "properties": {"id": "hard-01597", "is_utility_pole": true, "pole_type": "wood_utility", "model_flags": [], "model_watch": [], "lean": "none", "crossarm": "intact", "vegetation": "near", "transformer": false, "attachments_estimate": 0, "photos_assessed": 2, "capture_sequences": 2, "photo_shown_date": "2018-07", "latest_available_photo_date": "2018-07", "source_photo_url": "https://www.mapillary.com/app/?pKey=1037694850123992&focus=photo", "nearest_osm_pole_m": null}}, {"type": "Feature", "geometry": {"type": "Point", "coordinates": [-72.4233925, 44.529293]}, "properties": {"id": "hard-01598", "is_utility_pole": true, "pole_type": "wood_utility", "model_flags": ["vegetation"], "model_watch": ["lean_slight"], "lean": "slight", "crossarm": "none_visible", "vegetation": "touching", "transformer": false, "attachments_estimate": 0, "photos_assessed": 4, "capture_sequences": 3, "photo_shown_date": "2018-07", "latest_available_photo_date": "2018-07", "source_photo_url": "https://www.mapillary.com/app/?pKey=236985378227241&focus=photo", "nearest_osm_pole_m": null}}, {"type": "Feature", "geometry": {"type": "Point", "coordinates": [-72.422348, 44.5286465]}, "properties": {"id": "hard-01599", "is_utility_pole": true, "pole_type": "wood_utility", "model_flags": [], "model_watch": [], "lean": "none", "crossarm": "none_visible", "vegetation": "none", "transformer": false, "attachments_estimate": 0, "photos_assessed": 6, "capture_sequences": 5, "photo_shown_date": "2018-07", "latest_available_photo_date": "2018-07", "source_photo_url": "https://www.mapillary.com/app/?pKey=2326114554185148&focus=photo", "nearest_osm_pole_m": null}}, {"type": "Feature", "geometry": {"type": "Point", "coordinates": [-72.405235, 44.51754]}, "properties": {"id": "hard-01600", "is_utility_pole": true, "pole_type": "wood_utility", "model_flags": [], "model_watch": [], "lean": "none", "crossarm": "none_visible", "vegetation": "none", "transformer": false, "attachments_estimate": 1, "photos_assessed": 3, "capture_sequences": 3, "photo_shown_date": "2018-07", "latest_available_photo_date": "2018-07", "source_photo_url": "https://www.mapillary.com/app/?pKey=2031810233669707&focus=photo", "nearest_osm_pole_m": null}}, {"type": "Feature", "geometry": {"type": "Point", "coordinates": [-72.410255, 44.520042]}, "properties": {"id": "hard-01601", "is_utility_pole": true, "pole_type": "wood_utility", "model_flags": [], "model_watch": ["lean_slight"], "lean": "slight", "crossarm": "none_visible", "vegetation": "none", "transformer": false, "attachments_estimate": 0, "photos_assessed": 3, "capture_sequences": 2, "photo_shown_date": "2018-07", "latest_available_photo_date": "2018-07", "source_photo_url": "https://www.mapillary.com/app/?pKey=159485869481120&focus=photo", "nearest_osm_pole_m": null}}, {"type": "Feature", "geometry": {"type": "Point", "coordinates": [-72.40995, 44.520153]}, "properties": {"id": "hard-01602", "is_utility_pole": true, "pole_type": "wood_utility", "model_flags": [], "model_watch": ["lean_slight"], "lean": "slight", "crossarm": "intact", "vegetation": "none", "transformer": false, "attachments_estimate": 0, "photos_assessed": 3, "capture_sequences": 3, "photo_shown_date": "2018-07", "latest_available_photo_date": "2018-07", "source_photo_url": "https://www.mapillary.com/app/?pKey=294723918952490&focus=photo", "nearest_osm_pole_m": null}}, {"type": "Feature", "geometry": {"type": "Point", "coordinates": [-72.41044, 44.520363]}, "properties": {"id": "hard-01603", "is_utility_pole": true, "pole_type": "wood_utility", "model_flags": [], "model_watch": [], "lean": "none", "crossarm": "intact", "vegetation": "near", "transformer": true, "attachments_estimate": 0, "photos_assessed": 3, "capture_sequences": 1, "photo_shown_date": "2016-06", "latest_available_photo_date": "2016-06", "source_photo_url": "https://www.mapillary.com/app/?pKey=342171537246057&focus=photo", "nearest_osm_pole_m": null}}, {"type": "Feature", "geometry": {"type": "Point", "coordinates": [-72.4093425, 44.5194985]}, "properties": {"id": "hard-01604", "is_utility_pole": true, "pole_type": "wood_utility", "model_flags": [], "model_watch": [], "lean": "none", "crossarm": "intact", "vegetation": "near", "transformer": false, "attachments_estimate": 0, "photos_assessed": 6, "capture_sequences": 4, "photo_shown_date": "2018-07", "latest_available_photo_date": "2018-07", "source_photo_url": "https://www.mapillary.com/app/?pKey=301983461470823&focus=photo", "nearest_osm_pole_m": null}}, {"type": "Feature", "geometry": {"type": "Point", "coordinates": [-72.41025, 44.520237]}, "properties": {"id": "hard-01605", "is_utility_pole": true, "pole_type": "wood_utility", "model_flags": [], "model_watch": [], "lean": "none", "crossarm": "intact", "vegetation": "none", "transformer": false, "attachments_estimate": 0, "photos_assessed": 2, "capture_sequences": 2, "photo_shown_date": "2016-06", "latest_available_photo_date": "2016-06", "source_photo_url": "https://www.mapillary.com/app/?pKey=424780748843486&focus=photo", "nearest_osm_pole_m": null}}, {"type": "Feature", "geometry": {"type": "Point", "coordinates": [-72.40887, 44.519657]}, "properties": {"id": "hard-01606", "is_utility_pole": true, "pole_type": "wood_utility", "model_flags": [], "model_watch": ["lean_slight"], "lean": "slight", "crossarm": "intact", "vegetation": "none", "transformer": false, "attachments_estimate": 0, "photos_assessed": 2, "capture_sequences": 1, "photo_shown_date": "2014-07", "latest_available_photo_date": "2014-07", "source_photo_url": "https://www.mapillary.com/app/?pKey=318141213191713&focus=photo", "nearest_osm_pole_m": null}}, {"type": "Feature", "geometry": {"type": "Point", "coordinates": [-72.406815, 44.518307]}, "properties": {"id": "hard-01607", "is_utility_pole": true, "pole_type": "wood_utility", "model_flags": [], "model_watch": ["lean_slight"], "lean": "slight", "crossarm": "none_visible", "vegetation": "near", "transformer": true, "attachments_estimate": 0, "photos_assessed": 3, "capture_sequences": 2, "photo_shown_date": "2018-07", "latest_available_photo_date": "2018-07", "source_photo_url": "https://www.mapillary.com/app/?pKey=399318557821713&focus=photo", "nearest_osm_pole_m": null}}, {"type": "Feature", "geometry": {"type": "Point", "coordinates": [-72.408264, 44.51939]}, "properties": {"id": "hard-01608", "is_utility_pole": true, "pole_type": "wood_utility", "model_flags": [], "model_watch": ["lean_slight"], "lean": "slight", "crossarm": "intact", "vegetation": "near", "transformer": false, "attachments_estimate": 1, "photos_assessed": 1, "capture_sequences": 1, "photo_shown_date": "2016-06", "latest_available_photo_date": "2016-06", "source_photo_url": "https://www.mapillary.com/app/?pKey=160161149328458&focus=photo", "nearest_osm_pole_m": null}}, {"type": "Feature", "geometry": {"type": "Point", "coordinates": [-72.27957, 44.562527]}, "properties": {"id": "hard-01609", "is_utility_pole": true, "pole_type": "wood_utility", "model_flags": [], "model_watch": ["lean_slight"], "lean": "slight", "crossarm": "intact", "vegetation": "near", "transformer": false, "attachments_estimate": 1, "photos_assessed": 3, "capture_sequences": 2, "photo_shown_date": "2017-07", "latest_available_photo_date": "2017-07", "source_photo_url": "https://www.mapillary.com/app/?pKey=337587161134034&focus=photo", "nearest_osm_pole_m": null}}, {"type": "Feature", "geometry": {"type": "Point", "coordinates": [-72.279686, 44.5626116]}, "properties": {"id": "hard-01610", "is_utility_pole": true, "pole_type": "wood_utility", "model_flags": [], "model_watch": [], "lean": "none", "crossarm": "intact", "vegetation": "near", "transformer": false, "attachments_estimate": 0, "photos_assessed": 5, "capture_sequences": 3, "photo_shown_date": "2019-07", "latest_available_photo_date": "2019-07", "source_photo_url": "https://www.mapillary.com/app/?pKey=141312621367194&focus=photo", "nearest_osm_pole_m": null}}, {"type": "Feature", "geometry": {"type": "Point", "coordinates": [-72.279375, 44.562324]}, "properties": {"id": "hard-01611", "is_utility_pole": true, "pole_type": "wood_utility", "model_flags": [], "model_watch": [], "lean": "none", "crossarm": "intact", "vegetation": "near", "transformer": false, "attachments_estimate": 0, "photos_assessed": 6, "capture_sequences": 5, "photo_shown_date": "2019-07", "latest_available_photo_date": "2019-07", "source_photo_url": "https://www.mapillary.com/app/?pKey=290778142588003&focus=photo", "nearest_osm_pole_m": null}}, {"type": "Feature", "geometry": {"type": "Point", "coordinates": [-72.28351, 44.56495]}, "properties": {"id": "hard-01612", "is_utility_pole": true, "pole_type": "wood_utility", "model_flags": [], "model_watch": ["lean_slight"], "lean": "slight", "crossarm": "none_visible", "vegetation": "near", "transformer": false, "attachments_estimate": 0, "photos_assessed": 3, "capture_sequences": 3, "photo_shown_date": "2019-07", "latest_available_photo_date": "2019-07", "source_photo_url": "https://www.mapillary.com/app/?pKey=250106020244302&focus=photo", "nearest_osm_pole_m": null}}, {"type": "Feature", "geometry": {"type": "Point", "coordinates": [-72.28074, 44.5635]}, "properties": {"id": "hard-01613", "is_utility_pole": true, "pole_type": "wood_utility", "model_flags": ["vegetation"], "model_watch": ["lean_slight"], "lean": "slight", "crossarm": "none_visible", "vegetation": "touching", "transformer": false, "attachments_estimate": 0, "photos_assessed": 3, "capture_sequences": 3, "photo_shown_date": "2019-07", "latest_available_photo_date": "2019-07", "source_photo_url": "https://www.mapillary.com/app/?pKey=3837320966393707&focus=photo", "nearest_osm_pole_m": null}}, {"type": "Feature", "geometry": {"type": "Point", "coordinates": [-72.280045, 44.562945]}, "properties": {"id": "hard-01614", "is_utility_pole": true, "pole_type": "wood_utility", "model_flags": [], "model_watch": ["lean_slight"], "lean": "slight", "crossarm": "none_visible", "vegetation": "near", "transformer": false, "attachments_estimate": 1, "photos_assessed": 6, "capture_sequences": 5, "photo_shown_date": "2019-07", "latest_available_photo_date": "2019-07", "source_photo_url": "https://www.mapillary.com/app/?pKey=757765438246235&focus=photo", "nearest_osm_pole_m": null}}, {"type": "Feature", "geometry": {"type": "Point", "coordinates": [-72.28366, 44.564827]}, "properties": {"id": "hard-01615", "is_utility_pole": true, "pole_type": "wood_utility", "model_flags": ["vegetation"], "model_watch": [], "lean": "unclear", "crossarm": "none_visible", "vegetation": "touching", "transformer": false, "attachments_estimate": 0, "photos_assessed": 3, "capture_sequences": 3, "photo_shown_date": "2017-07", "latest_available_photo_date": "2017-07", "source_photo_url": "https://www.mapillary.com/app/?pKey=249017510357513&focus=photo", "nearest_osm_pole_m": null}}, {"type": "Feature", "geometry": {"type": "Point", "coordinates": [-72.28269, 44.564526]}, "properties": {"id": "hard-01616", "is_utility_pole": true, "pole_type": "wood_utility", "model_flags": [], "model_watch": [], "lean": "none", "crossarm": "none_visible", "vegetation": "near", "transformer": false, "attachments_estimate": 0, "photos_assessed": 1, "capture_sequences": 1, "photo_shown_date": "2019-07", "latest_available_photo_date": "2019-07", "source_photo_url": "https://www.mapillary.com/app/?pKey=597229891239973&focus=photo", "nearest_osm_pole_m": null}}, {"type": "Feature", "geometry": {"type": "Point", "coordinates": [-72.40609, 44.51782]}, "properties": {"id": "hard-01617", "is_utility_pole": true, "pole_type": "wood_utility", "model_flags": [], "model_watch": ["lean_slight"], "lean": "slight", "crossarm": "none_visible", "vegetation": "none", "transformer": false, "attachments_estimate": 0, "photos_assessed": 3, "capture_sequences": 3, "photo_shown_date": "2018-07", "latest_available_photo_date": "2018-07", "source_photo_url": "https://www.mapillary.com/app/?pKey=3840756286034540&focus=photo", "nearest_osm_pole_m": null}}, {"type": "Feature", "geometry": {"type": "Point", "coordinates": [-72.28024, 44.56314]}, "properties": {"id": "hard-01618", "is_utility_pole": false, "pole_type": "unclear", "model_flags": ["vegetation"], "model_watch": [], "lean": "unclear", "crossarm": "none_visible", "vegetation": "touching", "transformer": false, "attachments_estimate": 0, "photos_assessed": 2, "capture_sequences": 2, "photo_shown_date": "2017-07", "latest_available_photo_date": "2017-07", "source_photo_url": "https://www.mapillary.com/app/?pKey=862451897642931&focus=photo", "nearest_osm_pole_m": null}}, {"type": "Feature", "geometry": {"type": "Point", "coordinates": [-72.27919, 44.562126]}, "properties": {"id": "hard-01619", "is_utility_pole": true, "pole_type": "wood_utility", "model_flags": [], "model_watch": ["lean_slight"], "lean": "slight", "crossarm": "intact", "vegetation": "near", "transformer": false, "attachments_estimate": 1, "photos_assessed": 1, "capture_sequences": 1, "photo_shown_date": "2017-07", "latest_available_photo_date": "2017-07", "source_photo_url": "https://www.mapillary.com/app/?pKey=935036130626410&focus=photo", "nearest_osm_pole_m": null}}, {"type": "Feature", "geometry": {"type": "Point", "coordinates": [-72.40143, 44.4727]}, "properties": {"id": "hard-01620", "is_utility_pole": true, "pole_type": "wood_utility", "model_flags": ["vegetation"], "model_watch": ["lean_slight"], "lean": "slight", "crossarm": "none_visible", "vegetation": "touching", "transformer": false, "attachments_estimate": 0, "photos_assessed": 1, "capture_sequences": 1, "photo_shown_date": "2016-07", "latest_available_photo_date": "2018-06", "source_photo_url": "https://www.mapillary.com/app/?pKey=500044248082142&focus=photo", "nearest_osm_pole_m": null}}, {"type": "Feature", "geometry": {"type": "Point", "coordinates": [-72.27976, 44.562687]}, "properties": {"id": "hard-01621", "is_utility_pole": true, "pole_type": "wood_utility", "model_flags": [], "model_watch": [], "lean": "none", "crossarm": "intact", "vegetation": "near", "transformer": false, "attachments_estimate": 0, "photos_assessed": 3, "capture_sequences": 1, "photo_shown_date": "2017-07", "latest_available_photo_date": "2017-07", "source_photo_url": "https://www.mapillary.com/app/?pKey=152227276886068&focus=photo", "nearest_osm_pole_m": null}}, {"type": "Feature", "geometry": {"type": "Point", "coordinates": [-72.37847, 44.51805]}, "properties": {"id": "hard-01622", "is_utility_pole": true, "pole_type": "wood_utility", "model_flags": [], "model_watch": ["lean_slight"], "lean": "slight", "crossarm": "none_visible", "vegetation": "near", "transformer": false, "attachments_estimate": 0, "photos_assessed": 3, "capture_sequences": 3, "photo_shown_date": "2018-06", "latest_available_photo_date": "2018-06", "source_photo_url": "https://www.mapillary.com/app/?pKey=4554070054617557&focus=photo", "nearest_osm_pole_m": null}}, {"type": "Feature", "geometry": {"type": "Point", "coordinates": [-72.37714, 44.5196]}, "properties": {"id": "hard-01623", "is_utility_pole": true, "pole_type": "wood_utility", "model_flags": [], "model_watch": ["lean_slight"], "lean": "slight", "crossarm": "intact", "vegetation": "near", "transformer": true, "attachments_estimate": 1, "photos_assessed": 3, "capture_sequences": 2, "photo_shown_date": "2016-07", "latest_available_photo_date": "2016-07", "source_photo_url": "https://www.mapillary.com/app/?pKey=1331177557279473&focus=photo", "nearest_osm_pole_m": null}}, {"type": "Feature", "geometry": {"type": "Point", "coordinates": [-72.377225, 44.5192757]}, "properties": {"id": "hard-01624", "is_utility_pole": true, "pole_type": "wood_utility", "model_flags": [], "model_watch": [], "lean": "none", "crossarm": "none_visible", "vegetation": "near", "transformer": false, "attachments_estimate": 2, "photos_assessed": 9, "capture_sequences": 6, "photo_shown_date": "2018-07", "latest_available_photo_date": "2018-07", "source_photo_url": "https://www.mapillary.com/app/?pKey=744803686204209&focus=photo", "nearest_osm_pole_m": null}}, {"type": "Feature", "geometry": {"type": "Point", "coordinates": [-72.37627, 44.520275]}, "properties": {"id": "hard-01625", "is_utility_pole": true, "pole_type": "wood_utility", "model_flags": [], "model_watch": ["lean_slight"], "lean": "slight", "crossarm": "intact", "vegetation": "near", "transformer": false, "attachments_estimate": 1, "photos_assessed": 3, "capture_sequences": 2, "photo_shown_date": "2016-07", "latest_available_photo_date": "2016-07", "source_photo_url": "https://www.mapillary.com/app/?pKey=798303197470744&focus=photo", "nearest_osm_pole_m": null}}, {"type": "Feature", "geometry": {"type": "Point", "coordinates": [-72.37876, 44.51771]}, "properties": {"id": "hard-01626", "is_utility_pole": true, "pole_type": "wood_utility", "model_flags": [], "model_watch": [], "lean": "none", "crossarm": "none_visible", "vegetation": "none", "transformer": false, "attachments_estimate": 0, "photos_assessed": 3, "capture_sequences": 3, "photo_shown_date": "2018-07", "latest_available_photo_date": "2018-07", "source_photo_url": "https://www.mapillary.com/app/?pKey=831359264461671&focus=photo", "nearest_osm_pole_m": null}}, {"type": "Feature", "geometry": {"type": "Point", "coordinates": [-72.37847, 44.517853]}, "properties": {"id": "hard-01627", "is_utility_pole": true, "pole_type": "wood_utility", "model_flags": [], "model_watch": [], "lean": "none", "crossarm": "intact", "vegetation": "near", "transformer": false, "attachments_estimate": 1, "photos_assessed": 2, "capture_sequences": 1, "photo_shown_date": "2016-07", "latest_available_photo_date": "2018-07", "source_photo_url": "https://www.mapillary.com/app/?pKey=517105499447526&focus=photo", "nearest_osm_pole_m": null}}, {"type": "Feature", "geometry": {"type": "Point", "coordinates": [-72.37532, 44.52106]}, "properties": {"id": "hard-01628", "is_utility_pole": true, "pole_type": "wood_utility", "model_flags": ["vegetation"], "model_watch": ["lean_slight"], "lean": "slight", "crossarm": "intact", "vegetation": "touching", "transformer": false, "attachments_estimate": 1, "photos_assessed": 3, "capture_sequences": 2, "photo_shown_date": "2016-07", "latest_available_photo_date": "2018-06", "source_photo_url": "https://www.mapillary.com/app/?pKey=488397182378452&focus=photo", "nearest_osm_pole_m": null}}, {"type": "Feature", "geometry": {"type": "Point", "coordinates": [-72.377335, 44.519367]}, "properties": {"id": "hard-01629", "is_utility_pole": true, "pole_type": "wood_utility", "model_flags": [], "model_watch": [], "lean": "none", "crossarm": "intact", "vegetation": "near", "transformer": false, "attachments_estimate": 1, "photos_assessed": 3, "capture_sequences": 3, "photo_shown_date": "2018-07", "latest_available_photo_date": "2018-07", "source_photo_url": "https://www.mapillary.com/app/?pKey=138501418332978&focus=photo", "nearest_osm_pole_m": null}}, {"type": "Feature", "geometry": {"type": "Point", "coordinates": [-72.37721, 44.51948]}, "properties": {"id": "hard-01630", "is_utility_pole": true, "pole_type": "wood_utility", "model_flags": [], "model_watch": ["lean_slight"], "lean": "slight", "crossarm": "intact", "vegetation": "near", "transformer": false, "attachments_estimate": 1, "photos_assessed": 3, "capture_sequences": 3, "photo_shown_date": "2016-07", "latest_available_photo_date": "2016-07", "source_photo_url": "https://www.mapillary.com/app/?pKey=311455017176924&focus=photo", "nearest_osm_pole_m": null}}, {"type": "Feature", "geometry": {"type": "Point", "coordinates": [-72.37503, 44.521484]}, "properties": {"id": "hard-01631", "is_utility_pole": true, "pole_type": "wood_utility", "model_flags": [], "model_watch": [], "lean": "none", "crossarm": "none_visible", "vegetation": "near", "transformer": false, "attachments_estimate": 0, "photos_assessed": 3, "capture_sequences": 2, "photo_shown_date": "2014-06", "latest_available_photo_date": "2016-07", "source_photo_url": "https://www.mapillary.com/app/?pKey=183958723622593&focus=photo", "nearest_osm_pole_m": null}}, {"type": "Feature", "geometry": {"type": "Point", "coordinates": [-72.37711, 44.519928]}, "properties": {"id": "hard-01632", "is_utility_pole": false, "pole_type": "unclear", "model_flags": [], "model_watch": [], "lean": "unclear", "crossarm": "unclear", "vegetation": "unclear", "transformer": false, "attachments_estimate": 0, "photos_assessed": 1, "capture_sequences": 1, "photo_shown_date": "2018-07", "latest_available_photo_date": "2018-07", "source_photo_url": "https://www.mapillary.com/app/?pKey=1897021337158472&focus=photo", "nearest_osm_pole_m": null}}, {"type": "Feature", "geometry": {"type": "Point", "coordinates": [-72.37683, 44.51979]}, "properties": {"id": "hard-01633", "is_utility_pole": true, "pole_type": "wood_utility", "model_flags": [], "model_watch": [], "lean": "none", "crossarm": "none_visible", "vegetation": "near", "transformer": false, "attachments_estimate": 1, "photos_assessed": 2, "capture_sequences": 2, "photo_shown_date": "2016-07", "latest_available_photo_date": "2016-07", "source_photo_url": "https://www.mapillary.com/app/?pKey=982338865838814&focus=photo", "nearest_osm_pole_m": null}}, {"type": "Feature", "geometry": {"type": "Point", "coordinates": [-72.378555, 44.517754]}, "properties": {"id": "hard-01634", "is_utility_pole": true, "pole_type": "wood_utility", "model_flags": [], "model_watch": ["lean_slight"], "lean": "slight", "crossarm": "intact", "vegetation": "near", "transformer": false, "attachments_estimate": 1, "photos_assessed": 3, "capture_sequences": 2, "photo_shown_date": "2016-07", "latest_available_photo_date": "2016-07", "source_photo_url": "https://www.mapillary.com/app/?pKey=482040339729062&focus=photo", "nearest_osm_pole_m": null}}, {"type": "Feature", "geometry": {"type": "Point", "coordinates": [-72.378426, 44.517967]}, "properties": {"id": "hard-01635", "is_utility_pole": true, "pole_type": "wood_utility", "model_flags": [], "model_watch": [], "lean": "none", "crossarm": "intact", "vegetation": "near", "transformer": false, "attachments_estimate": 1, "photos_assessed": 3, "capture_sequences": 2, "photo_shown_date": "2016-07", "latest_available_photo_date": "2016-07", "source_photo_url": "https://www.mapillary.com/app/?pKey=328379385324701&focus=photo", "nearest_osm_pole_m": null}}, {"type": "Feature", "geometry": {"type": "Point", "coordinates": [-72.37757, 44.518932]}, "properties": {"id": "hard-01636", "is_utility_pole": true, "pole_type": "wood_utility", "model_flags": [], "model_watch": ["lean_slight"], "lean": "slight", "crossarm": "intact", "vegetation": "near", "transformer": false, "attachments_estimate": 1, "photos_assessed": 2, "capture_sequences": 1, "photo_shown_date": "2014-06", "latest_available_photo_date": "2014-06", "source_photo_url": "https://www.mapillary.com/app/?pKey=173172251301231&focus=photo", "nearest_osm_pole_m": null}}, {"type": "Feature", "geometry": {"type": "Point", "coordinates": [-72.3786625, 44.517664]}, "properties": {"id": "hard-01637", "is_utility_pole": true, "pole_type": "wood_utility", "model_flags": [], "model_watch": ["lean_slight"], "lean": "slight", "crossarm": "intact", "vegetation": "near", "transformer": false, "attachments_estimate": 2, "photos_assessed": 6, "capture_sequences": 3, "photo_shown_date": "2016-07", "latest_available_photo_date": "2018-07", "source_photo_url": "https://www.mapillary.com/app/?pKey=515520419469990&focus=photo", "nearest_osm_pole_m": null}}, {"type": "Feature", "geometry": {"type": "Point", "coordinates": [-72.37747, 44.519176]}, "properties": {"id": "hard-01638", "is_utility_pole": true, "pole_type": "wood_utility", "model_flags": [], "model_watch": [], "lean": "none", "crossarm": "intact", "vegetation": "near", "transformer": false, "attachments_estimate": 1, "photos_assessed": 3, "capture_sequences": 2, "photo_shown_date": "2016-07", "latest_available_photo_date": "2016-07", "source_photo_url": "https://www.mapillary.com/app/?pKey=351005556471524&focus=photo", "nearest_osm_pole_m": null}}, {"type": "Feature", "geometry": {"type": "Point", "coordinates": [-72.377754, 44.518864]}, "properties": {"id": "hard-01639", "is_utility_pole": true, "pole_type": "wood_utility", "model_flags": ["vegetation"], "model_watch": ["lean_slight"], "lean": "slight", "crossarm": "none_visible", "vegetation": "touching", "transformer": false, "attachments_estimate": 1, "photos_assessed": 3, "capture_sequences": 3, "photo_shown_date": "2016-07", "latest_available_photo_date": "2016-07", "source_photo_url": "https://www.mapillary.com/app/?pKey=903381833575820&focus=photo", "nearest_osm_pole_m": null}}, {"type": "Feature", "geometry": {"type": "Point", "coordinates": [-72.37815, 44.51831]}, "properties": {"id": "hard-01640", "is_utility_pole": false, "pole_type": "unclear", "model_flags": [], "model_watch": [], "lean": "unclear", "crossarm": "unclear", "vegetation": "unclear", "transformer": false, "attachments_estimate": 0, "photos_assessed": 2, "capture_sequences": 2, "photo_shown_date": "2014-06", "latest_available_photo_date": "2018-06", "source_photo_url": "https://www.mapillary.com/app/?pKey=822543142022566&focus=photo", "nearest_osm_pole_m": null}}, {"type": "Feature", "geometry": {"type": "Point", "coordinates": [-72.37469, 44.52221]}, "properties": {"id": "hard-01641", "is_utility_pole": true, "pole_type": "wood_utility", "model_flags": [], "model_watch": [], "lean": "unclear", "crossarm": "none_visible", "vegetation": "unclear", "transformer": false, "attachments_estimate": 0, "photos_assessed": 3, "capture_sequences": 3, "photo_shown_date": "2016-07", "latest_available_photo_date": "2016-07", "source_photo_url": "https://www.mapillary.com/app/?pKey=1009523119786114&focus=photo", "nearest_osm_pole_m": null}}, {"type": "Feature", "geometry": {"type": "Point", "coordinates": [-72.3758, 44.520702]}, "properties": {"id": "hard-01642", "is_utility_pole": true, "pole_type": "wood_utility", "model_flags": [], "model_watch": ["lean_slight"], "lean": "slight", "crossarm": "intact", "vegetation": "near", "transformer": false, "attachments_estimate": 1, "photos_assessed": 3, "capture_sequences": 3, "photo_shown_date": "2016-07", "latest_available_photo_date": "2018-07", "source_photo_url": "https://www.mapillary.com/app/?pKey=310710133831418&focus=photo", "nearest_osm_pole_m": null}}, {"type": "Feature", "geometry": {"type": "Point", "coordinates": [-72.279045, 44.561977]}, "properties": {"id": "hard-01643", "is_utility_pole": true, "pole_type": "wood_utility", "model_flags": [], "model_watch": [], "lean": "none", "crossarm": "intact", "vegetation": "near", "transformer": false, "attachments_estimate": 1, "photos_assessed": 2, "capture_sequences": 1, "photo_shown_date": "2017-07", "latest_available_photo_date": "2017-07", "source_photo_url": "https://www.mapillary.com/app/?pKey=3000564233521328&focus=photo", "nearest_osm_pole_m": null}}, {"type": "Feature", "geometry": {"type": "Point", "coordinates": [-72.37774, 44.51878]}, "properties": {"id": "hard-01644", "is_utility_pole": true, "pole_type": "wood_utility", "model_flags": [], "model_watch": ["lean_slight"], "lean": "slight", "crossarm": "none_visible", "vegetation": "near", "transformer": false, "attachments_estimate": 1, "photos_assessed": 3, "capture_sequences": 3, "photo_shown_date": "2018-06", "latest_available_photo_date": "2018-06", "source_photo_url": "https://www.mapillary.com/app/?pKey=503166284062020&focus=photo", "nearest_osm_pole_m": null}}, {"type": "Feature", "geometry": {"type": "Point", "coordinates": [-72.37875, 44.517506]}, "properties": {"id": "hard-01645", "is_utility_pole": true, "pole_type": "wood_utility", "model_flags": [], "model_watch": ["lean_slight"], "lean": "slight", "crossarm": "intact", "vegetation": "near", "transformer": true, "attachments_estimate": 2, "photos_assessed": 3, "capture_sequences": 2, "photo_shown_date": "2018-07", "latest_available_photo_date": "2018-07", "source_photo_url": "https://www.mapillary.com/app/?pKey=1102653456811701&focus=photo", "nearest_osm_pole_m": null}}, {"type": "Feature", "geometry": {"type": "Point", "coordinates": [-72.37866, 44.51778]}, "properties": {"id": "hard-01646", "is_utility_pole": true, "pole_type": "wood_utility", "model_flags": [], "model_watch": ["lean_slight"], "lean": "slight", "crossarm": "none_visible", "vegetation": "none", "transformer": false, "attachments_estimate": 0, "photos_assessed": 1, "capture_sequences": 1, "photo_shown_date": "2014-06", "latest_available_photo_date": "2016-07", "source_photo_url": "https://www.mapillary.com/app/?pKey=220472559633333&focus=photo", "nearest_osm_pole_m": null}}, {"type": "Feature", "geometry": {"type": "Point", "coordinates": [-72.28968, 44.474304]}, "properties": {"id": "hard-01647", "is_utility_pole": true, "pole_type": "wood_utility", "model_flags": ["vegetation"], "model_watch": [], "lean": "none", "crossarm": "none_visible", "vegetation": "touching", "transformer": false, "attachments_estimate": 0, "photos_assessed": 1, "capture_sequences": 1, "photo_shown_date": "2016-06", "latest_available_photo_date": "2016-06", "source_photo_url": "https://www.mapillary.com/app/?pKey=312965110408076&focus=photo", "nearest_osm_pole_m": null}}, {"type": "Feature", "geometry": {"type": "Point", "coordinates": [-72.40583, 44.517773]}, "properties": {"id": "hard-01648", "is_utility_pole": true, "pole_type": "wood_utility", "model_flags": ["vegetation"], "model_watch": ["lean_slight"], "lean": "slight", "crossarm": "none_visible", "vegetation": "touching", "transformer": false, "attachments_estimate": 0, "photos_assessed": 1, "capture_sequences": 1, "photo_shown_date": "2016-06", "latest_available_photo_date": "2016-06", "source_photo_url": "https://www.mapillary.com/app/?pKey=463671921392870&focus=photo", "nearest_osm_pole_m": null}}, {"type": "Feature", "geometry": {"type": "Point", "coordinates": [-72.30833, 44.565918]}, "properties": {"id": "hard-01649", "is_utility_pole": true, "pole_type": "wood_utility", "model_flags": [], "model_watch": [], "lean": "none", "crossarm": "intact", "vegetation": "near", "transformer": false, "attachments_estimate": 0, "photos_assessed": 3, "capture_sequences": 1, "photo_shown_date": "2017-07", "latest_available_photo_date": "2017-07", "source_photo_url": "https://www.mapillary.com/app/?pKey=271455071433107&focus=photo", "nearest_osm_pole_m": null}}, {"type": "Feature", "geometry": {"type": "Point", "coordinates": [-72.31019, 44.563637]}, "properties": {"id": "hard-01650", "is_utility_pole": true, "pole_type": "wood_utility", "model_flags": [], "model_watch": ["lean_slight"], "lean": "slight", "crossarm": "intact", "vegetation": "near", "transformer": true, "attachments_estimate": 1, "photos_assessed": 3, "capture_sequences": 2, "photo_shown_date": "2019-07", "latest_available_photo_date": "2019-07", "source_photo_url": "https://www.mapillary.com/app/?pKey=834791453797774&focus=photo", "nearest_osm_pole_m": null}}, {"type": "Feature", "geometry": {"type": "Point", "coordinates": [-72.31034, 44.563175]}, "properties": {"id": "hard-01651", "is_utility_pole": true, "pole_type": "wood_utility", "model_flags": ["vegetation"], "model_watch": ["lean_slight"], "lean": "slight", "crossarm": "intact", "vegetation": "touching", "transformer": false, "attachments_estimate": 0, "photos_assessed": 3, "capture_sequences": 3, "photo_shown_date": "2019-07", "latest_available_photo_date": "2019-07", "source_photo_url": "https://www.mapillary.com/app/?pKey=884433795620937&focus=photo", "nearest_osm_pole_m": null}}, {"type": "Feature", "geometry": {"type": "Point", "coordinates": [-72.31004, 44.56388]}, "properties": {"id": "hard-01652", "is_utility_pole": false, "pole_type": "unclear", "model_flags": ["vegetation"], "model_watch": [], "lean": "unclear", "crossarm": "unclear", "vegetation": "touching", "transformer": false, "attachments_estimate": 0, "photos_assessed": 2, "capture_sequences": 2, "photo_shown_date": "2015-07", "latest_available_photo_date": "2019-07", "source_photo_url": "https://www.mapillary.com/app/?pKey=1198755970575265&focus=photo", "nearest_osm_pole_m": null}}, {"type": "Feature", "geometry": {"type": "Point", "coordinates": [-72.32039, 44.55028]}, "properties": {"id": "hard-01653", "is_utility_pole": true, "pole_type": "wood_utility", "model_flags": [], "model_watch": ["lean_slight"], "lean": "slight", "crossarm": "none_visible", "vegetation": "near", "transformer": false, "attachments_estimate": 0, "photos_assessed": 3, "capture_sequences": 2, "photo_shown_date": "2015-07", "latest_available_photo_date": "2015-07", "source_photo_url": "https://www.mapillary.com/app/?pKey=992532671555477&focus=photo", "nearest_osm_pole_m": null}}, {"type": "Feature", "geometry": {"type": "Point", "coordinates": [-72.32047, 44.550148]}, "properties": {"id": "hard-01654", "is_utility_pole": true, "pole_type": "wood_utility", "model_flags": [], "model_watch": [], "lean": "unclear", "crossarm": "none_visible", "vegetation": "unclear", "transformer": false, "attachments_estimate": 0, "photos_assessed": 3, "capture_sequences": 3, "photo_shown_date": "2015-07", "latest_available_photo_date": "2019-07", "source_photo_url": "https://www.mapillary.com/app/?pKey=920375238811741&focus=photo", "nearest_osm_pole_m": null}}, {"type": "Feature", "geometry": {"type": "Point", "coordinates": [-72.3212, 44.549084]}, "properties": {"id": "hard-01655", "is_utility_pole": true, "pole_type": "wood_utility", "model_flags": [], "model_watch": ["lean_slight"], "lean": "slight", "crossarm": "intact", "vegetation": "near", "transformer": false, "attachments_estimate": 0, "photos_assessed": 3, "capture_sequences": 2, "photo_shown_date": "2019-07", "latest_available_photo_date": "2019-07", "source_photo_url": "https://www.mapillary.com/app/?pKey=302801908111468&focus=photo", "nearest_osm_pole_m": null}}, {"type": "Feature", "geometry": {"type": "Point", "coordinates": [-72.304306, 44.517796]}, "properties": {"id": "hard-01656", "is_utility_pole": false, "pole_type": "unclear", "model_flags": [], "model_watch": [], "lean": "unclear", "crossarm": "none_visible", "vegetation": "unclear", "transformer": false, "attachments_estimate": 0, "photos_assessed": 1, "capture_sequences": 1, "photo_shown_date": "2018-07", "latest_available_photo_date": "2018-07", "source_photo_url": "https://www.mapillary.com/app/?pKey=231800494963481&focus=photo", "nearest_osm_pole_m": null}}, {"type": "Feature", "geometry": {"type": "Point", "coordinates": [-72.373985, 44.54315]}, "properties": {"id": "hard-01657", "is_utility_pole": true, "pole_type": "wood_utility", "model_flags": ["vegetation"], "model_watch": ["lean_slight"], "lean": "slight", "crossarm": "unclear", "vegetation": "touching", "transformer": false, "attachments_estimate": 0, "photos_assessed": 2, "capture_sequences": 2, "photo_shown_date": "2018-06", "latest_available_photo_date": "2018-06", "source_photo_url": "https://www.mapillary.com/app/?pKey=208993134240014&focus=photo", "nearest_osm_pole_m": null}}, {"type": "Feature", "geometry": {"type": "Point", "coordinates": [-72.3741, 44.540108]}, "properties": {"id": "hard-01658", "is_utility_pole": true, "pole_type": "wood_utility", "model_flags": [], "model_watch": [], "lean": "none", "crossarm": "intact", "vegetation": "near", "transformer": false, "attachments_estimate": 0, "photos_assessed": 2, "capture_sequences": 1, "photo_shown_date": "2014-06", "latest_available_photo_date": "2016-07", "source_photo_url": "https://www.mapillary.com/app/?pKey=325022419035582&focus=photo", "nearest_osm_pole_m": null}}, {"type": "Feature", "geometry": {"type": "Point", "coordinates": [-72.3741, 44.540314]}, "properties": {"id": "hard-01659", "is_utility_pole": true, "pole_type": "wood_utility", "model_flags": [], "model_watch": [], "lean": "none", "crossarm": "intact", "vegetation": "near", "transformer": false, "attachments_estimate": 1, "photos_assessed": 2, "capture_sequences": 2, "photo_shown_date": "2016-07", "latest_available_photo_date": "2018-07", "source_photo_url": "https://www.mapillary.com/app/?pKey=272580087948130&focus=photo", "nearest_osm_pole_m": null}}, {"type": "Feature", "geometry": {"type": "Point", "coordinates": [-72.3736, 44.5399]}, "properties": {"id": "hard-01660", "is_utility_pole": true, "pole_type": "wood_utility", "model_flags": ["vegetation"], "model_watch": ["lean_slight"], "lean": "slight", "crossarm": "unclear", "vegetation": "touching", "transformer": false, "attachments_estimate": 1, "photos_assessed": 2, "capture_sequences": 1, "photo_shown_date": "2014-06", "latest_available_photo_date": "2014-06", "source_photo_url": "https://www.mapillary.com/app/?pKey=142501304534390&focus=photo", "nearest_osm_pole_m": null}}, {"type": "Feature", "geometry": {"type": "Point", "coordinates": [-72.40494, 44.517506]}, "properties": {"id": "hard-01661", "is_utility_pole": false, "pole_type": "unclear", "model_flags": [], "model_watch": [], "lean": "unclear", "crossarm": "none_visible", "vegetation": "none", "transformer": false, "attachments_estimate": 0, "photos_assessed": 1, "capture_sequences": 1, "photo_shown_date": "2016-06", "latest_available_photo_date": "2016-06", "source_photo_url": "https://www.mapillary.com/app/?pKey=2571120883184684&focus=photo", "nearest_osm_pole_m": null}}, {"type": "Feature", "geometry": {"type": "Point", "coordinates": [-72.405045, 44.51756]}, "properties": {"id": "hard-01662", "is_utility_pole": true, "pole_type": "wood_utility", "model_flags": [], "model_watch": ["lean_slight"], "lean": "slight", "crossarm": "none_visible", "vegetation": "none", "transformer": true, "attachments_estimate": 1, "photos_assessed": 1, "capture_sequences": 1, "photo_shown_date": "2014-07", "latest_available_photo_date": "2016-06", "source_photo_url": "https://www.mapillary.com/app/?pKey=521543165650357&focus=photo", "nearest_osm_pole_m": null}}, {"type": "Feature", "geometry": {"type": "Point", "coordinates": [-72.29381, 44.575073]}, "properties": {"id": "hard-01663", "is_utility_pole": true, "pole_type": "wood_utility", "model_flags": [], "model_watch": [], "lean": "none", "crossarm": "intact", "vegetation": "near", "transformer": false, "attachments_estimate": 1, "photos_assessed": 1, "capture_sequences": 1, "photo_shown_date": "2015-07", "latest_available_photo_date": "2015-07", "source_photo_url": "https://www.mapillary.com/app/?pKey=839471230333593&focus=photo", "nearest_osm_pole_m": null}}, {"type": "Feature", "geometry": {"type": "Point", "coordinates": [-72.405556, 44.51767]}, "properties": {"id": "hard-01664", "is_utility_pole": true, "pole_type": "wood_utility", "model_flags": [], "model_watch": [], "lean": "none", "crossarm": "none_visible", "vegetation": "none", "transformer": false, "attachments_estimate": 1, "photos_assessed": 2, "capture_sequences": 1, "photo_shown_date": "2016-06", "latest_available_photo_date": "2016-06", "source_photo_url": "https://www.mapillary.com/app/?pKey=793252231322729&focus=photo", "nearest_osm_pole_m": null}}, {"type": "Feature", "geometry": {"type": "Point", "coordinates": [-72.34357, 44.510506]}, "properties": {"id": "hard-01665", "is_utility_pole": true, "pole_type": "wood_utility", "model_flags": [], "model_watch": [], "lean": "none", "crossarm": "intact", "vegetation": "near", "transformer": false, "attachments_estimate": 2, "photos_assessed": 3, "capture_sequences": 2, "photo_shown_date": "2017-07", "latest_available_photo_date": "2017-07", "source_photo_url": "https://www.mapillary.com/app/?pKey=144138187750899&focus=photo", "nearest_osm_pole_m": null}}, {"type": "Feature", "geometry": {"type": "Point", "coordinates": [-72.345856, 44.509064]}, "properties": {"id": "hard-01666", "is_utility_pole": true, "pole_type": "wood_utility", "model_flags": [], "model_watch": [], "lean": "none", "crossarm": "intact", "vegetation": "near", "transformer": false, "attachments_estimate": 0, "photos_assessed": 3, "capture_sequences": 3, "photo_shown_date": "2017-07", "latest_available_photo_date": "2017-07", "source_photo_url": "https://www.mapillary.com/app/?pKey=830308114241190&focus=photo", "nearest_osm_pole_m": null}}, {"type": "Feature", "geometry": {"type": "Point", "coordinates": [-72.34389, 44.510284]}, "properties": {"id": "hard-01667", "is_utility_pole": true, "pole_type": "wood_utility", "model_flags": [], "model_watch": [], "lean": "none", "crossarm": "none_visible", "vegetation": "near", "transformer": false, "attachments_estimate": 1, "photos_assessed": 2, "capture_sequences": 2, "photo_shown_date": "2015-07", "latest_available_photo_date": "2015-07", "source_photo_url": "https://www.mapillary.com/app/?pKey=482938206251397&focus=photo", "nearest_osm_pole_m": null}}, {"type": "Feature", "geometry": {"type": "Point", "coordinates": [-72.342985, 44.5109975]}, "properties": {"id": "hard-01668", "is_utility_pole": true, "pole_type": "wood_utility", "model_flags": [], "model_watch": [], "lean": "none", "crossarm": "none_visible", "vegetation": "near", "transformer": false, "attachments_estimate": 0, "photos_assessed": 6, "capture_sequences": 3, "photo_shown_date": "2017-07", "latest_available_photo_date": "2017-07", "source_photo_url": "https://www.mapillary.com/app/?pKey=501633064615167&focus=photo", "nearest_osm_pole_m": null}}, {"type": "Feature", "geometry": {"type": "Point", "coordinates": [-72.34549, 44.509274]}, "properties": {"id": "hard-01669", "is_utility_pole": true, "pole_type": "wood_utility", "model_flags": [], "model_watch": ["lean_slight"], "lean": "slight", "crossarm": "intact", "vegetation": "near", "transformer": false, "attachments_estimate": 1, "photos_assessed": 3, "capture_sequences": 1, "photo_shown_date": "2015-07", "latest_available_photo_date": "2015-07", "source_photo_url": "https://www.mapillary.com/app/?pKey=528699341645980&focus=photo", "nearest_osm_pole_m": null}}, {"type": "Feature", "geometry": {"type": "Point", "coordinates": [-72.3443, 44.50992]}, "properties": {"id": "hard-01670", "is_utility_pole": true, "pole_type": "wood_utility", "model_flags": [], "model_watch": ["lean_slight"], "lean": "slight", "crossarm": "intact", "vegetation": "near", "transformer": false, "attachments_estimate": 0, "photos_assessed": 3, "capture_sequences": 2, "photo_shown_date": "2015-07", "latest_available_photo_date": "2015-07", "source_photo_url": "https://www.mapillary.com/app/?pKey=307590207578595&focus=photo", "nearest_osm_pole_m": null}}, {"type": "Feature", "geometry": {"type": "Point", "coordinates": [-72.34295, 44.511776]}, "properties": {"id": "hard-01671", "is_utility_pole": true, "pole_type": "wood_utility", "model_flags": [], "model_watch": [], "lean": "none", "crossarm": "none_visible", "vegetation": "near", "transformer": false, "attachments_estimate": 0, "photos_assessed": 3, "capture_sequences": 3, "photo_shown_date": "2019-07", "latest_available_photo_date": "2019-07", "source_photo_url": "https://www.mapillary.com/app/?pKey=2826432167672289&focus=photo", "nearest_osm_pole_m": null}}, {"type": "Feature", "geometry": {"type": "Point", "coordinates": [-72.34379, 44.51035]}, "properties": {"id": "hard-01672", "is_utility_pole": true, "pole_type": "wood_utility", "model_flags": [], "model_watch": [], "lean": "none", "crossarm": "none_visible", "vegetation": "near", "transformer": false, "attachments_estimate": 0, "photos_assessed": 2, "capture_sequences": 1, "photo_shown_date": "2017-07", "latest_available_photo_date": "2017-07", "source_photo_url": "https://www.mapillary.com/app/?pKey=144098104434491&focus=photo", "nearest_osm_pole_m": null}}, {"type": "Feature", "geometry": {"type": "Point", "coordinates": [-72.34286, 44.511612]}, "properties": {"id": "hard-01673", "is_utility_pole": true, "pole_type": "wood_utility", "model_flags": [], "model_watch": [], "lean": "none", "crossarm": "none_visible", "vegetation": "none", "transformer": false, "attachments_estimate": 1, "photos_assessed": 2, "capture_sequences": 2, "photo_shown_date": "2017-07", "latest_available_photo_date": "2017-07", "source_photo_url": "https://www.mapillary.com/app/?pKey=889360528277583&focus=photo", "nearest_osm_pole_m": null}}, {"type": "Feature", "geometry": {"type": "Point", "coordinates": [-72.342896, 44.511116]}, "properties": {"id": "hard-01674", "is_utility_pole": true, "pole_type": "wood_utility", "model_flags": ["vegetation"], "model_watch": [], "lean": "unclear", "crossarm": "unclear", "vegetation": "touching", "transformer": false, "attachments_estimate": 0, "photos_assessed": 1, "capture_sequences": 1, "photo_shown_date": "2019-07", "latest_available_photo_date": "2019-07", "source_photo_url": "https://www.mapillary.com/app/?pKey=505442457466415&focus=photo", "nearest_osm_pole_m": null}}, {"type": "Feature", "geometry": {"type": "Point", "coordinates": [-72.34313, 44.510906]}, "properties": {"id": "hard-01675", "is_utility_pole": true, "pole_type": "wood_utility", "model_flags": [], "model_watch": [], "lean": "unclear", "crossarm": "unclear", "vegetation": "near", "transformer": false, "attachments_estimate": 0, "photos_assessed": 2, "capture_sequences": 1, "photo_shown_date": "2013-09", "latest_available_photo_date": "2017-07", "source_photo_url": "https://www.mapillary.com/app/?pKey=340838070782612&focus=photo", "nearest_osm_pole_m": null}}, {"type": "Feature", "geometry": {"type": "Point", "coordinates": [-72.34491, 44.509495]}, "properties": {"id": "hard-01676", "is_utility_pole": true, "pole_type": "wood_utility", "model_flags": ["vegetation"], "model_watch": [], "lean": "none", "crossarm": "intact", "vegetation": "touching", "transformer": false, "attachments_estimate": 0, "photos_assessed": 3, "capture_sequences": 3, "photo_shown_date": "2019-07", "latest_available_photo_date": "2019-07", "source_photo_url": "https://www.mapillary.com/app/?pKey=815550532690254&focus=photo", "nearest_osm_pole_m": null}}, {"type": "Feature", "geometry": {"type": "Point", "coordinates": [-72.34343, 44.510605]}, "properties": {"id": "hard-01677", "is_utility_pole": true, "pole_type": "wood_utility", "model_flags": [], "model_watch": [], "lean": "none", "crossarm": "none_visible", "vegetation": "near", "transformer": false, "attachments_estimate": 2, "photos_assessed": 3, "capture_sequences": 2, "photo_shown_date": "2019-07", "latest_available_photo_date": "2019-07", "source_photo_url": "https://www.mapillary.com/app/?pKey=2905080383098962&focus=photo", "nearest_osm_pole_m": null}}, {"type": "Feature", "geometry": {"type": "Point", "coordinates": [-72.342545, 44.512913]}, "properties": {"id": "hard-01678", "is_utility_pole": true, "pole_type": "wood_utility", "model_flags": [], "model_watch": [], "lean": "none", "crossarm": "none_visible", "vegetation": "none", "transformer": false, "attachments_estimate": 1, "photos_assessed": 3, "capture_sequences": 2, "photo_shown_date": "2019-07", "latest_available_photo_date": "2019-07", "source_photo_url": "https://www.mapillary.com/app/?pKey=306652110924805&focus=photo", "nearest_osm_pole_m": null}}, {"type": "Feature", "geometry": {"type": "Point", "coordinates": [-72.34517, 44.50943]}, "properties": {"id": "hard-01679", "is_utility_pole": true, "pole_type": "wood_utility", "model_flags": [], "model_watch": ["lean_slight"], "lean": "slight", "crossarm": "intact", "vegetation": "near", "transformer": false, "attachments_estimate": 1, "photos_assessed": 1, "capture_sequences": 1, "photo_shown_date": "2015-07", "latest_available_photo_date": "2015-07", "source_photo_url": "https://www.mapillary.com/app/?pKey=492241562113896&focus=photo", "nearest_osm_pole_m": null}}, {"type": "Feature", "geometry": {"type": "Point", "coordinates": [-72.34292, 44.51196]}, "properties": {"id": "hard-01680", "is_utility_pole": true, "pole_type": "wood_utility", "model_flags": ["vegetation"], "model_watch": [], "lean": "none", "crossarm": "none_visible", "vegetation": "touching", "transformer": false, "attachments_estimate": 0, "photos_assessed": 3, "capture_sequences": 2, "photo_shown_date": "2015-07", "latest_available_photo_date": "2019-07", "source_photo_url": "https://www.mapillary.com/app/?pKey=514426096411027&focus=photo", "nearest_osm_pole_m": null}}, {"type": "Feature", "geometry": {"type": "Point", "coordinates": [-72.41196, 44.521023]}, "properties": {"id": "hard-01681", "is_utility_pole": true, "pole_type": "wood_utility", "model_flags": [], "model_watch": [], "lean": "none", "crossarm": "none_visible", "vegetation": "none", "transformer": false, "attachments_estimate": 0, "photos_assessed": 3, "capture_sequences": 3, "photo_shown_date": "2018-07", "latest_available_photo_date": "2018-07", "source_photo_url": "https://www.mapillary.com/app/?pKey=1443596432661598&focus=photo", "nearest_osm_pole_m": null}}, {"type": "Feature", "geometry": {"type": "Point", "coordinates": [-72.41314, 44.521915]}, "properties": {"id": "hard-01682", "is_utility_pole": true, "pole_type": "wood_utility", "model_flags": ["vegetation"], "model_watch": ["lean_slight"], "lean": "slight", "crossarm": "none_visible", "vegetation": "touching", "transformer": false, "attachments_estimate": 1, "photos_assessed": 3, "capture_sequences": 3, "photo_shown_date": "2018-07", "latest_available_photo_date": "2018-07", "source_photo_url": "https://www.mapillary.com/app/?pKey=1136821113470405&focus=photo", "nearest_osm_pole_m": null}}, {"type": "Feature", "geometry": {"type": "Point", "coordinates": [-72.411705, 44.52124]}, "properties": {"id": "hard-01683", "is_utility_pole": true, "pole_type": "wood_utility", "model_flags": [], "model_watch": [], "lean": "none", "crossarm": "intact", "vegetation": "near", "transformer": false, "attachments_estimate": 1, "photos_assessed": 3, "capture_sequences": 3, "photo_shown_date": "2018-07", "latest_available_photo_date": "2018-07", "source_photo_url": "https://www.mapillary.com/app/?pKey=775211716531621&focus=photo", "nearest_osm_pole_m": null}}, {"type": "Feature", "geometry": {"type": "Point", "coordinates": [-72.317055, 44.50868]}, "properties": {"id": "hard-01684", "is_utility_pole": true, "pole_type": "wood_utility", "model_flags": [], "model_watch": [], "lean": "none", "crossarm": "none_visible", "vegetation": "near", "transformer": false, "attachments_estimate": 0, "photos_assessed": 3, "capture_sequences": 3, "photo_shown_date": "2018-07", "latest_available_photo_date": "2018-07", "source_photo_url": "https://www.mapillary.com/app/?pKey=155275656571417&focus=photo", "nearest_osm_pole_m": null}}, {"type": "Feature", "geometry": {"type": "Point", "coordinates": [-72.31748, 44.507225]}, "properties": {"id": "hard-01685", "is_utility_pole": true, "pole_type": "wood_utility", "model_flags": ["vegetation"], "model_watch": [], "lean": "unclear", "crossarm": "none_visible", "vegetation": "touching", "transformer": false, "attachments_estimate": 0, "photos_assessed": 3, "capture_sequences": 3, "photo_shown_date": "2018-07", "latest_available_photo_date": "2018-07", "source_photo_url": "https://www.mapillary.com/app/?pKey=171700364793615&focus=photo", "nearest_osm_pole_m": null}}, {"type": "Feature", "geometry": {"type": "Point", "coordinates": [-72.317544, 44.504712]}, "properties": {"id": "hard-01686", "is_utility_pole": true, "pole_type": "wood_utility", "model_flags": ["vegetation"], "model_watch": ["lean_slight"], "lean": "slight", "crossarm": "unclear", "vegetation": "touching", "transformer": false, "attachments_estimate": 1, "photos_assessed": 5, "capture_sequences": 3, "photo_shown_date": "2018-07", "latest_available_photo_date": "2018-07", "source_photo_url": "https://www.mapillary.com/app/?pKey=479380153158860&focus=photo", "nearest_osm_pole_m": null}}, {"type": "Feature", "geometry": {"type": "Point", "coordinates": [-72.317212, 44.508247]}, "properties": {"id": "hard-01687", "is_utility_pole": true, "pole_type": "wood_utility", "model_flags": ["vegetation"], "model_watch": [], "lean": "none", "crossarm": "none_visible", "vegetation": "touching", "transformer": false, "attachments_estimate": 0, "photos_assessed": 6, "capture_sequences": 5, "photo_shown_date": "2018-07", "latest_available_photo_date": "2018-07", "source_photo_url": "https://www.mapillary.com/app/?pKey=2785571015087652&focus=photo", "nearest_osm_pole_m": null}}, {"type": "Feature", "geometry": {"type": "Point", "coordinates": [-72.31719, 44.50838]}, "properties": {"id": "hard-01688", "is_utility_pole": true, "pole_type": "wood_utility", "model_flags": ["vegetation"], "model_watch": ["lean_slight"], "lean": "slight", "crossarm": "none_visible", "vegetation": "touching", "transformer": false, "attachments_estimate": 1, "photos_assessed": 3, "capture_sequences": 1, "photo_shown_date": "2016-06", "latest_available_photo_date": "2016-06", "source_photo_url": "https://www.mapillary.com/app/?pKey=959486864820430&focus=photo", "nearest_osm_pole_m": null}}, {"type": "Feature", "geometry": {"type": "Point", "coordinates": [-72.31715, 44.508476]}, "properties": {"id": "hard-01689", "is_utility_pole": true, "pole_type": "wood_utility", "model_flags": ["vegetation"], "model_watch": [], "lean": "none", "crossarm": "none_visible", "vegetation": "touching", "transformer": false, "attachments_estimate": 1, "photos_assessed": 1, "capture_sequences": 1, "photo_shown_date": "2016-06", "latest_available_photo_date": "2016-06", "source_photo_url": "https://www.mapillary.com/app/?pKey=2912603802329798&focus=photo", "nearest_osm_pole_m": null}}, {"type": "Feature", "geometry": {"type": "Point", "coordinates": [-72.31762, 44.505955]}, "properties": {"id": "hard-01690", "is_utility_pole": true, "pole_type": "wood_utility", "model_flags": [], "model_watch": ["lean_slight"], "lean": "slight", "crossarm": "none_visible", "vegetation": "near", "transformer": false, "attachments_estimate": 0, "photos_assessed": 3, "capture_sequences": 2, "photo_shown_date": "2016-06", "latest_available_photo_date": "2016-06", "source_photo_url": "https://www.mapillary.com/app/?pKey=196528152319704&focus=photo", "nearest_osm_pole_m": null}}, {"type": "Feature", "geometry": {"type": "Point", "coordinates": [-72.317406, 44.50491]}, "properties": {"id": "hard-01691", "is_utility_pole": true, "pole_type": "wood_utility", "model_flags": ["lean", "vegetation"], "model_watch": [], "lean": "moderate", "crossarm": "none_visible", "vegetation": "touching", "transformer": false, "attachments_estimate": 1, "photos_assessed": 3, "capture_sequences": 3, "photo_shown_date": "2018-07", "latest_available_photo_date": "2018-07", "source_photo_url": "https://www.mapillary.com/app/?pKey=4388672177891882&focus=photo", "nearest_osm_pole_m": null}}, {"type": "Feature", "geometry": {"type": "Point", "coordinates": [-72.31729, 44.50803]}, "properties": {"id": "hard-01692", "is_utility_pole": true, "pole_type": "wood_utility", "model_flags": ["vegetation"], "model_watch": ["lean_slight"], "lean": "slight", "crossarm": "none_visible", "vegetation": "touching", "transformer": false, "attachments_estimate": 1, "photos_assessed": 1, "capture_sequences": 1, "photo_shown_date": "2016-06", "latest_available_photo_date": "2016-06", "source_photo_url": "https://www.mapillary.com/app/?pKey=158309286257514&focus=photo", "nearest_osm_pole_m": null}}, {"type": "Feature", "geometry": {"type": "Point", "coordinates": [-72.28769, 44.52724]}, "properties": {"id": "hard-01693", "is_utility_pole": false, "pole_type": "unclear", "model_flags": [], "model_watch": [], "lean": "unclear", "crossarm": "none_visible", "vegetation": "unclear", "transformer": false, "attachments_estimate": 0, "photos_assessed": 3, "capture_sequences": 1, "photo_shown_date": "2018-07", "latest_available_photo_date": "2018-07", "source_photo_url": "https://www.mapillary.com/app/?pKey=377962500309549&focus=photo", "nearest_osm_pole_m": null}}, {"type": "Feature", "geometry": {"type": "Point", "coordinates": [-72.30003, 44.569973]}, "properties": {"id": "hard-01694", "is_utility_pole": true, "pole_type": "wood_utility", "model_flags": [], "model_watch": [], "lean": "none", "crossarm": "none_visible", "vegetation": "near", "transformer": false, "attachments_estimate": 0, "photos_assessed": 3, "capture_sequences": 2, "photo_shown_date": "2019-07", "latest_available_photo_date": "2019-07", "source_photo_url": "https://www.mapillary.com/app/?pKey=785239325515640&focus=photo", "nearest_osm_pole_m": null}}, {"type": "Feature", "geometry": {"type": "Point", "coordinates": [-72.26949, 44.54243]}, "properties": {"id": "hard-01695", "is_utility_pole": true, "pole_type": "wood_utility", "model_flags": [], "model_watch": [], "lean": "none", "crossarm": "none_visible", "vegetation": "near", "transformer": false, "attachments_estimate": 1, "photos_assessed": 3, "capture_sequences": 2, "photo_shown_date": "2018-07", "latest_available_photo_date": "2018-07", "source_photo_url": "https://www.mapillary.com/app/?pKey=876892899563097&focus=photo", "nearest_osm_pole_m": null}}, {"type": "Feature", "geometry": {"type": "Point", "coordinates": [-72.37862, 44.51686]}, "properties": {"id": "hard-01696", "is_utility_pole": true, "pole_type": "wood_utility", "model_flags": ["vegetation"], "model_watch": [], "lean": "none", "crossarm": "unclear", "vegetation": "touching", "transformer": false, "attachments_estimate": 1, "photos_assessed": 3, "capture_sequences": 3, "photo_shown_date": "2016-06", "latest_available_photo_date": "2018-07", "source_photo_url": "https://www.mapillary.com/app/?pKey=3925089747546047&focus=photo", "nearest_osm_pole_m": null}}, {"type": "Feature", "geometry": {"type": "Point", "coordinates": [-72.38233, 44.516964]}, "properties": {"id": "hard-01697", "is_utility_pole": true, "pole_type": "wood_utility", "model_flags": [], "model_watch": [], "lean": "none", "crossarm": "intact", "vegetation": "near", "transformer": false, "attachments_estimate": 1, "photos_assessed": 2, "capture_sequences": 1, "photo_shown_date": "2016-06", "latest_available_photo_date": "2018-07", "source_photo_url": "https://www.mapillary.com/app/?pKey=223955919230830&focus=photo", "nearest_osm_pole_m": null}}, {"type": "Feature", "geometry": {"type": "Point", "coordinates": [-72.4157, 44.463337]}, "properties": {"id": "hard-01698", "is_utility_pole": true, "pole_type": "wood_utility", "model_flags": ["vegetation"], "model_watch": [], "lean": "none", "crossarm": "none_visible", "vegetation": "touching", "transformer": false, "attachments_estimate": 1, "photos_assessed": 3, "capture_sequences": 2, "photo_shown_date": "2018-07", "latest_available_photo_date": "2018-07", "source_photo_url": "https://www.mapillary.com/app/?pKey=1089751024768263&focus=photo", "nearest_osm_pole_m": null}}, {"type": "Feature", "geometry": {"type": "Point", "coordinates": [-72.350845, 44.50183]}, "properties": {"id": "hard-01699", "is_utility_pole": true, "pole_type": "wood_utility", "model_flags": ["vegetation"], "model_watch": [], "lean": "none", "crossarm": "none_visible", "vegetation": "touching", "transformer": false, "attachments_estimate": 0, "photos_assessed": 3, "capture_sequences": 3, "photo_shown_date": "2018-07", "latest_available_photo_date": "2018-07", "source_photo_url": "https://www.mapillary.com/app/?pKey=141879497973266&focus=photo", "nearest_osm_pole_m": null}}, {"type": "Feature", "geometry": {"type": "Point", "coordinates": [-72.35478, 44.502598]}, "properties": {"id": "hard-01700", "is_utility_pole": true, "pole_type": "wood_utility", "model_flags": [], "model_watch": [], "lean": "none", "crossarm": "none_visible", "vegetation": "near", "transformer": false, "attachments_estimate": 0, "photos_assessed": 3, "capture_sequences": 2, "photo_shown_date": "2018-07", "latest_available_photo_date": "2018-07", "source_photo_url": "https://www.mapillary.com/app/?pKey=214404913637789&focus=photo", "nearest_osm_pole_m": null}}, {"type": "Feature", "geometry": {"type": "Point", "coordinates": [-72.3509275, 44.5017305]}, "properties": {"id": "hard-01701", "is_utility_pole": true, "pole_type": "wood_utility", "model_flags": [], "model_watch": ["lean_slight"], "lean": "slight", "crossarm": "none_visible", "vegetation": "near", "transformer": false, "attachments_estimate": 0, "photos_assessed": 4, "capture_sequences": 2, "photo_shown_date": "2018-07", "latest_available_photo_date": "2018-07", "source_photo_url": "https://www.mapillary.com/app/?pKey=2786926684951342&focus=photo", "nearest_osm_pole_m": null}}, {"type": "Feature", "geometry": {"type": "Point", "coordinates": [-72.349737, 44.501682]}, "properties": {"id": "hard-01702", "is_utility_pole": true, "pole_type": "wood_utility", "model_flags": [], "model_watch": [], "lean": "none", "crossarm": "intact", "vegetation": "near", "transformer": false, "attachments_estimate": 1, "photos_assessed": 9, "capture_sequences": 6, "photo_shown_date": "2018-07", "latest_available_photo_date": "2018-07", "source_photo_url": "https://www.mapillary.com/app/?pKey=337491714478593&focus=photo", "nearest_osm_pole_m": null}}, {"type": "Feature", "geometry": {"type": "Point", "coordinates": [-72.354935, 44.50251]}, "properties": {"id": "hard-01703", "is_utility_pole": true, "pole_type": "wood_utility", "model_flags": ["vegetation"], "model_watch": [], "lean": "none", "crossarm": "intact", "vegetation": "touching", "transformer": false, "attachments_estimate": 0, "photos_assessed": 3, "capture_sequences": 2, "photo_shown_date": "2018-07", "latest_available_photo_date": "2018-07", "source_photo_url": "https://www.mapillary.com/app/?pKey=214404913637789&focus=photo", "nearest_osm_pole_m": null}}, {"type": "Feature", "geometry": {"type": "Point", "coordinates": [-72.35384, 44.502144]}, "properties": {"id": "hard-01704", "is_utility_pole": true, "pole_type": "wood_utility", "model_flags": [], "model_watch": ["lean_slight"], "lean": "slight", "crossarm": "intact", "vegetation": "near", "transformer": false, "attachments_estimate": 0, "photos_assessed": 6, "capture_sequences": 4, "photo_shown_date": "2018-07", "latest_available_photo_date": "2018-07", "source_photo_url": "https://www.mapillary.com/app/?pKey=140079708175184&focus=photo", "nearest_osm_pole_m": null}}, {"type": "Feature", "geometry": {"type": "Point", "coordinates": [-72.35045, 44.501774]}, "properties": {"id": "hard-01705", "is_utility_pole": false, "pole_type": "unclear", "model_flags": [], "model_watch": [], "lean": "unclear", "crossarm": "none_visible", "vegetation": "unclear", "transformer": false, "attachments_estimate": 0, "photos_assessed": 2, "capture_sequences": 2, "photo_shown_date": "2016-06", "latest_available_photo_date": "2016-06", "source_photo_url": "https://www.mapillary.com/app/?pKey=352833199510030&focus=photo", "nearest_osm_pole_m": null}}, {"type": "Feature", "geometry": {"type": "Point", "coordinates": [-72.35078, 44.50176]}, "properties": {"id": "hard-01706", "is_utility_pole": true, "pole_type": "wood_utility", "model_flags": ["vegetation"], "model_watch": ["lean_slight"], "lean": "slight", "crossarm": "intact", "vegetation": "touching", "transformer": false, "attachments_estimate": 1, "photos_assessed": 3, "capture_sequences": 1, "photo_shown_date": "2018-07", "latest_available_photo_date": "2018-07", "source_photo_url": "https://www.mapillary.com/app/?pKey=141879497973266&focus=photo", "nearest_osm_pole_m": null}}, {"type": "Feature", "geometry": {"type": "Point", "coordinates": [-72.35253, 44.506218]}, "properties": {"id": "hard-01707", "is_utility_pole": true, "pole_type": "wood_utility", "model_flags": ["vegetation"], "model_watch": [], "lean": "none", "crossarm": "none_visible", "vegetation": "touching", "transformer": false, "attachments_estimate": 0, "photos_assessed": 3, "capture_sequences": 1, "photo_shown_date": "2015-07", "latest_available_photo_date": "2015-07", "source_photo_url": "https://www.mapillary.com/app/?pKey=125056846294707&focus=photo", "nearest_osm_pole_m": null}}, {"type": "Feature", "geometry": {"type": "Point", "coordinates": [-72.35046, 44.5071]}, "properties": {"id": "hard-01708", "is_utility_pole": true, "pole_type": "wood_utility", "model_flags": [], "model_watch": ["lean_slight"], "lean": "slight", "crossarm": "intact", "vegetation": "near", "transformer": false, "attachments_estimate": 1, "photos_assessed": 1, "capture_sequences": 1, "photo_shown_date": "2017-07", "latest_available_photo_date": "2017-07", "source_photo_url": "https://www.mapillary.com/app/?pKey=403393220680811&focus=photo", "nearest_osm_pole_m": null}}, {"type": "Feature", "geometry": {"type": "Point", "coordinates": [-72.34735, 44.50842]}, "properties": {"id": "hard-01709", "is_utility_pole": true, "pole_type": "wood_utility", "model_flags": ["vegetation"], "model_watch": ["lean_slight"], "lean": "slight", "crossarm": "intact", "vegetation": "touching", "transformer": false, "attachments_estimate": 0, "photos_assessed": 1, "capture_sequences": 1, "photo_shown_date": "2015-07", "latest_available_photo_date": "2017-07", "source_photo_url": "https://www.mapillary.com/app/?pKey=531214534917297&focus=photo", "nearest_osm_pole_m": null}}, {"type": "Feature", "geometry": {"type": "Point", "coordinates": [-72.3799705, 44.487757]}, "properties": {"id": "hard-01710", "is_utility_pole": false, "pole_type": "unclear", "model_flags": [], "model_watch": [], "lean": "unclear", "crossarm": "none_visible", "vegetation": "unclear", "transformer": false, "attachments_estimate": 0, "photos_assessed": 4, "capture_sequences": 3, "photo_shown_date": "2016-07", "latest_available_photo_date": "2018-07", "source_photo_url": "https://www.mapillary.com/app/?pKey=499916344461017&focus=photo", "nearest_osm_pole_m": null}}, {"type": "Feature", "geometry": {"type": "Point", "coordinates": [-72.315834, 44.556183]}, "properties": {"id": "hard-01711", "is_utility_pole": true, "pole_type": "wood_utility", "model_flags": [], "model_watch": ["lean_slight"], "lean": "slight", "crossarm": "none_visible", "vegetation": "near", "transformer": false, "attachments_estimate": 1, "photos_assessed": 3, "capture_sequences": 2, "photo_shown_date": "2019-07", "latest_available_photo_date": "2019-07", "source_photo_url": "https://www.mapillary.com/app/?pKey=260647649133255&focus=photo", "nearest_osm_pole_m": null}}, {"type": "Feature", "geometry": {"type": "Point", "coordinates": [-72.26661, 44.550682]}, "properties": {"id": "hard-01712", "is_utility_pole": true, "pole_type": "wood_utility", "model_flags": ["vegetation"], "model_watch": ["lean_slight"], "lean": "slight", "crossarm": "none_visible", "vegetation": "touching", "transformer": false, "attachments_estimate": 0, "photos_assessed": 3, "capture_sequences": 2, "photo_shown_date": "2019-07", "latest_available_photo_date": "2019-07", "source_photo_url": "https://www.mapillary.com/app/?pKey=1187339138376001&focus=photo", "nearest_osm_pole_m": null}}, {"type": "Feature", "geometry": {"type": "Point", "coordinates": [-72.39444, 44.475315]}, "properties": {"id": "hard-01713", "is_utility_pole": true, "pole_type": "wood_utility", "model_flags": ["vegetation"], "model_watch": [], "lean": "none", "crossarm": "none_visible", "vegetation": "touching", "transformer": false, "attachments_estimate": 1, "photos_assessed": 1, "capture_sequences": 1, "photo_shown_date": "2016-07", "latest_available_photo_date": "2016-07", "source_photo_url": "https://www.mapillary.com/app/?pKey=1394030157645573&focus=photo", "nearest_osm_pole_m": null}}, {"type": "Feature", "geometry": {"type": "Point", "coordinates": [-72.395744, 44.474697]}, "properties": {"id": "hard-01714", "is_utility_pole": true, "pole_type": "wood_utility", "model_flags": [], "model_watch": [], "lean": "none", "crossarm": "none_visible", "vegetation": "near", "transformer": false, "attachments_estimate": 0, "photos_assessed": 2, "capture_sequences": 1, "photo_shown_date": "2016-07", "latest_available_photo_date": "2016-07", "source_photo_url": "https://www.mapillary.com/app/?pKey=509888190294167&focus=photo", "nearest_osm_pole_m": null}}, {"type": "Feature", "geometry": {"type": "Point", "coordinates": [-72.39496, 44.47502]}, "properties": {"id": "hard-01715", "is_utility_pole": true, "pole_type": "wood_utility", "model_flags": ["vegetation"], "model_watch": ["lean_slight"], "lean": "slight", "crossarm": "intact", "vegetation": "touching", "transformer": false, "attachments_estimate": 1, "photos_assessed": 3, "capture_sequences": 1, "photo_shown_date": "2016-07", "latest_available_photo_date": "2016-07", "source_photo_url": "https://www.mapillary.com/app/?pKey=309464120819795&focus=photo", "nearest_osm_pole_m": null}}, {"type": "Feature", "geometry": {"type": "Point", "coordinates": [-72.394105, 44.475506]}, "properties": {"id": "hard-01716", "is_utility_pole": true, "pole_type": "wood_utility", "model_flags": ["vegetation"], "model_watch": [], "lean": "none", "crossarm": "intact", "vegetation": "touching", "transformer": false, "attachments_estimate": 0, "photos_assessed": 6, "capture_sequences": 5, "photo_shown_date": "2018-07", "latest_available_photo_date": "2018-07", "source_photo_url": "https://www.mapillary.com/app/?pKey=519419285879500&focus=photo", "nearest_osm_pole_m": null}}, {"type": "Feature", "geometry": {"type": "Point", "coordinates": [-72.40001, 44.473644]}, "properties": {"id": "hard-01717", "is_utility_pole": true, "pole_type": "wood_utility", "model_flags": [], "model_watch": ["lean_slight"], "lean": "slight", "crossarm": "intact", "vegetation": "near", "transformer": false, "attachments_estimate": 1, "photos_assessed": 3, "capture_sequences": 3, "photo_shown_date": "2018-07", "latest_available_photo_date": "2018-07", "source_photo_url": "https://www.mapillary.com/app/?pKey=238723011357477&focus=photo", "nearest_osm_pole_m": null}}, {"type": "Feature", "geometry": {"type": "Point", "coordinates": [-72.2692, 44.54323]}, "properties": {"id": "hard-01718", "is_utility_pole": true, "pole_type": "wood_utility", "model_flags": [], "model_watch": [], "lean": "none", "crossarm": "none_visible", "vegetation": "none", "transformer": false, "attachments_estimate": 0, "photos_assessed": 3, "capture_sequences": 2, "photo_shown_date": "2016-06", "latest_available_photo_date": "2016-06", "source_photo_url": "https://www.mapillary.com/app/?pKey=205173648114959&focus=photo", "nearest_osm_pole_m": null}}, {"type": "Feature", "geometry": {"type": "Point", "coordinates": [-72.398575, 44.47427]}, "properties": {"id": "hard-01719", "is_utility_pole": true, "pole_type": "wood_utility", "model_flags": ["vegetation"], "model_watch": ["lean_slight"], "lean": "slight", "crossarm": "intact", "vegetation": "touching", "transformer": false, "attachments_estimate": 0, "photos_assessed": 3, "capture_sequences": 2, "photo_shown_date": "2014-07", "latest_available_photo_date": "2018-07", "source_photo_url": "https://www.mapillary.com/app/?pKey=163378539077618&focus=photo", "nearest_osm_pole_m": null}}, {"type": "Feature", "geometry": {"type": "Point", "coordinates": [-72.39465, 44.475155]}, "properties": {"id": "hard-01720", "is_utility_pole": true, "pole_type": "wood_utility", "model_flags": [], "model_watch": ["lean_slight"], "lean": "slight", "crossarm": "none_visible", "vegetation": "near", "transformer": false, "attachments_estimate": 0, "photos_assessed": 3, "capture_sequences": 3, "photo_shown_date": "2016-07", "latest_available_photo_date": "2016-07", "source_photo_url": "https://www.mapillary.com/app/?pKey=841542843129839&focus=photo", "nearest_osm_pole_m": null}}, {"type": "Feature", "geometry": {"type": "Point", "coordinates": [-72.39766, 44.4744]}, "properties": {"id": "hard-01721", "is_utility_pole": true, "pole_type": "wood_utility", "model_flags": ["vegetation"], "model_watch": [], "lean": "none", "crossarm": "intact", "vegetation": "touching", "transformer": false, "attachments_estimate": 0, "photos_assessed": 3, "capture_sequences": 3, "photo_shown_date": "2018-07", "latest_available_photo_date": "2018-07", "source_photo_url": "https://www.mapillary.com/app/?pKey=260303415782255&focus=photo", "nearest_osm_pole_m": null}}, {"type": "Feature", "geometry": {"type": "Point", "coordinates": [-72.39601, 44.474575]}, "properties": {"id": "hard-01722", "is_utility_pole": true, "pole_type": "wood_utility", "model_flags": ["vegetation"], "model_watch": [], "lean": "none", "crossarm": "none_visible", "vegetation": "touching", "transformer": false, "attachments_estimate": 0, "photos_assessed": 3, "capture_sequences": 3, "photo_shown_date": "2018-06", "latest_available_photo_date": "2018-06", "source_photo_url": "https://www.mapillary.com/app/?pKey=775945426443281&focus=photo", "nearest_osm_pole_m": null}}, {"type": "Feature", "geometry": {"type": "Point", "coordinates": [-72.26922, 44.542995]}, "properties": {"id": "hard-01723", "is_utility_pole": true, "pole_type": "wood_utility", "model_flags": ["lean", "vegetation"], "model_watch": [], "lean": "moderate", "crossarm": "none_visible", "vegetation": "touching", "transformer": false, "attachments_estimate": 0, "photos_assessed": 1, "capture_sequences": 1, "photo_shown_date": "2016-06", "latest_available_photo_date": "2016-06", "source_photo_url": "https://www.mapillary.com/app/?pKey=630365294590236&focus=photo", "nearest_osm_pole_m": null}}, {"type": "Feature", "geometry": {"type": "Point", "coordinates": [-72.26929, 44.542793]}, "properties": {"id": "hard-01724", "is_utility_pole": false, "pole_type": "unclear", "model_flags": [], "model_watch": [], "lean": "unclear", "crossarm": "none_visible", "vegetation": "unclear", "transformer": false, "attachments_estimate": 0, "photos_assessed": 1, "capture_sequences": 1, "photo_shown_date": "2014-06", "latest_available_photo_date": "2018-07", "source_photo_url": "https://www.mapillary.com/app/?pKey=893676837845536&focus=photo", "nearest_osm_pole_m": null}}, {"type": "Feature", "geometry": {"type": "Point", "coordinates": [-72.3993475, 44.474072]}, "properties": {"id": "hard-01725", "is_utility_pole": true, "pole_type": "wood_utility", "model_flags": [], "model_watch": ["lean_slight"], "lean": "slight", "crossarm": "intact", "vegetation": "near", "transformer": false, "attachments_estimate": 1, "photos_assessed": 6, "capture_sequences": 4, "photo_shown_date": "2018-07", "latest_available_photo_date": "2018-07", "source_photo_url": "https://www.mapillary.com/app/?pKey=830824851149408&focus=photo", "nearest_osm_pole_m": null}}, {"type": "Feature", "geometry": {"type": "Point", "coordinates": [-72.39687, 44.47452]}, "properties": {"id": "hard-01726", "is_utility_pole": true, "pole_type": "wood_utility", "model_flags": [], "model_watch": [], "lean": "none", "crossarm": "intact", "vegetation": "near", "transformer": false, "attachments_estimate": 1, "photos_assessed": 3, "capture_sequences": 3, "photo_shown_date": "2018-07", "latest_available_photo_date": "2018-07", "source_photo_url": "https://www.mapillary.com/app/?pKey=320411932940625&focus=photo", "nearest_osm_pole_m": null}}, {"type": "Feature", "geometry": {"type": "Point", "coordinates": [-72.37745, 44.519085]}, "properties": {"id": "hard-01727", "is_utility_pole": true, "pole_type": "wood_utility", "model_flags": ["vegetation"], "model_watch": ["lean_slight"], "lean": "slight", "crossarm": "unclear", "vegetation": "touching", "transformer": false, "attachments_estimate": 1, "photos_assessed": 1, "capture_sequences": 1, "photo_shown_date": "2018-07", "latest_available_photo_date": "2018-07", "source_photo_url": "https://www.mapillary.com/app/?pKey=744803686204209&focus=photo", "nearest_osm_pole_m": null}}, {"type": "Feature", "geometry": {"type": "Point", "coordinates": [-72.37586, 44.520615]}, "properties": {"id": "hard-01728", "is_utility_pole": true, "pole_type": "wood_utility", "model_flags": ["vegetation"], "model_watch": ["lean_slight"], "lean": "slight", "crossarm": "intact", "vegetation": "touching", "transformer": false, "attachments_estimate": 1, "photos_assessed": 3, "capture_sequences": 3, "photo_shown_date": "2018-07", "latest_available_photo_date": "2018-07", "source_photo_url": "https://www.mapillary.com/app/?pKey=893850287844523&focus=photo", "nearest_osm_pole_m": null}}, {"type": "Feature", "geometry": {"type": "Point", "coordinates": [-72.37772, 44.518665]}, "properties": {"id": "hard-01729", "is_utility_pole": true, "pole_type": "wood_utility", "model_flags": [], "model_watch": ["lean_slight"], "lean": "slight", "crossarm": "intact", "vegetation": "near", "transformer": false, "attachments_estimate": 1, "photos_assessed": 3, "capture_sequences": 2, "photo_shown_date": "2018-07", "latest_available_photo_date": "2018-07", "source_photo_url": "https://www.mapillary.com/app/?pKey=859593661298922&focus=photo", "nearest_osm_pole_m": null}}, {"type": "Feature", "geometry": {"type": "Point", "coordinates": [-72.37708, 44.519672]}, "properties": {"id": "hard-01730", "is_utility_pole": true, "pole_type": "wood_utility", "model_flags": [], "model_watch": ["lean_slight"], "lean": "slight", "crossarm": "none_visible", "vegetation": "near", "transformer": false, "attachments_estimate": 1, "photos_assessed": 3, "capture_sequences": 3, "photo_shown_date": "2018-06", "latest_available_photo_date": "2018-06", "source_photo_url": "https://www.mapillary.com/app/?pKey=310771980492610&focus=photo", "nearest_osm_pole_m": null}}]}