{"type": "FeatureCollection", "license": "ODbL 1.0", "attribution": "Imagery and detections \u00a9 Mapillary contributors, CC BY-SA 4.0. Derived data ODbL. Basemap \u00a9 OpenStreetMap contributors. OSM pole comparison \u00a9 OpenStreetMap contributors, ODbL.", "features": [{"type": "Feature", "geometry": {"type": "Point", "coordinates": [-70.8476, 42.507133]}, "properties": {"id": "marb-00000", "is_utility_pole": true, "pole_type": "wood_utility", "model_flags": [], "model_watch": [], "lean": "none", "crossarm": "none_visible", "vegetation": "near", "transformer": false, "attachments_estimate": 1, "photos_assessed": 3, "capture_sequences": 1, "photo_shown_date": "2023-08", "latest_available_photo_date": "2023-08", "source_photo_url": "https://www.mapillary.com/app/?pKey=613937043950563&focus=photo", "nearest_osm_pole_m": null}}, {"type": "Feature", "geometry": {"type": "Point", "coordinates": [-70.847786, 42.50692]}, "properties": {"id": "marb-00001", "is_utility_pole": true, "pole_type": "wood_utility", "model_flags": [], "model_watch": [], "lean": "none", "crossarm": "none_visible", "vegetation": "near", "transformer": false, "attachments_estimate": 1, "photos_assessed": 3, "capture_sequences": 1, "photo_shown_date": "2023-08", "latest_available_photo_date": "2023-08", "source_photo_url": "https://www.mapillary.com/app/?pKey=1026857732011461&focus=photo", "nearest_osm_pole_m": null}}, {"type": "Feature", "geometry": {"type": "Point", "coordinates": [-70.8478463, 42.5068526]}, "properties": {"id": "marb-00002", "is_utility_pole": true, "pole_type": "wood_utility", "model_flags": [], "model_watch": ["lean_slight"], "lean": "slight", "crossarm": "none_visible", "vegetation": "none", "transformer": false, "attachments_estimate": 2, "photos_assessed": 13, "capture_sequences": 1, "photo_shown_date": "2023-08", "latest_available_photo_date": "2023-08", "source_photo_url": "https://www.mapillary.com/app/?pKey=1733082407127881&focus=photo", "nearest_osm_pole_m": null}}, {"type": "Feature", "geometry": {"type": "Point", "coordinates": [-70.848, 42.5067102]}, "properties": {"id": "marb-00003", "is_utility_pole": true, "pole_type": "wood_utility", "model_flags": [], "model_watch": ["lean_slight"], "lean": "slight", "crossarm": "none_visible", "vegetation": "none", "transformer": false, "attachments_estimate": 2, "photos_assessed": 4, "capture_sequences": 1, "photo_shown_date": "2023-08", "latest_available_photo_date": "2023-08", "source_photo_url": "https://www.mapillary.com/app/?pKey=284797844169939&focus=photo", "nearest_osm_pole_m": null}}, {"type": "Feature", "geometry": {"type": "Point", "coordinates": [-70.852875, 42.50259]}, "properties": {"id": "marb-00004", "is_utility_pole": true, "pole_type": "wood_utility", "model_flags": [], "model_watch": ["lean_slight"], "lean": "slight", "crossarm": "none_visible", "vegetation": "near", "transformer": false, "attachments_estimate": 3, "photos_assessed": 1, "capture_sequences": 1, "photo_shown_date": "2023-08", "latest_available_photo_date": "2023-08", "source_photo_url": "https://www.mapillary.com/app/?pKey=831283621908605&focus=photo", "nearest_osm_pole_m": null}}, {"type": "Feature", "geometry": {"type": "Point", "coordinates": [-70.85191, 42.5032]}, "properties": {"id": "marb-00005", "is_utility_pole": true, "pole_type": "wood_utility", "model_flags": ["lean", "vegetation"], "model_watch": [], "lean": "moderate", "crossarm": "none_visible", "vegetation": "touching", "transformer": false, "attachments_estimate": 2, "photos_assessed": 3, "capture_sequences": 1, "photo_shown_date": "2023-08", "latest_available_photo_date": "2023-08", "source_photo_url": "https://www.mapillary.com/app/?pKey=311067127960720&focus=photo", "nearest_osm_pole_m": null}}, {"type": "Feature", "geometry": {"type": "Point", "coordinates": [-70.85173, 42.50319]}, "properties": {"id": "marb-00006", "is_utility_pole": true, "pole_type": "wood_utility", "model_flags": [], "model_watch": [], "lean": "none", "crossarm": "none_visible", "vegetation": "near", "transformer": false, "attachments_estimate": 1, "photos_assessed": 3, "capture_sequences": 1, "photo_shown_date": "2023-08", "latest_available_photo_date": "2023-08", "source_photo_url": "https://www.mapillary.com/app/?pKey=4424791217746608&focus=photo", "nearest_osm_pole_m": null}}, {"type": "Feature", "geometry": {"type": "Point", "coordinates": [-70.852745, 42.502666]}, "properties": {"id": "marb-00007", "is_utility_pole": true, "pole_type": "wood_utility", "model_flags": [], "model_watch": [], "lean": "none", "crossarm": "none_visible", "vegetation": "near", "transformer": false, "attachments_estimate": 3, "photos_assessed": 3, "capture_sequences": 1, "photo_shown_date": "2023-08", "latest_available_photo_date": "2023-08", "source_photo_url": "https://www.mapillary.com/app/?pKey=262311286580075&focus=photo", "nearest_osm_pole_m": null}}, {"type": "Feature", "geometry": {"type": "Point", "coordinates": [-70.848462, 42.5060352]}, "properties": {"id": "marb-00008", "is_utility_pole": true, "pole_type": "wood_utility", "model_flags": [], "model_watch": ["lean_slight"], "lean": "slight", "crossarm": "none_visible", "vegetation": "near", "transformer": false, "attachments_estimate": 2, "photos_assessed": 5, "capture_sequences": 1, "photo_shown_date": "2023-08", "latest_available_photo_date": "2023-08", "source_photo_url": "https://www.mapillary.com/app/?pKey=639846721545955&focus=photo", "nearest_osm_pole_m": null}}, {"type": "Feature", "geometry": {"type": "Point", "coordinates": [-70.84862, 42.50591]}, "properties": {"id": "marb-00009", "is_utility_pole": true, "pole_type": "wood_utility", "model_flags": [], "model_watch": [], "lean": "none", "crossarm": "intact", "vegetation": "near", "transformer": false, "attachments_estimate": 2, "photos_assessed": 3, "capture_sequences": 1, "photo_shown_date": "2023-08", "latest_available_photo_date": "2023-08", "source_photo_url": "https://www.mapillary.com/app/?pKey=1983727155360578&focus=photo", "nearest_osm_pole_m": null}}, {"type": "Feature", "geometry": {"type": "Point", "coordinates": [-70.835855, 42.493078]}, "properties": {"id": "marb-00010", "is_utility_pole": true, "pole_type": "wood_utility", "model_flags": [], "model_watch": [], "lean": "none", "crossarm": "none_visible", "vegetation": "near", "transformer": false, "attachments_estimate": 1, "photos_assessed": 6, "capture_sequences": 2, "photo_shown_date": "2025-11", "latest_available_photo_date": "2025-11", "source_photo_url": "https://www.mapillary.com/app/?pKey=820296957403587&focus=photo", "nearest_osm_pole_m": null}}, {"type": "Feature", "geometry": {"type": "Point", "coordinates": [-70.83588, 42.494167]}, "properties": {"id": "marb-00011", "is_utility_pole": true, "pole_type": "wood_utility", "model_flags": [], "model_watch": [], "lean": "none", "crossarm": "none_visible", "vegetation": "near", "transformer": false, "attachments_estimate": 0, "photos_assessed": 3, "capture_sequences": 1, "photo_shown_date": "2023-11", "latest_available_photo_date": "2023-11", "source_photo_url": "https://www.mapillary.com/app/?pKey=341438868493008&focus=photo", "nearest_osm_pole_m": null}}, {"type": "Feature", "geometry": {"type": "Point", "coordinates": [-70.835464, 42.50175]}, "properties": {"id": "marb-00012", "is_utility_pole": true, "pole_type": "wood_utility", "model_flags": ["vegetation"], "model_watch": [], "lean": "none", "crossarm": "none_visible", "vegetation": "touching", "transformer": false, "attachments_estimate": 2, "photos_assessed": 3, "capture_sequences": 1, "photo_shown_date": "2023-11", "latest_available_photo_date": "2023-11", "source_photo_url": "https://www.mapillary.com/app/?pKey=163078273559755&focus=photo", "nearest_osm_pole_m": null}}, {"type": "Feature", "geometry": {"type": "Point", "coordinates": [-70.83552, 42.5015]}, "properties": {"id": "marb-00013", "is_utility_pole": false, "pole_type": "street_light", "model_flags": ["vegetation"], "model_watch": ["lean_slight"], "lean": "slight", "crossarm": "none_visible", "vegetation": "touching", "transformer": false, "attachments_estimate": 0, "photos_assessed": 3, "capture_sequences": 1, "photo_shown_date": "2023-11", "latest_available_photo_date": "2023-11", "source_photo_url": "https://www.mapillary.com/app/?pKey=1780049142430548&focus=photo", "nearest_osm_pole_m": null}}, {"type": "Feature", "geometry": {"type": "Point", "coordinates": [-70.835625, 42.501602]}, "properties": {"id": "marb-00014", "is_utility_pole": true, "pole_type": "wood_utility", "model_flags": [], "model_watch": ["lean_slight"], "lean": "slight", "crossarm": "intact", "vegetation": "near", "transformer": false, "attachments_estimate": 1, "photos_assessed": 3, "capture_sequences": 1, "photo_shown_date": "2023-11", "latest_available_photo_date": "2023-11", "source_photo_url": "https://www.mapillary.com/app/?pKey=364157419418887&focus=photo", "nearest_osm_pole_m": null}}, {"type": "Feature", "geometry": {"type": "Point", "coordinates": [-70.84018, 42.497505]}, "properties": {"id": "marb-00015", "is_utility_pole": true, "pole_type": "wood_utility", "model_flags": [], "model_watch": ["lean_slight"], "lean": "slight", "crossarm": "none_visible", "vegetation": "near", "transformer": false, "attachments_estimate": 1, "photos_assessed": 3, "capture_sequences": 1, "photo_shown_date": "2025-11", "latest_available_photo_date": "2025-11", "source_photo_url": "https://www.mapillary.com/app/?pKey=3934454816844730&focus=photo", "nearest_osm_pole_m": null}}, {"type": "Feature", "geometry": {"type": "Point", "coordinates": [-70.84077, 42.49707]}, "properties": {"id": "marb-00016", "is_utility_pole": true, "pole_type": "wood_utility", "model_flags": ["double", "lean", "vegetation"], "model_watch": [], "lean": "moderate", "crossarm": "unclear", "vegetation": "touching", "transformer": false, "attachments_estimate": 1, "photos_assessed": 2, "capture_sequences": 1, "photo_shown_date": "2025-11", "latest_available_photo_date": "2025-11", "source_photo_url": "https://www.mapillary.com/app/?pKey=1505731510691583&focus=photo", "nearest_osm_pole_m": null}}, {"type": "Feature", "geometry": {"type": "Point", "coordinates": [-70.839485, 42.498077]}, "properties": {"id": "marb-00017", "is_utility_pole": false, "pole_type": "unclear", "model_flags": [], "model_watch": [], "lean": "unclear", "crossarm": "none_visible", "vegetation": "unclear", "transformer": false, "attachments_estimate": 0, "photos_assessed": 1, "capture_sequences": 1, "photo_shown_date": "2025-11", "latest_available_photo_date": "2025-11", "source_photo_url": "https://www.mapillary.com/app/?pKey=1220561293267557&focus=photo", "nearest_osm_pole_m": null}}, {"type": "Feature", "geometry": {"type": "Point", "coordinates": [-70.84098, 42.49681]}, "properties": {"id": "marb-00018", "is_utility_pole": true, "pole_type": "wood_utility", "model_flags": ["vegetation"], "model_watch": ["lean_slight"], "lean": "slight", "crossarm": "none_visible", "vegetation": "touching", "transformer": false, "attachments_estimate": 1, "photos_assessed": 1, "capture_sequences": 1, "photo_shown_date": "2025-11", "latest_available_photo_date": "2025-11", "source_photo_url": "https://www.mapillary.com/app/?pKey=25131308083152078&focus=photo", "nearest_osm_pole_m": null}}, {"type": "Feature", "geometry": {"type": "Point", "coordinates": [-70.84005, 42.497612]}, "properties": {"id": "marb-00019", "is_utility_pole": true, "pole_type": "wood_utility", "model_flags": [], "model_watch": [], "lean": "none", "crossarm": "intact", "vegetation": "near", "transformer": false, "attachments_estimate": 1, "photos_assessed": 3, "capture_sequences": 1, "photo_shown_date": "2025-11", "latest_available_photo_date": "2025-11", "source_photo_url": "https://www.mapillary.com/app/?pKey=3934454816844730&focus=photo", "nearest_osm_pole_m": null}}, {"type": "Feature", "geometry": {"type": "Point", "coordinates": [-70.840565, 42.497202]}, "properties": {"id": "marb-00020", "is_utility_pole": true, "pole_type": "wood_utility", "model_flags": ["lean"], "model_watch": [], "lean": "severe", "crossarm": "none_visible", "vegetation": "none", "transformer": false, "attachments_estimate": 1, "photos_assessed": 4, "capture_sequences": 1, "photo_shown_date": "2025-11", "latest_available_photo_date": "2025-11", "source_photo_url": "https://www.mapillary.com/app/?pKey=1608183307204523&focus=photo", "nearest_osm_pole_m": null}}, {"type": "Feature", "geometry": {"type": "Point", "coordinates": [-70.84025, 42.49742]}, "properties": {"id": "marb-00021", "is_utility_pole": true, "pole_type": "wood_utility", "model_flags": ["lean", "vegetation"], "model_watch": [], "lean": "severe", "crossarm": "none_visible", "vegetation": "touching", "transformer": false, "attachments_estimate": 0, "photos_assessed": 3, "capture_sequences": 1, "photo_shown_date": "2025-11", "latest_available_photo_date": "2025-11", "source_photo_url": "https://www.mapillary.com/app/?pKey=4217667545137247&focus=photo", "nearest_osm_pole_m": null}}, {"type": "Feature", "geometry": {"type": "Point", "coordinates": [-70.84039, 42.4973703]}, "properties": {"id": "marb-00022", "is_utility_pole": true, "pole_type": "wood_utility", "model_flags": ["vegetation"], "model_watch": ["lean_slight"], "lean": "slight", "crossarm": "none_visible", "vegetation": "touching", "transformer": false, "attachments_estimate": 2, "photos_assessed": 3, "capture_sequences": 1, "photo_shown_date": "2025-11", "latest_available_photo_date": "2025-11", "source_photo_url": "https://www.mapillary.com/app/?pKey=1219992786633081&focus=photo", "nearest_osm_pole_m": null}}, {"type": "Feature", "geometry": {"type": "Point", "coordinates": [-70.84046, 42.497314]}, "properties": {"id": "marb-00023", "is_utility_pole": true, "pole_type": "wood_utility", "model_flags": ["vegetation"], "model_watch": [], "lean": "none", "crossarm": "none_visible", "vegetation": "touching", "transformer": false, "attachments_estimate": 2, "photos_assessed": 3, "capture_sequences": 1, "photo_shown_date": "2025-11", "latest_available_photo_date": "2025-11", "source_photo_url": "https://www.mapillary.com/app/?pKey=1219992786633081&focus=photo", "nearest_osm_pole_m": null}}, {"type": "Feature", "geometry": {"type": "Point", "coordinates": [-70.839966, 42.497684]}, "properties": {"id": "marb-00024", "is_utility_pole": true, "pole_type": "wood_utility", "model_flags": [], "model_watch": ["lean_slight"], "lean": "slight", "crossarm": "intact", "vegetation": "none", "transformer": false, "attachments_estimate": 1, "photos_assessed": 3, "capture_sequences": 1, "photo_shown_date": "2025-11", "latest_available_photo_date": "2025-11", "source_photo_url": "https://www.mapillary.com/app/?pKey=810890098393098&focus=photo", "nearest_osm_pole_m": null}}, {"type": "Feature", "geometry": {"type": "Point", "coordinates": [-70.839874, 42.497757]}, "properties": {"id": "marb-00025", "is_utility_pole": true, "pole_type": "wood_utility", "model_flags": [], "model_watch": ["lean_slight"], "lean": "slight", "crossarm": "intact", "vegetation": "near", "transformer": false, "attachments_estimate": 1, "photos_assessed": 3, "capture_sequences": 1, "photo_shown_date": "2025-11", "latest_available_photo_date": "2025-11", "source_photo_url": "https://www.mapillary.com/app/?pKey=1256984123127224&focus=photo", "nearest_osm_pole_m": null}}, {"type": "Feature", "geometry": {"type": "Point", "coordinates": [-70.8396113, 42.4979303]}, "properties": {"id": "marb-00026", "is_utility_pole": true, "pole_type": "wood_utility", "model_flags": ["vegetation"], "model_watch": ["lean_slight"], "lean": "slight", "crossarm": "unclear", "vegetation": "touching", "transformer": false, "attachments_estimate": 1, "photos_assessed": 4, "capture_sequences": 1, "photo_shown_date": "2025-11", "latest_available_photo_date": "2025-11", "source_photo_url": "https://www.mapillary.com/app/?pKey=1745309156314206&focus=photo", "nearest_osm_pole_m": null}}, {"type": "Feature", "geometry": {"type": "Point", "coordinates": [-70.8411275, 42.496765]}, "properties": {"id": "marb-00027", "is_utility_pole": true, "pole_type": "wood_utility", "model_flags": ["vegetation"], "model_watch": ["lean_slight"], "lean": "slight", "crossarm": "none_visible", "vegetation": "touching", "transformer": false, "attachments_estimate": 0, "photos_assessed": 6, "capture_sequences": 1, "photo_shown_date": "2025-11", "latest_available_photo_date": "2025-11", "source_photo_url": "https://www.mapillary.com/app/?pKey=1444568540332456&focus=photo", "nearest_osm_pole_m": null}}, {"type": "Feature", "geometry": {"type": "Point", "coordinates": [-70.840815, 42.4970125]}, "properties": {"id": "marb-00028", "is_utility_pole": true, "pole_type": "wood_utility", "model_flags": ["double", "lean"], "model_watch": [], "lean": "moderate", "crossarm": "none_visible", "vegetation": "none", "transformer": false, "attachments_estimate": 1, "photos_assessed": 8, "capture_sequences": 1, "photo_shown_date": "2025-11", "latest_available_photo_date": "2025-11", "source_photo_url": "https://www.mapillary.com/app/?pKey=695877420238452&focus=photo", "nearest_osm_pole_m": null}}, {"type": "Feature", "geometry": {"type": "Point", "coordinates": [-70.841, 42.49692]}, "properties": {"id": "marb-00029", "is_utility_pole": true, "pole_type": "wood_utility", "model_flags": ["vegetation"], "model_watch": ["lean_slight"], "lean": "slight", "crossarm": "unclear", "vegetation": "touching", "transformer": true, "attachments_estimate": 1, "photos_assessed": 1, "capture_sequences": 1, "photo_shown_date": "2025-11", "latest_available_photo_date": "2025-11", "source_photo_url": "https://www.mapillary.com/app/?pKey=1338630174417406&focus=photo", "nearest_osm_pole_m": null}}, {"type": "Feature", "geometry": {"type": "Point", "coordinates": [-70.8770825, 42.4838195]}, "properties": {"id": "marb-00030", "is_utility_pole": true, "pole_type": "wood_utility", "model_flags": ["vegetation"], "model_watch": ["lean_slight"], "lean": "slight", "crossarm": "intact", "vegetation": "touching", "transformer": false, "attachments_estimate": 1, "photos_assessed": 4, "capture_sequences": 1, "photo_shown_date": "2023-11", "latest_available_photo_date": "2023-11", "source_photo_url": "https://www.mapillary.com/app/?pKey=1040036430567762&focus=photo", "nearest_osm_pole_m": null}}, {"type": "Feature", "geometry": {"type": "Point", "coordinates": [-70.84481, 42.493546]}, "properties": {"id": "marb-00031", "is_utility_pole": true, "pole_type": "wood_utility", "model_flags": [], "model_watch": [], "lean": "none", "crossarm": "intact", "vegetation": "none", "transformer": false, "attachments_estimate": 2, "photos_assessed": 3, "capture_sequences": 1, "photo_shown_date": "2025-11", "latest_available_photo_date": "2025-11", "source_photo_url": "https://www.mapillary.com/app/?pKey=835624902280600&focus=photo", "nearest_osm_pole_m": null}}, {"type": "Feature", "geometry": {"type": "Point", "coordinates": [-70.84493, 42.493324]}, "properties": {"id": "marb-00032", "is_utility_pole": true, "pole_type": "wood_utility", "model_flags": ["lean"], "model_watch": [], "lean": "severe", "crossarm": "none_visible", "vegetation": "near", "transformer": false, "attachments_estimate": 1, "photos_assessed": 3, "capture_sequences": 1, "photo_shown_date": "2025-11", "latest_available_photo_date": "2025-11", "source_photo_url": "https://www.mapillary.com/app/?pKey=2327790097654841&focus=photo", "nearest_osm_pole_m": null}}, {"type": "Feature", "geometry": {"type": "Point", "coordinates": [-70.84415, 42.493793]}, "properties": {"id": "marb-00033", "is_utility_pole": true, "pole_type": "wood_utility", "model_flags": ["vegetation"], "model_watch": [], "lean": "unclear", "crossarm": "none_visible", "vegetation": "touching", "transformer": false, "attachments_estimate": 2, "photos_assessed": 3, "capture_sequences": 1, "photo_shown_date": "2025-11", "latest_available_photo_date": "2025-11", "source_photo_url": "https://www.mapillary.com/app/?pKey=1370128991315101&focus=photo", "nearest_osm_pole_m": null}}, {"type": "Feature", "geometry": {"type": "Point", "coordinates": [-70.843544, 42.494057]}, "properties": {"id": "marb-00034", "is_utility_pole": true, "pole_type": "wood_utility", "model_flags": ["vegetation"], "model_watch": [], "lean": "none", "crossarm": "none_visible", "vegetation": "touching", "transformer": false, "attachments_estimate": 0, "photos_assessed": 3, "capture_sequences": 1, "photo_shown_date": "2025-11", "latest_available_photo_date": "2025-11", "source_photo_url": "https://www.mapillary.com/app/?pKey=1097583298918973&focus=photo", "nearest_osm_pole_m": null}}, {"type": "Feature", "geometry": {"type": "Point", "coordinates": [-70.84403, 42.49385]}, "properties": {"id": "marb-00035", "is_utility_pole": true, "pole_type": "wood_utility", "model_flags": ["vegetation"], "model_watch": [], "lean": "unclear", "crossarm": "unclear", "vegetation": "touching", "transformer": false, "attachments_estimate": 0, "photos_assessed": 1, "capture_sequences": 1, "photo_shown_date": "2025-11", "latest_available_photo_date": "2025-11", "source_photo_url": "https://www.mapillary.com/app/?pKey=1153797266397726&focus=photo", "nearest_osm_pole_m": null}}, {"type": "Feature", "geometry": {"type": "Point", "coordinates": [-70.84441, 42.493702]}, "properties": {"id": "marb-00036", "is_utility_pole": true, "pole_type": "wood_utility", "model_flags": ["vegetation"], "model_watch": ["lean_slight"], "lean": "slight", "crossarm": "none_visible", "vegetation": "touching", "transformer": false, "attachments_estimate": 1, "photos_assessed": 3, "capture_sequences": 1, "photo_shown_date": "2025-11", "latest_available_photo_date": "2025-11", "source_photo_url": "https://www.mapillary.com/app/?pKey=825722330036849&focus=photo", "nearest_osm_pole_m": null}}, {"type": "Feature", "geometry": {"type": "Point", "coordinates": [-70.8433, 42.49431]}, "properties": {"id": "marb-00037", "is_utility_pole": true, "pole_type": "wood_utility", "model_flags": ["lean", "vegetation"], "model_watch": [], "lean": "severe", "crossarm": "none_visible", "vegetation": "touching", "transformer": false, "attachments_estimate": 1, "photos_assessed": 3, "capture_sequences": 1, "photo_shown_date": "2025-11", "latest_available_photo_date": "2025-11", "source_photo_url": "https://www.mapillary.com/app/?pKey=1930796464164822&focus=photo", "nearest_osm_pole_m": null}}, {"type": "Feature", "geometry": {"type": "Point", "coordinates": [-70.84372, 42.4941]}, "properties": {"id": "marb-00038", "is_utility_pole": true, "pole_type": "wood_utility", "model_flags": ["vegetation"], "model_watch": [], "lean": "none", "crossarm": "intact", "vegetation": "touching", "transformer": false, "attachments_estimate": 2, "photos_assessed": 3, "capture_sequences": 1, "photo_shown_date": "2025-11", "latest_available_photo_date": "2025-11", "source_photo_url": "https://www.mapillary.com/app/?pKey=828668909891019&focus=photo", "nearest_osm_pole_m": null}}, {"type": "Feature", "geometry": {"type": "Point", "coordinates": [-70.84471, 42.49364]}, "properties": {"id": "marb-00039", "is_utility_pole": true, "pole_type": "wood_utility", "model_flags": ["lean"], "model_watch": [], "lean": "severe", "crossarm": "intact", "vegetation": "none", "transformer": false, "attachments_estimate": 0, "photos_assessed": 3, "capture_sequences": 1, "photo_shown_date": "2025-11", "latest_available_photo_date": "2025-11", "source_photo_url": "https://www.mapillary.com/app/?pKey=2046363242859313&focus=photo", "nearest_osm_pole_m": null}}, {"type": "Feature", "geometry": {"type": "Point", "coordinates": [-70.842926, 42.494556]}, "properties": {"id": "marb-00040", "is_utility_pole": true, "pole_type": "wood_utility", "model_flags": ["vegetation"], "model_watch": [], "lean": "unclear", "crossarm": "none_visible", "vegetation": "touching", "transformer": false, "attachments_estimate": 1, "photos_assessed": 3, "capture_sequences": 1, "photo_shown_date": "2025-11", "latest_available_photo_date": "2025-11", "source_photo_url": "https://www.mapillary.com/app/?pKey=1142784944278760&focus=photo", "nearest_osm_pole_m": null}}, {"type": "Feature", "geometry": {"type": "Point", "coordinates": [-70.845276, 42.507706]}, "properties": {"id": "marb-00041", "is_utility_pole": true, "pole_type": "wood_utility", "model_flags": ["vegetation"], "model_watch": [], "lean": "none", "crossarm": "none_visible", "vegetation": "touching", "transformer": false, "attachments_estimate": 1, "photos_assessed": 3, "capture_sequences": 1, "photo_shown_date": "2023-08", "latest_available_photo_date": "2023-08", "source_photo_url": "https://www.mapillary.com/app/?pKey=1429849574257689&focus=photo", "nearest_osm_pole_m": null}}, {"type": "Feature", "geometry": {"type": "Point", "coordinates": [-70.845692, 42.5077552]}, "properties": {"id": "marb-00042", "is_utility_pole": true, "pole_type": "wood_utility", "model_flags": [], "model_watch": [], "lean": "none", "crossarm": "none_visible", "vegetation": "near", "transformer": false, "attachments_estimate": 2, "photos_assessed": 5, "capture_sequences": 1, "photo_shown_date": "2023-08", "latest_available_photo_date": "2023-08", "source_photo_url": "https://www.mapillary.com/app/?pKey=256565560576867&focus=photo", "nearest_osm_pole_m": null}}, {"type": "Feature", "geometry": {"type": "Point", "coordinates": [-70.84555, 42.507683]}, "properties": {"id": "marb-00043", "is_utility_pole": true, "pole_type": "wood_utility", "model_flags": ["vegetation"], "model_watch": ["lean_slight"], "lean": "slight", "crossarm": "none_visible", "vegetation": "touching", "transformer": false, "attachments_estimate": 1, "photos_assessed": 3, "capture_sequences": 1, "photo_shown_date": "2023-08", "latest_available_photo_date": "2023-08", "source_photo_url": "https://www.mapillary.com/app/?pKey=335769795542825&focus=photo", "nearest_osm_pole_m": null}}, {"type": "Feature", "geometry": {"type": "Point", "coordinates": [-70.845024, 42.507587]}, "properties": {"id": "marb-00044", "is_utility_pole": true, "pole_type": "wood_utility", "model_flags": [], "model_watch": [], "lean": "none", "crossarm": "none_visible", "vegetation": "near", "transformer": false, "attachments_estimate": 0, "photos_assessed": 3, "capture_sequences": 1, "photo_shown_date": "2023-08", "latest_available_photo_date": "2023-08", "source_photo_url": "https://www.mapillary.com/app/?pKey=1015947893066796&focus=photo", "nearest_osm_pole_m": null}}, {"type": "Feature", "geometry": {"type": "Point", "coordinates": [-70.84963, 42.503147]}, "properties": {"id": "marb-00045", "is_utility_pole": true, "pole_type": "wood_utility", "model_flags": ["vegetation"], "model_watch": ["lean_slight"], "lean": "slight", "crossarm": "none_visible", "vegetation": "touching", "transformer": false, "attachments_estimate": 2, "photos_assessed": 3, "capture_sequences": 1, "photo_shown_date": "2023-08", "latest_available_photo_date": "2023-08", "source_photo_url": "https://www.mapillary.com/app/?pKey=1359525914662798&focus=photo", "nearest_osm_pole_m": null}}, {"type": "Feature", "geometry": {"type": "Point", "coordinates": [-70.84953, 42.50328]}, "properties": {"id": "marb-00046", "is_utility_pole": true, "pole_type": "wood_utility", "model_flags": ["vegetation"], "model_watch": ["lean_slight"], "lean": "slight", "crossarm": "none_visible", "vegetation": "touching", "transformer": false, "attachments_estimate": 0, "photos_assessed": 3, "capture_sequences": 1, "photo_shown_date": "2023-08", "latest_available_photo_date": "2023-08", "source_photo_url": "https://www.mapillary.com/app/?pKey=1359525914662798&focus=photo", "nearest_osm_pole_m": null}}, {"type": "Feature", "geometry": {"type": "Point", "coordinates": [-70.874515, 42.4976508]}, "properties": {"id": "marb-00047", "is_utility_pole": true, "pole_type": "wood_utility", "model_flags": ["vegetation"], "model_watch": [], "lean": "none", "crossarm": "none_visible", "vegetation": "touching", "transformer": false, "attachments_estimate": 1, "photos_assessed": 4, "capture_sequences": 1, "photo_shown_date": "2023-08", "latest_available_photo_date": "2023-08", "source_photo_url": "https://www.mapillary.com/app/?pKey=942719850150550&focus=photo", "nearest_osm_pole_m": 6.8}}, {"type": "Feature", "geometry": {"type": "Point", "coordinates": [-70.8725083, 42.498311]}, "properties": {"id": "marb-00048", "is_utility_pole": true, "pole_type": "wood_utility", "model_flags": ["vegetation"], "model_watch": ["lean_slight"], "lean": "slight", "crossarm": "none_visible", "vegetation": "touching", "transformer": true, "attachments_estimate": 0, "photos_assessed": 6, "capture_sequences": 1, "photo_shown_date": "2023-08", "latest_available_photo_date": "2023-08", "source_photo_url": "https://www.mapillary.com/app/?pKey=1445496089618508&focus=photo", "nearest_osm_pole_m": 6.6}}, {"type": "Feature", "geometry": {"type": "Point", "coordinates": [-70.8723, 42.498386]}, "properties": {"id": "marb-00049", "is_utility_pole": true, "pole_type": "wood_utility", "model_flags": ["vegetation"], "model_watch": ["lean_slight"], "lean": "slight", "crossarm": "none_visible", "vegetation": "touching", "transformer": false, "attachments_estimate": 1, "photos_assessed": 3, "capture_sequences": 1, "photo_shown_date": "2023-08", "latest_available_photo_date": "2023-08", "source_photo_url": "https://www.mapillary.com/app/?pKey=1475092229915257&focus=photo", "nearest_osm_pole_m": 12.7}}, {"type": "Feature", "geometry": {"type": "Point", "coordinates": [-70.8724, 42.498436]}, "properties": {"id": "marb-00050", "is_utility_pole": true, "pole_type": "wood_utility", "model_flags": ["vegetation"], "model_watch": [], "lean": "none", "crossarm": "none_visible", "vegetation": "touching", "transformer": false, "attachments_estimate": 1, "photos_assessed": 3, "capture_sequences": 1, "photo_shown_date": "2023-08", "latest_available_photo_date": "2023-08", "source_photo_url": "https://www.mapillary.com/app/?pKey=311306278144566&focus=photo", "nearest_osm_pole_m": 10.3}}, {"type": "Feature", "geometry": {"type": "Point", "coordinates": [-70.873314, 42.49808]}, "properties": {"id": "marb-00051", "is_utility_pole": true, "pole_type": "wood_utility", "model_flags": ["vegetation"], "model_watch": ["lean_slight"], "lean": "slight", "crossarm": "none_visible", "vegetation": "touching", "transformer": false, "attachments_estimate": 1, "photos_assessed": 3, "capture_sequences": 1, "photo_shown_date": "2023-08", "latest_available_photo_date": "2023-08", "source_photo_url": "https://www.mapillary.com/app/?pKey=885766183154303&focus=photo", "nearest_osm_pole_m": 14.3}}, {"type": "Feature", "geometry": {"type": "Point", "coordinates": [-70.87392, 42.497856]}, "properties": {"id": "marb-00052", "is_utility_pole": true, "pole_type": "wood_utility", "model_flags": ["vegetation"], "model_watch": [], "lean": "none", "crossarm": "none_visible", "vegetation": "touching", "transformer": false, "attachments_estimate": 0, "photos_assessed": 3, "capture_sequences": 1, "photo_shown_date": "2023-08", "latest_available_photo_date": "2023-08", "source_photo_url": "https://www.mapillary.com/app/?pKey=302547209026453&focus=photo", "nearest_osm_pole_m": 8.7}}, {"type": "Feature", "geometry": {"type": "Point", "coordinates": [-70.87014, 42.48943]}, "properties": {"id": "marb-00053", "is_utility_pole": true, "pole_type": "wood_utility", "model_flags": ["vegetation"], "model_watch": ["lean_slight"], "lean": "slight", "crossarm": "none_visible", "vegetation": "touching", "transformer": false, "attachments_estimate": 0, "photos_assessed": 3, "capture_sequences": 1, "photo_shown_date": "2023-11", "latest_available_photo_date": "2023-11", "source_photo_url": "https://www.mapillary.com/app/?pKey=275913058277738&focus=photo", "nearest_osm_pole_m": null}}, {"type": "Feature", "geometry": {"type": "Point", "coordinates": [-70.84971, 42.5029965]}, "properties": {"id": "marb-00054", "is_utility_pole": true, "pole_type": "wood_utility", "model_flags": ["vegetation"], "model_watch": ["lean_slight"], "lean": "slight", "crossarm": "intact", "vegetation": "touching", "transformer": false, "attachments_estimate": 1, "photos_assessed": 6, "capture_sequences": 1, "photo_shown_date": "2023-08", "latest_available_photo_date": "2023-08", "source_photo_url": "https://www.mapillary.com/app/?pKey=3457230884543110&focus=photo", "nearest_osm_pole_m": null}}, {"type": "Feature", "geometry": {"type": "Point", "coordinates": [-70.849808, 42.502796]}, "properties": {"id": "marb-00055", "is_utility_pole": true, "pole_type": "wood_utility", "model_flags": ["vegetation"], "model_watch": ["lean_slight"], "lean": "slight", "crossarm": "none_visible", "vegetation": "touching", "transformer": false, "attachments_estimate": 2, "photos_assessed": 5, "capture_sequences": 1, "photo_shown_date": "2023-08", "latest_available_photo_date": "2023-08", "source_photo_url": "https://www.mapillary.com/app/?pKey=267778749372365&focus=photo", "nearest_osm_pole_m": null}}, {"type": "Feature", "geometry": {"type": "Point", "coordinates": [-70.868576, 42.499523]}, "properties": {"id": "marb-00056", "is_utility_pole": true, "pole_type": "wood_utility", "model_flags": ["lean", "vegetation"], "model_watch": [], "lean": "moderate", "crossarm": "none_visible", "vegetation": "touching", "transformer": false, "attachments_estimate": 0, "photos_assessed": 3, "capture_sequences": 1, "photo_shown_date": "2023-08", "latest_available_photo_date": "2023-08", "source_photo_url": "https://www.mapillary.com/app/?pKey=808849907649402&focus=photo", "nearest_osm_pole_m": 7.3}}, {"type": "Feature", "geometry": {"type": "Point", "coordinates": [-70.86709, 42.499626]}, "properties": {"id": "marb-00057", "is_utility_pole": true, "pole_type": "wood_utility", "model_flags": ["vegetation"], "model_watch": ["lean_slight"], "lean": "slight", "crossarm": "none_visible", "vegetation": "touching", "transformer": false, "attachments_estimate": 1, "photos_assessed": 1, "capture_sequences": 1, "photo_shown_date": "2023-08", "latest_available_photo_date": "2023-08", "source_photo_url": "https://www.mapillary.com/app/?pKey=247715841571933&focus=photo", "nearest_osm_pole_m": 3.1}}, {"type": "Feature", "geometry": {"type": "Point", "coordinates": [-70.868744, 42.49952]}, "properties": {"id": "marb-00058", "is_utility_pole": true, "pole_type": "wood_utility", "model_flags": ["vegetation"], "model_watch": ["lean_slight"], "lean": "slight", "crossarm": "none_visible", "vegetation": "touching", "transformer": false, "attachments_estimate": 1, "photos_assessed": 3, "capture_sequences": 1, "photo_shown_date": "2023-08", "latest_available_photo_date": "2023-08", "source_photo_url": "https://www.mapillary.com/app/?pKey=2753634158111531&focus=photo", "nearest_osm_pole_m": 20.9}}, {"type": "Feature", "geometry": {"type": "Point", "coordinates": [-70.868935, 42.499504]}, "properties": {"id": "marb-00059", "is_utility_pole": true, "pole_type": "wood_utility", "model_flags": ["vegetation"], "model_watch": ["lean_slight"], "lean": "slight", "crossarm": "none_visible", "vegetation": "touching", "transformer": false, "attachments_estimate": 1, "photos_assessed": 3, "capture_sequences": 1, "photo_shown_date": "2023-08", "latest_available_photo_date": "2023-08", "source_photo_url": "https://www.mapillary.com/app/?pKey=3075879646050608&focus=photo", "nearest_osm_pole_m": 23.4}}, {"type": "Feature", "geometry": {"type": "Point", "coordinates": [-70.86743, 42.499603]}, "properties": {"id": "marb-00060", "is_utility_pole": true, "pole_type": "wood_utility", "model_flags": ["vegetation"], "model_watch": ["lean_slight"], "lean": "slight", "crossarm": "none_visible", "vegetation": "touching", "transformer": false, "attachments_estimate": 0, "photos_assessed": 1, "capture_sequences": 1, "photo_shown_date": "2023-08", "latest_available_photo_date": "2023-08", "source_photo_url": "https://www.mapillary.com/app/?pKey=6933969593314690&focus=photo", "nearest_osm_pole_m": null}}, {"type": "Feature", "geometry": {"type": "Point", "coordinates": [-70.8679, 42.499607]}, "properties": {"id": "marb-00061", "is_utility_pole": true, "pole_type": "wood_utility", "model_flags": [], "model_watch": ["lean_slight"], "lean": "slight", "crossarm": "none_visible", "vegetation": "near", "transformer": false, "attachments_estimate": 1, "photos_assessed": 3, "capture_sequences": 1, "photo_shown_date": "2023-08", "latest_available_photo_date": "2023-08", "source_photo_url": "https://www.mapillary.com/app/?pKey=6407596855998578&focus=photo", "nearest_osm_pole_m": 9.6}}, {"type": "Feature", "geometry": {"type": "Point", "coordinates": [-70.848175, 42.506298]}, "properties": {"id": "marb-00062", "is_utility_pole": true, "pole_type": "wood_utility", "model_flags": ["lean"], "model_watch": [], "lean": "moderate", "crossarm": "none_visible", "vegetation": "none", "transformer": false, "attachments_estimate": 2, "photos_assessed": 3, "capture_sequences": 1, "photo_shown_date": "2023-08", "latest_available_photo_date": "2023-08", "source_photo_url": "https://www.mapillary.com/app/?pKey=675970197883427&focus=photo", "nearest_osm_pole_m": null}}, {"type": "Feature", "geometry": {"type": "Point", "coordinates": [-70.848195, 42.5064075]}, "properties": {"id": "marb-00063", "is_utility_pole": true, "pole_type": "wood_utility", "model_flags": [], "model_watch": [], "lean": "none", "crossarm": "none_visible", "vegetation": "near", "transformer": false, "attachments_estimate": 2, "photos_assessed": 6, "capture_sequences": 1, "photo_shown_date": "2023-08", "latest_available_photo_date": "2023-08", "source_photo_url": "https://www.mapillary.com/app/?pKey=1321076282162317&focus=photo", "nearest_osm_pole_m": null}}, {"type": "Feature", "geometry": {"type": "Point", "coordinates": [-70.84812, 42.506587]}, "properties": {"id": "marb-00064", "is_utility_pole": true, "pole_type": "wood_utility", "model_flags": [], "model_watch": [], "lean": "none", "crossarm": "none_visible", "vegetation": "none", "transformer": false, "attachments_estimate": 1, "photos_assessed": 6, "capture_sequences": 1, "photo_shown_date": "2023-08", "latest_available_photo_date": "2023-08", "source_photo_url": "https://www.mapillary.com/app/?pKey=251088647877653&focus=photo", "nearest_osm_pole_m": null}}, {"type": "Feature", "geometry": {"type": "Point", "coordinates": [-70.84803, 42.506577]}, "properties": {"id": "marb-00065", "is_utility_pole": true, "pole_type": "wood_utility", "model_flags": [], "model_watch": [], "lean": "none", "crossarm": "none_visible", "vegetation": "near", "transformer": true, "attachments_estimate": 1, "photos_assessed": 1, "capture_sequences": 1, "photo_shown_date": "2023-08", "latest_available_photo_date": "2023-08", "source_photo_url": "https://www.mapillary.com/app/?pKey=541723651416603&focus=photo", "nearest_osm_pole_m": null}}, {"type": "Feature", "geometry": {"type": "Point", "coordinates": [-70.84858, 42.503468]}, "properties": {"id": "marb-00066", "is_utility_pole": true, "pole_type": "wood_utility", "model_flags": ["lean"], "model_watch": [], "lean": "moderate", "crossarm": "none_visible", "vegetation": "none", "transformer": false, "attachments_estimate": 0, "photos_assessed": 3, "capture_sequences": 1, "photo_shown_date": "2023-08", "latest_available_photo_date": "2023-08", "source_photo_url": "https://www.mapillary.com/app/?pKey=2415211938652459&focus=photo", "nearest_osm_pole_m": null}}, {"type": "Feature", "geometry": {"type": "Point", "coordinates": [-70.8569, 42.49736]}, "properties": {"id": "marb-00067", "is_utility_pole": true, "pole_type": "wood_utility", "model_flags": ["vegetation"], "model_watch": [], "lean": "unclear", "crossarm": "unclear", "vegetation": "touching", "transformer": false, "attachments_estimate": 1, "photos_assessed": 3, "capture_sequences": 1, "photo_shown_date": "2025-11", "latest_available_photo_date": "2025-11", "source_photo_url": "https://www.mapillary.com/app/?pKey=2635787300109492&focus=photo", "nearest_osm_pole_m": null}}, {"type": "Feature", "geometry": {"type": "Point", "coordinates": [-70.856945, 42.497407]}, "properties": {"id": "marb-00068", "is_utility_pole": true, "pole_type": "wood_utility", "model_flags": ["lean"], "model_watch": [], "lean": "moderate", "crossarm": "none_visible", "vegetation": "near", "transformer": false, "attachments_estimate": 1, "photos_assessed": 4, "capture_sequences": 1, "photo_shown_date": "2025-11", "latest_available_photo_date": "2025-11", "source_photo_url": "https://www.mapillary.com/app/?pKey=1744698432909934&focus=photo", "nearest_osm_pole_m": null}}, {"type": "Feature", "geometry": {"type": "Point", "coordinates": [-70.85471, 42.495872]}, "properties": {"id": "marb-00069", "is_utility_pole": true, "pole_type": "wood_utility", "model_flags": [], "model_watch": [], "lean": "unclear", "crossarm": "unclear", "vegetation": "near", "transformer": false, "attachments_estimate": 0, "photos_assessed": 3, "capture_sequences": 1, "photo_shown_date": "2025-11", "latest_available_photo_date": "2025-11", "source_photo_url": "https://www.mapillary.com/app/?pKey=1137115008140669&focus=photo", "nearest_osm_pole_m": null}}, {"type": "Feature", "geometry": {"type": "Point", "coordinates": [-70.85617, 42.496864]}, "properties": {"id": "marb-00070", "is_utility_pole": true, "pole_type": "wood_utility", "model_flags": ["vegetation"], "model_watch": [], "lean": "none", "crossarm": "none_visible", "vegetation": "touching", "transformer": false, "attachments_estimate": 2, "photos_assessed": 3, "capture_sequences": 1, "photo_shown_date": "2025-11", "latest_available_photo_date": "2025-11", "source_photo_url": "https://www.mapillary.com/app/?pKey=1334929750995218&focus=photo", "nearest_osm_pole_m": null}}, {"type": "Feature", "geometry": {"type": "Point", "coordinates": [-70.85645, 42.497063]}, "properties": {"id": "marb-00071", "is_utility_pole": true, "pole_type": "wood_utility", "model_flags": [], "model_watch": ["lean_slight"], "lean": "slight", "crossarm": "none_visible", "vegetation": "none", "transformer": false, "attachments_estimate": 2, "photos_assessed": 3, "capture_sequences": 1, "photo_shown_date": "2025-11", "latest_available_photo_date": "2025-11", "source_photo_url": "https://www.mapillary.com/app/?pKey=690388923730744&focus=photo", "nearest_osm_pole_m": null}}, {"type": "Feature", "geometry": {"type": "Point", "coordinates": [-70.855965, 42.496723]}, "properties": {"id": "marb-00072", "is_utility_pole": true, "pole_type": "wood_utility", "model_flags": [], "model_watch": ["lean_slight"], "lean": "slight", "crossarm": "none_visible", "vegetation": "none", "transformer": false, "attachments_estimate": 2, "photos_assessed": 3, "capture_sequences": 1, "photo_shown_date": "2025-11", "latest_available_photo_date": "2025-11", "source_photo_url": "https://www.mapillary.com/app/?pKey=25100177799644515&focus=photo", "nearest_osm_pole_m": null}}, {"type": "Feature", "geometry": {"type": "Point", "coordinates": [-70.85671, 42.497242]}, "properties": {"id": "marb-00073", "is_utility_pole": true, "pole_type": "wood_utility", "model_flags": [], "model_watch": ["lean_slight"], "lean": "slight", "crossarm": "none_visible", "vegetation": "none", "transformer": true, "attachments_estimate": 2, "photos_assessed": 3, "capture_sequences": 1, "photo_shown_date": "2025-11", "latest_available_photo_date": "2025-11", "source_photo_url": "https://www.mapillary.com/app/?pKey=3488674191274324&focus=photo", "nearest_osm_pole_m": null}}, {"type": "Feature", "geometry": {"type": "Point", "coordinates": [-70.8555, 42.496407]}, "properties": {"id": "marb-00074", "is_utility_pole": true, "pole_type": "wood_utility", "model_flags": [], "model_watch": ["lean_slight"], "lean": "slight", "crossarm": "none_visible", "vegetation": "near", "transformer": false, "attachments_estimate": 2, "photos_assessed": 3, "capture_sequences": 1, "photo_shown_date": "2025-11", "latest_available_photo_date": "2025-11", "source_photo_url": "https://www.mapillary.com/app/?pKey=4127765720810882&focus=photo", "nearest_osm_pole_m": null}}, {"type": "Feature", "geometry": {"type": "Point", "coordinates": [-70.854944, 42.496014]}, "properties": {"id": "marb-00075", "is_utility_pole": true, "pole_type": "wood_utility", "model_flags": [], "model_watch": [], "lean": "none", "crossarm": "none_visible", "vegetation": "near", "transformer": false, "attachments_estimate": 2, "photos_assessed": 5, "capture_sequences": 2, "photo_shown_date": "2025-11", "latest_available_photo_date": "2025-11", "source_photo_url": "https://www.mapillary.com/app/?pKey=849735318006158&focus=photo", "nearest_osm_pole_m": null}}, {"type": "Feature", "geometry": {"type": "Point", "coordinates": [-70.85515, 42.496174]}, "properties": {"id": "marb-00076", "is_utility_pole": true, "pole_type": "wood_utility", "model_flags": [], "model_watch": ["lean_slight"], "lean": "slight", "crossarm": "none_visible", "vegetation": "near", "transformer": false, "attachments_estimate": 2, "photos_assessed": 3, "capture_sequences": 1, "photo_shown_date": "2025-11", "latest_available_photo_date": "2025-11", "source_photo_url": "https://www.mapillary.com/app/?pKey=25938597875741482&focus=photo", "nearest_osm_pole_m": null}}, {"type": "Feature", "geometry": {"type": "Point", "coordinates": [-70.85577, 42.49659]}, "properties": {"id": "marb-00077", "is_utility_pole": true, "pole_type": "wood_utility", "model_flags": ["lean"], "model_watch": [], "lean": "severe", "crossarm": "none_visible", "vegetation": "near", "transformer": false, "attachments_estimate": 1, "photos_assessed": 3, "capture_sequences": 1, "photo_shown_date": "2025-11", "latest_available_photo_date": "2025-11", "source_photo_url": "https://www.mapillary.com/app/?pKey=1383048456749953&focus=photo", "nearest_osm_pole_m": null}}, {"type": "Feature", "geometry": {"type": "Point", "coordinates": [-70.847496, 42.507233]}, "properties": {"id": "marb-00078", "is_utility_pole": true, "pole_type": "wood_utility", "model_flags": ["vegetation"], "model_watch": [], "lean": "none", "crossarm": "none_visible", "vegetation": "touching", "transformer": false, "attachments_estimate": 2, "photos_assessed": 3, "capture_sequences": 1, "photo_shown_date": "2023-08", "latest_available_photo_date": "2023-08", "source_photo_url": "https://www.mapillary.com/app/?pKey=673329171488005&focus=photo", "nearest_osm_pole_m": null}}, {"type": "Feature", "geometry": {"type": "Point", "coordinates": [-70.847247, 42.507462]}, "properties": {"id": "marb-00079", "is_utility_pole": true, "pole_type": "wood_utility", "model_flags": [], "model_watch": [], "lean": "none", "crossarm": "none_visible", "vegetation": "near", "transformer": false, "attachments_estimate": 2, "photos_assessed": 6, "capture_sequences": 1, "photo_shown_date": "2023-08", "latest_available_photo_date": "2023-08", "source_photo_url": "https://www.mapillary.com/app/?pKey=146611988486228&focus=photo", "nearest_osm_pole_m": null}}, {"type": "Feature", "geometry": {"type": "Point", "coordinates": [-70.84715, 42.507557]}, "properties": {"id": "marb-00080", "is_utility_pole": true, "pole_type": "wood_utility", "model_flags": [], "model_watch": [], "lean": "none", "crossarm": "none_visible", "vegetation": "none", "transformer": false, "attachments_estimate": 0, "photos_assessed": 3, "capture_sequences": 1, "photo_shown_date": "2023-08", "latest_available_photo_date": "2023-08", "source_photo_url": "https://www.mapillary.com/app/?pKey=253091730931888&focus=photo", "nearest_osm_pole_m": null}}, {"type": "Feature", "geometry": {"type": "Point", "coordinates": [-70.8612, 42.49441]}, "properties": {"id": "marb-00081", "is_utility_pole": true, "pole_type": "wood_utility", "model_flags": ["lean"], "model_watch": [], "lean": "severe", "crossarm": "none_visible", "vegetation": "near", "transformer": true, "attachments_estimate": 1, "photos_assessed": 3, "capture_sequences": 1, "photo_shown_date": "2025-11", "latest_available_photo_date": "2025-11", "source_photo_url": "https://www.mapillary.com/app/?pKey=25320333380924655&focus=photo", "nearest_osm_pole_m": null}}, {"type": "Feature", "geometry": {"type": "Point", "coordinates": [-70.86132, 42.4944705]}, "properties": {"id": "marb-00082", "is_utility_pole": true, "pole_type": "wood_utility", "model_flags": [], "model_watch": [], "lean": "none", "crossarm": "intact", "vegetation": "near", "transformer": true, "attachments_estimate": 1, "photos_assessed": 6, "capture_sequences": 2, "photo_shown_date": "2025-11", "latest_available_photo_date": "2025-11", "source_photo_url": "https://www.mapillary.com/app/?pKey=813485008095381&focus=photo", "nearest_osm_pole_m": null}}, {"type": "Feature", "geometry": {"type": "Point", "coordinates": [-70.8616691, 42.4946571]}, "properties": {"id": "marb-00083", "is_utility_pole": true, "pole_type": "wood_utility", "model_flags": [], "model_watch": [], "lean": "none", "crossarm": "none_visible", "vegetation": "near", "transformer": false, "attachments_estimate": 2, "photos_assessed": 11, "capture_sequences": 2, "photo_shown_date": "2025-11", "latest_available_photo_date": "2025-11", "source_photo_url": "https://www.mapillary.com/app/?pKey=1346196316964599&focus=photo", "nearest_osm_pole_m": null}}, {"type": "Feature", "geometry": {"type": "Point", "coordinates": [-70.8607993, 42.4941236]}, "properties": {"id": "marb-00084", "is_utility_pole": true, "pole_type": "wood_utility", "model_flags": ["lean"], "model_watch": [], "lean": "moderate", "crossarm": "none_visible", "vegetation": "near", "transformer": true, "attachments_estimate": 1, "photos_assessed": 7, "capture_sequences": 1, "photo_shown_date": "2025-11", "latest_available_photo_date": "2025-11", "source_photo_url": "https://www.mapillary.com/app/?pKey=3327710220719687&focus=photo", "nearest_osm_pole_m": null}}, {"type": "Feature", "geometry": {"type": "Point", "coordinates": [-70.861495, 42.4946065]}, "properties": {"id": "marb-00085", "is_utility_pole": true, "pole_type": "wood_utility", "model_flags": [], "model_watch": [], "lean": "none", "crossarm": "intact", "vegetation": "near", "transformer": true, "attachments_estimate": 2, "photos_assessed": 6, "capture_sequences": 2, "photo_shown_date": "2025-11", "latest_available_photo_date": "2025-11", "source_photo_url": "https://www.mapillary.com/app/?pKey=1595721505138249&focus=photo", "nearest_osm_pole_m": null}}, {"type": "Feature", "geometry": {"type": "Point", "coordinates": [-70.8617475, 42.495002]}, "properties": {"id": "marb-00086", "is_utility_pole": true, "pole_type": "wood_utility", "model_flags": [], "model_watch": [], "lean": "none", "crossarm": "intact", "vegetation": "near", "transformer": false, "attachments_estimate": 2, "photos_assessed": 6, "capture_sequences": 1, "photo_shown_date": "2025-11", "latest_available_photo_date": "2025-11", "source_photo_url": "https://www.mapillary.com/app/?pKey=853772290516450&focus=photo", "nearest_osm_pole_m": null}}, {"type": "Feature", "geometry": {"type": "Point", "coordinates": [-70.8618783, 42.4948487]}, "properties": {"id": "marb-00087", "is_utility_pole": true, "pole_type": "wood_utility", "model_flags": ["double"], "model_watch": [], "lean": "none", "crossarm": "none_visible", "vegetation": "near", "transformer": false, "attachments_estimate": 0, "photos_assessed": 9, "capture_sequences": 2, "photo_shown_date": "2025-11", "latest_available_photo_date": "2025-11", "source_photo_url": "https://www.mapillary.com/app/?pKey=1214386350519489&focus=photo", "nearest_osm_pole_m": null}}, {"type": "Feature", "geometry": {"type": "Point", "coordinates": [-70.8618137, 42.4949083]}, "properties": {"id": "marb-00088", "is_utility_pole": true, "pole_type": "wood_utility", "model_flags": ["double", "lean"], "model_watch": [], "lean": "moderate", "crossarm": "intact", "vegetation": "near", "transformer": false, "attachments_estimate": 0, "photos_assessed": 9, "capture_sequences": 2, "photo_shown_date": "2025-11", "latest_available_photo_date": "2025-11", "source_photo_url": "https://www.mapillary.com/app/?pKey=1326217241991666&focus=photo", "nearest_osm_pole_m": null}}, {"type": "Feature", "geometry": {"type": "Point", "coordinates": [-70.861984, 42.494896]}, "properties": {"id": "marb-00089", "is_utility_pole": true, "pole_type": "wood_utility", "model_flags": [], "model_watch": ["lean_slight"], "lean": "slight", "crossarm": "none_visible", "vegetation": "near", "transformer": false, "attachments_estimate": 2, "photos_assessed": 3, "capture_sequences": 1, "photo_shown_date": "2025-11", "latest_available_photo_date": "2025-11", "source_photo_url": "https://www.mapillary.com/app/?pKey=3910521189222980&focus=photo", "nearest_osm_pole_m": null}}, {"type": "Feature", "geometry": {"type": "Point", "coordinates": [-70.861496, 42.49521]}, "properties": {"id": "marb-00090", "is_utility_pole": true, "pole_type": "wood_utility", "model_flags": [], "model_watch": [], "lean": "none", "crossarm": "none_visible", "vegetation": "near", "transformer": false, "attachments_estimate": 1, "photos_assessed": 1, "capture_sequences": 1, "photo_shown_date": "2025-11", "latest_available_photo_date": "2025-11", "source_photo_url": "https://www.mapillary.com/app/?pKey=1364541488711132&focus=photo", "nearest_osm_pole_m": null}}, {"type": "Feature", "geometry": {"type": "Point", "coordinates": [-70.86051, 42.494022]}, "properties": {"id": "marb-00091", "is_utility_pole": true, "pole_type": "wood_utility", "model_flags": [], "model_watch": [], "lean": "none", "crossarm": "none_visible", "vegetation": "none", "transformer": true, "attachments_estimate": 1, "photos_assessed": 3, "capture_sequences": 1, "photo_shown_date": "2025-11", "latest_available_photo_date": "2025-11", "source_photo_url": "https://www.mapillary.com/app/?pKey=530364116838958&focus=photo", "nearest_osm_pole_m": null}}, {"type": "Feature", "geometry": {"type": "Point", "coordinates": [-70.860306, 42.493687]}, "properties": {"id": "marb-00092", "is_utility_pole": true, "pole_type": "wood_utility", "model_flags": ["lean"], "model_watch": [], "lean": "severe", "crossarm": "none_visible", "vegetation": "none", "transformer": false, "attachments_estimate": 0, "photos_assessed": 3, "capture_sequences": 1, "photo_shown_date": "2025-11", "latest_available_photo_date": "2025-11", "source_photo_url": "https://www.mapillary.com/app/?pKey=819310954026509&focus=photo", "nearest_osm_pole_m": null}}, {"type": "Feature", "geometry": {"type": "Point", "coordinates": [-70.8602625, 42.493787]}, "properties": {"id": "marb-00093", "is_utility_pole": true, "pole_type": "wood_utility", "model_flags": [], "model_watch": [], "lean": "none", "crossarm": "none_visible", "vegetation": "none", "transformer": false, "attachments_estimate": 2, "photos_assessed": 4, "capture_sequences": 2, "photo_shown_date": "2025-11", "latest_available_photo_date": "2025-11", "source_photo_url": "https://www.mapillary.com/app/?pKey=819310954026509&focus=photo", "nearest_osm_pole_m": null}}, {"type": "Feature", "geometry": {"type": "Point", "coordinates": [-70.8602, 42.494026]}, "properties": {"id": "marb-00094", "is_utility_pole": true, "pole_type": "wood_utility", "model_flags": [], "model_watch": ["lean_slight"], "lean": "slight", "crossarm": "unclear", "vegetation": "near", "transformer": false, "attachments_estimate": 1, "photos_assessed": 1, "capture_sequences": 1, "photo_shown_date": "2025-11", "latest_available_photo_date": "2025-11", "source_photo_url": "https://www.mapillary.com/app/?pKey=1946708036284174&focus=photo", "nearest_osm_pole_m": null}}, {"type": "Feature", "geometry": {"type": "Point", "coordinates": [-70.8605074, 42.4939392]}, "properties": {"id": "marb-00095", "is_utility_pole": true, "pole_type": "wood_utility", "model_flags": [], "model_watch": [], "lean": "none", "crossarm": "intact", "vegetation": "near", "transformer": false, "attachments_estimate": 2, "photos_assessed": 5, "capture_sequences": 2, "photo_shown_date": "2023-11", "latest_available_photo_date": "2025-11", "source_photo_url": "https://www.mapillary.com/app/?pKey=294433706239947&focus=photo", "nearest_osm_pole_m": null}}, {"type": "Feature", "geometry": {"type": "Point", "coordinates": [-70.860405, 42.493855]}, "properties": {"id": "marb-00096", "is_utility_pole": true, "pole_type": "wood_utility", "model_flags": [], "model_watch": [], "lean": "none", "crossarm": "none_visible", "vegetation": "near", "transformer": false, "attachments_estimate": 1, "photos_assessed": 1, "capture_sequences": 1, "photo_shown_date": "2025-11", "latest_available_photo_date": "2025-11", "source_photo_url": "https://www.mapillary.com/app/?pKey=1341945631276507&focus=photo", "nearest_osm_pole_m": null}}, {"type": "Feature", "geometry": {"type": "Point", "coordinates": [-70.86087, 42.494198]}, "properties": {"id": "marb-00097", "is_utility_pole": true, "pole_type": "wood_utility", "model_flags": ["lean"], "model_watch": [], "lean": "moderate", "crossarm": "intact", "vegetation": "near", "transformer": true, "attachments_estimate": 1, "photos_assessed": 3, "capture_sequences": 1, "photo_shown_date": "2025-11", "latest_available_photo_date": "2025-11", "source_photo_url": "https://www.mapillary.com/app/?pKey=1894065001512005&focus=photo", "nearest_osm_pole_m": null}}, {"type": "Feature", "geometry": {"type": "Point", "coordinates": [-70.86207, 42.49498]}, "properties": {"id": "marb-00098", "is_utility_pole": true, "pole_type": "wood_utility", "model_flags": [], "model_watch": [], "lean": "unclear", "crossarm": "none_visible", "vegetation": "near", "transformer": false, "attachments_estimate": 0, "photos_assessed": 3, "capture_sequences": 1, "photo_shown_date": "2025-11", "latest_available_photo_date": "2025-11", "source_photo_url": "https://www.mapillary.com/app/?pKey=1326217241991666&focus=photo", "nearest_osm_pole_m": null}}, {"type": "Feature", "geometry": {"type": "Point", "coordinates": [-70.8617975, 42.4947755]}, "properties": {"id": "marb-00099", "is_utility_pole": true, "pole_type": "wood_utility", "model_flags": ["vegetation"], "model_watch": [], "lean": "none", "crossarm": "none_visible", "vegetation": "touching", "transformer": false, "attachments_estimate": 1, "photos_assessed": 6, "capture_sequences": 2, "photo_shown_date": "2025-11", "latest_available_photo_date": "2025-11", "source_photo_url": "https://www.mapillary.com/app/?pKey=707420121928473&focus=photo", "nearest_osm_pole_m": null}}, {"type": "Feature", "geometry": {"type": "Point", "coordinates": [-70.8550913, 42.4960938]}, "properties": {"id": "marb-00100", "is_utility_pole": true, "pole_type": "wood_utility", "model_flags": ["double"], "model_watch": ["lean_slight"], "lean": "slight", "crossarm": "intact", "vegetation": "near", "transformer": false, "attachments_estimate": 2, "photos_assessed": 4, "capture_sequences": 1, "photo_shown_date": "2025-11", "latest_available_photo_date": "2025-11", "source_photo_url": "https://www.mapillary.com/app/?pKey=721113544338962&focus=photo", "nearest_osm_pole_m": null}}, {"type": "Feature", "geometry": {"type": "Point", "coordinates": [-70.87819, 42.482517]}, "properties": {"id": "marb-00101", "is_utility_pole": true, "pole_type": "wood_utility", "model_flags": [], "model_watch": ["lean_slight"], "lean": "slight", "crossarm": "none_visible", "vegetation": "none", "transformer": false, "attachments_estimate": 1, "photos_assessed": 3, "capture_sequences": 1, "photo_shown_date": "2023-11", "latest_available_photo_date": "2023-11", "source_photo_url": "https://www.mapillary.com/app/?pKey=709165734166377&focus=photo", "nearest_osm_pole_m": null}}, {"type": "Feature", "geometry": {"type": "Point", "coordinates": [-70.87722, 42.48359]}, "properties": {"id": "marb-00102", "is_utility_pole": true, "pole_type": "wood_utility", "model_flags": ["vegetation"], "model_watch": [], "lean": "unclear", "crossarm": "unclear", "vegetation": "touching", "transformer": false, "attachments_estimate": 0, "photos_assessed": 1, "capture_sequences": 1, "photo_shown_date": "2023-11", "latest_available_photo_date": "2023-11", "source_photo_url": "https://www.mapillary.com/app/?pKey=157632544075967&focus=photo", "nearest_osm_pole_m": null}}, {"type": "Feature", "geometry": {"type": "Point", "coordinates": [-70.87803, 42.482815]}, "properties": {"id": "marb-00103", "is_utility_pole": true, "pole_type": "wood_utility", "model_flags": [], "model_watch": ["lean_slight"], "lean": "slight", "crossarm": "intact", "vegetation": "near", "transformer": false, "attachments_estimate": 1, "photos_assessed": 3, "capture_sequences": 1, "photo_shown_date": "2023-11", "latest_available_photo_date": "2023-11", "source_photo_url": "https://www.mapillary.com/app/?pKey=323150980463237&focus=photo", "nearest_osm_pole_m": null}}, {"type": "Feature", "geometry": {"type": "Point", "coordinates": [-70.87843, 42.482475]}, "properties": {"id": "marb-00104", "is_utility_pole": true, "pole_type": "wood_utility", "model_flags": [], "model_watch": [], "lean": "none", "crossarm": "none_visible", "vegetation": "near", "transformer": false, "attachments_estimate": 0, "photos_assessed": 3, "capture_sequences": 1, "photo_shown_date": "2023-11", "latest_available_photo_date": "2023-11", "source_photo_url": "https://www.mapillary.com/app/?pKey=1551562422314845&focus=photo", "nearest_osm_pole_m": null}}, {"type": "Feature", "geometry": {"type": "Point", "coordinates": [-70.87861, 42.482708]}, "properties": {"id": "marb-00105", "is_utility_pole": true, "pole_type": "wood_utility", "model_flags": ["vegetation"], "model_watch": ["lean_slight"], "lean": "slight", "crossarm": "none_visible", "vegetation": "touching", "transformer": false, "attachments_estimate": 0, "photos_assessed": 3, "capture_sequences": 1, "photo_shown_date": "2023-11", "latest_available_photo_date": "2023-11", "source_photo_url": "https://www.mapillary.com/app/?pKey=1115024263272961&focus=photo", "nearest_osm_pole_m": null}}, {"type": "Feature", "geometry": {"type": "Point", "coordinates": [-70.877686, 42.48314]}, "properties": {"id": "marb-00106", "is_utility_pole": true, "pole_type": "wood_utility", "model_flags": [], "model_watch": [], "lean": "none", "crossarm": "intact", "vegetation": "near", "transformer": false, "attachments_estimate": 1, "photos_assessed": 3, "capture_sequences": 1, "photo_shown_date": "2023-11", "latest_available_photo_date": "2023-11", "source_photo_url": "https://www.mapillary.com/app/?pKey=334877552493278&focus=photo", "nearest_osm_pole_m": null}}, {"type": "Feature", "geometry": {"type": "Point", "coordinates": [-70.846306, 42.491467]}, "properties": {"id": "marb-00107", "is_utility_pole": false, "pole_type": "street_light", "model_flags": [], "model_watch": ["lean_slight"], "lean": "slight", "crossarm": "none_visible", "vegetation": "near", "transformer": false, "attachments_estimate": 0, "photos_assessed": 3, "capture_sequences": 1, "photo_shown_date": "2025-11", "latest_available_photo_date": "2025-11", "source_photo_url": "https://www.mapillary.com/app/?pKey=1149706703954644&focus=photo", "nearest_osm_pole_m": null}}, {"type": "Feature", "geometry": {"type": "Point", "coordinates": [-70.83383, 42.503902]}, "properties": {"id": "marb-00108", "is_utility_pole": true, "pole_type": "wood_utility", "model_flags": [], "model_watch": [], "lean": "none", "crossarm": "none_visible", "vegetation": "near", "transformer": false, "attachments_estimate": 1, "photos_assessed": 3, "capture_sequences": 1, "photo_shown_date": "2025-11", "latest_available_photo_date": "2025-11", "source_photo_url": "https://www.mapillary.com/app/?pKey=1146767124253970&focus=photo", "nearest_osm_pole_m": null}}, {"type": "Feature", "geometry": {"type": "Point", "coordinates": [-70.83285, 42.50467]}, "properties": {"id": "marb-00109", "is_utility_pole": false, "pole_type": "street_light", "model_flags": [], "model_watch": ["lean_slight"], "lean": "slight", "crossarm": "none_visible", "vegetation": "near", "transformer": false, "attachments_estimate": 0, "photos_assessed": 3, "capture_sequences": 1, "photo_shown_date": "2025-11", "latest_available_photo_date": "2025-11", "source_photo_url": "https://www.mapillary.com/app/?pKey=25250661504529696&focus=photo", "nearest_osm_pole_m": null}}, {"type": "Feature", "geometry": {"type": "Point", "coordinates": [-70.833675, 42.5039375]}, "properties": {"id": "marb-00110", "is_utility_pole": true, "pole_type": "wood_utility", "model_flags": ["lean"], "model_watch": [], "lean": "moderate", "crossarm": "none_visible", "vegetation": "near", "transformer": false, "attachments_estimate": 1, "photos_assessed": 4, "capture_sequences": 1, "photo_shown_date": "2025-11", "latest_available_photo_date": "2025-11", "source_photo_url": "https://www.mapillary.com/app/?pKey=1146767124253970&focus=photo", "nearest_osm_pole_m": null}}, {"type": "Feature", "geometry": {"type": "Point", "coordinates": [-70.83348, 42.504055]}, "properties": {"id": "marb-00111", "is_utility_pole": true, "pole_type": "wood_utility", "model_flags": [], "model_watch": ["lean_slight"], "lean": "slight", "crossarm": "none_visible", "vegetation": "near", "transformer": false, "attachments_estimate": 1, "photos_assessed": 2, "capture_sequences": 1, "photo_shown_date": "2025-11", "latest_available_photo_date": "2025-11", "source_photo_url": "https://www.mapillary.com/app/?pKey=1119946683259168&focus=photo", "nearest_osm_pole_m": null}}, {"type": "Feature", "geometry": {"type": "Point", "coordinates": [-70.8339888, 42.503826]}, "properties": {"id": "marb-00112", "is_utility_pole": true, "pole_type": "concrete_or_steel_utility", "model_flags": ["lean", "vegetation"], "model_watch": [], "lean": "severe", "crossarm": "none_visible", "vegetation": "touching", "transformer": false, "attachments_estimate": 0, "photos_assessed": 4, "capture_sequences": 1, "photo_shown_date": "2025-11", "latest_available_photo_date": "2025-11", "source_photo_url": "https://www.mapillary.com/app/?pKey=1477379746659759&focus=photo", "nearest_osm_pole_m": null}}, {"type": "Feature", "geometry": {"type": "Point", "coordinates": [-70.833374, 42.504116]}, "properties": {"id": "marb-00113", "is_utility_pole": true, "pole_type": "wood_utility", "model_flags": [], "model_watch": ["lean_slight"], "lean": "slight", "crossarm": "none_visible", "vegetation": "near", "transformer": false, "attachments_estimate": 1, "photos_assessed": 2, "capture_sequences": 1, "photo_shown_date": "2025-11", "latest_available_photo_date": "2025-11", "source_photo_url": "https://www.mapillary.com/app/?pKey=1460202775074814&focus=photo", "nearest_osm_pole_m": null}}, {"type": "Feature", "geometry": {"type": "Point", "coordinates": [-70.8341867, 42.5037887]}, "properties": {"id": "marb-00114", "is_utility_pole": true, "pole_type": "wood_utility", "model_flags": [], "model_watch": ["lean_slight"], "lean": "slight", "crossarm": "none_visible", "vegetation": "near", "transformer": false, "attachments_estimate": 1, "photos_assessed": 3, "capture_sequences": 1, "photo_shown_date": "2025-11", "latest_available_photo_date": "2025-11", "source_photo_url": "https://www.mapillary.com/app/?pKey=1317235596289164&focus=photo", "nearest_osm_pole_m": null}}, {"type": "Feature", "geometry": {"type": "Point", "coordinates": [-70.836044, 42.500618]}, "properties": {"id": "marb-00115", "is_utility_pole": true, "pole_type": "wood_utility", "model_flags": [], "model_watch": ["lean_slight"], "lean": "slight", "crossarm": "none_visible", "vegetation": "near", "transformer": false, "attachments_estimate": 2, "photos_assessed": 3, "capture_sequences": 1, "photo_shown_date": "2025-11", "latest_available_photo_date": "2025-11", "source_photo_url": "https://www.mapillary.com/app/?pKey=858389417138942&focus=photo", "nearest_osm_pole_m": null}}, {"type": "Feature", "geometry": {"type": "Point", "coordinates": [-70.83719, 42.50003]}, "properties": {"id": "marb-00116", "is_utility_pole": true, "pole_type": "wood_utility", "model_flags": ["lean", "vegetation"], "model_watch": [], "lean": "severe", "crossarm": "none_visible", "vegetation": "touching", "transformer": false, "attachments_estimate": 0, "photos_assessed": 3, "capture_sequences": 1, "photo_shown_date": "2025-11", "latest_available_photo_date": "2025-11", "source_photo_url": "https://www.mapillary.com/app/?pKey=1347601310072024&focus=photo", "nearest_osm_pole_m": null}}, {"type": "Feature", "geometry": {"type": "Point", "coordinates": [-70.83663, 42.50012]}, "properties": {"id": "marb-00117", "is_utility_pole": true, "pole_type": "wood_utility", "model_flags": [], "model_watch": ["lean_slight"], "lean": "slight", "crossarm": "intact", "vegetation": "near", "transformer": false, "attachments_estimate": 1, "photos_assessed": 3, "capture_sequences": 1, "photo_shown_date": "2025-11", "latest_available_photo_date": "2025-11", "source_photo_url": "https://www.mapillary.com/app/?pKey=1394336948798003&focus=photo", "nearest_osm_pole_m": null}}, {"type": "Feature", "geometry": {"type": "Point", "coordinates": [-70.835945, 42.500652]}, "properties": {"id": "marb-00118", "is_utility_pole": true, "pole_type": "wood_utility", "model_flags": [], "model_watch": ["lean_slight"], "lean": "slight", "crossarm": "none_visible", "vegetation": "none", "transformer": true, "attachments_estimate": 1, "photos_assessed": 3, "capture_sequences": 1, "photo_shown_date": "2025-11", "latest_available_photo_date": "2025-11", "source_photo_url": "https://www.mapillary.com/app/?pKey=25871598042428075&focus=photo", "nearest_osm_pole_m": null}}, {"type": "Feature", "geometry": {"type": "Point", "coordinates": [-70.83749, 42.499477]}, "properties": {"id": "marb-00119", "is_utility_pole": true, "pole_type": "wood_utility", "model_flags": [], "model_watch": ["lean_slight"], "lean": "slight", "crossarm": "none_visible", "vegetation": "near", "transformer": false, "attachments_estimate": 2, "photos_assessed": 3, "capture_sequences": 1, "photo_shown_date": "2025-11", "latest_available_photo_date": "2025-11", "source_photo_url": "https://www.mapillary.com/app/?pKey=1587300539308483&focus=photo", "nearest_osm_pole_m": null}}, {"type": "Feature", "geometry": {"type": "Point", "coordinates": [-70.83583, 42.500736]}, "properties": {"id": "marb-00120", "is_utility_pole": true, "pole_type": "wood_utility", "model_flags": [], "model_watch": ["lean_slight"], "lean": "slight", "crossarm": "intact", "vegetation": "near", "transformer": false, "attachments_estimate": 1, "photos_assessed": 3, "capture_sequences": 1, "photo_shown_date": "2025-11", "latest_available_photo_date": "2025-11", "source_photo_url": "https://www.mapillary.com/app/?pKey=2076098973195701&focus=photo", "nearest_osm_pole_m": null}}, {"type": "Feature", "geometry": {"type": "Point", "coordinates": [-70.83628, 42.500396]}, "properties": {"id": "marb-00121", "is_utility_pole": true, "pole_type": "wood_utility", "model_flags": ["double"], "model_watch": ["lean_slight"], "lean": "slight", "crossarm": "intact", "vegetation": "near", "transformer": false, "attachments_estimate": 2, "photos_assessed": 6, "capture_sequences": 1, "photo_shown_date": "2025-11", "latest_available_photo_date": "2025-11", "source_photo_url": "https://www.mapillary.com/app/?pKey=1166825258251950&focus=photo", "nearest_osm_pole_m": null}}, {"type": "Feature", "geometry": {"type": "Point", "coordinates": [-70.83614, 42.500698]}, "properties": {"id": "marb-00122", "is_utility_pole": true, "pole_type": "wood_utility", "model_flags": ["lean"], "model_watch": [], "lean": "severe", "crossarm": "none_visible", "vegetation": "near", "transformer": false, "attachments_estimate": 0, "photos_assessed": 3, "capture_sequences": 1, "photo_shown_date": "2025-11", "latest_available_photo_date": "2025-11", "source_photo_url": "https://www.mapillary.com/app/?pKey=1413468303445213&focus=photo", "nearest_osm_pole_m": null}}, {"type": "Feature", "geometry": {"type": "Point", "coordinates": [-70.83712, 42.4998368]}, "properties": {"id": "marb-00123", "is_utility_pole": true, "pole_type": "wood_utility", "model_flags": [], "model_watch": [], "lean": "none", "crossarm": "none_visible", "vegetation": "near", "transformer": false, "attachments_estimate": 2, "photos_assessed": 5, "capture_sequences": 1, "photo_shown_date": "2025-11", "latest_available_photo_date": "2025-11", "source_photo_url": "https://www.mapillary.com/app/?pKey=1007786941503058&focus=photo", "nearest_osm_pole_m": null}}, {"type": "Feature", "geometry": {"type": "Point", "coordinates": [-70.837296, 42.499626]}, "properties": {"id": "marb-00124", "is_utility_pole": true, "pole_type": "wood_utility", "model_flags": [], "model_watch": ["lean_slight"], "lean": "slight", "crossarm": "none_visible", "vegetation": "none", "transformer": true, "attachments_estimate": 1, "photos_assessed": 3, "capture_sequences": 1, "photo_shown_date": "2025-11", "latest_available_photo_date": "2025-11", "source_photo_url": "https://www.mapillary.com/app/?pKey=1547801103013161&focus=photo", "nearest_osm_pole_m": null}}, {"type": "Feature", "geometry": {"type": "Point", "coordinates": [-70.83729, 42.49972]}, "properties": {"id": "marb-00125", "is_utility_pole": true, "pole_type": "wood_utility", "model_flags": [], "model_watch": ["lean_slight"], "lean": "slight", "crossarm": "unclear", "vegetation": "near", "transformer": false, "attachments_estimate": 1, "photos_assessed": 2, "capture_sequences": 1, "photo_shown_date": "2025-11", "latest_available_photo_date": "2025-11", "source_photo_url": "https://www.mapillary.com/app/?pKey=1327252242514245&focus=photo", "nearest_osm_pole_m": null}}, {"type": "Feature", "geometry": {"type": "Point", "coordinates": [-70.836975, 42.49987]}, "properties": {"id": "marb-00126", "is_utility_pole": true, "pole_type": "wood_utility", "model_flags": [], "model_watch": [], "lean": "none", "crossarm": "none_visible", "vegetation": "none", "transformer": false, "attachments_estimate": 2, "photos_assessed": 3, "capture_sequences": 1, "photo_shown_date": "2025-11", "latest_available_photo_date": "2025-11", "source_photo_url": "https://www.mapillary.com/app/?pKey=1347601310072024&focus=photo", "nearest_osm_pole_m": null}}, {"type": "Feature", "geometry": {"type": "Point", "coordinates": [-70.83898, 42.498455]}, "properties": {"id": "marb-00127", "is_utility_pole": true, "pole_type": "wood_utility", "model_flags": [], "model_watch": ["lean_slight"], "lean": "slight", "crossarm": "unclear", "vegetation": "near", "transformer": false, "attachments_estimate": 1, "photos_assessed": 1, "capture_sequences": 1, "photo_shown_date": "2025-11", "latest_available_photo_date": "2025-11", "source_photo_url": "https://www.mapillary.com/app/?pKey=796358479936895&focus=photo", "nearest_osm_pole_m": null}}, {"type": "Feature", "geometry": {"type": "Point", "coordinates": [-70.83905, 42.49833]}, "properties": {"id": "marb-00128", "is_utility_pole": true, "pole_type": "wood_utility", "model_flags": ["vegetation"], "model_watch": [], "lean": "none", "crossarm": "none_visible", "vegetation": "touching", "transformer": false, "attachments_estimate": 1, "photos_assessed": 3, "capture_sequences": 1, "photo_shown_date": "2025-11", "latest_available_photo_date": "2025-11", "source_photo_url": "https://www.mapillary.com/app/?pKey=1365893121862100&focus=photo", "nearest_osm_pole_m": null}}, {"type": "Feature", "geometry": {"type": "Point", "coordinates": [-70.83824, 42.49893]}, "properties": {"id": "marb-00129", "is_utility_pole": true, "pole_type": "wood_utility", "model_flags": ["lean"], "model_watch": [], "lean": "severe", "crossarm": "none_visible", "vegetation": "near", "transformer": false, "attachments_estimate": 1, "photos_assessed": 3, "capture_sequences": 1, "photo_shown_date": "2025-11", "latest_available_photo_date": "2025-11", "source_photo_url": "https://www.mapillary.com/app/?pKey=710081151599973&focus=photo", "nearest_osm_pole_m": null}}, {"type": "Feature", "geometry": {"type": "Point", "coordinates": [-70.83848, 42.498745]}, "properties": {"id": "marb-00130", "is_utility_pole": true, "pole_type": "wood_utility", "model_flags": [], "model_watch": [], "lean": "none", "crossarm": "intact", "vegetation": "near", "transformer": false, "attachments_estimate": 2, "photos_assessed": 3, "capture_sequences": 1, "photo_shown_date": "2025-11", "latest_available_photo_date": "2025-11", "source_photo_url": "https://www.mapillary.com/app/?pKey=1330074808606813&focus=photo", "nearest_osm_pole_m": null}}, {"type": "Feature", "geometry": {"type": "Point", "coordinates": [-70.839264, 42.49816]}, "properties": {"id": "marb-00131", "is_utility_pole": true, "pole_type": "wood_utility", "model_flags": ["lean", "vegetation"], "model_watch": [], "lean": "severe", "crossarm": "unclear", "vegetation": "touching", "transformer": false, "attachments_estimate": 1, "photos_assessed": 3, "capture_sequences": 1, "photo_shown_date": "2025-11", "latest_available_photo_date": "2025-11", "source_photo_url": "https://www.mapillary.com/app/?pKey=4212836872320527&focus=photo", "nearest_osm_pole_m": null}}, {"type": "Feature", "geometry": {"type": "Point", "coordinates": [-70.83883, 42.498493]}, "properties": {"id": "marb-00132", "is_utility_pole": true, "pole_type": "wood_utility", "model_flags": [], "model_watch": [], "lean": "none", "crossarm": "none_visible", "vegetation": "near", "transformer": false, "attachments_estimate": 1, "photos_assessed": 3, "capture_sequences": 1, "photo_shown_date": "2025-11", "latest_available_photo_date": "2025-11", "source_photo_url": "https://www.mapillary.com/app/?pKey=822068044158651&focus=photo", "nearest_osm_pole_m": null}}, {"type": "Feature", "geometry": {"type": "Point", "coordinates": [-70.83774, 42.49938]}, "properties": {"id": "marb-00133", "is_utility_pole": true, "pole_type": "wood_utility", "model_flags": [], "model_watch": ["lean_slight"], "lean": "slight", "crossarm": "none_visible", "vegetation": "near", "transformer": false, "attachments_estimate": 2, "photos_assessed": 1, "capture_sequences": 1, "photo_shown_date": "2025-11", "latest_available_photo_date": "2025-11", "source_photo_url": "https://www.mapillary.com/app/?pKey=1299869665503256&focus=photo", "nearest_osm_pole_m": null}}, {"type": "Feature", "geometry": {"type": "Point", "coordinates": [-70.837814, 42.499306]}, "properties": {"id": "marb-00134", "is_utility_pole": true, "pole_type": "wood_utility", "model_flags": [], "model_watch": ["lean_slight"], "lean": "slight", "crossarm": "none_visible", "vegetation": "near", "transformer": false, "attachments_estimate": 1, "photos_assessed": 2, "capture_sequences": 1, "photo_shown_date": "2025-11", "latest_available_photo_date": "2025-11", "source_photo_url": "https://www.mapillary.com/app/?pKey=692826960569128&focus=photo", "nearest_osm_pole_m": null}}, {"type": "Feature", "geometry": {"type": "Point", "coordinates": [-70.83801, 42.49914]}, "properties": {"id": "marb-00135", "is_utility_pole": true, "pole_type": "wood_utility", "model_flags": [], "model_watch": ["lean_slight"], "lean": "slight", "crossarm": "none_visible", "vegetation": "near", "transformer": false, "attachments_estimate": 2, "photos_assessed": 3, "capture_sequences": 1, "photo_shown_date": "2025-11", "latest_available_photo_date": "2025-11", "source_photo_url": "https://www.mapillary.com/app/?pKey=863815659314177&focus=photo", "nearest_osm_pole_m": null}}, {"type": "Feature", "geometry": {"type": "Point", "coordinates": [-70.83973, 42.490658]}, "properties": {"id": "marb-00136", "is_utility_pole": true, "pole_type": "wood_utility", "model_flags": [], "model_watch": ["lean_slight"], "lean": "slight", "crossarm": "unclear", "vegetation": "near", "transformer": false, "attachments_estimate": 1, "photos_assessed": 1, "capture_sequences": 1, "photo_shown_date": "2025-11", "latest_available_photo_date": "2025-11", "source_photo_url": "https://www.mapillary.com/app/?pKey=1585563472607116&focus=photo", "nearest_osm_pole_m": null}}, {"type": "Feature", "geometry": {"type": "Point", "coordinates": [-70.8399, 42.490414]}, "properties": {"id": "marb-00137", "is_utility_pole": true, "pole_type": "wood_utility", "model_flags": ["lean", "vegetation"], "model_watch": [], "lean": "severe", "crossarm": "none_visible", "vegetation": "touching", "transformer": false, "attachments_estimate": 1, "photos_assessed": 3, "capture_sequences": 1, "photo_shown_date": "2025-11", "latest_available_photo_date": "2025-11", "source_photo_url": "https://www.mapillary.com/app/?pKey=1325218135763316&focus=photo", "nearest_osm_pole_m": null}}, {"type": "Feature", "geometry": {"type": "Point", "coordinates": [-70.839895, 42.4902733]}, "properties": {"id": "marb-00138", "is_utility_pole": true, "pole_type": "wood_utility", "model_flags": ["lean"], "model_watch": [], "lean": "moderate", "crossarm": "none_visible", "vegetation": "near", "transformer": false, "attachments_estimate": 1, "photos_assessed": 4, "capture_sequences": 1, "photo_shown_date": "2025-11", "latest_available_photo_date": "2025-11", "source_photo_url": "https://www.mapillary.com/app/?pKey=1165564002344819&focus=photo", "nearest_osm_pole_m": null}}, {"type": "Feature", "geometry": {"type": "Point", "coordinates": [-70.83988, 42.49019]}, "properties": {"id": "marb-00139", "is_utility_pole": true, "pole_type": "wood_utility", "model_flags": [], "model_watch": ["lean_slight"], "lean": "slight", "crossarm": "none_visible", "vegetation": "near", "transformer": false, "attachments_estimate": 1, "photos_assessed": 2, "capture_sequences": 1, "photo_shown_date": "2025-11", "latest_available_photo_date": "2025-11", "source_photo_url": "https://www.mapillary.com/app/?pKey=1910837803123638&focus=photo", "nearest_osm_pole_m": null}}, {"type": "Feature", "geometry": {"type": "Point", "coordinates": [-70.839874, 42.49049]}, "properties": {"id": "marb-00140", "is_utility_pole": true, "pole_type": "wood_utility", "model_flags": [], "model_watch": [], "lean": "none", "crossarm": "none_visible", "vegetation": "near", "transformer": false, "attachments_estimate": 1, "photos_assessed": 3, "capture_sequences": 1, "photo_shown_date": "2025-11", "latest_available_photo_date": "2025-11", "source_photo_url": "https://www.mapillary.com/app/?pKey=1585563472607116&focus=photo", "nearest_osm_pole_m": null}}, {"type": "Feature", "geometry": {"type": "Point", "coordinates": [-70.83863, 42.490986]}, "properties": {"id": "marb-00141", "is_utility_pole": true, "pole_type": "wood_utility", "model_flags": [], "model_watch": [], "lean": "unclear", "crossarm": "unclear", "vegetation": "none", "transformer": false, "attachments_estimate": 1, "photos_assessed": 1, "capture_sequences": 1, "photo_shown_date": "2025-11", "latest_available_photo_date": "2025-11", "source_photo_url": "https://www.mapillary.com/app/?pKey=789050084131296&focus=photo", "nearest_osm_pole_m": null}}, {"type": "Feature", "geometry": {"type": "Point", "coordinates": [-70.8541, 42.50387]}, "properties": {"id": "marb-00142", "is_utility_pole": true, "pole_type": "wood_utility", "model_flags": ["vegetation"], "model_watch": [], "lean": "none", "crossarm": "none_visible", "vegetation": "touching", "transformer": false, "attachments_estimate": 2, "photos_assessed": 3, "capture_sequences": 1, "photo_shown_date": "2023-08", "latest_available_photo_date": "2023-08", "source_photo_url": "https://www.mapillary.com/app/?pKey=588692123227392&focus=photo", "nearest_osm_pole_m": null}}, {"type": "Feature", "geometry": {"type": "Point", "coordinates": [-70.8599925, 42.4936005]}, "properties": {"id": "marb-00143", "is_utility_pole": true, "pole_type": "wood_utility", "model_flags": [], "model_watch": [], "lean": "none", "crossarm": "none_visible", "vegetation": "near", "transformer": false, "attachments_estimate": 2, "photos_assessed": 6, "capture_sequences": 2, "photo_shown_date": "2025-11", "latest_available_photo_date": "2025-11", "source_photo_url": "https://www.mapillary.com/app/?pKey=683919411116573&focus=photo", "nearest_osm_pole_m": null}}, {"type": "Feature", "geometry": {"type": "Point", "coordinates": [-70.85924, 42.493176]}, "properties": {"id": "marb-00144", "is_utility_pole": true, "pole_type": "wood_utility", "model_flags": [], "model_watch": [], "lean": "none", "crossarm": "none_visible", "vegetation": "near", "transformer": false, "attachments_estimate": 1, "photos_assessed": 3, "capture_sequences": 1, "photo_shown_date": "2023-11", "latest_available_photo_date": "2023-11", "source_photo_url": "https://www.mapillary.com/app/?pKey=663846382483946&focus=photo", "nearest_osm_pole_m": null}}, {"type": "Feature", "geometry": {"type": "Point", "coordinates": [-70.8583133, 42.4924547]}, "properties": {"id": "marb-00145", "is_utility_pole": true, "pole_type": "wood_utility", "model_flags": [], "model_watch": [], "lean": "none", "crossarm": "none_visible", "vegetation": "near", "transformer": false, "attachments_estimate": 1, "photos_assessed": 3, "capture_sequences": 1, "photo_shown_date": "2023-11", "latest_available_photo_date": "2023-11", "source_photo_url": "https://www.mapillary.com/app/?pKey=687251120168651&focus=photo", "nearest_osm_pole_m": null}}, {"type": "Feature", "geometry": {"type": "Point", "coordinates": [-70.8584595, 42.4926015]}, "properties": {"id": "marb-00146", "is_utility_pole": true, "pole_type": "wood_utility", "model_flags": ["vegetation"], "model_watch": [], "lean": "none", "crossarm": "none_visible", "vegetation": "touching", "transformer": false, "attachments_estimate": 1, "photos_assessed": 6, "capture_sequences": 1, "photo_shown_date": "2023-11", "latest_available_photo_date": "2023-11", "source_photo_url": "https://www.mapillary.com/app/?pKey=3405612243084979&focus=photo", "nearest_osm_pole_m": null}}, {"type": "Feature", "geometry": {"type": "Point", "coordinates": [-70.859598, 42.4933855]}, "properties": {"id": "marb-00147", "is_utility_pole": true, "pole_type": "wood_utility", "model_flags": [], "model_watch": [], "lean": "none", "crossarm": "none_visible", "vegetation": "near", "transformer": false, "attachments_estimate": 1, "photos_assessed": 6, "capture_sequences": 1, "photo_shown_date": "2023-11", "latest_available_photo_date": "2023-11", "source_photo_url": "https://www.mapillary.com/app/?pKey=280430367782382&focus=photo", "nearest_osm_pole_m": null}}, {"type": "Feature", "geometry": {"type": "Point", "coordinates": [-70.85839, 42.492306]}, "properties": {"id": "marb-00148", "is_utility_pole": true, "pole_type": "wood_utility", "model_flags": [], "model_watch": [], "lean": "none", "crossarm": "none_visible", "vegetation": "near", "transformer": false, "attachments_estimate": 1, "photos_assessed": 2, "capture_sequences": 1, "photo_shown_date": "2023-11", "latest_available_photo_date": "2023-11", "source_photo_url": "https://www.mapillary.com/app/?pKey=311184745099319&focus=photo", "nearest_osm_pole_m": null}}, {"type": "Feature", "geometry": {"type": "Point", "coordinates": [-70.85863, 42.492767]}, "properties": {"id": "marb-00149", "is_utility_pole": true, "pole_type": "wood_utility", "model_flags": [], "model_watch": [], "lean": "none", "crossarm": "none_visible", "vegetation": "near", "transformer": false, "attachments_estimate": 0, "photos_assessed": 3, "capture_sequences": 1, "photo_shown_date": "2023-11", "latest_available_photo_date": "2023-11", "source_photo_url": "https://www.mapillary.com/app/?pKey=854083783069631&focus=photo", "nearest_osm_pole_m": null}}, {"type": "Feature", "geometry": {"type": "Point", "coordinates": [-70.85901, 42.4929593]}, "properties": {"id": "marb-00150", "is_utility_pole": true, "pole_type": "wood_utility", "model_flags": [], "model_watch": [], "lean": "none", "crossarm": "none_visible", "vegetation": "near", "transformer": false, "attachments_estimate": 1, "photos_assessed": 3, "capture_sequences": 1, "photo_shown_date": "2023-11", "latest_available_photo_date": "2023-11", "source_photo_url": "https://www.mapillary.com/app/?pKey=192098463951918&focus=photo", "nearest_osm_pole_m": null}}, {"type": "Feature", "geometry": {"type": "Point", "coordinates": [-70.86007, 42.493652]}, "properties": {"id": "marb-00151", "is_utility_pole": true, "pole_type": "wood_utility", "model_flags": [], "model_watch": [], "lean": "none", "crossarm": "none_visible", "vegetation": "near", "transformer": false, "attachments_estimate": 1, "photos_assessed": 1, "capture_sequences": 1, "photo_shown_date": "2023-11", "latest_available_photo_date": "2023-11", "source_photo_url": "https://www.mapillary.com/app/?pKey=635932075157871&focus=photo", "nearest_osm_pole_m": null}}, {"type": "Feature", "geometry": {"type": "Point", "coordinates": [-70.860435, 42.493763]}, "properties": {"id": "marb-00152", "is_utility_pole": true, "pole_type": "wood_utility", "model_flags": [], "model_watch": [], "lean": "none", "crossarm": "none_visible", "vegetation": "near", "transformer": false, "attachments_estimate": 1, "photos_assessed": 3, "capture_sequences": 1, "photo_shown_date": "2023-11", "latest_available_photo_date": "2023-11", "source_photo_url": "https://www.mapillary.com/app/?pKey=7396770930355700&focus=photo", "nearest_osm_pole_m": null}}, {"type": "Feature", "geometry": {"type": "Point", "coordinates": [-70.852234, 42.504494]}, "properties": {"id": "marb-00153", "is_utility_pole": true, "pole_type": "wood_utility", "model_flags": [], "model_watch": [], "lean": "none", "crossarm": "none_visible", "vegetation": "near", "transformer": false, "attachments_estimate": 2, "photos_assessed": 3, "capture_sequences": 1, "photo_shown_date": "2023-08", "latest_available_photo_date": "2023-08", "source_photo_url": "https://www.mapillary.com/app/?pKey=716398153631135&focus=photo", "nearest_osm_pole_m": null}}, {"type": "Feature", "geometry": {"type": "Point", "coordinates": [-70.852505, 42.504423]}, "properties": {"id": "marb-00154", "is_utility_pole": true, "pole_type": "wood_utility", "model_flags": ["vegetation"], "model_watch": ["lean_slight"], "lean": "slight", "crossarm": "none_visible", "vegetation": "touching", "transformer": false, "attachments_estimate": 1, "photos_assessed": 6, "capture_sequences": 1, "photo_shown_date": "2023-08", "latest_available_photo_date": "2023-08", "source_photo_url": "https://www.mapillary.com/app/?pKey=157041834092616&focus=photo", "nearest_osm_pole_m": null}}, {"type": "Feature", "geometry": {"type": "Point", "coordinates": [-70.83374, 42.505196]}, "properties": {"id": "marb-00155", "is_utility_pole": true, "pole_type": "wood_utility", "model_flags": [], "model_watch": ["lean_slight"], "lean": "slight", "crossarm": "none_visible", "vegetation": "near", "transformer": false, "attachments_estimate": 2, "photos_assessed": 3, "capture_sequences": 1, "photo_shown_date": "2024-06", "latest_available_photo_date": "2024-06", "source_photo_url": "https://www.mapillary.com/app/?pKey=896529512249858&focus=photo", "nearest_osm_pole_m": null}}, {"type": "Feature", "geometry": {"type": "Point", "coordinates": [-70.84174, 42.496136]}, "properties": {"id": "marb-00156", "is_utility_pole": false, "pole_type": "unclear", "model_flags": [], "model_watch": [], "lean": "unclear", "crossarm": "unclear", "vegetation": "near", "transformer": false, "attachments_estimate": 0, "photos_assessed": 2, "capture_sequences": 1, "photo_shown_date": "2025-11", "latest_available_photo_date": "2025-11", "source_photo_url": "https://www.mapillary.com/app/?pKey=1327976468527009&focus=photo", "nearest_osm_pole_m": null}}, {"type": "Feature", "geometry": {"type": "Point", "coordinates": [-70.841744, 42.496225]}, "properties": {"id": "marb-00157", "is_utility_pole": true, "pole_type": "wood_utility", "model_flags": ["vegetation"], "model_watch": ["lean_slight"], "lean": "slight", "crossarm": "none_visible", "vegetation": "touching", "transformer": false, "attachments_estimate": 0, "photos_assessed": 5, "capture_sequences": 1, "photo_shown_date": "2025-11", "latest_available_photo_date": "2025-11", "source_photo_url": "https://www.mapillary.com/app/?pKey=32340994908878485&focus=photo", "nearest_osm_pole_m": null}}, {"type": "Feature", "geometry": {"type": "Point", "coordinates": [-70.842106, 42.4958008]}, "properties": {"id": "marb-00158", "is_utility_pole": true, "pole_type": "wood_utility", "model_flags": ["vegetation"], "model_watch": ["lean_slight"], "lean": "slight", "crossarm": "none_visible", "vegetation": "touching", "transformer": true, "attachments_estimate": 1, "photos_assessed": 5, "capture_sequences": 1, "photo_shown_date": "2025-11", "latest_available_photo_date": "2025-11", "source_photo_url": "https://www.mapillary.com/app/?pKey=1516255409565557&focus=photo", "nearest_osm_pole_m": null}}, {"type": "Feature", "geometry": {"type": "Point", "coordinates": [-70.8413887, 42.496539]}, "properties": {"id": "marb-00159", "is_utility_pole": true, "pole_type": "wood_utility", "model_flags": ["lean", "vegetation"], "model_watch": [], "lean": "moderate", "crossarm": "none_visible", "vegetation": "touching", "transformer": false, "attachments_estimate": 1, "photos_assessed": 4, "capture_sequences": 1, "photo_shown_date": "2025-11", "latest_available_photo_date": "2025-11", "source_photo_url": "https://www.mapillary.com/app/?pKey=1326322532013530&focus=photo", "nearest_osm_pole_m": null}}, {"type": "Feature", "geometry": {"type": "Point", "coordinates": [-70.841873, 42.496048]}, "properties": {"id": "marb-00160", "is_utility_pole": true, "pole_type": "wood_utility", "model_flags": ["vegetation"], "model_watch": ["lean_slight"], "lean": "slight", "crossarm": "unclear", "vegetation": "touching", "transformer": false, "attachments_estimate": 1, "photos_assessed": 6, "capture_sequences": 1, "photo_shown_date": "2025-11", "latest_available_photo_date": "2025-11", "source_photo_url": "https://www.mapillary.com/app/?pKey=1554007235632590&focus=photo", "nearest_osm_pole_m": null}}, {"type": "Feature", "geometry": {"type": "Point", "coordinates": [-70.84158, 42.49635]}, "properties": {"id": "marb-00161", "is_utility_pole": true, "pole_type": "wood_utility", "model_flags": ["lean"], "model_watch": [], "lean": "moderate", "crossarm": "none_visible", "vegetation": "none", "transformer": false, "attachments_estimate": 2, "photos_assessed": 3, "capture_sequences": 1, "photo_shown_date": "2025-11", "latest_available_photo_date": "2025-11", "source_photo_url": "https://www.mapillary.com/app/?pKey=4214373312146893&focus=photo", "nearest_osm_pole_m": null}}, {"type": "Feature", "geometry": {"type": "Point", "coordinates": [-70.84136, 42.49661]}, "properties": {"id": "marb-00162", "is_utility_pole": true, "pole_type": "wood_utility", "model_flags": ["vegetation"], "model_watch": ["lean_slight"], "lean": "slight", "crossarm": "unclear", "vegetation": "touching", "transformer": false, "attachments_estimate": 1, "photos_assessed": 1, "capture_sequences": 1, "photo_shown_date": "2025-11", "latest_available_photo_date": "2025-11", "source_photo_url": "https://www.mapillary.com/app/?pKey=1410644143811543&focus=photo", "nearest_osm_pole_m": null}}, {"type": "Feature", "geometry": {"type": "Point", "coordinates": [-70.8423375, 42.495565]}, "properties": {"id": "marb-00163", "is_utility_pole": true, "pole_type": "wood_utility", "model_flags": ["vegetation"], "model_watch": [], "lean": "unclear", "crossarm": "none_visible", "vegetation": "touching", "transformer": false, "attachments_estimate": 1, "photos_assessed": 4, "capture_sequences": 1, "photo_shown_date": "2025-11", "latest_available_photo_date": "2025-11", "source_photo_url": "https://www.mapillary.com/app/?pKey=2221126928380940&focus=photo", "nearest_osm_pole_m": null}}, {"type": "Feature", "geometry": {"type": "Point", "coordinates": [-70.842505, 42.495247]}, "properties": {"id": "marb-00164", "is_utility_pole": false, "pole_type": "street_light", "model_flags": ["lean", "vegetation"], "model_watch": [], "lean": "severe", "crossarm": "none_visible", "vegetation": "touching", "transformer": false, "attachments_estimate": 0, "photos_assessed": 6, "capture_sequences": 1, "photo_shown_date": "2025-11", "latest_available_photo_date": "2025-11", "source_photo_url": "https://www.mapillary.com/app/?pKey=653406761184929&focus=photo", "nearest_osm_pole_m": null}}, {"type": "Feature", "geometry": {"type": "Point", "coordinates": [-70.842606, 42.494877]}, "properties": {"id": "marb-00165", "is_utility_pole": true, "pole_type": "wood_utility", "model_flags": ["lean"], "model_watch": [], "lean": "moderate", "crossarm": "none_visible", "vegetation": "near", "transformer": false, "attachments_estimate": 1, "photos_assessed": 3, "capture_sequences": 1, "photo_shown_date": "2025-11", "latest_available_photo_date": "2025-11", "source_photo_url": "https://www.mapillary.com/app/?pKey=1374359087368902&focus=photo", "nearest_osm_pole_m": null}}, {"type": "Feature", "geometry": {"type": "Point", "coordinates": [-70.842476, 42.495316]}, "properties": {"id": "marb-00166", "is_utility_pole": false, "pole_type": "unclear", "model_flags": [], "model_watch": [], "lean": "unclear", "crossarm": "none_visible", "vegetation": "unclear", "transformer": false, "attachments_estimate": 0, "photos_assessed": 2, "capture_sequences": 1, "photo_shown_date": "2025-11", "latest_available_photo_date": "2025-11", "source_photo_url": "https://www.mapillary.com/app/?pKey=653406761184929&focus=photo", "nearest_osm_pole_m": null}}, {"type": "Feature", "geometry": {"type": "Point", "coordinates": [-70.863434, 42.495663]}, "properties": {"id": "marb-00167", "is_utility_pole": true, "pole_type": "wood_utility", "model_flags": [], "model_watch": ["lean_slight"], "lean": "slight", "crossarm": "none_visible", "vegetation": "near", "transformer": false, "attachments_estimate": 2, "photos_assessed": 3, "capture_sequences": 1, "photo_shown_date": "2023-11", "latest_available_photo_date": "2023-11", "source_photo_url": "https://www.mapillary.com/app/?pKey=374160285355918&focus=photo", "nearest_osm_pole_m": null}}, {"type": "Feature", "geometry": {"type": "Point", "coordinates": [-70.863386, 42.4954778]}, "properties": {"id": "marb-00168", "is_utility_pole": true, "pole_type": "wood_utility", "model_flags": [], "model_watch": [], "lean": "none", "crossarm": "none_visible", "vegetation": "near", "transformer": false, "attachments_estimate": 1, "photos_assessed": 5, "capture_sequences": 1, "photo_shown_date": "2023-11", "latest_available_photo_date": "2023-11", "source_photo_url": "https://www.mapillary.com/app/?pKey=851709736491406&focus=photo", "nearest_osm_pole_m": null}}, {"type": "Feature", "geometry": {"type": "Point", "coordinates": [-70.86362, 42.49571]}, "properties": {"id": "marb-00169", "is_utility_pole": true, "pole_type": "wood_utility", "model_flags": [], "model_watch": [], "lean": "none", "crossarm": "none_visible", "vegetation": "near", "transformer": false, "attachments_estimate": 2, "photos_assessed": 3, "capture_sequences": 1, "photo_shown_date": "2023-11", "latest_available_photo_date": "2023-11", "source_photo_url": "https://www.mapillary.com/app/?pKey=1277313469622771&focus=photo", "nearest_osm_pole_m": null}}, {"type": "Feature", "geometry": {"type": "Point", "coordinates": [-70.862885, 42.49529]}, "properties": {"id": "marb-00170", "is_utility_pole": true, "pole_type": "wood_utility", "model_flags": [], "model_watch": [], "lean": "none", "crossarm": "none_visible", "vegetation": "near", "transformer": false, "attachments_estimate": 1, "photos_assessed": 3, "capture_sequences": 1, "photo_shown_date": "2023-11", "latest_available_photo_date": "2023-11", "source_photo_url": "https://www.mapillary.com/app/?pKey=369695978954259&focus=photo", "nearest_osm_pole_m": null}}, {"type": "Feature", "geometry": {"type": "Point", "coordinates": [-70.8628455, 42.49525]}, "properties": {"id": "marb-00171", "is_utility_pole": true, "pole_type": "wood_utility", "model_flags": [], "model_watch": [], "lean": "none", "crossarm": "none_visible", "vegetation": "none", "transformer": false, "attachments_estimate": 2, "photos_assessed": 4, "capture_sequences": 1, "photo_shown_date": "2023-11", "latest_available_photo_date": "2023-11", "source_photo_url": "https://www.mapillary.com/app/?pKey=322640563962316&focus=photo", "nearest_osm_pole_m": null}}, {"type": "Feature", "geometry": {"type": "Point", "coordinates": [-70.86305, 42.495346]}, "properties": {"id": "marb-00172", "is_utility_pole": true, "pole_type": "wood_utility", "model_flags": [], "model_watch": [], "lean": "none", "crossarm": "none_visible", "vegetation": "near", "transformer": false, "attachments_estimate": 1, "photos_assessed": 2, "capture_sequences": 1, "photo_shown_date": "2023-11", "latest_available_photo_date": "2023-11", "source_photo_url": "https://www.mapillary.com/app/?pKey=673933418141583&focus=photo", "nearest_osm_pole_m": null}}, {"type": "Feature", "geometry": {"type": "Point", "coordinates": [-70.86325, 42.495438]}, "properties": {"id": "marb-00173", "is_utility_pole": true, "pole_type": "wood_utility", "model_flags": [], "model_watch": [], "lean": "none", "crossarm": "none_visible", "vegetation": "near", "transformer": false, "attachments_estimate": 1, "photos_assessed": 2, "capture_sequences": 1, "photo_shown_date": "2023-11", "latest_available_photo_date": "2023-11", "source_photo_url": "https://www.mapillary.com/app/?pKey=644796767855303&focus=photo", "nearest_osm_pole_m": null}}, {"type": "Feature", "geometry": {"type": "Point", "coordinates": [-70.862656, 42.49514]}, "properties": {"id": "marb-00174", "is_utility_pole": true, "pole_type": "wood_utility", "model_flags": [], "model_watch": ["lean_slight"], "lean": "slight", "crossarm": "none_visible", "vegetation": "near", "transformer": false, "attachments_estimate": 2, "photos_assessed": 1, "capture_sequences": 1, "photo_shown_date": "2023-11", "latest_available_photo_date": "2023-11", "source_photo_url": "https://www.mapillary.com/app/?pKey=408856835160098&focus=photo", "nearest_osm_pole_m": null}}, {"type": "Feature", "geometry": {"type": "Point", "coordinates": [-70.863982, 42.4953687]}, "properties": {"id": "marb-00175", "is_utility_pole": true, "pole_type": "wood_utility", "model_flags": [], "model_watch": [], "lean": "none", "crossarm": "none_visible", "vegetation": "none", "transformer": false, "attachments_estimate": 1, "photos_assessed": 8, "capture_sequences": 1, "photo_shown_date": "2023-11", "latest_available_photo_date": "2023-11", "source_photo_url": "https://www.mapillary.com/app/?pKey=874570283973470&focus=photo", "nearest_osm_pole_m": null}}, {"type": "Feature", "geometry": {"type": "Point", "coordinates": [-70.86341, 42.495846]}, "properties": {"id": "marb-00176", "is_utility_pole": true, "pole_type": "wood_utility", "model_flags": ["vegetation"], "model_watch": [], "lean": "none", "crossarm": "none_visible", "vegetation": "touching", "transformer": false, "attachments_estimate": 1, "photos_assessed": 2, "capture_sequences": 1, "photo_shown_date": "2023-11", "latest_available_photo_date": "2023-11", "source_photo_url": "https://www.mapillary.com/app/?pKey=274093572263403&focus=photo", "nearest_osm_pole_m": null}}, {"type": "Feature", "geometry": {"type": "Point", "coordinates": [-70.86309, 42.495438]}, "properties": {"id": "marb-00177", "is_utility_pole": true, "pole_type": "wood_utility", "model_flags": [], "model_watch": ["lean_slight"], "lean": "slight", "crossarm": "none_visible", "vegetation": "near", "transformer": false, "attachments_estimate": 2, "photos_assessed": 3, "capture_sequences": 1, "photo_shown_date": "2023-11", "latest_available_photo_date": "2023-11", "source_photo_url": "https://www.mapillary.com/app/?pKey=1502234816986112&focus=photo", "nearest_osm_pole_m": null}}, {"type": "Feature", "geometry": {"type": "Point", "coordinates": [-70.85663, 42.4917058]}, "properties": {"id": "marb-00178", "is_utility_pole": true, "pole_type": "wood_utility", "model_flags": [], "model_watch": [], "lean": "none", "crossarm": "none_visible", "vegetation": "none", "transformer": false, "attachments_estimate": 1, "photos_assessed": 5, "capture_sequences": 1, "photo_shown_date": "2023-11", "latest_available_photo_date": "2023-11", "source_photo_url": "https://www.mapillary.com/app/?pKey=901112328286941&focus=photo", "nearest_osm_pole_m": null}}, {"type": "Feature", "geometry": {"type": "Point", "coordinates": [-70.85744, 42.492043]}, "properties": {"id": "marb-00179", "is_utility_pole": true, "pole_type": "wood_utility", "model_flags": [], "model_watch": ["lean_slight"], "lean": "slight", "crossarm": "intact", "vegetation": "near", "transformer": false, "attachments_estimate": 2, "photos_assessed": 1, "capture_sequences": 1, "photo_shown_date": "2023-11", "latest_available_photo_date": "2023-11", "source_photo_url": "https://www.mapillary.com/app/?pKey=3640814359529763&focus=photo", "nearest_osm_pole_m": null}}, {"type": "Feature", "geometry": {"type": "Point", "coordinates": [-70.856901, 42.4919096]}, "properties": {"id": "marb-00180", "is_utility_pole": true, "pole_type": "wood_utility", "model_flags": [], "model_watch": [], "lean": "none", "crossarm": "intact", "vegetation": "none", "transformer": false, "attachments_estimate": 1, "photos_assessed": 5, "capture_sequences": 1, "photo_shown_date": "2023-11", "latest_available_photo_date": "2023-11", "source_photo_url": "https://www.mapillary.com/app/?pKey=1408974532988029&focus=photo", "nearest_osm_pole_m": null}}, {"type": "Feature", "geometry": {"type": "Point", "coordinates": [-70.85773, 42.4921948]}, "properties": {"id": "marb-00181", "is_utility_pole": true, "pole_type": "wood_utility", "model_flags": [], "model_watch": [], "lean": "none", "crossarm": "none_visible", "vegetation": "none", "transformer": false, "attachments_estimate": 2, "photos_assessed": 4, "capture_sequences": 1, "photo_shown_date": "2023-11", "latest_available_photo_date": "2023-11", "source_photo_url": "https://www.mapillary.com/app/?pKey=1013272013226000&focus=photo", "nearest_osm_pole_m": null}}, {"type": "Feature", "geometry": {"type": "Point", "coordinates": [-70.85552, 42.4914]}, "properties": {"id": "marb-00182", "is_utility_pole": true, "pole_type": "wood_utility", "model_flags": [], "model_watch": [], "lean": "none", "crossarm": "none_visible", "vegetation": "none", "transformer": false, "attachments_estimate": 0, "photos_assessed": 3, "capture_sequences": 1, "photo_shown_date": "2023-11", "latest_available_photo_date": "2023-11", "source_photo_url": "https://www.mapillary.com/app/?pKey=1392398804820237&focus=photo", "nearest_osm_pole_m": null}}, {"type": "Feature", "geometry": {"type": "Point", "coordinates": [-70.855125, 42.49127]}, "properties": {"id": "marb-00183", "is_utility_pole": true, "pole_type": "wood_utility", "model_flags": [], "model_watch": [], "lean": "none", "crossarm": "none_visible", "vegetation": "none", "transformer": false, "attachments_estimate": 0, "photos_assessed": 3, "capture_sequences": 1, "photo_shown_date": "2023-11", "latest_available_photo_date": "2023-11", "source_photo_url": "https://www.mapillary.com/app/?pKey=358619623309863&focus=photo", "nearest_osm_pole_m": null}}, {"type": "Feature", "geometry": {"type": "Point", "coordinates": [-70.855896, 42.49151]}, "properties": {"id": "marb-00184", "is_utility_pole": true, "pole_type": "wood_utility", "model_flags": [], "model_watch": [], "lean": "none", "crossarm": "none_visible", "vegetation": "none", "transformer": false, "attachments_estimate": 1, "photos_assessed": 3, "capture_sequences": 1, "photo_shown_date": "2023-11", "latest_available_photo_date": "2023-11", "source_photo_url": "https://www.mapillary.com/app/?pKey=2104416166562250&focus=photo", "nearest_osm_pole_m": null}}, {"type": "Feature", "geometry": {"type": "Point", "coordinates": [-70.85722, 42.491898]}, "properties": {"id": "marb-00185", "is_utility_pole": true, "pole_type": "wood_utility", "model_flags": [], "model_watch": [], "lean": "none", "crossarm": "none_visible", "vegetation": "none", "transformer": false, "attachments_estimate": 2, "photos_assessed": 3, "capture_sequences": 1, "photo_shown_date": "2023-11", "latest_available_photo_date": "2023-11", "source_photo_url": "https://www.mapillary.com/app/?pKey=993822105044493&focus=photo", "nearest_osm_pole_m": null}}, {"type": "Feature", "geometry": {"type": "Point", "coordinates": [-70.85733, 42.491997]}, "properties": {"id": "marb-00186", "is_utility_pole": true, "pole_type": "wood_utility", "model_flags": [], "model_watch": [], "lean": "none", "crossarm": "intact", "vegetation": "near", "transformer": false, "attachments_estimate": 2, "photos_assessed": 1, "capture_sequences": 1, "photo_shown_date": "2023-11", "latest_available_photo_date": "2023-11", "source_photo_url": "https://www.mapillary.com/app/?pKey=3569315923383933&focus=photo", "nearest_osm_pole_m": null}}, {"type": "Feature", "geometry": {"type": "Point", "coordinates": [-70.8564238, 42.4918275]}, "properties": {"id": "marb-00187", "is_utility_pole": true, "pole_type": "wood_utility", "model_flags": [], "model_watch": [], "lean": "none", "crossarm": "none_visible", "vegetation": "none", "transformer": false, "attachments_estimate": 2, "photos_assessed": 4, "capture_sequences": 1, "photo_shown_date": "2023-11", "latest_available_photo_date": "2023-11", "source_photo_url": "https://www.mapillary.com/app/?pKey=244219305335947&focus=photo", "nearest_osm_pole_m": null}}, {"type": "Feature", "geometry": {"type": "Point", "coordinates": [-70.8571925, 42.492006]}, "properties": {"id": "marb-00188", "is_utility_pole": true, "pole_type": "wood_utility", "model_flags": [], "model_watch": ["lean_slight"], "lean": "slight", "crossarm": "none_visible", "vegetation": "near", "transformer": false, "attachments_estimate": 1, "photos_assessed": 6, "capture_sequences": 1, "photo_shown_date": "2023-11", "latest_available_photo_date": "2023-11", "source_photo_url": "https://www.mapillary.com/app/?pKey=993822105044493&focus=photo", "nearest_osm_pole_m": null}}, {"type": "Feature", "geometry": {"type": "Point", "coordinates": [-70.85765, 42.49222]}, "properties": {"id": "marb-00189", "is_utility_pole": true, "pole_type": "wood_utility", "model_flags": [], "model_watch": ["lean_slight"], "lean": "slight", "crossarm": "none_visible", "vegetation": "near", "transformer": false, "attachments_estimate": 2, "photos_assessed": 3, "capture_sequences": 1, "photo_shown_date": "2023-11", "latest_available_photo_date": "2023-11", "source_photo_url": "https://www.mapillary.com/app/?pKey=717434470441806&focus=photo", "nearest_osm_pole_m": null}}, {"type": "Feature", "geometry": {"type": "Point", "coordinates": [-70.85728, 42.4920952]}, "properties": {"id": "marb-00190", "is_utility_pole": true, "pole_type": "wood_utility", "model_flags": [], "model_watch": ["lean_slight"], "lean": "slight", "crossarm": "none_visible", "vegetation": "near", "transformer": false, "attachments_estimate": 2, "photos_assessed": 5, "capture_sequences": 2, "photo_shown_date": "2025-11", "latest_available_photo_date": "2025-11", "source_photo_url": "https://www.mapillary.com/app/?pKey=1157214232766369&focus=photo", "nearest_osm_pole_m": null}}, {"type": "Feature", "geometry": {"type": "Point", "coordinates": [-70.85796, 42.49222]}, "properties": {"id": "marb-00191", "is_utility_pole": true, "pole_type": "wood_utility", "model_flags": [], "model_watch": ["lean_slight"], "lean": "slight", "crossarm": "intact", "vegetation": "near", "transformer": false, "attachments_estimate": 2, "photos_assessed": 2, "capture_sequences": 1, "photo_shown_date": "2023-11", "latest_available_photo_date": "2023-11", "source_photo_url": "https://www.mapillary.com/app/?pKey=873117040921767&focus=photo", "nearest_osm_pole_m": null}}, {"type": "Feature", "geometry": {"type": "Point", "coordinates": [-70.85648, 42.491394]}, "properties": {"id": "marb-00192", "is_utility_pole": true, "pole_type": "wood_utility", "model_flags": [], "model_watch": [], "lean": "none", "crossarm": "intact", "vegetation": "none", "transformer": true, "attachments_estimate": 1, "photos_assessed": 3, "capture_sequences": 1, "photo_shown_date": "2023-11", "latest_available_photo_date": "2023-11", "source_photo_url": "https://www.mapillary.com/app/?pKey=269362232336200&focus=photo", "nearest_osm_pole_m": null}}, {"type": "Feature", "geometry": {"type": "Point", "coordinates": [-70.857635, 42.492146]}, "properties": {"id": "marb-00193", "is_utility_pole": true, "pole_type": "wood_utility", "model_flags": [], "model_watch": [], "lean": "none", "crossarm": "none_visible", "vegetation": "none", "transformer": false, "attachments_estimate": 1, "photos_assessed": 2, "capture_sequences": 1, "photo_shown_date": "2023-11", "latest_available_photo_date": "2023-11", "source_photo_url": "https://www.mapillary.com/app/?pKey=370371965432403&focus=photo", "nearest_osm_pole_m": null}}, {"type": "Feature", "geometry": {"type": "Point", "coordinates": [-70.85758, 42.49202]}, "properties": {"id": "marb-00194", "is_utility_pole": true, "pole_type": "wood_utility", "model_flags": ["vegetation"], "model_watch": [], "lean": "none", "crossarm": "none_visible", "vegetation": "touching", "transformer": false, "attachments_estimate": 0, "photos_assessed": 3, "capture_sequences": 1, "photo_shown_date": "2023-11", "latest_available_photo_date": "2023-11", "source_photo_url": "https://www.mapillary.com/app/?pKey=358446963258797&focus=photo", "nearest_osm_pole_m": null}}, {"type": "Feature", "geometry": {"type": "Point", "coordinates": [-70.856804, 42.491386]}, "properties": {"id": "marb-00195", "is_utility_pole": true, "pole_type": "wood_utility", "model_flags": [], "model_watch": [], "lean": "none", "crossarm": "none_visible", "vegetation": "near", "transformer": false, "attachments_estimate": 0, "photos_assessed": 1, "capture_sequences": 1, "photo_shown_date": "2023-11", "latest_available_photo_date": "2023-11", "source_photo_url": "https://www.mapillary.com/app/?pKey=1408974532988029&focus=photo", "nearest_osm_pole_m": null}}, {"type": "Feature", "geometry": {"type": "Point", "coordinates": [-70.83421, 42.502434]}, "properties": {"id": "marb-00196", "is_utility_pole": true, "pole_type": "wood_utility", "model_flags": ["crossarm"], "model_watch": ["lean_slight"], "lean": "slight", "crossarm": "damaged", "vegetation": "none", "transformer": false, "attachments_estimate": 2, "photos_assessed": 1, "capture_sequences": 1, "photo_shown_date": "2025-11", "latest_available_photo_date": "2025-11", "source_photo_url": "https://www.mapillary.com/app/?pKey=1640916393374558&focus=photo", "nearest_osm_pole_m": null}}, {"type": "Feature", "geometry": {"type": "Point", "coordinates": [-70.84289, 42.489265]}, "properties": {"id": "marb-00197", "is_utility_pole": true, "pole_type": "wood_utility", "model_flags": ["vegetation"], "model_watch": [], "lean": "unclear", "crossarm": "intact", "vegetation": "touching", "transformer": false, "attachments_estimate": 1, "photos_assessed": 3, "capture_sequences": 1, "photo_shown_date": "2025-11", "latest_available_photo_date": "2025-11", "source_photo_url": "https://www.mapillary.com/app/?pKey=25727287860206238&focus=photo", "nearest_osm_pole_m": null}}, {"type": "Feature", "geometry": {"type": "Point", "coordinates": [-70.842636, 42.489162]}, "properties": {"id": "marb-00198", "is_utility_pole": true, "pole_type": "wood_utility", "model_flags": ["vegetation"], "model_watch": [], "lean": "unclear", "crossarm": "intact", "vegetation": "touching", "transformer": false, "attachments_estimate": 2, "photos_assessed": 3, "capture_sequences": 1, "photo_shown_date": "2025-11", "latest_available_photo_date": "2025-11", "source_photo_url": "https://www.mapillary.com/app/?pKey=2240647236416732&focus=photo", "nearest_osm_pole_m": null}}, {"type": "Feature", "geometry": {"type": "Point", "coordinates": [-70.861213, 42.495375]}, "properties": {"id": "marb-00199", "is_utility_pole": true, "pole_type": "wood_utility", "model_flags": [], "model_watch": [], "lean": "none", "crossarm": "none_visible", "vegetation": "none", "transformer": false, "attachments_estimate": 2, "photos_assessed": 6, "capture_sequences": 2, "photo_shown_date": "2025-11", "latest_available_photo_date": "2025-11", "source_photo_url": "https://www.mapillary.com/app/?pKey=1152111833654864&focus=photo", "nearest_osm_pole_m": null}}, {"type": "Feature", "geometry": {"type": "Point", "coordinates": [-70.8609647, 42.4955133]}, "properties": {"id": "marb-00200", "is_utility_pole": true, "pole_type": "wood_utility", "model_flags": [], "model_watch": [], "lean": "none", "crossarm": "none_visible", "vegetation": "near", "transformer": false, "attachments_estimate": 2, "photos_assessed": 9, "capture_sequences": 2, "photo_shown_date": "2025-11", "latest_available_photo_date": "2025-11", "source_photo_url": "https://www.mapillary.com/app/?pKey=1391544429246370&focus=photo", "nearest_osm_pole_m": null}}, {"type": "Feature", "geometry": {"type": "Point", "coordinates": [-70.859335, 42.4932815]}, "properties": {"id": "marb-00201", "is_utility_pole": true, "pole_type": "wood_utility", "model_flags": [], "model_watch": [], "lean": "none", "crossarm": "none_visible", "vegetation": "near", "transformer": false, "attachments_estimate": 2, "photos_assessed": 4, "capture_sequences": 1, "photo_shown_date": "2025-11", "latest_available_photo_date": "2025-11", "source_photo_url": "https://www.mapillary.com/app/?pKey=2321685831622336&focus=photo", "nearest_osm_pole_m": null}}, {"type": "Feature", "geometry": {"type": "Point", "coordinates": [-70.8597625, 42.4934703]}, "properties": {"id": "marb-00202", "is_utility_pole": true, "pole_type": "wood_utility", "model_flags": [], "model_watch": ["lean_slight"], "lean": "slight", "crossarm": "none_visible", "vegetation": "none", "transformer": false, "attachments_estimate": 1, "photos_assessed": 4, "capture_sequences": 1, "photo_shown_date": "2025-11", "latest_available_photo_date": "2025-11", "source_photo_url": "https://www.mapillary.com/app/?pKey=4163664203890497&focus=photo", "nearest_osm_pole_m": null}}, {"type": "Feature", "geometry": {"type": "Point", "coordinates": [-70.85775, 42.492302]}, "properties": {"id": "marb-00203", "is_utility_pole": true, "pole_type": "wood_utility", "model_flags": [], "model_watch": ["lean_slight"], "lean": "slight", "crossarm": "intact", "vegetation": "near", "transformer": false, "attachments_estimate": 1, "photos_assessed": 3, "capture_sequences": 1, "photo_shown_date": "2025-11", "latest_available_photo_date": "2025-11", "source_photo_url": "https://www.mapillary.com/app/?pKey=2027035884763818&focus=photo", "nearest_osm_pole_m": null}}, {"type": "Feature", "geometry": {"type": "Point", "coordinates": [-70.8594975, 42.4933387]}, "properties": {"id": "marb-00204", "is_utility_pole": true, "pole_type": "wood_utility", "model_flags": [], "model_watch": [], "lean": "none", "crossarm": "none_visible", "vegetation": "near", "transformer": false, "attachments_estimate": 1, "photos_assessed": 4, "capture_sequences": 1, "photo_shown_date": "2025-11", "latest_available_photo_date": "2025-11", "source_photo_url": "https://www.mapillary.com/app/?pKey=1371330561310317&focus=photo", "nearest_osm_pole_m": null}}, {"type": "Feature", "geometry": {"type": "Point", "coordinates": [-70.858975, 42.493069]}, "properties": {"id": "marb-00205", "is_utility_pole": true, "pole_type": "wood_utility", "model_flags": [], "model_watch": [], "lean": "none", "crossarm": "none_visible", "vegetation": "near", "transformer": false, "attachments_estimate": 2, "photos_assessed": 6, "capture_sequences": 2, "photo_shown_date": "2025-11", "latest_available_photo_date": "2025-11", "source_photo_url": "https://www.mapillary.com/app/?pKey=1165732491601439&focus=photo", "nearest_osm_pole_m": null}}, {"type": "Feature", "geometry": {"type": "Point", "coordinates": [-70.859924, 42.493553]}, "properties": {"id": "marb-00206", "is_utility_pole": true, "pole_type": "wood_utility", "model_flags": [], "model_watch": ["lean_slight"], "lean": "slight", "crossarm": "none_visible", "vegetation": "near", "transformer": false, "attachments_estimate": 2, "photos_assessed": 3, "capture_sequences": 1, "photo_shown_date": "2025-11", "latest_available_photo_date": "2025-11", "source_photo_url": "https://www.mapillary.com/app/?pKey=705127755983600&focus=photo", "nearest_osm_pole_m": null}}, {"type": "Feature", "geometry": {"type": "Point", "coordinates": [-70.85969, 42.49343]}, "properties": {"id": "marb-00207", "is_utility_pole": true, "pole_type": "wood_utility", "model_flags": ["lean"], "model_watch": [], "lean": "moderate", "crossarm": "none_visible", "vegetation": "none", "transformer": false, "attachments_estimate": 1, "photos_assessed": 2, "capture_sequences": 1, "photo_shown_date": "2025-11", "latest_available_photo_date": "2025-11", "source_photo_url": "https://www.mapillary.com/app/?pKey=1365166018514371&focus=photo", "nearest_osm_pole_m": null}}, {"type": "Feature", "geometry": {"type": "Point", "coordinates": [-70.85862, 42.49285]}, "properties": {"id": "marb-00208", "is_utility_pole": true, "pole_type": "concrete_or_steel_utility", "model_flags": [], "model_watch": [], "lean": "unclear", "crossarm": "none_visible", "vegetation": "near", "transformer": false, "attachments_estimate": 0, "photos_assessed": 3, "capture_sequences": 1, "photo_shown_date": "2025-11", "latest_available_photo_date": "2025-11", "source_photo_url": "https://www.mapillary.com/app/?pKey=1378869023796855&focus=photo", "nearest_osm_pole_m": null}}, {"type": "Feature", "geometry": {"type": "Point", "coordinates": [-70.85981, 42.493515]}, "properties": {"id": "marb-00209", "is_utility_pole": true, "pole_type": "wood_utility", "model_flags": [], "model_watch": [], "lean": "none", "crossarm": "none_visible", "vegetation": "near", "transformer": false, "attachments_estimate": 1, "photos_assessed": 3, "capture_sequences": 1, "photo_shown_date": "2025-11", "latest_available_photo_date": "2025-11", "source_photo_url": "https://www.mapillary.com/app/?pKey=2393352014417266&focus=photo", "nearest_osm_pole_m": null}}, {"type": "Feature", "geometry": {"type": "Point", "coordinates": [-70.85846, 42.492725]}, "properties": {"id": "marb-00210", "is_utility_pole": true, "pole_type": "wood_utility", "model_flags": [], "model_watch": [], "lean": "none", "crossarm": "none_visible", "vegetation": "near", "transformer": false, "attachments_estimate": 1, "photos_assessed": 1, "capture_sequences": 1, "photo_shown_date": "2025-11", "latest_available_photo_date": "2025-11", "source_photo_url": "https://www.mapillary.com/app/?pKey=1378869023796855&focus=photo", "nearest_osm_pole_m": null}}, {"type": "Feature", "geometry": {"type": "Point", "coordinates": [-70.85823, 42.49258]}, "properties": {"id": "marb-00211", "is_utility_pole": true, "pole_type": "wood_utility", "model_flags": [], "model_watch": ["lean_slight"], "lean": "slight", "crossarm": "none_visible", "vegetation": "near", "transformer": false, "attachments_estimate": 1, "photos_assessed": 3, "capture_sequences": 1, "photo_shown_date": "2025-11", "latest_available_photo_date": "2025-11", "source_photo_url": "https://www.mapillary.com/app/?pKey=2010823979730687&focus=photo", "nearest_osm_pole_m": null}}, {"type": "Feature", "geometry": {"type": "Point", "coordinates": [-70.858025, 42.492474]}, "properties": {"id": "marb-00212", "is_utility_pole": true, "pole_type": "wood_utility", "model_flags": ["lean", "vegetation"], "model_watch": [], "lean": "severe", "crossarm": "none_visible", "vegetation": "touching", "transformer": false, "attachments_estimate": 0, "photos_assessed": 3, "capture_sequences": 1, "photo_shown_date": "2025-11", "latest_available_photo_date": "2025-11", "source_photo_url": "https://www.mapillary.com/app/?pKey=2043478693065403&focus=photo", "nearest_osm_pole_m": null}}, {"type": "Feature", "geometry": {"type": "Point", "coordinates": [-70.860085, 42.49375]}, "properties": {"id": "marb-00213", "is_utility_pole": true, "pole_type": "wood_utility", "model_flags": [], "model_watch": ["lean_slight"], "lean": "slight", "crossarm": "none_visible", "vegetation": "near", "transformer": false, "attachments_estimate": 2, "photos_assessed": 3, "capture_sequences": 1, "photo_shown_date": "2025-11", "latest_available_photo_date": "2025-11", "source_photo_url": "https://www.mapillary.com/app/?pKey=705127619295964&focus=photo", "nearest_osm_pole_m": null}}, {"type": "Feature", "geometry": {"type": "Point", "coordinates": [-70.858315, 42.492664]}, "properties": {"id": "marb-00214", "is_utility_pole": true, "pole_type": "wood_utility", "model_flags": [], "model_watch": ["lean_slight"], "lean": "slight", "crossarm": "none_visible", "vegetation": "near", "transformer": false, "attachments_estimate": 0, "photos_assessed": 3, "capture_sequences": 1, "photo_shown_date": "2025-11", "latest_available_photo_date": "2025-11", "source_photo_url": "https://www.mapillary.com/app/?pKey=1757925558203037&focus=photo", "nearest_osm_pole_m": null}}, {"type": "Feature", "geometry": {"type": "Point", "coordinates": [-70.885826, 42.48559]}, "properties": {"id": "marb-00215", "is_utility_pole": true, "pole_type": "wood_utility", "model_flags": ["vegetation"], "model_watch": [], "lean": "none", "crossarm": "none_visible", "vegetation": "touching", "transformer": false, "attachments_estimate": 2, "photos_assessed": 3, "capture_sequences": 1, "photo_shown_date": "2023-11", "latest_available_photo_date": "2023-11", "source_photo_url": "https://www.mapillary.com/app/?pKey=1517481965737511&focus=photo", "nearest_osm_pole_m": null}}, {"type": "Feature", "geometry": {"type": "Point", "coordinates": [-70.88668, 42.48493]}, "properties": {"id": "marb-00216", "is_utility_pole": true, "pole_type": "wood_utility", "model_flags": [], "model_watch": [], "lean": "none", "crossarm": "none_visible", "vegetation": "near", "transformer": false, "attachments_estimate": 0, "photos_assessed": 3, "capture_sequences": 1, "photo_shown_date": "2023-11", "latest_available_photo_date": "2023-11", "source_photo_url": "https://www.mapillary.com/app/?pKey=753729956797221&focus=photo", "nearest_osm_pole_m": null}}, {"type": "Feature", "geometry": {"type": "Point", "coordinates": [-70.88643, 42.485085]}, "properties": {"id": "marb-00217", "is_utility_pole": true, "pole_type": "wood_utility", "model_flags": [], "model_watch": [], "lean": "none", "crossarm": "none_visible", "vegetation": "near", "transformer": false, "attachments_estimate": 1, "photos_assessed": 3, "capture_sequences": 1, "photo_shown_date": "2023-11", "latest_available_photo_date": "2023-11", "source_photo_url": "https://www.mapillary.com/app/?pKey=184285584760666&focus=photo", "nearest_osm_pole_m": null}}, {"type": "Feature", "geometry": {"type": "Point", "coordinates": [-70.886275, 42.485214]}, "properties": {"id": "marb-00218", "is_utility_pole": true, "pole_type": "wood_utility", "model_flags": [], "model_watch": ["lean_slight"], "lean": "slight", "crossarm": "none_visible", "vegetation": "near", "transformer": false, "attachments_estimate": 2, "photos_assessed": 6, "capture_sequences": 1, "photo_shown_date": "2023-11", "latest_available_photo_date": "2023-11", "source_photo_url": "https://www.mapillary.com/app/?pKey=259913340045298&focus=photo", "nearest_osm_pole_m": null}}, {"type": "Feature", "geometry": {"type": "Point", "coordinates": [-70.887, 42.485046]}, "properties": {"id": "marb-00219", "is_utility_pole": true, "pole_type": "wood_utility", "model_flags": [], "model_watch": [], "lean": "none", "crossarm": "none_visible", "vegetation": "near", "transformer": false, "attachments_estimate": 1, "photos_assessed": 2, "capture_sequences": 1, "photo_shown_date": "2023-11", "latest_available_photo_date": "2023-11", "source_photo_url": "https://www.mapillary.com/app/?pKey=342700885163097&focus=photo", "nearest_osm_pole_m": null}}, {"type": "Feature", "geometry": {"type": "Point", "coordinates": [-70.88743, 42.485165]}, "properties": {"id": "marb-00220", "is_utility_pole": true, "pole_type": "wood_utility", "model_flags": [], "model_watch": [], "lean": "none", "crossarm": "none_visible", "vegetation": "none", "transformer": false, "attachments_estimate": 0, "photos_assessed": 3, "capture_sequences": 1, "photo_shown_date": "2023-11", "latest_available_photo_date": "2023-11", "source_photo_url": "https://www.mapillary.com/app/?pKey=2003364890047874&focus=photo", "nearest_osm_pole_m": null}}, {"type": "Feature", "geometry": {"type": "Point", "coordinates": [-70.856115, 42.491783]}, "properties": {"id": "marb-00221", "is_utility_pole": true, "pole_type": "wood_utility", "model_flags": [], "model_watch": [], "lean": "unclear", "crossarm": "intact", "vegetation": "none", "transformer": false, "attachments_estimate": 2, "photos_assessed": 6, "capture_sequences": 2, "photo_shown_date": "2025-11", "latest_available_photo_date": "2025-11", "source_photo_url": "https://www.mapillary.com/app/?pKey=1135955448736153&focus=photo", "nearest_osm_pole_m": null}}, {"type": "Feature", "geometry": {"type": "Point", "coordinates": [-70.85604, 42.49175]}, "properties": {"id": "marb-00222", "is_utility_pole": true, "pole_type": "wood_utility", "model_flags": [], "model_watch": ["lean_slight"], "lean": "slight", "crossarm": "none_visible", "vegetation": "none", "transformer": false, "attachments_estimate": 1, "photos_assessed": 3, "capture_sequences": 1, "photo_shown_date": "2025-11", "latest_available_photo_date": "2025-11", "source_photo_url": "https://www.mapillary.com/app/?pKey=2177606932728192&focus=photo", "nearest_osm_pole_m": null}}, {"type": "Feature", "geometry": {"type": "Point", "coordinates": [-70.85593, 42.491714]}, "properties": {"id": "marb-00223", "is_utility_pole": true, "pole_type": "wood_utility", "model_flags": ["lean"], "model_watch": [], "lean": "severe", "crossarm": "intact", "vegetation": "none", "transformer": false, "attachments_estimate": 1, "photos_assessed": 3, "capture_sequences": 1, "photo_shown_date": "2025-11", "latest_available_photo_date": "2025-11", "source_photo_url": "https://www.mapillary.com/app/?pKey=2177606932728192&focus=photo", "nearest_osm_pole_m": null}}, {"type": "Feature", "geometry": {"type": "Point", "coordinates": [-70.85621, 42.4914]}, "properties": {"id": "marb-00224", "is_utility_pole": true, "pole_type": "wood_utility", "model_flags": [], "model_watch": ["lean_slight"], "lean": "slight", "crossarm": "intact", "vegetation": "none", "transformer": false, "attachments_estimate": 1, "photos_assessed": 2, "capture_sequences": 1, "photo_shown_date": "2025-11", "latest_available_photo_date": "2025-11", "source_photo_url": "https://www.mapillary.com/app/?pKey=816117761125840&focus=photo", "nearest_osm_pole_m": null}}, {"type": "Feature", "geometry": {"type": "Point", "coordinates": [-70.85569, 42.49154]}, "properties": {"id": "marb-00225", "is_utility_pole": false, "pole_type": "street_light", "model_flags": [], "model_watch": ["lean_slight"], "lean": "slight", "crossarm": "none_visible", "vegetation": "none", "transformer": false, "attachments_estimate": 1, "photos_assessed": 3, "capture_sequences": 1, "photo_shown_date": "2025-11", "latest_available_photo_date": "2025-11", "source_photo_url": "https://www.mapillary.com/app/?pKey=1701055023922627&focus=photo", "nearest_osm_pole_m": null}}, {"type": "Feature", "geometry": {"type": "Point", "coordinates": [-70.856345, 42.4917]}, "properties": {"id": "marb-00226", "is_utility_pole": true, "pole_type": "wood_utility", "model_flags": [], "model_watch": ["lean_slight"], "lean": "slight", "crossarm": "none_visible", "vegetation": "none", "transformer": false, "attachments_estimate": 0, "photos_assessed": 6, "capture_sequences": 1, "photo_shown_date": "2025-11", "latest_available_photo_date": "2025-11", "source_photo_url": "https://www.mapillary.com/app/?pKey=842577511481553&focus=photo", "nearest_osm_pole_m": null}}, {"type": "Feature", "geometry": {"type": "Point", "coordinates": [-70.85533, 42.491447]}, "properties": {"id": "marb-00227", "is_utility_pole": true, "pole_type": "wood_utility", "model_flags": ["lean"], "model_watch": [], "lean": "severe", "crossarm": "none_visible", "vegetation": "none", "transformer": false, "attachments_estimate": 0, "photos_assessed": 3, "capture_sequences": 1, "photo_shown_date": "2025-11", "latest_available_photo_date": "2025-11", "source_photo_url": "https://www.mapillary.com/app/?pKey=1469644354116199&focus=photo", "nearest_osm_pole_m": null}}, {"type": "Feature", "geometry": {"type": "Point", "coordinates": [-70.85582, 42.491676]}, "properties": {"id": "marb-00228", "is_utility_pole": true, "pole_type": "wood_utility", "model_flags": ["lean"], "model_watch": [], "lean": "severe", "crossarm": "intact", "vegetation": "none", "transformer": false, "attachments_estimate": 1, "photos_assessed": 2, "capture_sequences": 1, "photo_shown_date": "2025-11", "latest_available_photo_date": "2025-11", "source_photo_url": "https://www.mapillary.com/app/?pKey=843712888624348&focus=photo", "nearest_osm_pole_m": null}}, {"type": "Feature", "geometry": {"type": "Point", "coordinates": [-70.85704, 42.49201]}, "properties": {"id": "marb-00229", "is_utility_pole": true, "pole_type": "wood_utility", "model_flags": [], "model_watch": ["lean_slight"], "lean": "slight", "crossarm": "intact", "vegetation": "near", "transformer": false, "attachments_estimate": 1, "photos_assessed": 3, "capture_sequences": 1, "photo_shown_date": "2025-11", "latest_available_photo_date": "2025-11", "source_photo_url": "https://www.mapillary.com/app/?pKey=1738397206868643&focus=photo", "nearest_osm_pole_m": null}}, {"type": "Feature", "geometry": {"type": "Point", "coordinates": [-70.8567769, 42.4919309]}, "properties": {"id": "marb-00230", "is_utility_pole": true, "pole_type": "wood_utility", "model_flags": [], "model_watch": ["lean_slight"], "lean": "slight", "crossarm": "none_visible", "vegetation": "near", "transformer": false, "attachments_estimate": 2, "photos_assessed": 7, "capture_sequences": 1, "photo_shown_date": "2025-11", "latest_available_photo_date": "2025-11", "source_photo_url": "https://www.mapillary.com/app/?pKey=1364759218555337&focus=photo", "nearest_osm_pole_m": null}}, {"type": "Feature", "geometry": {"type": "Point", "coordinates": [-70.856675, 42.4919015]}, "properties": {"id": "marb-00231", "is_utility_pole": true, "pole_type": "wood_utility", "model_flags": [], "model_watch": ["lean_slight"], "lean": "slight", "crossarm": "intact", "vegetation": "none", "transformer": false, "attachments_estimate": 1, "photos_assessed": 6, "capture_sequences": 1, "photo_shown_date": "2025-11", "latest_available_photo_date": "2025-11", "source_photo_url": "https://www.mapillary.com/app/?pKey=1257611803061254&focus=photo", "nearest_osm_pole_m": null}}, {"type": "Feature", "geometry": {"type": "Point", "coordinates": [-70.8565, 42.49188]}, "properties": {"id": "marb-00232", "is_utility_pole": true, "pole_type": "concrete_or_steel_utility", "model_flags": ["lean"], "model_watch": [], "lean": "moderate", "crossarm": "none_visible", "vegetation": "none", "transformer": false, "attachments_estimate": 1, "photos_assessed": 3, "capture_sequences": 1, "photo_shown_date": "2025-11", "latest_available_photo_date": "2025-11", "source_photo_url": "https://www.mapillary.com/app/?pKey=1194339069242378&focus=photo", "nearest_osm_pole_m": null}}, {"type": "Feature", "geometry": {"type": "Point", "coordinates": [-70.856285, 42.49182]}, "properties": {"id": "marb-00233", "is_utility_pole": true, "pole_type": "wood_utility", "model_flags": [], "model_watch": ["lean_slight"], "lean": "slight", "crossarm": "intact", "vegetation": "near", "transformer": false, "attachments_estimate": 2, "photos_assessed": 3, "capture_sequences": 1, "photo_shown_date": "2025-11", "latest_available_photo_date": "2025-11", "source_photo_url": "https://www.mapillary.com/app/?pKey=1241565907990171&focus=photo", "nearest_osm_pole_m": null}}, {"type": "Feature", "geometry": {"type": "Point", "coordinates": [-70.856064, 42.491627]}, "properties": {"id": "marb-00234", "is_utility_pole": false, "pole_type": "other", "model_flags": [], "model_watch": [], "lean": "none", "crossarm": "none_visible", "vegetation": "none", "transformer": false, "attachments_estimate": 0, "photos_assessed": 1, "capture_sequences": 1, "photo_shown_date": "2025-11", "latest_available_photo_date": "2025-11", "source_photo_url": "https://www.mapillary.com/app/?pKey=3754696164823954&focus=photo", "nearest_osm_pole_m": null}}, {"type": "Feature", "geometry": {"type": "Point", "coordinates": [-70.844666, 42.50678]}, "properties": {"id": "marb-00235", "is_utility_pole": true, "pole_type": "wood_utility", "model_flags": [], "model_watch": [], "lean": "none", "crossarm": "none_visible", "vegetation": "near", "transformer": false, "attachments_estimate": 1, "photos_assessed": 2, "capture_sequences": 1, "photo_shown_date": "2023-08", "latest_available_photo_date": "2023-08", "source_photo_url": "https://www.mapillary.com/app/?pKey=826951642414888&focus=photo", "nearest_osm_pole_m": null}}, {"type": "Feature", "geometry": {"type": "Point", "coordinates": [-70.84478, 42.506573]}, "properties": {"id": "marb-00236", "is_utility_pole": true, "pole_type": "wood_utility", "model_flags": [], "model_watch": ["lean_slight"], "lean": "slight", "crossarm": "none_visible", "vegetation": "near", "transformer": false, "attachments_estimate": 2, "photos_assessed": 1, "capture_sequences": 1, "photo_shown_date": "2023-08", "latest_available_photo_date": "2023-08", "source_photo_url": "https://www.mapillary.com/app/?pKey=630473122218105&focus=photo", "nearest_osm_pole_m": null}}, {"type": "Feature", "geometry": {"type": "Point", "coordinates": [-70.84484, 42.506428]}, "properties": {"id": "marb-00237", "is_utility_pole": true, "pole_type": "wood_utility", "model_flags": [], "model_watch": ["lean_slight"], "lean": "slight", "crossarm": "intact", "vegetation": "near", "transformer": true, "attachments_estimate": 1, "photos_assessed": 3, "capture_sequences": 1, "photo_shown_date": "2023-08", "latest_available_photo_date": "2023-08", "source_photo_url": "https://www.mapillary.com/app/?pKey=165380963244245&focus=photo", "nearest_osm_pole_m": null}}, {"type": "Feature", "geometry": {"type": "Point", "coordinates": [-70.845055, 42.506153]}, "properties": {"id": "marb-00238", "is_utility_pole": true, "pole_type": "wood_utility", "model_flags": ["vegetation"], "model_watch": [], "lean": "none", "crossarm": "none_visible", "vegetation": "touching", "transformer": false, "attachments_estimate": 2, "photos_assessed": 3, "capture_sequences": 1, "photo_shown_date": "2023-08", "latest_available_photo_date": "2023-08", "source_photo_url": "https://www.mapillary.com/app/?pKey=962587028177272&focus=photo", "nearest_osm_pole_m": null}}, {"type": "Feature", "geometry": {"type": "Point", "coordinates": [-70.84518, 42.50608]}, "properties": {"id": "marb-00239", "is_utility_pole": true, "pole_type": "wood_utility", "model_flags": ["vegetation"], "model_watch": [], "lean": "none", "crossarm": "intact", "vegetation": "touching", "transformer": false, "attachments_estimate": 1, "photos_assessed": 3, "capture_sequences": 1, "photo_shown_date": "2023-08", "latest_available_photo_date": "2023-08", "source_photo_url": "https://www.mapillary.com/app/?pKey=250968737853978&focus=photo", "nearest_osm_pole_m": null}}, {"type": "Feature", "geometry": {"type": "Point", "coordinates": [-70.84544, 42.50588]}, "properties": {"id": "marb-00240", "is_utility_pole": true, "pole_type": "wood_utility", "model_flags": [], "model_watch": ["lean_slight"], "lean": "slight", "crossarm": "intact", "vegetation": "near", "transformer": false, "attachments_estimate": 2, "photos_assessed": 3, "capture_sequences": 1, "photo_shown_date": "2023-08", "latest_available_photo_date": "2023-08", "source_photo_url": "https://www.mapillary.com/app/?pKey=299878719256662&focus=photo", "nearest_osm_pole_m": null}}, {"type": "Feature", "geometry": {"type": "Point", "coordinates": [-70.844696, 42.506702]}, "properties": {"id": "marb-00241", "is_utility_pole": true, "pole_type": "wood_utility", "model_flags": [], "model_watch": ["lean_slight"], "lean": "slight", "crossarm": "none_visible", "vegetation": "near", "transformer": false, "attachments_estimate": 2, "photos_assessed": 3, "capture_sequences": 1, "photo_shown_date": "2023-08", "latest_available_photo_date": "2023-08", "source_photo_url": "https://www.mapillary.com/app/?pKey=155522787578684&focus=photo", "nearest_osm_pole_m": null}}, {"type": "Feature", "geometry": {"type": "Point", "coordinates": [-70.8428781, 42.508346]}, "properties": {"id": "marb-00242", "is_utility_pole": true, "pole_type": "wood_utility", "model_flags": [], "model_watch": [], "lean": "none", "crossarm": "intact", "vegetation": "near", "transformer": false, "attachments_estimate": 2, "photos_assessed": 8, "capture_sequences": 1, "photo_shown_date": "2023-08", "latest_available_photo_date": "2023-08", "source_photo_url": "https://www.mapillary.com/app/?pKey=1700224413752429&focus=photo", "nearest_osm_pole_m": null}}, {"type": "Feature", "geometry": {"type": "Point", "coordinates": [-70.842735, 42.50827]}, "properties": {"id": "marb-00243", "is_utility_pole": true, "pole_type": "wood_utility", "model_flags": [], "model_watch": [], "lean": "none", "crossarm": "none_visible", "vegetation": "near", "transformer": false, "attachments_estimate": 1, "photos_assessed": 3, "capture_sequences": 1, "photo_shown_date": "2023-08", "latest_available_photo_date": "2023-08", "source_photo_url": "https://www.mapillary.com/app/?pKey=665035158867913&focus=photo", "nearest_osm_pole_m": null}}, {"type": "Feature", "geometry": {"type": "Point", "coordinates": [-70.84254, 42.50835]}, "properties": {"id": "marb-00244", "is_utility_pole": true, "pole_type": "wood_utility", "model_flags": [], "model_watch": ["lean_slight"], "lean": "slight", "crossarm": "unclear", "vegetation": "near", "transformer": false, "attachments_estimate": 1, "photos_assessed": 2, "capture_sequences": 1, "photo_shown_date": "2023-08", "latest_available_photo_date": "2023-08", "source_photo_url": "https://www.mapillary.com/app/?pKey=134572023040331&focus=photo", "nearest_osm_pole_m": null}}, {"type": "Feature", "geometry": {"type": "Point", "coordinates": [-70.832726, 42.504047]}, "properties": {"id": "marb-00245", "is_utility_pole": true, "pole_type": "wood_utility", "model_flags": [], "model_watch": [], "lean": "none", "crossarm": "none_visible", "vegetation": "near", "transformer": true, "attachments_estimate": 1, "photos_assessed": 3, "capture_sequences": 1, "photo_shown_date": "2025-11", "latest_available_photo_date": "2025-11", "source_photo_url": "https://www.mapillary.com/app/?pKey=1169817895092799&focus=photo", "nearest_osm_pole_m": null}}, {"type": "Feature", "geometry": {"type": "Point", "coordinates": [-70.833305, 42.504627]}, "properties": {"id": "marb-00246", "is_utility_pole": false, "pole_type": "other", "model_flags": [], "model_watch": [], "lean": "none", "crossarm": "none_visible", "vegetation": "none", "transformer": false, "attachments_estimate": 0, "photos_assessed": 1, "capture_sequences": 1, "photo_shown_date": "2025-11", "latest_available_photo_date": "2025-11", "source_photo_url": "https://www.mapillary.com/app/?pKey=1520587132390854&focus=photo", "nearest_osm_pole_m": null}}, {"type": "Feature", "geometry": {"type": "Point", "coordinates": [-70.83296, 42.504268]}, "properties": {"id": "marb-00247", "is_utility_pole": true, "pole_type": "wood_utility", "model_flags": ["vegetation"], "model_watch": [], "lean": "unclear", "crossarm": "unclear", "vegetation": "touching", "transformer": false, "attachments_estimate": 0, "photos_assessed": 5, "capture_sequences": 1, "photo_shown_date": "2025-11", "latest_available_photo_date": "2025-11", "source_photo_url": "https://www.mapillary.com/app/?pKey=1109042614406144&focus=photo", "nearest_osm_pole_m": null}}, {"type": "Feature", "geometry": {"type": "Point", "coordinates": [-70.83322, 42.504135]}, "properties": {"id": "marb-00248", "is_utility_pole": true, "pole_type": "wood_utility", "model_flags": [], "model_watch": ["lean_slight"], "lean": "slight", "crossarm": "none_visible", "vegetation": "near", "transformer": false, "attachments_estimate": 0, "photos_assessed": 3, "capture_sequences": 1, "photo_shown_date": "2025-11", "latest_available_photo_date": "2025-11", "source_photo_url": "https://www.mapillary.com/app/?pKey=722019637578426&focus=photo", "nearest_osm_pole_m": null}}, {"type": "Feature", "geometry": {"type": "Point", "coordinates": [-70.833145, 42.50451]}, "properties": {"id": "marb-00249", "is_utility_pole": true, "pole_type": "wood_utility", "model_flags": ["lean"], "model_watch": [], "lean": "moderate", "crossarm": "none_visible", "vegetation": "near", "transformer": false, "attachments_estimate": 1, "photos_assessed": 3, "capture_sequences": 1, "photo_shown_date": "2025-11", "latest_available_photo_date": "2025-11", "source_photo_url": "https://www.mapillary.com/app/?pKey=1520587132390854&focus=photo", "nearest_osm_pole_m": null}}, {"type": "Feature", "geometry": {"type": "Point", "coordinates": [-70.864296, 42.49993]}, "properties": {"id": "marb-00250", "is_utility_pole": true, "pole_type": "wood_utility", "model_flags": ["vegetation"], "model_watch": [], "lean": "none", "crossarm": "intact", "vegetation": "touching", "transformer": false, "attachments_estimate": 1, "photos_assessed": 3, "capture_sequences": 1, "photo_shown_date": "2023-08", "latest_available_photo_date": "2023-08", "source_photo_url": "https://www.mapillary.com/app/?pKey=234074515791051&focus=photo", "nearest_osm_pole_m": 11.8}}, {"type": "Feature", "geometry": {"type": "Point", "coordinates": [-70.86414, 42.499935]}, "properties": {"id": "marb-00251", "is_utility_pole": true, "pole_type": "wood_utility", "model_flags": ["vegetation"], "model_watch": ["lean_slight"], "lean": "slight", "crossarm": "intact", "vegetation": "touching", "transformer": false, "attachments_estimate": 1, "photos_assessed": 3, "capture_sequences": 1, "photo_shown_date": "2023-08", "latest_available_photo_date": "2023-08", "source_photo_url": "https://www.mapillary.com/app/?pKey=626426686225288&focus=photo", "nearest_osm_pole_m": 2.1}}, {"type": "Feature", "geometry": {"type": "Point", "coordinates": [-70.8610925, 42.495459]}, "properties": {"id": "marb-00252", "is_utility_pole": true, "pole_type": "wood_utility", "model_flags": [], "model_watch": [], "lean": "unclear", "crossarm": "none_visible", "vegetation": "near", "transformer": false, "attachments_estimate": 2, "photos_assessed": 6, "capture_sequences": 1, "photo_shown_date": "2025-11", "latest_available_photo_date": "2025-11", "source_photo_url": "https://www.mapillary.com/app/?pKey=822603100490182&focus=photo", "nearest_osm_pole_m": null}}, {"type": "Feature", "geometry": {"type": "Point", "coordinates": [-70.86073, 42.49564]}, "properties": {"id": "marb-00253", "is_utility_pole": true, "pole_type": "wood_utility", "model_flags": [], "model_watch": [], "lean": "none", "crossarm": "none_visible", "vegetation": "none", "transformer": false, "attachments_estimate": 2, "photos_assessed": 6, "capture_sequences": 1, "photo_shown_date": "2025-11", "latest_available_photo_date": "2025-11", "source_photo_url": "https://www.mapillary.com/app/?pKey=689891640431285&focus=photo", "nearest_osm_pole_m": null}}, {"type": "Feature", "geometry": {"type": "Point", "coordinates": [-70.86132, 42.49561]}, "properties": {"id": "marb-00254", "is_utility_pole": true, "pole_type": "wood_utility", "model_flags": ["lean"], "model_watch": [], "lean": "severe", "crossarm": "none_visible", "vegetation": "near", "transformer": false, "attachments_estimate": 1, "photos_assessed": 3, "capture_sequences": 1, "photo_shown_date": "2025-11", "latest_available_photo_date": "2025-11", "source_photo_url": "https://www.mapillary.com/app/?pKey=825719860441232&focus=photo", "nearest_osm_pole_m": null}}, {"type": "Feature", "geometry": {"type": "Point", "coordinates": [-70.8595344, 42.4962966]}, "properties": {"id": "marb-00255", "is_utility_pole": true, "pole_type": "wood_utility", "model_flags": [], "model_watch": ["lean_slight"], "lean": "slight", "crossarm": "intact", "vegetation": "near", "transformer": false, "attachments_estimate": 2, "photos_assessed": 9, "capture_sequences": 1, "photo_shown_date": "2025-11", "latest_available_photo_date": "2025-11", "source_photo_url": "https://www.mapillary.com/app/?pKey=2328535247663331&focus=photo", "nearest_osm_pole_m": null}}, {"type": "Feature", "geometry": {"type": "Point", "coordinates": [-70.8596667, 42.4962003]}, "properties": {"id": "marb-00256", "is_utility_pole": true, "pole_type": "wood_utility", "model_flags": [], "model_watch": [], "lean": "none", "crossarm": "none_visible", "vegetation": "near", "transformer": false, "attachments_estimate": 1, "photos_assessed": 9, "capture_sequences": 1, "photo_shown_date": "2025-11", "latest_available_photo_date": "2025-11", "source_photo_url": "https://www.mapillary.com/app/?pKey=1602174630652723&focus=photo", "nearest_osm_pole_m": null}}, {"type": "Feature", "geometry": {"type": "Point", "coordinates": [-70.85944, 42.4963244]}, "properties": {"id": "marb-00257", "is_utility_pole": true, "pole_type": "wood_utility", "model_flags": [], "model_watch": ["lean_slight"], "lean": "slight", "crossarm": "none_visible", "vegetation": "near", "transformer": false, "attachments_estimate": 2, "photos_assessed": 5, "capture_sequences": 1, "photo_shown_date": "2025-11", "latest_available_photo_date": "2025-11", "source_photo_url": "https://www.mapillary.com/app/?pKey=1206615197948499&focus=photo", "nearest_osm_pole_m": null}}, {"type": "Feature", "geometry": {"type": "Point", "coordinates": [-70.85977, 42.496147]}, "properties": {"id": "marb-00258", "is_utility_pole": true, "pole_type": "wood_utility", "model_flags": ["vegetation"], "model_watch": ["lean_slight"], "lean": "slight", "crossarm": "none_visible", "vegetation": "touching", "transformer": false, "attachments_estimate": 1, "photos_assessed": 3, "capture_sequences": 1, "photo_shown_date": "2025-11", "latest_available_photo_date": "2025-11", "source_photo_url": "https://www.mapillary.com/app/?pKey=1565422751568251&focus=photo", "nearest_osm_pole_m": null}}, {"type": "Feature", "geometry": {"type": "Point", "coordinates": [-70.859293, 42.4963985]}, "properties": {"id": "marb-00259", "is_utility_pole": true, "pole_type": "wood_utility", "model_flags": [], "model_watch": ["lean_slight"], "lean": "slight", "crossarm": "none_visible", "vegetation": "near", "transformer": false, "attachments_estimate": 2, "photos_assessed": 6, "capture_sequences": 1, "photo_shown_date": "2025-11", "latest_available_photo_date": "2025-11", "source_photo_url": "https://www.mapillary.com/app/?pKey=2468350853566978&focus=photo", "nearest_osm_pole_m": null}}, {"type": "Feature", "geometry": {"type": "Point", "coordinates": [-70.8616388, 42.49507]}, "properties": {"id": "marb-00260", "is_utility_pole": true, "pole_type": "wood_utility", "model_flags": ["double"], "model_watch": ["lean_slight"], "lean": "slight", "crossarm": "none_visible", "vegetation": "near", "transformer": false, "attachments_estimate": 2, "photos_assessed": 5, "capture_sequences": 1, "photo_shown_date": "2025-11", "latest_available_photo_date": "2025-11", "source_photo_url": "https://www.mapillary.com/app/?pKey=1496006925022842&focus=photo", "nearest_osm_pole_m": null}}, {"type": "Feature", "geometry": {"type": "Point", "coordinates": [-70.8615967, 42.4951247]}, "properties": {"id": "marb-00261", "is_utility_pole": true, "pole_type": "wood_utility", "model_flags": ["double"], "model_watch": ["lean_slight"], "lean": "slight", "crossarm": "unclear", "vegetation": "near", "transformer": false, "attachments_estimate": 2, "photos_assessed": 3, "capture_sequences": 1, "photo_shown_date": "2025-11", "latest_available_photo_date": "2025-11", "source_photo_url": "https://www.mapillary.com/app/?pKey=813270794824255&focus=photo", "nearest_osm_pole_m": null}}, {"type": "Feature", "geometry": {"type": "Point", "coordinates": [-70.86049, 42.49581]}, "properties": {"id": "marb-00262", "is_utility_pole": true, "pole_type": "wood_utility", "model_flags": [], "model_watch": ["lean_slight"], "lean": "slight", "crossarm": "unclear", "vegetation": "near", "transformer": false, "attachments_estimate": 1, "photos_assessed": 2, "capture_sequences": 1, "photo_shown_date": "2025-11", "latest_available_photo_date": "2025-11", "source_photo_url": "https://www.mapillary.com/app/?pKey=4308547786084840&focus=photo", "nearest_osm_pole_m": null}}, {"type": "Feature", "geometry": {"type": "Point", "coordinates": [-70.8604025, 42.4958415]}, "properties": {"id": "marb-00263", "is_utility_pole": true, "pole_type": "wood_utility", "model_flags": [], "model_watch": [], "lean": "none", "crossarm": "none_visible", "vegetation": "near", "transformer": false, "attachments_estimate": 1, "photos_assessed": 6, "capture_sequences": 1, "photo_shown_date": "2025-11", "latest_available_photo_date": "2025-11", "source_photo_url": "https://www.mapillary.com/app/?pKey=4308547786084840&focus=photo", "nearest_osm_pole_m": null}}, {"type": "Feature", "geometry": {"type": "Point", "coordinates": [-70.8601988, 42.4959264]}, "properties": {"id": "marb-00264", "is_utility_pole": true, "pole_type": "wood_utility", "model_flags": [], "model_watch": [], "lean": "none", "crossarm": "none_visible", "vegetation": "near", "transformer": false, "attachments_estimate": 1, "photos_assessed": 5, "capture_sequences": 1, "photo_shown_date": "2025-11", "latest_available_photo_date": "2025-11", "source_photo_url": "https://www.mapillary.com/app/?pKey=2227626664393858&focus=photo", "nearest_osm_pole_m": null}}, {"type": "Feature", "geometry": {"type": "Point", "coordinates": [-70.86029, 42.495872]}, "properties": {"id": "marb-00265", "is_utility_pole": true, "pole_type": "wood_utility", "model_flags": [], "model_watch": [], "lean": "none", "crossarm": "none_visible", "vegetation": "near", "transformer": false, "attachments_estimate": 2, "photos_assessed": 3, "capture_sequences": 1, "photo_shown_date": "2025-11", "latest_available_photo_date": "2025-11", "source_photo_url": "https://www.mapillary.com/app/?pKey=683272218165869&focus=photo", "nearest_osm_pole_m": null}}, {"type": "Feature", "geometry": {"type": "Point", "coordinates": [-70.8605653, 42.495736]}, "properties": {"id": "marb-00266", "is_utility_pole": true, "pole_type": "wood_utility", "model_flags": [], "model_watch": [], "lean": "none", "crossarm": "none_visible", "vegetation": "near", "transformer": false, "attachments_estimate": 2, "photos_assessed": 9, "capture_sequences": 1, "photo_shown_date": "2025-11", "latest_available_photo_date": "2025-11", "source_photo_url": "https://www.mapillary.com/app/?pKey=25123504620632995&focus=photo", "nearest_osm_pole_m": null}}, {"type": "Feature", "geometry": {"type": "Point", "coordinates": [-70.861595, 42.4953]}, "properties": {"id": "marb-00267", "is_utility_pole": true, "pole_type": "wood_utility", "model_flags": [], "model_watch": ["lean_slight"], "lean": "slight", "crossarm": "none_visible", "vegetation": "near", "transformer": false, "attachments_estimate": 0, "photos_assessed": 1, "capture_sequences": 1, "photo_shown_date": "2025-11", "latest_available_photo_date": "2025-11", "source_photo_url": "https://www.mapillary.com/app/?pKey=1146500370939407&focus=photo", "nearest_osm_pole_m": null}}, {"type": "Feature", "geometry": {"type": "Point", "coordinates": [-70.859868, 42.4961205]}, "properties": {"id": "marb-00268", "is_utility_pole": true, "pole_type": "wood_utility", "model_flags": [], "model_watch": ["lean_slight"], "lean": "slight", "crossarm": "none_visible", "vegetation": "near", "transformer": false, "attachments_estimate": 1, "photos_assessed": 6, "capture_sequences": 1, "photo_shown_date": "2025-11", "latest_available_photo_date": "2025-11", "source_photo_url": "https://www.mapillary.com/app/?pKey=1182006607401214&focus=photo", "nearest_osm_pole_m": null}}, {"type": "Feature", "geometry": {"type": "Point", "coordinates": [-70.860865, 42.495573]}, "properties": {"id": "marb-00269", "is_utility_pole": true, "pole_type": "wood_utility", "model_flags": [], "model_watch": ["lean_slight"], "lean": "slight", "crossarm": "none_visible", "vegetation": "near", "transformer": false, "attachments_estimate": 2, "photos_assessed": 6, "capture_sequences": 1, "photo_shown_date": "2025-11", "latest_available_photo_date": "2025-11", "source_photo_url": "https://www.mapillary.com/app/?pKey=693840327103033&focus=photo", "nearest_osm_pole_m": null}}, {"type": "Feature", "geometry": {"type": "Point", "coordinates": [-70.86091, 42.495865]}, "properties": {"id": "marb-00270", "is_utility_pole": true, "pole_type": "wood_utility", "model_flags": [], "model_watch": ["lean_slight"], "lean": "slight", "crossarm": "none_visible", "vegetation": "near", "transformer": false, "attachments_estimate": 1, "photos_assessed": 3, "capture_sequences": 1, "photo_shown_date": "2025-11", "latest_available_photo_date": "2025-11", "source_photo_url": "https://www.mapillary.com/app/?pKey=25123504620632995&focus=photo", "nearest_osm_pole_m": null}}, {"type": "Feature", "geometry": {"type": "Point", "coordinates": [-70.86142, 42.49526]}, "properties": {"id": "marb-00271", "is_utility_pole": true, "pole_type": "concrete_or_steel_utility", "model_flags": [], "model_watch": [], "lean": "unclear", "crossarm": "none_visible", "vegetation": "near", "transformer": false, "attachments_estimate": 1, "photos_assessed": 3, "capture_sequences": 1, "photo_shown_date": "2025-11", "latest_available_photo_date": "2025-11", "source_photo_url": "https://www.mapillary.com/app/?pKey=2240258953152488&focus=photo", "nearest_osm_pole_m": null}}, {"type": "Feature", "geometry": {"type": "Point", "coordinates": [-70.8601514, 42.4959907]}, "properties": {"id": "marb-00272", "is_utility_pole": true, "pole_type": "wood_utility", "model_flags": [], "model_watch": ["lean_slight"], "lean": "slight", "crossarm": "none_visible", "vegetation": "near", "transformer": false, "attachments_estimate": 2, "photos_assessed": 7, "capture_sequences": 1, "photo_shown_date": "2025-11", "latest_available_photo_date": "2025-11", "source_photo_url": "https://www.mapillary.com/app/?pKey=852117900840475&focus=photo", "nearest_osm_pole_m": null}}, {"type": "Feature", "geometry": {"type": "Point", "coordinates": [-70.8596, 42.496227]}, "properties": {"id": "marb-00273", "is_utility_pole": true, "pole_type": "wood_utility", "model_flags": [], "model_watch": ["lean_slight"], "lean": "slight", "crossarm": "unclear", "vegetation": "near", "transformer": false, "attachments_estimate": 2, "photos_assessed": 3, "capture_sequences": 1, "photo_shown_date": "2025-11", "latest_available_photo_date": "2025-11", "source_photo_url": "https://www.mapillary.com/app/?pKey=4227395154201207&focus=photo", "nearest_osm_pole_m": null}}, {"type": "Feature", "geometry": {"type": "Point", "coordinates": [-70.86066, 42.49568]}, "properties": {"id": "marb-00274", "is_utility_pole": true, "pole_type": "wood_utility", "model_flags": ["lean"], "model_watch": [], "lean": "moderate", "crossarm": "intact", "vegetation": "none", "transformer": false, "attachments_estimate": 2, "photos_assessed": 3, "capture_sequences": 1, "photo_shown_date": "2025-11", "latest_available_photo_date": "2025-11", "source_photo_url": "https://www.mapillary.com/app/?pKey=854292433762402&focus=photo", "nearest_osm_pole_m": null}}, {"type": "Feature", "geometry": {"type": "Point", "coordinates": [-70.859376, 42.496377]}, "properties": {"id": "marb-00275", "is_utility_pole": true, "pole_type": "wood_utility", "model_flags": [], "model_watch": [], "lean": "none", "crossarm": "none_visible", "vegetation": "near", "transformer": false, "attachments_estimate": 1, "photos_assessed": 5, "capture_sequences": 1, "photo_shown_date": "2025-11", "latest_available_photo_date": "2025-11", "source_photo_url": "https://www.mapillary.com/app/?pKey=1522169679028409&focus=photo", "nearest_osm_pole_m": null}}, {"type": "Feature", "geometry": {"type": "Point", "coordinates": [-70.85997, 42.496048]}, "properties": {"id": "marb-00276", "is_utility_pole": true, "pole_type": "wood_utility", "model_flags": ["vegetation"], "model_watch": ["lean_slight"], "lean": "slight", "crossarm": "none_visible", "vegetation": "touching", "transformer": false, "attachments_estimate": 2, "photos_assessed": 3, "capture_sequences": 1, "photo_shown_date": "2025-11", "latest_available_photo_date": "2025-11", "source_photo_url": "https://www.mapillary.com/app/?pKey=890016670017022&focus=photo", "nearest_osm_pole_m": null}}, {"type": "Feature", "geometry": {"type": "Point", "coordinates": [-70.86011, 42.496065]}, "properties": {"id": "marb-00277", "is_utility_pole": true, "pole_type": "wood_utility", "model_flags": [], "model_watch": ["lean_slight"], "lean": "slight", "crossarm": "none_visible", "vegetation": "near", "transformer": false, "attachments_estimate": 0, "photos_assessed": 6, "capture_sequences": 1, "photo_shown_date": "2025-11", "latest_available_photo_date": "2025-11", "source_photo_url": "https://www.mapillary.com/app/?pKey=668939476074921&focus=photo", "nearest_osm_pole_m": null}}, {"type": "Feature", "geometry": {"type": "Point", "coordinates": [-70.859985, 42.496128]}, "properties": {"id": "marb-00278", "is_utility_pole": true, "pole_type": "wood_utility", "model_flags": ["vegetation"], "model_watch": ["lean_slight"], "lean": "slight", "crossarm": "none_visible", "vegetation": "touching", "transformer": false, "attachments_estimate": 0, "photos_assessed": 3, "capture_sequences": 1, "photo_shown_date": "2025-11", "latest_available_photo_date": "2025-11", "source_photo_url": "https://www.mapillary.com/app/?pKey=2840525636312108&focus=photo", "nearest_osm_pole_m": null}}, {"type": "Feature", "geometry": {"type": "Point", "coordinates": [-70.8806971, 42.4974053]}, "properties": {"id": "marb-00279", "is_utility_pole": true, "pole_type": "wood_utility", "model_flags": [], "model_watch": [], "lean": "none", "crossarm": "none_visible", "vegetation": "near", "transformer": false, "attachments_estimate": 0, "photos_assessed": 7, "capture_sequences": 1, "photo_shown_date": "2023-08", "latest_available_photo_date": "2023-08", "source_photo_url": "https://www.mapillary.com/app/?pKey=7366405173386726&focus=photo", "nearest_osm_pole_m": null}}, {"type": "Feature", "geometry": {"type": "Point", "coordinates": [-70.882256, 42.498272]}, "properties": {"id": "marb-00280", "is_utility_pole": true, "pole_type": "wood_utility", "model_flags": ["vegetation"], "model_watch": ["lean_slight"], "lean": "slight", "crossarm": "none_visible", "vegetation": "touching", "transformer": false, "attachments_estimate": 0, "photos_assessed": 3, "capture_sequences": 1, "photo_shown_date": "2023-08", "latest_available_photo_date": "2023-08", "source_photo_url": "https://www.mapillary.com/app/?pKey=845974053565259&focus=photo", "nearest_osm_pole_m": 10.6}}, {"type": "Feature", "geometry": {"type": "Point", "coordinates": [-70.88212, 42.498264]}, "properties": {"id": "marb-00281", "is_utility_pole": true, "pole_type": "wood_utility", "model_flags": ["vegetation"], "model_watch": ["lean_slight"], "lean": "slight", "crossarm": "none_visible", "vegetation": "touching", "transformer": false, "attachments_estimate": 0, "photos_assessed": 3, "capture_sequences": 1, "photo_shown_date": "2023-08", "latest_available_photo_date": "2023-08", "source_photo_url": "https://www.mapillary.com/app/?pKey=260824140170462&focus=photo", "nearest_osm_pole_m": 2.1}}, {"type": "Feature", "geometry": {"type": "Point", "coordinates": [-70.881, 42.49762]}, "properties": {"id": "marb-00282", "is_utility_pole": true, "pole_type": "wood_utility", "model_flags": ["double"], "model_watch": [], "lean": "none", "crossarm": "none_visible", "vegetation": "near", "transformer": true, "attachments_estimate": 0, "photos_assessed": 6, "capture_sequences": 1, "photo_shown_date": "2023-08", "latest_available_photo_date": "2023-08", "source_photo_url": "https://www.mapillary.com/app/?pKey=843876230192217&focus=photo", "nearest_osm_pole_m": 6.9}}, {"type": "Feature", "geometry": {"type": "Point", "coordinates": [-70.88157, 42.498028]}, "properties": {"id": "marb-00283", "is_utility_pole": true, "pole_type": "wood_utility", "model_flags": [], "model_watch": ["lean_slight"], "lean": "slight", "crossarm": "none_visible", "vegetation": "near", "transformer": false, "attachments_estimate": 1, "photos_assessed": 3, "capture_sequences": 1, "photo_shown_date": "2023-08", "latest_available_photo_date": "2023-08", "source_photo_url": "https://www.mapillary.com/app/?pKey=854360076112826&focus=photo", "nearest_osm_pole_m": 10.8}}, {"type": "Feature", "geometry": {"type": "Point", "coordinates": [-70.867645, 42.490562]}, "properties": {"id": "marb-00284", "is_utility_pole": true, "pole_type": "wood_utility", "model_flags": ["vegetation"], "model_watch": [], "lean": "unclear", "crossarm": "none_visible", "vegetation": "touching", "transformer": false, "attachments_estimate": 0, "photos_assessed": 1, "capture_sequences": 1, "photo_shown_date": "2023-11", "latest_available_photo_date": "2023-11", "source_photo_url": "https://www.mapillary.com/app/?pKey=1089559342414075&focus=photo", "nearest_osm_pole_m": null}}, {"type": "Feature", "geometry": {"type": "Point", "coordinates": [-70.866445, 42.4916127]}, "properties": {"id": "marb-00285", "is_utility_pole": true, "pole_type": "wood_utility", "model_flags": ["double"], "model_watch": ["lean_slight"], "lean": "slight", "crossarm": "unclear", "vegetation": "near", "transformer": false, "attachments_estimate": 0, "photos_assessed": 3, "capture_sequences": 1, "photo_shown_date": "2023-11", "latest_available_photo_date": "2023-11", "source_photo_url": "https://www.mapillary.com/app/?pKey=1291987531516956&focus=photo", "nearest_osm_pole_m": null}}, {"type": "Feature", "geometry": {"type": "Point", "coordinates": [-70.86677, 42.491224]}, "properties": {"id": "marb-00286", "is_utility_pole": true, "pole_type": "wood_utility", "model_flags": ["vegetation"], "model_watch": [], "lean": "none", "crossarm": "none_visible", "vegetation": "touching", "transformer": false, "attachments_estimate": 0, "photos_assessed": 6, "capture_sequences": 1, "photo_shown_date": "2023-11", "latest_available_photo_date": "2023-11", "source_photo_url": "https://www.mapillary.com/app/?pKey=189795570851843&focus=photo", "nearest_osm_pole_m": null}}, {"type": "Feature", "geometry": {"type": "Point", "coordinates": [-70.86816, 42.490364]}, "properties": {"id": "marb-00287", "is_utility_pole": true, "pole_type": "wood_utility", "model_flags": [], "model_watch": [], "lean": "none", "crossarm": "none_visible", "vegetation": "near", "transformer": false, "attachments_estimate": 0, "photos_assessed": 3, "capture_sequences": 1, "photo_shown_date": "2023-11", "latest_available_photo_date": "2023-11", "source_photo_url": "https://www.mapillary.com/app/?pKey=897095068761803&focus=photo", "nearest_osm_pole_m": null}}, {"type": "Feature", "geometry": {"type": "Point", "coordinates": [-70.86717, 42.4909115]}, "properties": {"id": "marb-00288", "is_utility_pole": true, "pole_type": "wood_utility", "model_flags": ["double"], "model_watch": [], "lean": "unclear", "crossarm": "none_visible", "vegetation": "near", "transformer": false, "attachments_estimate": 0, "photos_assessed": 6, "capture_sequences": 1, "photo_shown_date": "2023-11", "latest_available_photo_date": "2023-11", "source_photo_url": "https://www.mapillary.com/app/?pKey=1094865621503077&focus=photo", "nearest_osm_pole_m": null}}, {"type": "Feature", "geometry": {"type": "Point", "coordinates": [-70.875015, 42.485806]}, "properties": {"id": "marb-00289", "is_utility_pole": true, "pole_type": "wood_utility", "model_flags": ["vegetation"], "model_watch": [], "lean": "none", "crossarm": "none_visible", "vegetation": "touching", "transformer": false, "attachments_estimate": 0, "photos_assessed": 3, "capture_sequences": 1, "photo_shown_date": "2023-11", "latest_available_photo_date": "2023-11", "source_photo_url": "https://www.mapillary.com/app/?pKey=721437219898123&focus=photo", "nearest_osm_pole_m": null}}, {"type": "Feature", "geometry": {"type": "Point", "coordinates": [-70.875496, 42.48524]}, "properties": {"id": "marb-00290", "is_utility_pole": true, "pole_type": "wood_utility", "model_flags": ["vegetation"], "model_watch": ["lean_slight"], "lean": "slight", "crossarm": "none_visible", "vegetation": "touching", "transformer": false, "attachments_estimate": 1, "photos_assessed": 1, "capture_sequences": 1, "photo_shown_date": "2023-11", "latest_available_photo_date": "2023-11", "source_photo_url": "https://www.mapillary.com/app/?pKey=725812318929424&focus=photo", "nearest_osm_pole_m": null}}, {"type": "Feature", "geometry": {"type": "Point", "coordinates": [-70.87527, 42.48555]}, "properties": {"id": "marb-00291", "is_utility_pole": true, "pole_type": "wood_utility", "model_flags": [], "model_watch": ["lean_slight"], "lean": "slight", "crossarm": "none_visible", "vegetation": "none", "transformer": false, "attachments_estimate": 1, "photos_assessed": 3, "capture_sequences": 1, "photo_shown_date": "2023-11", "latest_available_photo_date": "2023-11", "source_photo_url": "https://www.mapillary.com/app/?pKey=752090650084722&focus=photo", "nearest_osm_pole_m": null}}, {"type": "Feature", "geometry": {"type": "Point", "coordinates": [-70.83662, 42.49701]}, "properties": {"id": "marb-00292", "is_utility_pole": false, "pole_type": "street_light", "model_flags": [], "model_watch": [], "lean": "none", "crossarm": "none_visible", "vegetation": "none", "transformer": false, "attachments_estimate": 0, "photos_assessed": 3, "capture_sequences": 1, "photo_shown_date": "2025-11", "latest_available_photo_date": "2025-11", "source_photo_url": "https://www.mapillary.com/app/?pKey=1371124327780644&focus=photo", "nearest_osm_pole_m": null}}, {"type": "Feature", "geometry": {"type": "Point", "coordinates": [-70.8553775, 42.4915625]}, "properties": {"id": "marb-00293", "is_utility_pole": true, "pole_type": "wood_utility", "model_flags": [], "model_watch": ["lean_slight"], "lean": "slight", "crossarm": "intact", "vegetation": "none", "transformer": false, "attachments_estimate": 1, "photos_assessed": 4, "capture_sequences": 1, "photo_shown_date": "2025-11", "latest_available_photo_date": "2025-11", "source_photo_url": "https://www.mapillary.com/app/?pKey=833840099038687&focus=photo", "nearest_osm_pole_m": null}}, {"type": "Feature", "geometry": {"type": "Point", "coordinates": [-70.83605, 42.492657]}, "properties": {"id": "marb-00294", "is_utility_pole": true, "pole_type": "wood_utility", "model_flags": [], "model_watch": [], "lean": "none", "crossarm": "none_visible", "vegetation": "near", "transformer": false, "attachments_estimate": 1, "photos_assessed": 3, "capture_sequences": 1, "photo_shown_date": "2025-11", "latest_available_photo_date": "2025-11", "source_photo_url": "https://www.mapillary.com/app/?pKey=1394586752081214&focus=photo", "nearest_osm_pole_m": null}}, {"type": "Feature", "geometry": {"type": "Point", "coordinates": [-70.83597, 42.492897]}, "properties": {"id": "marb-00295", "is_utility_pole": true, "pole_type": "wood_utility", "model_flags": [], "model_watch": [], "lean": "none", "crossarm": "none_visible", "vegetation": "near", "transformer": false, "attachments_estimate": 1, "photos_assessed": 2, "capture_sequences": 1, "photo_shown_date": "2025-11", "latest_available_photo_date": "2025-11", "source_photo_url": "https://www.mapillary.com/app/?pKey=1406860124206463&focus=photo", "nearest_osm_pole_m": null}}, {"type": "Feature", "geometry": {"type": "Point", "coordinates": [-70.83585, 42.49318]}, "properties": {"id": "marb-00296", "is_utility_pole": true, "pole_type": "wood_utility", "model_flags": [], "model_watch": ["lean_slight"], "lean": "slight", "crossarm": "none_visible", "vegetation": "near", "transformer": false, "attachments_estimate": 1, "photos_assessed": 3, "capture_sequences": 1, "photo_shown_date": "2025-11", "latest_available_photo_date": "2025-11", "source_photo_url": "https://www.mapillary.com/app/?pKey=699487836539476&focus=photo", "nearest_osm_pole_m": null}}, {"type": "Feature", "geometry": {"type": "Point", "coordinates": [-70.835976, 42.492775]}, "properties": {"id": "marb-00297", "is_utility_pole": true, "pole_type": "wood_utility", "model_flags": ["lean"], "model_watch": [], "lean": "severe", "crossarm": "none_visible", "vegetation": "none", "transformer": false, "attachments_estimate": 1, "photos_assessed": 3, "capture_sequences": 1, "photo_shown_date": "2025-11", "latest_available_photo_date": "2025-11", "source_photo_url": "https://www.mapillary.com/app/?pKey=1176183260730276&focus=photo", "nearest_osm_pole_m": null}}, {"type": "Feature", "geometry": {"type": "Point", "coordinates": [-70.8557, 42.491703]}, "properties": {"id": "marb-00298", "is_utility_pole": true, "pole_type": "wood_utility", "model_flags": ["lean"], "model_watch": [], "lean": "severe", "crossarm": "intact", "vegetation": "none", "transformer": false, "attachments_estimate": 1, "photos_assessed": 3, "capture_sequences": 1, "photo_shown_date": "2025-11", "latest_available_photo_date": "2025-11", "source_photo_url": "https://www.mapillary.com/app/?pKey=1180967227316111&focus=photo", "nearest_osm_pole_m": null}}, {"type": "Feature", "geometry": {"type": "Point", "coordinates": [-70.85742, 42.49216]}, "properties": {"id": "marb-00299", "is_utility_pole": true, "pole_type": "wood_utility", "model_flags": [], "model_watch": ["lean_slight"], "lean": "slight", "crossarm": "none_visible", "vegetation": "near", "transformer": false, "attachments_estimate": 2, "photos_assessed": 3, "capture_sequences": 1, "photo_shown_date": "2025-11", "latest_available_photo_date": "2025-11", "source_photo_url": "https://www.mapillary.com/app/?pKey=843053268305513&focus=photo", "nearest_osm_pole_m": null}}, {"type": "Feature", "geometry": {"type": "Point", "coordinates": [-70.85012, 42.502533]}, "properties": {"id": "marb-00300", "is_utility_pole": true, "pole_type": "wood_utility", "model_flags": [], "model_watch": [], "lean": "unclear", "crossarm": "unclear", "vegetation": "near", "transformer": false, "attachments_estimate": 1, "photos_assessed": 3, "capture_sequences": 1, "photo_shown_date": "2023-08", "latest_available_photo_date": "2023-08", "source_photo_url": "https://www.mapillary.com/app/?pKey=143830328768372&focus=photo", "nearest_osm_pole_m": null}}, {"type": "Feature", "geometry": {"type": "Point", "coordinates": [-70.84967, 42.502506]}, "properties": {"id": "marb-00301", "is_utility_pole": true, "pole_type": "wood_utility", "model_flags": ["vegetation"], "model_watch": ["lean_slight"], "lean": "slight", "crossarm": "none_visible", "vegetation": "touching", "transformer": false, "attachments_estimate": 1, "photos_assessed": 3, "capture_sequences": 1, "photo_shown_date": "2023-08", "latest_available_photo_date": "2023-08", "source_photo_url": "https://www.mapillary.com/app/?pKey=283635097603062&focus=photo", "nearest_osm_pole_m": null}}, {"type": "Feature", "geometry": {"type": "Point", "coordinates": [-70.8336, 42.5027]}, "properties": {"id": "marb-00302", "is_utility_pole": true, "pole_type": "wood_utility", "model_flags": [], "model_watch": ["lean_slight"], "lean": "slight", "crossarm": "none_visible", "vegetation": "near", "transformer": false, "attachments_estimate": 1, "photos_assessed": 3, "capture_sequences": 1, "photo_shown_date": "2025-11", "latest_available_photo_date": "2025-11", "source_photo_url": "https://www.mapillary.com/app/?pKey=1196575955131672&focus=photo", "nearest_osm_pole_m": null}}, {"type": "Feature", "geometry": {"type": "Point", "coordinates": [-70.8338184, 42.5026022]}, "properties": {"id": "marb-00303", "is_utility_pole": true, "pole_type": "wood_utility", "model_flags": [], "model_watch": ["lean_slight"], "lean": "slight", "crossarm": "intact", "vegetation": "near", "transformer": false, "attachments_estimate": 2, "photos_assessed": 5, "capture_sequences": 1, "photo_shown_date": "2025-11", "latest_available_photo_date": "2025-11", "source_photo_url": "https://www.mapillary.com/app/?pKey=1157946096300580&focus=photo", "nearest_osm_pole_m": null}}, {"type": "Feature", "geometry": {"type": "Point", "coordinates": [-70.83409, 42.502506]}, "properties": {"id": "marb-00304", "is_utility_pole": true, "pole_type": "wood_utility", "model_flags": ["double"], "model_watch": [], "lean": "unclear", "crossarm": "intact", "vegetation": "near", "transformer": false, "attachments_estimate": 2, "photos_assessed": 6, "capture_sequences": 1, "photo_shown_date": "2025-11", "latest_available_photo_date": "2025-11", "source_photo_url": "https://www.mapillary.com/app/?pKey=822691677337881&focus=photo", "nearest_osm_pole_m": null}}, {"type": "Feature", "geometry": {"type": "Point", "coordinates": [-70.83392, 42.502544]}, "properties": {"id": "marb-00305", "is_utility_pole": true, "pole_type": "wood_utility", "model_flags": [], "model_watch": ["lean_slight"], "lean": "slight", "crossarm": "intact", "vegetation": "near", "transformer": false, "attachments_estimate": 2, "photos_assessed": 2, "capture_sequences": 1, "photo_shown_date": "2025-11", "latest_available_photo_date": "2025-11", "source_photo_url": "https://www.mapillary.com/app/?pKey=812956351337470&focus=photo", "nearest_osm_pole_m": null}}, {"type": "Feature", "geometry": {"type": "Point", "coordinates": [-70.8337175, 42.5026855]}, "properties": {"id": "marb-00306", "is_utility_pole": true, "pole_type": "wood_utility", "model_flags": ["double", "lean"], "model_watch": [], "lean": "moderate", "crossarm": "none_visible", "vegetation": "near", "transformer": false, "attachments_estimate": 1, "photos_assessed": 6, "capture_sequences": 1, "photo_shown_date": "2025-11", "latest_available_photo_date": "2025-11", "source_photo_url": "https://www.mapillary.com/app/?pKey=811750191837731&focus=photo", "nearest_osm_pole_m": null}}, {"type": "Feature", "geometry": {"type": "Point", "coordinates": [-70.83446, 42.50233]}, "properties": {"id": "marb-00307", "is_utility_pole": true, "pole_type": "wood_utility", "model_flags": ["lean", "vegetation"], "model_watch": [], "lean": "moderate", "crossarm": "none_visible", "vegetation": "touching", "transformer": false, "attachments_estimate": 1, "photos_assessed": 3, "capture_sequences": 1, "photo_shown_date": "2025-11", "latest_available_photo_date": "2025-11", "source_photo_url": "https://www.mapillary.com/app/?pKey=1245818027588373&focus=photo", "nearest_osm_pole_m": null}}, {"type": "Feature", "geometry": {"type": "Point", "coordinates": [-70.83483, 42.502205]}, "properties": {"id": "marb-00308", "is_utility_pole": true, "pole_type": "wood_utility", "model_flags": ["lean"], "model_watch": [], "lean": "moderate", "crossarm": "none_visible", "vegetation": "near", "transformer": false, "attachments_estimate": 1, "photos_assessed": 3, "capture_sequences": 1, "photo_shown_date": "2025-11", "latest_available_photo_date": "2025-11", "source_photo_url": "https://www.mapillary.com/app/?pKey=3263469707149888&focus=photo", "nearest_osm_pole_m": null}}, {"type": "Feature", "geometry": {"type": "Point", "coordinates": [-70.83462, 42.502254]}, "properties": {"id": "marb-00309", "is_utility_pole": true, "pole_type": "wood_utility", "model_flags": [], "model_watch": ["lean_slight"], "lean": "slight", "crossarm": "none_visible", "vegetation": "near", "transformer": false, "attachments_estimate": 2, "photos_assessed": 3, "capture_sequences": 1, "photo_shown_date": "2025-11", "latest_available_photo_date": "2025-11", "source_photo_url": "https://www.mapillary.com/app/?pKey=1261810475712880&focus=photo", "nearest_osm_pole_m": null}}, {"type": "Feature", "geometry": {"type": "Point", "coordinates": [-70.83298, 42.50304]}, "properties": {"id": "marb-00310", "is_utility_pole": true, "pole_type": "wood_utility", "model_flags": ["lean"], "model_watch": [], "lean": "severe", "crossarm": "none_visible", "vegetation": "near", "transformer": false, "attachments_estimate": 1, "photos_assessed": 3, "capture_sequences": 1, "photo_shown_date": "2025-11", "latest_available_photo_date": "2025-11", "source_photo_url": "https://www.mapillary.com/app/?pKey=1753004438740423&focus=photo", "nearest_osm_pole_m": null}}, {"type": "Feature", "geometry": {"type": "Point", "coordinates": [-70.83334, 42.502857]}, "properties": {"id": "marb-00311", "is_utility_pole": true, "pole_type": "wood_utility", "model_flags": ["lean"], "model_watch": [], "lean": "moderate", "crossarm": "none_visible", "vegetation": "near", "transformer": false, "attachments_estimate": 1, "photos_assessed": 3, "capture_sequences": 1, "photo_shown_date": "2025-11", "latest_available_photo_date": "2025-11", "source_photo_url": "https://www.mapillary.com/app/?pKey=806208115376146&focus=photo", "nearest_osm_pole_m": null}}, {"type": "Feature", "geometry": {"type": "Point", "coordinates": [-70.83274, 42.503155]}, "properties": {"id": "marb-00312", "is_utility_pole": true, "pole_type": "wood_utility", "model_flags": [], "model_watch": [], "lean": "none", "crossarm": "none_visible", "vegetation": "near", "transformer": true, "attachments_estimate": 1, "photos_assessed": 3, "capture_sequences": 1, "photo_shown_date": "2025-11", "latest_available_photo_date": "2025-11", "source_photo_url": "https://www.mapillary.com/app/?pKey=754403417645665&focus=photo", "nearest_osm_pole_m": null}}, {"type": "Feature", "geometry": {"type": "Point", "coordinates": [-70.88297, 42.49829]}, "properties": {"id": "marb-00313", "is_utility_pole": true, "pole_type": "wood_utility", "model_flags": ["vegetation"], "model_watch": ["lean_slight"], "lean": "slight", "crossarm": "none_visible", "vegetation": "touching", "transformer": false, "attachments_estimate": 0, "photos_assessed": 3, "capture_sequences": 1, "photo_shown_date": "2023-08", "latest_available_photo_date": "2023-08", "source_photo_url": "https://www.mapillary.com/app/?pKey=1403091536953976&focus=photo", "nearest_osm_pole_m": 8.5}}, {"type": "Feature", "geometry": {"type": "Point", "coordinates": [-70.884215, 42.4981685]}, "properties": {"id": "marb-00314", "is_utility_pole": true, "pole_type": "wood_utility", "model_flags": ["vegetation"], "model_watch": ["lean_slight"], "lean": "slight", "crossarm": "intact", "vegetation": "touching", "transformer": false, "attachments_estimate": 1, "photos_assessed": 6, "capture_sequences": 1, "photo_shown_date": "2023-08", "latest_available_photo_date": "2023-08", "source_photo_url": "https://www.mapillary.com/app/?pKey=987834612531501&focus=photo", "nearest_osm_pole_m": null}}, {"type": "Feature", "geometry": {"type": "Point", "coordinates": [-70.88398, 42.49825]}, "properties": {"id": "marb-00315", "is_utility_pole": true, "pole_type": "wood_utility", "model_flags": [], "model_watch": [], "lean": "none", "crossarm": "none_visible", "vegetation": "near", "transformer": false, "attachments_estimate": 1, "photos_assessed": 6, "capture_sequences": 1, "photo_shown_date": "2023-08", "latest_available_photo_date": "2023-08", "source_photo_url": "https://www.mapillary.com/app/?pKey=1007864537080865&focus=photo", "nearest_osm_pole_m": 6.2}}, {"type": "Feature", "geometry": {"type": "Point", "coordinates": [-70.88382, 42.49828]}, "properties": {"id": "marb-00316", "is_utility_pole": true, "pole_type": "wood_utility", "model_flags": ["vegetation"], "model_watch": [], "lean": "none", "crossarm": "none_visible", "vegetation": "touching", "transformer": false, "attachments_estimate": 2, "photos_assessed": 3, "capture_sequences": 1, "photo_shown_date": "2023-08", "latest_available_photo_date": "2023-08", "source_photo_url": "https://www.mapillary.com/app/?pKey=878255076997963&focus=photo", "nearest_osm_pole_m": 8.0}}, {"type": "Feature", "geometry": {"type": "Point", "coordinates": [-70.88318, 42.498318]}, "properties": {"id": "marb-00317", "is_utility_pole": true, "pole_type": "wood_utility", "model_flags": ["vegetation"], "model_watch": ["lean_slight"], "lean": "slight", "crossarm": "none_visible", "vegetation": "touching", "transformer": false, "attachments_estimate": 0, "photos_assessed": 3, "capture_sequences": 1, "photo_shown_date": "2023-08", "latest_available_photo_date": "2023-08", "source_photo_url": "https://www.mapillary.com/app/?pKey=1051496315841045&focus=photo", "nearest_osm_pole_m": null}}, {"type": "Feature", "geometry": {"type": "Point", "coordinates": [-70.884125, 42.498207]}, "properties": {"id": "marb-00318", "is_utility_pole": true, "pole_type": "wood_utility", "model_flags": [], "model_watch": ["lean_slight"], "lean": "slight", "crossarm": "none_visible", "vegetation": "near", "transformer": false, "attachments_estimate": 1, "photos_assessed": 2, "capture_sequences": 1, "photo_shown_date": "2023-08", "latest_available_photo_date": "2023-08", "source_photo_url": "https://www.mapillary.com/app/?pKey=655845359841753&focus=photo", "nearest_osm_pole_m": 18.7}}, {"type": "Feature", "geometry": {"type": "Point", "coordinates": [-70.88362, 42.49832]}, "properties": {"id": "marb-00319", "is_utility_pole": true, "pole_type": "wood_utility", "model_flags": ["vegetation"], "model_watch": ["lean_slight"], "lean": "slight", "crossarm": "none_visible", "vegetation": "touching", "transformer": false, "attachments_estimate": 0, "photos_assessed": 3, "capture_sequences": 1, "photo_shown_date": "2023-08", "latest_available_photo_date": "2023-08", "source_photo_url": "https://www.mapillary.com/app/?pKey=602596815368350&focus=photo", "nearest_osm_pole_m": 9.1}}, {"type": "Feature", "geometry": {"type": "Point", "coordinates": [-70.86938, 42.499504]}, "properties": {"id": "marb-00320", "is_utility_pole": false, "pole_type": "other", "model_flags": [], "model_watch": [], "lean": "unclear", "crossarm": "none_visible", "vegetation": "unclear", "transformer": false, "attachments_estimate": 0, "photos_assessed": 3, "capture_sequences": 1, "photo_shown_date": "2023-08", "latest_available_photo_date": "2023-08", "source_photo_url": "https://www.mapillary.com/app/?pKey=987628025793375&focus=photo", "nearest_osm_pole_m": null}}, {"type": "Feature", "geometry": {"type": "Point", "coordinates": [-70.87629, 42.48434]}, "properties": {"id": "marb-00321", "is_utility_pole": true, "pole_type": "wood_utility", "model_flags": [], "model_watch": ["lean_slight"], "lean": "slight", "crossarm": "intact", "vegetation": "near", "transformer": false, "attachments_estimate": 1, "photos_assessed": 3, "capture_sequences": 1, "photo_shown_date": "2023-11", "latest_available_photo_date": "2023-11", "source_photo_url": "https://www.mapillary.com/app/?pKey=998745881187710&focus=photo", "nearest_osm_pole_m": null}}, {"type": "Feature", "geometry": {"type": "Point", "coordinates": [-70.87661, 42.483936]}, "properties": {"id": "marb-00322", "is_utility_pole": true, "pole_type": "concrete_or_steel_utility", "model_flags": ["vegetation"], "model_watch": ["lean_slight"], "lean": "slight", "crossarm": "none_visible", "vegetation": "touching", "transformer": false, "attachments_estimate": 1, "photos_assessed": 3, "capture_sequences": 1, "photo_shown_date": "2023-11", "latest_available_photo_date": "2023-11", "source_photo_url": "https://www.mapillary.com/app/?pKey=907406100964977&focus=photo", "nearest_osm_pole_m": null}}, {"type": "Feature", "geometry": {"type": "Point", "coordinates": [-70.87645, 42.484154]}, "properties": {"id": "marb-00323", "is_utility_pole": true, "pole_type": "wood_utility", "model_flags": ["vegetation"], "model_watch": [], "lean": "none", "crossarm": "intact", "vegetation": "touching", "transformer": false, "attachments_estimate": 1, "photos_assessed": 3, "capture_sequences": 1, "photo_shown_date": "2023-11", "latest_available_photo_date": "2023-11", "source_photo_url": "https://www.mapillary.com/app/?pKey=876254374028357&focus=photo", "nearest_osm_pole_m": null}}, {"type": "Feature", "geometry": {"type": "Point", "coordinates": [-70.84566, 42.505678]}, "properties": {"id": "marb-00324", "is_utility_pole": true, "pole_type": "wood_utility", "model_flags": [], "model_watch": ["lean_slight"], "lean": "slight", "crossarm": "intact", "vegetation": "near", "transformer": false, "attachments_estimate": 2, "photos_assessed": 6, "capture_sequences": 1, "photo_shown_date": "2023-08", "latest_available_photo_date": "2023-08", "source_photo_url": "https://www.mapillary.com/app/?pKey=1021899615497818&focus=photo", "nearest_osm_pole_m": null}}, {"type": "Feature", "geometry": {"type": "Point", "coordinates": [-70.84651, 42.504627]}, "properties": {"id": "marb-00325", "is_utility_pole": true, "pole_type": "wood_utility", "model_flags": [], "model_watch": [], "lean": "none", "crossarm": "intact", "vegetation": "near", "transformer": false, "attachments_estimate": 2, "photos_assessed": 3, "capture_sequences": 1, "photo_shown_date": "2023-08", "latest_available_photo_date": "2023-08", "source_photo_url": "https://www.mapillary.com/app/?pKey=676330124391587&focus=photo", "nearest_osm_pole_m": null}}, {"type": "Feature", "geometry": {"type": "Point", "coordinates": [-70.84551, 42.505802]}, "properties": {"id": "marb-00326", "is_utility_pole": true, "pole_type": "wood_utility", "model_flags": [], "model_watch": [], "lean": "none", "crossarm": "intact", "vegetation": "none", "transformer": false, "attachments_estimate": 2, "photos_assessed": 3, "capture_sequences": 1, "photo_shown_date": "2023-08", "latest_available_photo_date": "2023-08", "source_photo_url": "https://www.mapillary.com/app/?pKey=5955925544509228&focus=photo", "nearest_osm_pole_m": null}}, {"type": "Feature", "geometry": {"type": "Point", "coordinates": [-70.846115, 42.5052435]}, "properties": {"id": "marb-00327", "is_utility_pole": true, "pole_type": "wood_utility", "model_flags": ["double", "vegetation"], "model_watch": ["lean_slight"], "lean": "slight", "crossarm": "none_visible", "vegetation": "touching", "transformer": false, "attachments_estimate": 2, "photos_assessed": 6, "capture_sequences": 1, "photo_shown_date": "2023-08", "latest_available_photo_date": "2023-08", "source_photo_url": "https://www.mapillary.com/app/?pKey=275681948508021&focus=photo", "nearest_osm_pole_m": null}}, {"type": "Feature", "geometry": {"type": "Point", "coordinates": [-70.84637, 42.50478]}, "properties": {"id": "marb-00328", "is_utility_pole": true, "pole_type": "wood_utility", "model_flags": [], "model_watch": ["lean_slight"], "lean": "slight", "crossarm": "none_visible", "vegetation": "near", "transformer": false, "attachments_estimate": 1, "photos_assessed": 3, "capture_sequences": 1, "photo_shown_date": "2023-08", "latest_available_photo_date": "2023-08", "source_photo_url": "https://www.mapillary.com/app/?pKey=311794841338065&focus=photo", "nearest_osm_pole_m": null}}, {"type": "Feature", "geometry": {"type": "Point", "coordinates": [-70.84594, 42.505497]}, "properties": {"id": "marb-00329", "is_utility_pole": true, "pole_type": "wood_utility", "model_flags": [], "model_watch": [], "lean": "none", "crossarm": "none_visible", "vegetation": "near", "transformer": false, "attachments_estimate": 0, "photos_assessed": 3, "capture_sequences": 1, "photo_shown_date": "2023-08", "latest_available_photo_date": "2023-08", "source_photo_url": "https://www.mapillary.com/app/?pKey=249987424670647&focus=photo", "nearest_osm_pole_m": null}}, {"type": "Feature", "geometry": {"type": "Point", "coordinates": [-70.84625, 42.505043]}, "properties": {"id": "marb-00330", "is_utility_pole": true, "pole_type": "wood_utility", "model_flags": ["vegetation"], "model_watch": [], "lean": "none", "crossarm": "none_visible", "vegetation": "touching", "transformer": false, "attachments_estimate": 1, "photos_assessed": 3, "capture_sequences": 1, "photo_shown_date": "2023-08", "latest_available_photo_date": "2023-08", "source_photo_url": "https://www.mapillary.com/app/?pKey=1329093767698911&focus=photo", "nearest_osm_pole_m": null}}, {"type": "Feature", "geometry": {"type": "Point", "coordinates": [-70.834315, 42.5027485]}, "properties": {"id": "marb-00331", "is_utility_pole": true, "pole_type": "wood_utility", "model_flags": ["double", "lean"], "model_watch": [], "lean": "severe", "crossarm": "none_visible", "vegetation": "near", "transformer": false, "attachments_estimate": 0, "photos_assessed": 6, "capture_sequences": 1, "photo_shown_date": "2025-11", "latest_available_photo_date": "2025-11", "source_photo_url": "https://www.mapillary.com/app/?pKey=1395635762188694&focus=photo", "nearest_osm_pole_m": null}}, {"type": "Feature", "geometry": {"type": "Point", "coordinates": [-70.834575, 42.503038]}, "properties": {"id": "marb-00332", "is_utility_pole": true, "pole_type": "wood_utility", "model_flags": ["double", "lean"], "model_watch": [], "lean": "severe", "crossarm": "none_visible", "vegetation": "near", "transformer": false, "attachments_estimate": 0, "photos_assessed": 6, "capture_sequences": 1, "photo_shown_date": "2025-11", "latest_available_photo_date": "2025-11", "source_photo_url": "https://www.mapillary.com/app/?pKey=1371810567991220&focus=photo", "nearest_osm_pole_m": null}}, {"type": "Feature", "geometry": {"type": "Point", "coordinates": [-70.834816, 42.503304]}, "properties": {"id": "marb-00333", "is_utility_pole": true, "pole_type": "wood_utility", "model_flags": ["lean", "vegetation"], "model_watch": [], "lean": "severe", "crossarm": "none_visible", "vegetation": "touching", "transformer": false, "attachments_estimate": 1, "photos_assessed": 3, "capture_sequences": 1, "photo_shown_date": "2025-11", "latest_available_photo_date": "2025-11", "source_photo_url": "https://www.mapillary.com/app/?pKey=1857776598161128&focus=photo", "nearest_osm_pole_m": null}}, {"type": "Feature", "geometry": {"type": "Point", "coordinates": [-70.83469, 42.503113]}, "properties": {"id": "marb-00334", "is_utility_pole": true, "pole_type": "wood_utility", "model_flags": [], "model_watch": ["lean_slight"], "lean": "slight", "crossarm": "none_visible", "vegetation": "near", "transformer": false, "attachments_estimate": 0, "photos_assessed": 3, "capture_sequences": 1, "photo_shown_date": "2025-11", "latest_available_photo_date": "2025-11", "source_photo_url": "https://www.mapillary.com/app/?pKey=1586521192514190&focus=photo", "nearest_osm_pole_m": null}}, {"type": "Feature", "geometry": {"type": "Point", "coordinates": [-70.8349, 42.5035]}, "properties": {"id": "marb-00335", "is_utility_pole": true, "pole_type": "wood_utility", "model_flags": ["vegetation"], "model_watch": [], "lean": "unclear", "crossarm": "none_visible", "vegetation": "touching", "transformer": false, "attachments_estimate": 0, "photos_assessed": 3, "capture_sequences": 1, "photo_shown_date": "2025-11", "latest_available_photo_date": "2025-11", "source_photo_url": "https://www.mapillary.com/app/?pKey=1294532649025127&focus=photo", "nearest_osm_pole_m": null}}, {"type": "Feature", "geometry": {"type": "Point", "coordinates": [-70.83435, 42.503727]}, "properties": {"id": "marb-00336", "is_utility_pole": false, "pole_type": "street_light", "model_flags": [], "model_watch": [], "lean": "unclear", "crossarm": "none_visible", "vegetation": "near", "transformer": false, "attachments_estimate": 2, "photos_assessed": 3, "capture_sequences": 1, "photo_shown_date": "2025-11", "latest_available_photo_date": "2025-11", "source_photo_url": "https://www.mapillary.com/app/?pKey=1732351050782714&focus=photo", "nearest_osm_pole_m": null}}, {"type": "Feature", "geometry": {"type": "Point", "coordinates": [-70.8353275, 42.5037432]}, "properties": {"id": "marb-00337", "is_utility_pole": true, "pole_type": "wood_utility", "model_flags": ["double"], "model_watch": ["lean_slight"], "lean": "slight", "crossarm": "none_visible", "vegetation": "none", "transformer": true, "attachments_estimate": 1, "photos_assessed": 4, "capture_sequences": 1, "photo_shown_date": "2025-11", "latest_available_photo_date": "2025-11", "source_photo_url": "https://www.mapillary.com/app/?pKey=1359075208957990&focus=photo", "nearest_osm_pole_m": null}}, {"type": "Feature", "geometry": {"type": "Point", "coordinates": [-70.83503, 42.503445]}, "properties": {"id": "marb-00338", "is_utility_pole": true, "pole_type": "wood_utility", "model_flags": [], "model_watch": [], "lean": "none", "crossarm": "none_visible", "vegetation": "near", "transformer": false, "attachments_estimate": 1, "photos_assessed": 2, "capture_sequences": 1, "photo_shown_date": "2025-11", "latest_available_photo_date": "2025-11", "source_photo_url": "https://www.mapillary.com/app/?pKey=1869164734038481&focus=photo", "nearest_osm_pole_m": null}}, {"type": "Feature", "geometry": {"type": "Point", "coordinates": [-70.834946, 42.50337]}, "properties": {"id": "marb-00339", "is_utility_pole": true, "pole_type": "wood_utility", "model_flags": ["vegetation"], "model_watch": ["lean_slight"], "lean": "slight", "crossarm": "none_visible", "vegetation": "touching", "transformer": false, "attachments_estimate": 1, "photos_assessed": 3, "capture_sequences": 1, "photo_shown_date": "2025-11", "latest_available_photo_date": "2025-11", "source_photo_url": "https://www.mapillary.com/app/?pKey=1873019253290412&focus=photo", "nearest_osm_pole_m": null}}, {"type": "Feature", "geometry": {"type": "Point", "coordinates": [-70.83507, 42.50359]}, "properties": {"id": "marb-00340", "is_utility_pole": true, "pole_type": "wood_utility", "model_flags": [], "model_watch": ["lean_slight"], "lean": "slight", "crossarm": "intact", "vegetation": "near", "transformer": false, "attachments_estimate": 1, "photos_assessed": 3, "capture_sequences": 1, "photo_shown_date": "2025-11", "latest_available_photo_date": "2025-11", "source_photo_url": "https://www.mapillary.com/app/?pKey=831779466263989&focus=photo", "nearest_osm_pole_m": null}}, {"type": "Feature", "geometry": {"type": "Point", "coordinates": [-70.846855, 42.507774]}, "properties": {"id": "marb-00341", "is_utility_pole": true, "pole_type": "wood_utility", "model_flags": [], "model_watch": [], "lean": "none", "crossarm": "none_visible", "vegetation": "near", "transformer": false, "attachments_estimate": 0, "photos_assessed": 3, "capture_sequences": 1, "photo_shown_date": "2023-08", "latest_available_photo_date": "2023-08", "source_photo_url": "https://www.mapillary.com/app/?pKey=314407191029442&focus=photo", "nearest_osm_pole_m": null}}, {"type": "Feature", "geometry": {"type": "Point", "coordinates": [-70.8470215, 42.5076577]}, "properties": {"id": "marb-00342", "is_utility_pole": true, "pole_type": "wood_utility", "model_flags": [], "model_watch": [], "lean": "none", "crossarm": "none_visible", "vegetation": "near", "transformer": false, "attachments_estimate": 1, "photos_assessed": 12, "capture_sequences": 1, "photo_shown_date": "2023-08", "latest_available_photo_date": "2023-08", "source_photo_url": "https://www.mapillary.com/app/?pKey=777238417424183&focus=photo", "nearest_osm_pole_m": null}}, {"type": "Feature", "geometry": {"type": "Point", "coordinates": [-70.83328, 42.5043725]}, "properties": {"id": "marb-00343", "is_utility_pole": false, "pole_type": "other", "model_flags": [], "model_watch": [], "lean": "none", "crossarm": "none_visible", "vegetation": "near", "transformer": false, "attachments_estimate": 0, "photos_assessed": 6, "capture_sequences": 1, "photo_shown_date": "2023-11", "latest_available_photo_date": "2023-11", "source_photo_url": "https://www.mapillary.com/app/?pKey=629867485782941&focus=photo", "nearest_osm_pole_m": null}}, {"type": "Feature", "geometry": {"type": "Point", "coordinates": [-70.833046, 42.50409]}, "properties": {"id": "marb-00344", "is_utility_pole": true, "pole_type": "wood_utility", "model_flags": ["vegetation"], "model_watch": ["lean_slight"], "lean": "slight", "crossarm": "none_visible", "vegetation": "touching", "transformer": false, "attachments_estimate": 1, "photos_assessed": 3, "capture_sequences": 1, "photo_shown_date": "2023-11", "latest_available_photo_date": "2023-11", "source_photo_url": "https://www.mapillary.com/app/?pKey=828220262432351&focus=photo", "nearest_osm_pole_m": null}}, {"type": "Feature", "geometry": {"type": "Point", "coordinates": [-70.832794, 42.503815]}, "properties": {"id": "marb-00345", "is_utility_pole": true, "pole_type": "concrete_or_steel_utility", "model_flags": [], "model_watch": [], "lean": "none", "crossarm": "none_visible", "vegetation": "near", "transformer": false, "attachments_estimate": 1, "photos_assessed": 3, "capture_sequences": 1, "photo_shown_date": "2023-11", "latest_available_photo_date": "2023-11", "source_photo_url": "https://www.mapillary.com/app/?pKey=724021319588743&focus=photo", "nearest_osm_pole_m": null}}, {"type": "Feature", "geometry": {"type": "Point", "coordinates": [-70.8331525, 42.504234]}, "properties": {"id": "marb-00346", "is_utility_pole": true, "pole_type": "wood_utility", "model_flags": ["vegetation"], "model_watch": [], "lean": "none", "crossarm": "none_visible", "vegetation": "touching", "transformer": false, "attachments_estimate": 0, "photos_assessed": 4, "capture_sequences": 1, "photo_shown_date": "2023-11", "latest_available_photo_date": "2023-11", "source_photo_url": "https://www.mapillary.com/app/?pKey=649461723937099&focus=photo", "nearest_osm_pole_m": null}}, {"type": "Feature", "geometry": {"type": "Point", "coordinates": [-70.83326, 42.504284]}, "properties": {"id": "marb-00347", "is_utility_pole": false, "pole_type": "other", "model_flags": [], "model_watch": [], "lean": "none", "crossarm": "none_visible", "vegetation": "near", "transformer": false, "attachments_estimate": 0, "photos_assessed": 3, "capture_sequences": 1, "photo_shown_date": "2023-11", "latest_available_photo_date": "2023-11", "source_photo_url": "https://www.mapillary.com/app/?pKey=888866839518588&focus=photo", "nearest_osm_pole_m": null}}, {"type": "Feature", "geometry": {"type": "Point", "coordinates": [-70.833374, 42.504456]}, "properties": {"id": "marb-00348", "is_utility_pole": false, "pole_type": "other", "model_flags": [], "model_watch": [], "lean": "none", "crossarm": "none_visible", "vegetation": "none", "transformer": false, "attachments_estimate": 0, "photos_assessed": 3, "capture_sequences": 1, "photo_shown_date": "2023-11", "latest_available_photo_date": "2023-11", "source_photo_url": "https://www.mapillary.com/app/?pKey=1412268082690758&focus=photo", "nearest_osm_pole_m": null}}, {"type": "Feature", "geometry": {"type": "Point", "coordinates": [-70.83289, 42.504524]}, "properties": {"id": "marb-00349", "is_utility_pole": true, "pole_type": "wood_utility", "model_flags": [], "model_watch": [], "lean": "none", "crossarm": "none_visible", "vegetation": "near", "transformer": false, "attachments_estimate": 0, "photos_assessed": 3, "capture_sequences": 1, "photo_shown_date": "2023-11", "latest_available_photo_date": "2023-11", "source_photo_url": "https://www.mapillary.com/app/?pKey=1042361030135915&focus=photo", "nearest_osm_pole_m": null}}, {"type": "Feature", "geometry": {"type": "Point", "coordinates": [-70.8663936, 42.499647]}, "properties": {"id": "marb-00350", "is_utility_pole": true, "pole_type": "wood_utility", "model_flags": ["vegetation"], "model_watch": ["lean_slight"], "lean": "slight", "crossarm": "none_visible", "vegetation": "touching", "transformer": false, "attachments_estimate": 0, "photos_assessed": 5, "capture_sequences": 1, "photo_shown_date": "2023-08", "latest_available_photo_date": "2023-08", "source_photo_url": "https://www.mapillary.com/app/?pKey=296278659756237&focus=photo", "nearest_osm_pole_m": 6.1}}, {"type": "Feature", "geometry": {"type": "Point", "coordinates": [-70.86492, 42.49981]}, "properties": {"id": "marb-00351", "is_utility_pole": true, "pole_type": "wood_utility", "model_flags": [], "model_watch": ["lean_slight"], "lean": "slight", "crossarm": "none_visible", "vegetation": "near", "transformer": false, "attachments_estimate": 0, "photos_assessed": 3, "capture_sequences": 1, "photo_shown_date": "2023-08", "latest_available_photo_date": "2023-08", "source_photo_url": "https://www.mapillary.com/app/?pKey=1374109813474593&focus=photo", "nearest_osm_pole_m": 7.1}}, {"type": "Feature", "geometry": {"type": "Point", "coordinates": [-70.86465, 42.499905]}, "properties": {"id": "marb-00352", "is_utility_pole": true, "pole_type": "wood_utility", "model_flags": ["vegetation"], "model_watch": ["lean_slight"], "lean": "slight", "crossarm": "intact", "vegetation": "touching", "transformer": false, "attachments_estimate": 1, "photos_assessed": 2, "capture_sequences": 1, "photo_shown_date": "2023-08", "latest_available_photo_date": "2023-08", "source_photo_url": "https://www.mapillary.com/app/?pKey=121495567705622&focus=photo", "nearest_osm_pole_m": 19.3}}, {"type": "Feature", "geometry": {"type": "Point", "coordinates": [-70.865295, 42.499737]}, "properties": {"id": "marb-00353", "is_utility_pole": true, "pole_type": "wood_utility", "model_flags": ["vegetation"], "model_watch": ["lean_slight"], "lean": "slight", "crossarm": "none_visible", "vegetation": "touching", "transformer": false, "attachments_estimate": 0, "photos_assessed": 3, "capture_sequences": 1, "photo_shown_date": "2023-08", "latest_available_photo_date": "2023-08", "source_photo_url": "https://www.mapillary.com/app/?pKey=5767061193396399&focus=photo", "nearest_osm_pole_m": 7.7}}, {"type": "Feature", "geometry": {"type": "Point", "coordinates": [-70.86571, 42.49967]}, "properties": {"id": "marb-00354", "is_utility_pole": true, "pole_type": "wood_utility", "model_flags": ["vegetation"], "model_watch": ["lean_slight"], "lean": "slight", "crossarm": "none_visible", "vegetation": "touching", "transformer": false, "attachments_estimate": 0, "photos_assessed": 3, "capture_sequences": 1, "photo_shown_date": "2023-08", "latest_available_photo_date": "2023-08", "source_photo_url": "https://www.mapillary.com/app/?pKey=7365560620138545&focus=photo", "nearest_osm_pole_m": 9.9}}, {"type": "Feature", "geometry": {"type": "Point", "coordinates": [-70.8692, 42.499428]}, "properties": {"id": "marb-00355", "is_utility_pole": true, "pole_type": "wood_utility", "model_flags": ["vegetation"], "model_watch": [], "lean": "none", "crossarm": "none_visible", "vegetation": "touching", "transformer": false, "attachments_estimate": 0, "photos_assessed": 3, "capture_sequences": 1, "photo_shown_date": "2023-08", "latest_available_photo_date": "2023-08", "source_photo_url": "https://www.mapillary.com/app/?pKey=250059941266221&focus=photo", "nearest_osm_pole_m": 4.5}}, {"type": "Feature", "geometry": {"type": "Point", "coordinates": [-70.85965, 42.494324]}, "properties": {"id": "marb-00356", "is_utility_pole": true, "pole_type": "wood_utility", "model_flags": ["lean", "vegetation"], "model_watch": [], "lean": "moderate", "crossarm": "none_visible", "vegetation": "touching", "transformer": true, "attachments_estimate": 1, "photos_assessed": 3, "capture_sequences": 1, "photo_shown_date": "2025-11", "latest_available_photo_date": "2025-11", "source_photo_url": "https://www.mapillary.com/app/?pKey=1344138160833648&focus=photo", "nearest_osm_pole_m": null}}, {"type": "Feature", "geometry": {"type": "Point", "coordinates": [-70.86003, 42.494278]}, "properties": {"id": "marb-00357", "is_utility_pole": true, "pole_type": "wood_utility", "model_flags": ["lean"], "model_watch": [], "lean": "moderate", "crossarm": "none_visible", "vegetation": "near", "transformer": false, "attachments_estimate": 1, "photos_assessed": 3, "capture_sequences": 1, "photo_shown_date": "2025-11", "latest_available_photo_date": "2025-11", "source_photo_url": "https://www.mapillary.com/app/?pKey=4130476590500517&focus=photo", "nearest_osm_pole_m": null}}, {"type": "Feature", "geometry": {"type": "Point", "coordinates": [-70.85929, 42.494152]}, "properties": {"id": "marb-00358", "is_utility_pole": true, "pole_type": "wood_utility", "model_flags": ["vegetation"], "model_watch": [], "lean": "unclear", "crossarm": "none_visible", "vegetation": "touching", "transformer": false, "attachments_estimate": 1, "photos_assessed": 3, "capture_sequences": 1, "photo_shown_date": "2025-11", "latest_available_photo_date": "2025-11", "source_photo_url": "https://www.mapillary.com/app/?pKey=1132839328625838&focus=photo", "nearest_osm_pole_m": null}}, {"type": "Feature", "geometry": {"type": "Point", "coordinates": [-70.87374, 42.487198]}, "properties": {"id": "marb-00359", "is_utility_pole": true, "pole_type": "wood_utility", "model_flags": ["vegetation"], "model_watch": [], "lean": "none", "crossarm": "none_visible", "vegetation": "touching", "transformer": false, "attachments_estimate": 0, "photos_assessed": 3, "capture_sequences": 1, "photo_shown_date": "2023-11", "latest_available_photo_date": "2023-11", "source_photo_url": "https://www.mapillary.com/app/?pKey=311014508513337&focus=photo", "nearest_osm_pole_m": null}}, {"type": "Feature", "geometry": {"type": "Point", "coordinates": [-70.87412, 42.48679]}, "properties": {"id": "marb-00360", "is_utility_pole": true, "pole_type": "wood_utility", "model_flags": ["vegetation"], "model_watch": ["lean_slight"], "lean": "slight", "crossarm": "none_visible", "vegetation": "touching", "transformer": false, "attachments_estimate": 0, "photos_assessed": 3, "capture_sequences": 1, "photo_shown_date": "2023-11", "latest_available_photo_date": "2023-11", "source_photo_url": "https://www.mapillary.com/app/?pKey=1028924868342239&focus=photo", "nearest_osm_pole_m": null}}, {"type": "Feature", "geometry": {"type": "Point", "coordinates": [-70.87192, 42.48857]}, "properties": {"id": "marb-00361", "is_utility_pole": true, "pole_type": "wood_utility", "model_flags": [], "model_watch": [], "lean": "none", "crossarm": "none_visible", "vegetation": "near", "transformer": false, "attachments_estimate": 0, "photos_assessed": 3, "capture_sequences": 1, "photo_shown_date": "2023-11", "latest_available_photo_date": "2023-11", "source_photo_url": "https://www.mapillary.com/app/?pKey=330778023001099&focus=photo", "nearest_osm_pole_m": null}}, {"type": "Feature", "geometry": {"type": "Point", "coordinates": [-70.87072, 42.48916]}, "properties": {"id": "marb-00362", "is_utility_pole": true, "pole_type": "wood_utility", "model_flags": ["vegetation"], "model_watch": ["lean_slight"], "lean": "slight", "crossarm": "none_visible", "vegetation": "touching", "transformer": false, "attachments_estimate": 0, "photos_assessed": 3, "capture_sequences": 1, "photo_shown_date": "2023-11", "latest_available_photo_date": "2023-11", "source_photo_url": "https://www.mapillary.com/app/?pKey=3480625818843279&focus=photo", "nearest_osm_pole_m": null}}, {"type": "Feature", "geometry": {"type": "Point", "coordinates": [-70.87243, 42.488266]}, "properties": {"id": "marb-00363", "is_utility_pole": true, "pole_type": "wood_utility", "model_flags": [], "model_watch": [], "lean": "none", "crossarm": "intact", "vegetation": "near", "transformer": false, "attachments_estimate": 0, "photos_assessed": 3, "capture_sequences": 1, "photo_shown_date": "2023-11", "latest_available_photo_date": "2023-11", "source_photo_url": "https://www.mapillary.com/app/?pKey=675775194610845&focus=photo", "nearest_osm_pole_m": null}}, {"type": "Feature", "geometry": {"type": "Point", "coordinates": [-70.87207, 42.488525]}, "properties": {"id": "marb-00364", "is_utility_pole": true, "pole_type": "wood_utility", "model_flags": [], "model_watch": ["lean_slight"], "lean": "slight", "crossarm": "none_visible", "vegetation": "near", "transformer": false, "attachments_estimate": 0, "photos_assessed": 2, "capture_sequences": 1, "photo_shown_date": "2023-11", "latest_available_photo_date": "2023-11", "source_photo_url": "https://www.mapillary.com/app/?pKey=1382487682688517&focus=photo", "nearest_osm_pole_m": null}}, {"type": "Feature", "geometry": {"type": "Point", "coordinates": [-70.87205, 42.48865]}, "properties": {"id": "marb-00365", "is_utility_pole": true, "pole_type": "wood_utility", "model_flags": [], "model_watch": ["lean_slight"], "lean": "slight", "crossarm": "none_visible", "vegetation": "near", "transformer": false, "attachments_estimate": 1, "photos_assessed": 3, "capture_sequences": 1, "photo_shown_date": "2023-11", "latest_available_photo_date": "2023-11", "source_photo_url": "https://www.mapillary.com/app/?pKey=793903925839049&focus=photo", "nearest_osm_pole_m": null}}, {"type": "Feature", "geometry": {"type": "Point", "coordinates": [-70.846535, 42.507941]}, "properties": {"id": "marb-00366", "is_utility_pole": true, "pole_type": "wood_utility", "model_flags": ["double"], "model_watch": [], "lean": "none", "crossarm": "none_visible", "vegetation": "none", "transformer": false, "attachments_estimate": 2, "photos_assessed": 6, "capture_sequences": 1, "photo_shown_date": "2023-08", "latest_available_photo_date": "2023-08", "source_photo_url": "https://www.mapillary.com/app/?pKey=839253344436882&focus=photo", "nearest_osm_pole_m": null}}, {"type": "Feature", "geometry": {"type": "Point", "coordinates": [-70.846375, 42.508003]}, "properties": {"id": "marb-00367", "is_utility_pole": true, "pole_type": "wood_utility", "model_flags": [], "model_watch": [], "lean": "none", "crossarm": "none_visible", "vegetation": "near", "transformer": false, "attachments_estimate": 1, "photos_assessed": 3, "capture_sequences": 1, "photo_shown_date": "2023-08", "latest_available_photo_date": "2023-08", "source_photo_url": "https://www.mapillary.com/app/?pKey=320219760444050&focus=photo", "nearest_osm_pole_m": null}}, {"type": "Feature", "geometry": {"type": "Point", "coordinates": [-70.86431, 42.495346]}, "properties": {"id": "marb-00368", "is_utility_pole": true, "pole_type": "wood_utility", "model_flags": [], "model_watch": [], "lean": "unclear", "crossarm": "unclear", "vegetation": "near", "transformer": false, "attachments_estimate": 0, "photos_assessed": 3, "capture_sequences": 1, "photo_shown_date": "2023-11", "latest_available_photo_date": "2023-11", "source_photo_url": "https://www.mapillary.com/app/?pKey=2120636784936389&focus=photo", "nearest_osm_pole_m": null}}, {"type": "Feature", "geometry": {"type": "Point", "coordinates": [-70.865204, 42.49444]}, "properties": {"id": "marb-00369", "is_utility_pole": false, "pole_type": "unclear", "model_flags": [], "model_watch": [], "lean": "unclear", "crossarm": "none_visible", "vegetation": "unclear", "transformer": false, "attachments_estimate": 0, "photos_assessed": 3, "capture_sequences": 1, "photo_shown_date": "2023-11", "latest_available_photo_date": "2023-11", "source_photo_url": "https://www.mapillary.com/app/?pKey=1492881154888018&focus=photo", "nearest_osm_pole_m": null}}, {"type": "Feature", "geometry": {"type": "Point", "coordinates": [-70.864624, 42.49508]}, "properties": {"id": "marb-00370", "is_utility_pole": true, "pole_type": "wood_utility", "model_flags": ["vegetation"], "model_watch": [], "lean": "none", "crossarm": "none_visible", "vegetation": "touching", "transformer": false, "attachments_estimate": 1, "photos_assessed": 3, "capture_sequences": 1, "photo_shown_date": "2023-11", "latest_available_photo_date": "2023-11", "source_photo_url": "https://www.mapillary.com/app/?pKey=263945996276748&focus=photo", "nearest_osm_pole_m": null}}, {"type": "Feature", "geometry": {"type": "Point", "coordinates": [-70.86444, 42.49513]}, "properties": {"id": "marb-00371", "is_utility_pole": true, "pole_type": "wood_utility", "model_flags": [], "model_watch": [], "lean": "none", "crossarm": "none_visible", "vegetation": "near", "transformer": false, "attachments_estimate": 2, "photos_assessed": 3, "capture_sequences": 1, "photo_shown_date": "2023-11", "latest_available_photo_date": "2023-11", "source_photo_url": "https://www.mapillary.com/app/?pKey=1017206339508082&focus=photo", "nearest_osm_pole_m": null}}, {"type": "Feature", "geometry": {"type": "Point", "coordinates": [-70.8651025, 42.494748]}, "properties": {"id": "marb-00372", "is_utility_pole": true, "pole_type": "wood_utility", "model_flags": [], "model_watch": ["lean_slight"], "lean": "slight", "crossarm": "none_visible", "vegetation": "near", "transformer": false, "attachments_estimate": 1, "photos_assessed": 6, "capture_sequences": 1, "photo_shown_date": "2023-11", "latest_available_photo_date": "2023-11", "source_photo_url": "https://www.mapillary.com/app/?pKey=1292696181449150&focus=photo", "nearest_osm_pole_m": null}}, {"type": "Feature", "geometry": {"type": "Point", "coordinates": [-70.86515, 42.49509]}, "properties": {"id": "marb-00373", "is_utility_pole": true, "pole_type": "wood_utility", "model_flags": [], "model_watch": ["lean_slight"], "lean": "slight", "crossarm": "none_visible", "vegetation": "near", "transformer": false, "attachments_estimate": 1, "photos_assessed": 3, "capture_sequences": 1, "photo_shown_date": "2023-11", "latest_available_photo_date": "2023-11", "source_photo_url": "https://www.mapillary.com/app/?pKey=1076056910061003&focus=photo", "nearest_osm_pole_m": null}}, {"type": "Feature", "geometry": {"type": "Point", "coordinates": [-70.86516, 42.494343]}, "properties": {"id": "marb-00374", "is_utility_pole": true, "pole_type": "wood_utility", "model_flags": [], "model_watch": [], "lean": "none", "crossarm": "none_visible", "vegetation": "unclear", "transformer": false, "attachments_estimate": 0, "photos_assessed": 3, "capture_sequences": 1, "photo_shown_date": "2023-11", "latest_available_photo_date": "2023-11", "source_photo_url": "https://www.mapillary.com/app/?pKey=319366350885401&focus=photo", "nearest_osm_pole_m": null}}, {"type": "Feature", "geometry": {"type": "Point", "coordinates": [-70.865036, 42.494812]}, "properties": {"id": "marb-00375", "is_utility_pole": true, "pole_type": "wood_utility", "model_flags": ["vegetation"], "model_watch": [], "lean": "none", "crossarm": "none_visible", "vegetation": "touching", "transformer": false, "attachments_estimate": 0, "photos_assessed": 3, "capture_sequences": 1, "photo_shown_date": "2023-11", "latest_available_photo_date": "2023-11", "source_photo_url": "https://www.mapillary.com/app/?pKey=1279378496095049&focus=photo", "nearest_osm_pole_m": null}}, {"type": "Feature", "geometry": {"type": "Point", "coordinates": [-70.86505, 42.4949]}, "properties": {"id": "marb-00376", "is_utility_pole": true, "pole_type": "wood_utility", "model_flags": [], "model_watch": [], "lean": "none", "crossarm": "none_visible", "vegetation": "near", "transformer": false, "attachments_estimate": 1, "photos_assessed": 3, "capture_sequences": 1, "photo_shown_date": "2023-11", "latest_available_photo_date": "2023-11", "source_photo_url": "https://www.mapillary.com/app/?pKey=1279378496095049&focus=photo", "nearest_osm_pole_m": null}}, {"type": "Feature", "geometry": {"type": "Point", "coordinates": [-70.86516, 42.493946]}, "properties": {"id": "marb-00377", "is_utility_pole": true, "pole_type": "wood_utility", "model_flags": ["vegetation"], "model_watch": [], "lean": "none", "crossarm": "none_visible", "vegetation": "touching", "transformer": false, "attachments_estimate": 0, "photos_assessed": 3, "capture_sequences": 1, "photo_shown_date": "2023-11", "latest_available_photo_date": "2023-11", "source_photo_url": "https://www.mapillary.com/app/?pKey=1260798404616806&focus=photo", "nearest_osm_pole_m": null}}, {"type": "Feature", "geometry": {"type": "Point", "coordinates": [-70.86516, 42.49499]}, "properties": {"id": "marb-00378", "is_utility_pole": true, "pole_type": "wood_utility", "model_flags": ["vegetation"], "model_watch": ["lean_slight"], "lean": "slight", "crossarm": "none_visible", "vegetation": "touching", "transformer": false, "attachments_estimate": 1, "photos_assessed": 3, "capture_sequences": 1, "photo_shown_date": "2023-11", "latest_available_photo_date": "2023-11", "source_photo_url": "https://www.mapillary.com/app/?pKey=1062741668254577&focus=photo", "nearest_osm_pole_m": null}}, {"type": "Feature", "geometry": {"type": "Point", "coordinates": [-70.86494, 42.49497]}, "properties": {"id": "marb-00379", "is_utility_pole": true, "pole_type": "wood_utility", "model_flags": [], "model_watch": [], "lean": "none", "crossarm": "none_visible", "vegetation": "near", "transformer": false, "attachments_estimate": 1, "photos_assessed": 3, "capture_sequences": 1, "photo_shown_date": "2023-11", "latest_available_photo_date": "2023-11", "source_photo_url": "https://www.mapillary.com/app/?pKey=156565097544032&focus=photo", "nearest_osm_pole_m": null}}, {"type": "Feature", "geometry": {"type": "Point", "coordinates": [-70.858986, 42.493683]}, "properties": {"id": "marb-00380", "is_utility_pole": false, "pole_type": "street_light", "model_flags": ["lean", "vegetation"], "model_watch": [], "lean": "severe", "crossarm": "none_visible", "vegetation": "touching", "transformer": false, "attachments_estimate": 1, "photos_assessed": 3, "capture_sequences": 1, "photo_shown_date": "2025-11", "latest_available_photo_date": "2025-11", "source_photo_url": "https://www.mapillary.com/app/?pKey=818055144274101&focus=photo", "nearest_osm_pole_m": null}}, {"type": "Feature", "geometry": {"type": "Point", "coordinates": [-70.858925, 42.493965]}, "properties": {"id": "marb-00381", "is_utility_pole": true, "pole_type": "wood_utility", "model_flags": [], "model_watch": [], "lean": "none", "crossarm": "none_visible", "vegetation": "near", "transformer": false, "attachments_estimate": 0, "photos_assessed": 2, "capture_sequences": 1, "photo_shown_date": "2025-11", "latest_available_photo_date": "2025-11", "source_photo_url": "https://www.mapillary.com/app/?pKey=825079970113005&focus=photo", "nearest_osm_pole_m": null}}, {"type": "Feature", "geometry": {"type": "Point", "coordinates": [-70.83347, 42.505253]}, "properties": {"id": "marb-00382", "is_utility_pole": false, "pole_type": "other", "model_flags": [], "model_watch": [], "lean": "none", "crossarm": "none_visible", "vegetation": "none", "transformer": false, "attachments_estimate": 0, "photos_assessed": 3, "capture_sequences": 1, "photo_shown_date": "2024-06", "latest_available_photo_date": "2024-06", "source_photo_url": "https://www.mapillary.com/app/?pKey=1672726110168070&focus=photo", "nearest_osm_pole_m": null}}, {"type": "Feature", "geometry": {"type": "Point", "coordinates": [-70.847084, 42.504253]}, "properties": {"id": "marb-00383", "is_utility_pole": false, "pole_type": "unclear", "model_flags": [], "model_watch": [], "lean": "unclear", "crossarm": "none_visible", "vegetation": "none", "transformer": false, "attachments_estimate": 0, "photos_assessed": 3, "capture_sequences": 1, "photo_shown_date": "2023-08", "latest_available_photo_date": "2023-08", "source_photo_url": "https://www.mapillary.com/app/?pKey=660989122402314&focus=photo", "nearest_osm_pole_m": null}}, {"type": "Feature", "geometry": {"type": "Point", "coordinates": [-70.84726, 42.50423]}, "properties": {"id": "marb-00384", "is_utility_pole": true, "pole_type": "wood_utility", "model_flags": [], "model_watch": [], "lean": "none", "crossarm": "none_visible", "vegetation": "none", "transformer": false, "attachments_estimate": 2, "photos_assessed": 3, "capture_sequences": 1, "photo_shown_date": "2023-08", "latest_available_photo_date": "2023-08", "source_photo_url": "https://www.mapillary.com/app/?pKey=990571978655455&focus=photo", "nearest_osm_pole_m": null}}, {"type": "Feature", "geometry": {"type": "Point", "coordinates": [-70.860146, 42.501083]}, "properties": {"id": "marb-00385", "is_utility_pole": true, "pole_type": "wood_utility", "model_flags": [], "model_watch": [], "lean": "none", "crossarm": "intact", "vegetation": "near", "transformer": false, "attachments_estimate": 1, "photos_assessed": 3, "capture_sequences": 1, "photo_shown_date": "2023-08", "latest_available_photo_date": "2023-08", "source_photo_url": "https://www.mapillary.com/app/?pKey=952331232733827&focus=photo", "nearest_osm_pole_m": null}}, {"type": "Feature", "geometry": {"type": "Point", "coordinates": [-70.860275, 42.501217]}, "properties": {"id": "marb-00386", "is_utility_pole": true, "pole_type": "wood_utility", "model_flags": ["vegetation"], "model_watch": ["lean_slight"], "lean": "slight", "crossarm": "none_visible", "vegetation": "touching", "transformer": false, "attachments_estimate": 2, "photos_assessed": 3, "capture_sequences": 1, "photo_shown_date": "2023-08", "latest_available_photo_date": "2023-08", "source_photo_url": "https://www.mapillary.com/app/?pKey=1037391640763781&focus=photo", "nearest_osm_pole_m": null}}, {"type": "Feature", "geometry": {"type": "Point", "coordinates": [-70.8549407, 42.5033593]}, "properties": {"id": "marb-00387", "is_utility_pole": true, "pole_type": "wood_utility", "model_flags": ["vegetation"], "model_watch": [], "lean": "none", "crossarm": "none_visible", "vegetation": "touching", "transformer": false, "attachments_estimate": 2, "photos_assessed": 14, "capture_sequences": 1, "photo_shown_date": "2023-08", "latest_available_photo_date": "2023-08", "source_photo_url": "https://www.mapillary.com/app/?pKey=296540953059459&focus=photo", "nearest_osm_pole_m": null}}, {"type": "Feature", "geometry": {"type": "Point", "coordinates": [-70.8547411, 42.503482]}, "properties": {"id": "marb-00388", "is_utility_pole": true, "pole_type": "wood_utility", "model_flags": ["vegetation"], "model_watch": [], "lean": "none", "crossarm": "none_visible", "vegetation": "touching", "transformer": false, "attachments_estimate": 2, "photos_assessed": 7, "capture_sequences": 1, "photo_shown_date": "2023-08", "latest_available_photo_date": "2023-08", "source_photo_url": "https://www.mapillary.com/app/?pKey=207027389009289&focus=photo", "nearest_osm_pole_m": null}}, {"type": "Feature", "geometry": {"type": "Point", "coordinates": [-70.855008, 42.5033055]}, "properties": {"id": "marb-00389", "is_utility_pole": true, "pole_type": "wood_utility", "model_flags": ["vegetation"], "model_watch": [], "lean": "none", "crossarm": "none_visible", "vegetation": "touching", "transformer": false, "attachments_estimate": 1, "photos_assessed": 6, "capture_sequences": 1, "photo_shown_date": "2023-08", "latest_available_photo_date": "2023-08", "source_photo_url": "https://www.mapillary.com/app/?pKey=1225552248838552&focus=photo", "nearest_osm_pole_m": null}}, {"type": "Feature", "geometry": {"type": "Point", "coordinates": [-70.8550533, 42.503255]}, "properties": {"id": "marb-00390", "is_utility_pole": true, "pole_type": "wood_utility", "model_flags": [], "model_watch": ["lean_slight"], "lean": "slight", "crossarm": "none_visible", "vegetation": "near", "transformer": false, "attachments_estimate": 1, "photos_assessed": 9, "capture_sequences": 1, "photo_shown_date": "2023-08", "latest_available_photo_date": "2023-08", "source_photo_url": "https://www.mapillary.com/app/?pKey=1690995507991482&focus=photo", "nearest_osm_pole_m": null}}, {"type": "Feature", "geometry": {"type": "Point", "coordinates": [-70.85398, 42.50397]}, "properties": {"id": "marb-00391", "is_utility_pole": true, "pole_type": "wood_utility", "model_flags": ["vegetation"], "model_watch": ["lean_slight"], "lean": "slight", "crossarm": "none_visible", "vegetation": "touching", "transformer": false, "attachments_estimate": 0, "photos_assessed": 3, "capture_sequences": 1, "photo_shown_date": "2023-08", "latest_available_photo_date": "2023-08", "source_photo_url": "https://www.mapillary.com/app/?pKey=271549818957690&focus=photo", "nearest_osm_pole_m": null}}, {"type": "Feature", "geometry": {"type": "Point", "coordinates": [-70.853386, 42.504063]}, "properties": {"id": "marb-00392", "is_utility_pole": true, "pole_type": "wood_utility", "model_flags": ["vegetation"], "model_watch": [], "lean": "none", "crossarm": "none_visible", "vegetation": "touching", "transformer": false, "attachments_estimate": 1, "photos_assessed": 6, "capture_sequences": 1, "photo_shown_date": "2023-08", "latest_available_photo_date": "2023-08", "source_photo_url": "https://www.mapillary.com/app/?pKey=271549818957690&focus=photo", "nearest_osm_pole_m": null}}, {"type": "Feature", "geometry": {"type": "Point", "coordinates": [-70.85369, 42.503952]}, "properties": {"id": "marb-00393", "is_utility_pole": true, "pole_type": "wood_utility", "model_flags": [], "model_watch": [], "lean": "none", "crossarm": "intact", "vegetation": "near", "transformer": false, "attachments_estimate": 2, "photos_assessed": 3, "capture_sequences": 1, "photo_shown_date": "2023-08", "latest_available_photo_date": "2023-08", "source_photo_url": "https://www.mapillary.com/app/?pKey=605384894836597&focus=photo", "nearest_osm_pole_m": null}}, {"type": "Feature", "geometry": {"type": "Point", "coordinates": [-70.853546, 42.50403]}, "properties": {"id": "marb-00394", "is_utility_pole": true, "pole_type": "wood_utility", "model_flags": [], "model_watch": [], "lean": "none", "crossarm": "intact", "vegetation": "near", "transformer": false, "attachments_estimate": 1, "photos_assessed": 3, "capture_sequences": 1, "photo_shown_date": "2023-08", "latest_available_photo_date": "2023-08", "source_photo_url": "https://www.mapillary.com/app/?pKey=825929732534912&focus=photo", "nearest_osm_pole_m": null}}, {"type": "Feature", "geometry": {"type": "Point", "coordinates": [-70.847824, 42.5041477]}, "properties": {"id": "marb-00395", "is_utility_pole": true, "pole_type": "wood_utility", "model_flags": [], "model_watch": [], "lean": "none", "crossarm": "none_visible", "vegetation": "none", "transformer": false, "attachments_estimate": 2, "photos_assessed": 9, "capture_sequences": 1, "photo_shown_date": "2023-08", "latest_available_photo_date": "2023-08", "source_photo_url": "https://www.mapillary.com/app/?pKey=2466249800223879&focus=photo", "nearest_osm_pole_m": null}}, {"type": "Feature", "geometry": {"type": "Point", "coordinates": [-70.848206, 42.50392]}, "properties": {"id": "marb-00396", "is_utility_pole": true, "pole_type": "wood_utility", "model_flags": ["vegetation"], "model_watch": [], "lean": "unclear", "crossarm": "unclear", "vegetation": "touching", "transformer": false, "attachments_estimate": 1, "photos_assessed": 3, "capture_sequences": 1, "photo_shown_date": "2023-08", "latest_available_photo_date": "2023-08", "source_photo_url": "https://www.mapillary.com/app/?pKey=2512548602256675&focus=photo", "nearest_osm_pole_m": null}}, {"type": "Feature", "geometry": {"type": "Point", "coordinates": [-70.8479, 42.504032]}, "properties": {"id": "marb-00397", "is_utility_pole": true, "pole_type": "wood_utility", "model_flags": [], "model_watch": [], "lean": "none", "crossarm": "intact", "vegetation": "near", "transformer": false, "attachments_estimate": 2, "photos_assessed": 3, "capture_sequences": 1, "photo_shown_date": "2023-08", "latest_available_photo_date": "2023-08", "source_photo_url": "https://www.mapillary.com/app/?pKey=1711414922633876&focus=photo", "nearest_osm_pole_m": null}}, {"type": "Feature", "geometry": {"type": "Point", "coordinates": [-70.84834, 42.503925]}, "properties": {"id": "marb-00398", "is_utility_pole": true, "pole_type": "wood_utility", "model_flags": [], "model_watch": [], "lean": "unclear", "crossarm": "unclear", "vegetation": "near", "transformer": false, "attachments_estimate": 1, "photos_assessed": 2, "capture_sequences": 1, "photo_shown_date": "2023-08", "latest_available_photo_date": "2023-08", "source_photo_url": "https://www.mapillary.com/app/?pKey=2512548602256675&focus=photo", "nearest_osm_pole_m": null}}, {"type": "Feature", "geometry": {"type": "Point", "coordinates": [-70.847694, 42.504208]}, "properties": {"id": "marb-00399", "is_utility_pole": true, "pole_type": "wood_utility", "model_flags": [], "model_watch": [], "lean": "none", "crossarm": "intact", "vegetation": "none", "transformer": false, "attachments_estimate": 2, "photos_assessed": 3, "capture_sequences": 1, "photo_shown_date": "2023-08", "latest_available_photo_date": "2023-08", "source_photo_url": "https://www.mapillary.com/app/?pKey=2466249800223879&focus=photo", "nearest_osm_pole_m": null}}, {"type": "Feature", "geometry": {"type": "Point", "coordinates": [-70.87075, 42.498985]}, "properties": {"id": "marb-00400", "is_utility_pole": true, "pole_type": "wood_utility", "model_flags": ["vegetation"], "model_watch": [], "lean": "none", "crossarm": "none_visible", "vegetation": "touching", "transformer": false, "attachments_estimate": 0, "photos_assessed": 3, "capture_sequences": 1, "photo_shown_date": "2023-08", "latest_available_photo_date": "2023-08", "source_photo_url": "https://www.mapillary.com/app/?pKey=172188422494427&focus=photo", "nearest_osm_pole_m": 13.5}}, {"type": "Feature", "geometry": {"type": "Point", "coordinates": [-70.87127, 42.498714]}, "properties": {"id": "marb-00401", "is_utility_pole": true, "pole_type": "wood_utility", "model_flags": ["lean", "vegetation"], "model_watch": [], "lean": "moderate", "crossarm": "none_visible", "vegetation": "touching", "transformer": false, "attachments_estimate": 0, "photos_assessed": 3, "capture_sequences": 1, "photo_shown_date": "2023-08", "latest_available_photo_date": "2023-08", "source_photo_url": "https://www.mapillary.com/app/?pKey=998652507841989&focus=photo", "nearest_osm_pole_m": 13.6}}, {"type": "Feature", "geometry": {"type": "Point", "coordinates": [-70.87003, 42.49925]}, "properties": {"id": "marb-00402", "is_utility_pole": true, "pole_type": "wood_utility", "model_flags": ["vegetation"], "model_watch": [], "lean": "none", "crossarm": "none_visible", "vegetation": "touching", "transformer": false, "attachments_estimate": 0, "photos_assessed": 3, "capture_sequences": 1, "photo_shown_date": "2023-08", "latest_available_photo_date": "2023-08", "source_photo_url": "https://www.mapillary.com/app/?pKey=234783716211194&focus=photo", "nearest_osm_pole_m": 11.8}}, {"type": "Feature", "geometry": {"type": "Point", "coordinates": [-70.8719, 42.49848]}, "properties": {"id": "marb-00403", "is_utility_pole": true, "pole_type": "wood_utility", "model_flags": ["vegetation"], "model_watch": ["lean_slight"], "lean": "slight", "crossarm": "none_visible", "vegetation": "touching", "transformer": false, "attachments_estimate": 0, "photos_assessed": 3, "capture_sequences": 1, "photo_shown_date": "2023-08", "latest_available_photo_date": "2023-08", "source_photo_url": "https://www.mapillary.com/app/?pKey=262694203228407&focus=photo", "nearest_osm_pole_m": 12.4}}, {"type": "Feature", "geometry": {"type": "Point", "coordinates": [-70.8459819, 42.507904]}, "properties": {"id": "marb-00404", "is_utility_pole": true, "pole_type": "wood_utility", "model_flags": ["double"], "model_watch": [], "lean": "none", "crossarm": "none_visible", "vegetation": "near", "transformer": false, "attachments_estimate": 2, "photos_assessed": 8, "capture_sequences": 1, "photo_shown_date": "2023-08", "latest_available_photo_date": "2023-08", "source_photo_url": "https://www.mapillary.com/app/?pKey=306867268541924&focus=photo", "nearest_osm_pole_m": null}}, {"type": "Feature", "geometry": {"type": "Point", "coordinates": [-70.8462, 42.508026]}, "properties": {"id": "marb-00405", "is_utility_pole": true, "pole_type": "wood_utility", "model_flags": ["vegetation"], "model_watch": ["lean_slight"], "lean": "slight", "crossarm": "intact", "vegetation": "touching", "transformer": false, "attachments_estimate": 2, "photos_assessed": 3, "capture_sequences": 1, "photo_shown_date": "2023-08", "latest_available_photo_date": "2023-08", "source_photo_url": "https://www.mapillary.com/app/?pKey=817207650110822&focus=photo", "nearest_osm_pole_m": null}}, {"type": "Feature", "geometry": {"type": "Point", "coordinates": [-70.845764, 42.5078]}, "properties": {"id": "marb-00406", "is_utility_pole": true, "pole_type": "wood_utility", "model_flags": [], "model_watch": [], "lean": "none", "crossarm": "none_visible", "vegetation": "none", "transformer": false, "attachments_estimate": 2, "photos_assessed": 3, "capture_sequences": 1, "photo_shown_date": "2023-08", "latest_available_photo_date": "2023-08", "source_photo_url": "https://www.mapillary.com/app/?pKey=3600481260211042&focus=photo", "nearest_osm_pole_m": null}}, {"type": "Feature", "geometry": {"type": "Point", "coordinates": [-70.846054, 42.507866]}, "properties": {"id": "marb-00407", "is_utility_pole": true, "pole_type": "wood_utility", "model_flags": [], "model_watch": [], "lean": "none", "crossarm": "none_visible", "vegetation": "near", "transformer": false, "attachments_estimate": 1, "photos_assessed": 3, "capture_sequences": 1, "photo_shown_date": "2023-08", "latest_available_photo_date": "2023-08", "source_photo_url": "https://www.mapillary.com/app/?pKey=1049810529517794&focus=photo", "nearest_osm_pole_m": null}}, {"type": "Feature", "geometry": {"type": "Point", "coordinates": [-70.843216, 42.489502]}, "properties": {"id": "marb-00408", "is_utility_pole": true, "pole_type": "wood_utility", "model_flags": [], "model_watch": ["lean_slight"], "lean": "slight", "crossarm": "none_visible", "vegetation": "near", "transformer": false, "attachments_estimate": 1, "photos_assessed": 3, "capture_sequences": 1, "photo_shown_date": "2023-11", "latest_available_photo_date": "2023-11", "source_photo_url": "https://www.mapillary.com/app/?pKey=651988767066252&focus=photo", "nearest_osm_pole_m": null}}, {"type": "Feature", "geometry": {"type": "Point", "coordinates": [-70.8695895, 42.4895908]}, "properties": {"id": "marb-00409", "is_utility_pole": true, "pole_type": "wood_utility", "model_flags": ["vegetation"], "model_watch": ["lean_slight"], "lean": "slight", "crossarm": "unclear", "vegetation": "touching", "transformer": false, "attachments_estimate": 0, "photos_assessed": 4, "capture_sequences": 1, "photo_shown_date": "2023-11", "latest_available_photo_date": "2023-11", "source_photo_url": "https://www.mapillary.com/app/?pKey=911212320567929&focus=photo", "nearest_osm_pole_m": null}}, {"type": "Feature", "geometry": {"type": "Point", "coordinates": [-70.86879, 42.49]}, "properties": {"id": "marb-00410", "is_utility_pole": true, "pole_type": "wood_utility", "model_flags": ["vegetation"], "model_watch": [], "lean": "unclear", "crossarm": "none_visible", "vegetation": "touching", "transformer": false, "attachments_estimate": 0, "photos_assessed": 3, "capture_sequences": 1, "photo_shown_date": "2023-11", "latest_available_photo_date": "2023-11", "source_photo_url": "https://www.mapillary.com/app/?pKey=687942770101744&focus=photo", "nearest_osm_pole_m": null}}, {"type": "Feature", "geometry": {"type": "Point", "coordinates": [-70.87736, 42.4966625]}, "properties": {"id": "marb-00411", "is_utility_pole": true, "pole_type": "wood_utility", "model_flags": [], "model_watch": [], "lean": "none", "crossarm": "none_visible", "vegetation": "near", "transformer": false, "attachments_estimate": 0, "photos_assessed": 6, "capture_sequences": 1, "photo_shown_date": "2023-08", "latest_available_photo_date": "2023-08", "source_photo_url": "https://www.mapillary.com/app/?pKey=1076294026684180&focus=photo", "nearest_osm_pole_m": 17.1}}, {"type": "Feature", "geometry": {"type": "Point", "coordinates": [-70.8767855, 42.496844]}, "properties": {"id": "marb-00412", "is_utility_pole": true, "pole_type": "wood_utility", "model_flags": ["vegetation"], "model_watch": ["lean_slight"], "lean": "slight", "crossarm": "none_visible", "vegetation": "touching", "transformer": false, "attachments_estimate": 0, "photos_assessed": 6, "capture_sequences": 1, "photo_shown_date": "2023-08", "latest_available_photo_date": "2023-08", "source_photo_url": "https://www.mapillary.com/app/?pKey=835665728119905&focus=photo", "nearest_osm_pole_m": null}}, {"type": "Feature", "geometry": {"type": "Point", "coordinates": [-70.87521, 42.49741]}, "properties": {"id": "marb-00413", "is_utility_pole": true, "pole_type": "wood_utility", "model_flags": ["vegetation"], "model_watch": ["lean_slight"], "lean": "slight", "crossarm": "none_visible", "vegetation": "touching", "transformer": false, "attachments_estimate": 1, "photos_assessed": 2, "capture_sequences": 1, "photo_shown_date": "2023-08", "latest_available_photo_date": "2023-08", "source_photo_url": "https://www.mapillary.com/app/?pKey=135218182975515&focus=photo", "nearest_osm_pole_m": 7.2}}, {"type": "Feature", "geometry": {"type": "Point", "coordinates": [-70.87604, 42.49711]}, "properties": {"id": "marb-00414", "is_utility_pole": true, "pole_type": "wood_utility", "model_flags": ["vegetation"], "model_watch": ["lean_slight"], "lean": "slight", "crossarm": "none_visible", "vegetation": "touching", "transformer": false, "attachments_estimate": 1, "photos_assessed": 3, "capture_sequences": 1, "photo_shown_date": "2023-08", "latest_available_photo_date": "2023-08", "source_photo_url": "https://www.mapillary.com/app/?pKey=256372153944397&focus=photo", "nearest_osm_pole_m": 15.3}}, {"type": "Feature", "geometry": {"type": "Point", "coordinates": [-70.87548, 42.4973025]}, "properties": {"id": "marb-00415", "is_utility_pole": true, "pole_type": "wood_utility", "model_flags": [], "model_watch": ["lean_slight"], "lean": "slight", "crossarm": "intact", "vegetation": "near", "transformer": false, "attachments_estimate": 2, "photos_assessed": 6, "capture_sequences": 1, "photo_shown_date": "2023-08", "latest_available_photo_date": "2023-08", "source_photo_url": "https://www.mapillary.com/app/?pKey=294993149887248&focus=photo", "nearest_osm_pole_m": null}}, {"type": "Feature", "geometry": {"type": "Point", "coordinates": [-70.876966, 42.4967628]}, "properties": {"id": "marb-00416", "is_utility_pole": true, "pole_type": "wood_utility", "model_flags": ["vegetation"], "model_watch": ["lean_slight"], "lean": "slight", "crossarm": "none_visible", "vegetation": "touching", "transformer": false, "attachments_estimate": 0, "photos_assessed": 5, "capture_sequences": 1, "photo_shown_date": "2023-08", "latest_available_photo_date": "2023-08", "source_photo_url": "https://www.mapillary.com/app/?pKey=321090800268481&focus=photo", "nearest_osm_pole_m": 17.5}}, {"type": "Feature", "geometry": {"type": "Point", "coordinates": [-70.876191, 42.49705]}, "properties": {"id": "marb-00417", "is_utility_pole": true, "pole_type": "wood_utility", "model_flags": ["vegetation"], "model_watch": ["lean_slight"], "lean": "slight", "crossarm": "none_visible", "vegetation": "touching", "transformer": false, "attachments_estimate": 1, "photos_assessed": 5, "capture_sequences": 1, "photo_shown_date": "2023-08", "latest_available_photo_date": "2023-08", "source_photo_url": "https://www.mapillary.com/app/?pKey=834834277903503&focus=photo", "nearest_osm_pole_m": null}}, {"type": "Feature", "geometry": {"type": "Point", "coordinates": [-70.87539, 42.497337]}, "properties": {"id": "marb-00418", "is_utility_pole": true, "pole_type": "wood_utility", "model_flags": [], "model_watch": ["lean_slight"], "lean": "slight", "crossarm": "intact", "vegetation": "near", "transformer": false, "attachments_estimate": 1, "photos_assessed": 3, "capture_sequences": 1, "photo_shown_date": "2023-08", "latest_available_photo_date": "2023-08", "source_photo_url": "https://www.mapillary.com/app/?pKey=135218182975515&focus=photo", "nearest_osm_pole_m": 24.0}}, {"type": "Feature", "geometry": {"type": "Point", "coordinates": [-70.87563, 42.49725]}, "properties": {"id": "marb-00419", "is_utility_pole": true, "pole_type": "wood_utility", "model_flags": ["vegetation"], "model_watch": ["lean_slight"], "lean": "slight", "crossarm": "unclear", "vegetation": "touching", "transformer": false, "attachments_estimate": 1, "photos_assessed": 3, "capture_sequences": 1, "photo_shown_date": "2023-08", "latest_available_photo_date": "2023-08", "source_photo_url": "https://www.mapillary.com/app/?pKey=998202451429208&focus=photo", "nearest_osm_pole_m": 21.8}}, {"type": "Feature", "geometry": {"type": "Point", "coordinates": [-70.876434, 42.496933]}, "properties": {"id": "marb-00420", "is_utility_pole": false, "pole_type": "unclear", "model_flags": [], "model_watch": [], "lean": "unclear", "crossarm": "unclear", "vegetation": "unclear", "transformer": false, "attachments_estimate": 0, "photos_assessed": 2, "capture_sequences": 1, "photo_shown_date": "2023-08", "latest_available_photo_date": "2023-08", "source_photo_url": "https://www.mapillary.com/app/?pKey=983719499592260&focus=photo", "nearest_osm_pole_m": null}}, {"type": "Feature", "geometry": {"type": "Point", "coordinates": [-70.8555275, 42.5024265]}, "properties": {"id": "marb-00421", "is_utility_pole": true, "pole_type": "wood_utility", "model_flags": [], "model_watch": [], "lean": "none", "crossarm": "none_visible", "vegetation": "none", "transformer": false, "attachments_estimate": 0, "photos_assessed": 4, "capture_sequences": 1, "photo_shown_date": "2023-08", "latest_available_photo_date": "2023-08", "source_photo_url": "https://www.mapillary.com/app/?pKey=1234432700583181&focus=photo", "nearest_osm_pole_m": null}}, {"type": "Feature", "geometry": {"type": "Point", "coordinates": [-70.85543, 42.502445]}, "properties": {"id": "marb-00422", "is_utility_pole": true, "pole_type": "wood_utility", "model_flags": [], "model_watch": ["lean_slight"], "lean": "slight", "crossarm": "none_visible", "vegetation": "near", "transformer": false, "attachments_estimate": 1, "photos_assessed": 3, "capture_sequences": 1, "photo_shown_date": "2023-08", "latest_available_photo_date": "2023-08", "source_photo_url": "https://www.mapillary.com/app/?pKey=650751650359100&focus=photo", "nearest_osm_pole_m": null}}, {"type": "Feature", "geometry": {"type": "Point", "coordinates": [-70.85514, 42.5031878]}, "properties": {"id": "marb-00423", "is_utility_pole": true, "pole_type": "wood_utility", "model_flags": ["vegetation"], "model_watch": [], "lean": "none", "crossarm": "none_visible", "vegetation": "touching", "transformer": false, "attachments_estimate": 1, "photos_assessed": 12, "capture_sequences": 1, "photo_shown_date": "2023-08", "latest_available_photo_date": "2023-08", "source_photo_url": "https://www.mapillary.com/app/?pKey=6216455071814937&focus=photo", "nearest_osm_pole_m": null}}, {"type": "Feature", "geometry": {"type": "Point", "coordinates": [-70.855278, 42.5030965]}, "properties": {"id": "marb-00424", "is_utility_pole": true, "pole_type": "wood_utility", "model_flags": [], "model_watch": [], "lean": "none", "crossarm": "intact", "vegetation": "none", "transformer": false, "attachments_estimate": 2, "photos_assessed": 6, "capture_sequences": 1, "photo_shown_date": "2023-08", "latest_available_photo_date": "2023-08", "source_photo_url": "https://www.mapillary.com/app/?pKey=852689339850395&focus=photo", "nearest_osm_pole_m": null}}, {"type": "Feature", "geometry": {"type": "Point", "coordinates": [-70.85523, 42.50317]}, "properties": {"id": "marb-00425", "is_utility_pole": true, "pole_type": "wood_utility", "model_flags": [], "model_watch": [], "lean": "none", "crossarm": "intact", "vegetation": "none", "transformer": false, "attachments_estimate": 1, "photos_assessed": 3, "capture_sequences": 1, "photo_shown_date": "2023-08", "latest_available_photo_date": "2023-08", "source_photo_url": "https://www.mapillary.com/app/?pKey=1309249536386072&focus=photo", "nearest_osm_pole_m": null}}, {"type": "Feature", "geometry": {"type": "Point", "coordinates": [-70.85531, 42.50283]}, "properties": {"id": "marb-00426", "is_utility_pole": true, "pole_type": "wood_utility", "model_flags": [], "model_watch": [], "lean": "none", "crossarm": "none_visible", "vegetation": "near", "transformer": false, "attachments_estimate": 2, "photos_assessed": 3, "capture_sequences": 1, "photo_shown_date": "2023-08", "latest_available_photo_date": "2023-08", "source_photo_url": "https://www.mapillary.com/app/?pKey=852689339850395&focus=photo", "nearest_osm_pole_m": null}}, {"type": "Feature", "geometry": {"type": "Point", "coordinates": [-70.8553735, 42.5029718]}, "properties": {"id": "marb-00427", "is_utility_pole": true, "pole_type": "wood_utility", "model_flags": ["double", "lean", "vegetation"], "model_watch": [], "lean": "moderate", "crossarm": "none_visible", "vegetation": "touching", "transformer": false, "attachments_estimate": 2, "photos_assessed": 12, "capture_sequences": 1, "photo_shown_date": "2023-08", "latest_available_photo_date": "2023-08", "source_photo_url": "https://www.mapillary.com/app/?pKey=996665364716575&focus=photo", "nearest_osm_pole_m": null}}, {"type": "Feature", "geometry": {"type": "Point", "coordinates": [-70.855385, 42.503075]}, "properties": {"id": "marb-00428", "is_utility_pole": true, "pole_type": "wood_utility", "model_flags": [], "model_watch": [], "lean": "none", "crossarm": "intact", "vegetation": "none", "transformer": true, "attachments_estimate": 2, "photos_assessed": 3, "capture_sequences": 1, "photo_shown_date": "2023-08", "latest_available_photo_date": "2023-08", "source_photo_url": "https://www.mapillary.com/app/?pKey=320586473810146&focus=photo", "nearest_osm_pole_m": null}}, {"type": "Feature", "geometry": {"type": "Point", "coordinates": [-70.85534, 42.502743]}, "properties": {"id": "marb-00429", "is_utility_pole": true, "pole_type": "wood_utility", "model_flags": [], "model_watch": [], "lean": "none", "crossarm": "none_visible", "vegetation": "near", "transformer": false, "attachments_estimate": 1, "photos_assessed": 3, "capture_sequences": 1, "photo_shown_date": "2023-08", "latest_available_photo_date": "2023-08", "source_photo_url": "https://www.mapillary.com/app/?pKey=808662150922612&focus=photo", "nearest_osm_pole_m": null}}, {"type": "Feature", "geometry": {"type": "Point", "coordinates": [-70.855545, 42.502872]}, "properties": {"id": "marb-00430", "is_utility_pole": true, "pole_type": "wood_utility", "model_flags": [], "model_watch": ["lean_slight"], "lean": "slight", "crossarm": "none_visible", "vegetation": "near", "transformer": false, "attachments_estimate": 2, "photos_assessed": 1, "capture_sequences": 1, "photo_shown_date": "2023-08", "latest_available_photo_date": "2023-08", "source_photo_url": "https://www.mapillary.com/app/?pKey=818293436494683&focus=photo", "nearest_osm_pole_m": null}}, {"type": "Feature", "geometry": {"type": "Point", "coordinates": [-70.86599, 42.492436]}, "properties": {"id": "marb-00431", "is_utility_pole": true, "pole_type": "wood_utility", "model_flags": [], "model_watch": [], "lean": "none", "crossarm": "none_visible", "vegetation": "none", "transformer": false, "attachments_estimate": 1, "photos_assessed": 4, "capture_sequences": 1, "photo_shown_date": "2023-11", "latest_available_photo_date": "2023-11", "source_photo_url": "https://www.mapillary.com/app/?pKey=851615943288181&focus=photo", "nearest_osm_pole_m": null}}, {"type": "Feature", "geometry": {"type": "Point", "coordinates": [-70.86584, 42.49275]}, "properties": {"id": "marb-00432", "is_utility_pole": true, "pole_type": "wood_utility", "model_flags": [], "model_watch": [], "lean": "none", "crossarm": "none_visible", "vegetation": "near", "transformer": false, "attachments_estimate": 1, "photos_assessed": 3, "capture_sequences": 1, "photo_shown_date": "2023-11", "latest_available_photo_date": "2023-11", "source_photo_url": "https://www.mapillary.com/app/?pKey=7368859203146682&focus=photo", "nearest_osm_pole_m": null}}, {"type": "Feature", "geometry": {"type": "Point", "coordinates": [-70.86615, 42.49209]}, "properties": {"id": "marb-00433", "is_utility_pole": true, "pole_type": "wood_utility", "model_flags": ["lean"], "model_watch": [], "lean": "moderate", "crossarm": "none_visible", "vegetation": "near", "transformer": false, "attachments_estimate": 1, "photos_assessed": 3, "capture_sequences": 1, "photo_shown_date": "2023-11", "latest_available_photo_date": "2023-11", "source_photo_url": "https://www.mapillary.com/app/?pKey=896478182012070&focus=photo", "nearest_osm_pole_m": null}}, {"type": "Feature", "geometry": {"type": "Point", "coordinates": [-70.86585, 42.492676]}, "properties": {"id": "marb-00434", "is_utility_pole": true, "pole_type": "wood_utility", "model_flags": [], "model_watch": [], "lean": "none", "crossarm": "none_visible", "vegetation": "near", "transformer": false, "attachments_estimate": 1, "photos_assessed": 3, "capture_sequences": 1, "photo_shown_date": "2023-11", "latest_available_photo_date": "2023-11", "source_photo_url": "https://www.mapillary.com/app/?pKey=713169500388518&focus=photo", "nearest_osm_pole_m": null}}, {"type": "Feature", "geometry": {"type": "Point", "coordinates": [-70.865765, 42.49281]}, "properties": {"id": "marb-00435", "is_utility_pole": true, "pole_type": "wood_utility", "model_flags": [], "model_watch": ["lean_slight"], "lean": "slight", "crossarm": "none_visible", "vegetation": "near", "transformer": false, "attachments_estimate": 1, "photos_assessed": 4, "capture_sequences": 1, "photo_shown_date": "2023-11", "latest_available_photo_date": "2023-11", "source_photo_url": "https://www.mapillary.com/app/?pKey=705941044515751&focus=photo", "nearest_osm_pole_m": null}}, {"type": "Feature", "geometry": {"type": "Point", "coordinates": [-70.86578, 42.4929]}, "properties": {"id": "marb-00436", "is_utility_pole": true, "pole_type": "wood_utility", "model_flags": [], "model_watch": ["lean_slight"], "lean": "slight", "crossarm": "none_visible", "vegetation": "near", "transformer": false, "attachments_estimate": 1, "photos_assessed": 3, "capture_sequences": 1, "photo_shown_date": "2023-11", "latest_available_photo_date": "2023-11", "source_photo_url": "https://www.mapillary.com/app/?pKey=1086463765678971&focus=photo", "nearest_osm_pole_m": null}}, {"type": "Feature", "geometry": {"type": "Point", "coordinates": [-70.866135, 42.492176]}, "properties": {"id": "marb-00437", "is_utility_pole": true, "pole_type": "wood_utility", "model_flags": [], "model_watch": [], "lean": "none", "crossarm": "none_visible", "vegetation": "none", "transformer": false, "attachments_estimate": 1, "photos_assessed": 3, "capture_sequences": 1, "photo_shown_date": "2023-11", "latest_available_photo_date": "2023-11", "source_photo_url": "https://www.mapillary.com/app/?pKey=1721225361690602&focus=photo", "nearest_osm_pole_m": null}}, {"type": "Feature", "geometry": {"type": "Point", "coordinates": [-70.86624, 42.49317]}, "properties": {"id": "marb-00438", "is_utility_pole": true, "pole_type": "wood_utility", "model_flags": [], "model_watch": [], "lean": "unclear", "crossarm": "unclear", "vegetation": "near", "transformer": false, "attachments_estimate": 1, "photos_assessed": 2, "capture_sequences": 1, "photo_shown_date": "2023-11", "latest_available_photo_date": "2023-11", "source_photo_url": "https://www.mapillary.com/app/?pKey=1348846032412490&focus=photo", "nearest_osm_pole_m": null}}, {"type": "Feature", "geometry": {"type": "Point", "coordinates": [-70.87868, 42.496464]}, "properties": {"id": "marb-00439", "is_utility_pole": true, "pole_type": "wood_utility", "model_flags": [], "model_watch": ["lean_slight"], "lean": "slight", "crossarm": "none_visible", "vegetation": "near", "transformer": false, "attachments_estimate": 1, "photos_assessed": 3, "capture_sequences": 1, "photo_shown_date": "2023-08", "latest_available_photo_date": "2023-08", "source_photo_url": "https://www.mapillary.com/app/?pKey=248558380859578&focus=photo", "nearest_osm_pole_m": 18.6}}, {"type": "Feature", "geometry": {"type": "Point", "coordinates": [-70.87814, 42.496483]}, "properties": {"id": "marb-00440", "is_utility_pole": true, "pole_type": "wood_utility", "model_flags": ["lean", "vegetation"], "model_watch": [], "lean": "moderate", "crossarm": "none_visible", "vegetation": "touching", "transformer": false, "attachments_estimate": 1, "photos_assessed": 3, "capture_sequences": 1, "photo_shown_date": "2023-08", "latest_available_photo_date": "2023-08", "source_photo_url": "https://www.mapillary.com/app/?pKey=309780321607172&focus=photo", "nearest_osm_pole_m": null}}, {"type": "Feature", "geometry": {"type": "Point", "coordinates": [-70.88016, 42.4969315]}, "properties": {"id": "marb-00441", "is_utility_pole": true, "pole_type": "wood_utility", "model_flags": ["double", "lean"], "model_watch": [], "lean": "severe", "crossarm": "none_visible", "vegetation": "near", "transformer": false, "attachments_estimate": 0, "photos_assessed": 6, "capture_sequences": 1, "photo_shown_date": "2023-08", "latest_available_photo_date": "2023-08", "source_photo_url": "https://www.mapillary.com/app/?pKey=339882241697589&focus=photo", "nearest_osm_pole_m": 16.3}}, {"type": "Feature", "geometry": {"type": "Point", "coordinates": [-70.880554, 42.49726]}, "properties": {"id": "marb-00442", "is_utility_pole": true, "pole_type": "wood_utility", "model_flags": [], "model_watch": [], "lean": "none", "crossarm": "none_visible", "vegetation": "near", "transformer": false, "attachments_estimate": 0, "photos_assessed": 3, "capture_sequences": 1, "photo_shown_date": "2023-08", "latest_available_photo_date": "2023-08", "source_photo_url": "https://www.mapillary.com/app/?pKey=682444587081321&focus=photo", "nearest_osm_pole_m": 7.3}}, {"type": "Feature", "geometry": {"type": "Point", "coordinates": [-70.87926, 42.49654]}, "properties": {"id": "marb-00443", "is_utility_pole": true, "pole_type": "wood_utility", "model_flags": ["vegetation"], "model_watch": ["lean_slight"], "lean": "slight", "crossarm": "intact", "vegetation": "touching", "transformer": false, "attachments_estimate": 1, "photos_assessed": 3, "capture_sequences": 1, "photo_shown_date": "2023-08", "latest_available_photo_date": "2023-08", "source_photo_url": "https://www.mapillary.com/app/?pKey=1832177317235409&focus=photo", "nearest_osm_pole_m": 18.4}}, {"type": "Feature", "geometry": {"type": "Point", "coordinates": [-70.878006, 42.496475]}, "properties": {"id": "marb-00444", "is_utility_pole": true, "pole_type": "wood_utility", "model_flags": ["lean"], "model_watch": [], "lean": "moderate", "crossarm": "none_visible", "vegetation": "near", "transformer": false, "attachments_estimate": 1, "photos_assessed": 3, "capture_sequences": 1, "photo_shown_date": "2023-08", "latest_available_photo_date": "2023-08", "source_photo_url": "https://www.mapillary.com/app/?pKey=823075962883817&focus=photo", "nearest_osm_pole_m": 18.0}}, {"type": "Feature", "geometry": {"type": "Point", "coordinates": [-70.87966, 42.496677]}, "properties": {"id": "marb-00445", "is_utility_pole": true, "pole_type": "wood_utility", "model_flags": ["vegetation"], "model_watch": ["lean_slight"], "lean": "slight", "crossarm": "none_visible", "vegetation": "touching", "transformer": false, "attachments_estimate": 1, "photos_assessed": 3, "capture_sequences": 1, "photo_shown_date": "2023-08", "latest_available_photo_date": "2023-08", "source_photo_url": "https://www.mapillary.com/app/?pKey=820376129556566&focus=photo", "nearest_osm_pole_m": 18.3}}, {"type": "Feature", "geometry": {"type": "Point", "coordinates": [-70.8359, 42.49876]}, "properties": {"id": "marb-00446", "is_utility_pole": true, "pole_type": "wood_utility", "model_flags": [], "model_watch": [], "lean": "none", "crossarm": "none_visible", "vegetation": "near", "transformer": false, "attachments_estimate": 0, "photos_assessed": 2, "capture_sequences": 1, "photo_shown_date": "2023-11", "latest_available_photo_date": "2023-11", "source_photo_url": "https://www.mapillary.com/app/?pKey=1089492405373035&focus=photo", "nearest_osm_pole_m": null}}, {"type": "Feature", "geometry": {"type": "Point", "coordinates": [-70.8366, 42.496902]}, "properties": {"id": "marb-00447", "is_utility_pole": true, "pole_type": "wood_utility", "model_flags": [], "model_watch": [], "lean": "none", "crossarm": "none_visible", "vegetation": "near", "transformer": false, "attachments_estimate": 1, "photos_assessed": 3, "capture_sequences": 1, "photo_shown_date": "2023-11", "latest_available_photo_date": "2023-11", "source_photo_url": "https://www.mapillary.com/app/?pKey=737575748213875&focus=photo", "nearest_osm_pole_m": null}}, {"type": "Feature", "geometry": {"type": "Point", "coordinates": [-70.836784, 42.497143]}, "properties": {"id": "marb-00448", "is_utility_pole": true, "pole_type": "wood_utility", "model_flags": ["vegetation"], "model_watch": ["lean_slight"], "lean": "slight", "crossarm": "none_visible", "vegetation": "touching", "transformer": false, "attachments_estimate": 1, "photos_assessed": 1, "capture_sequences": 1, "photo_shown_date": "2023-11", "latest_available_photo_date": "2023-11", "source_photo_url": "https://www.mapillary.com/app/?pKey=1311412379575521&focus=photo", "nearest_osm_pole_m": null}}, {"type": "Feature", "geometry": {"type": "Point", "coordinates": [-70.84002, 42.490593]}, "properties": {"id": "marb-00449", "is_utility_pole": true, "pole_type": "wood_utility", "model_flags": ["vegetation"], "model_watch": ["lean_slight"], "lean": "slight", "crossarm": "none_visible", "vegetation": "touching", "transformer": false, "attachments_estimate": 0, "photos_assessed": 3, "capture_sequences": 1, "photo_shown_date": "2023-11", "latest_available_photo_date": "2023-11", "source_photo_url": "https://www.mapillary.com/app/?pKey=306085185638504&focus=photo", "nearest_osm_pole_m": null}}, {"type": "Feature", "geometry": {"type": "Point", "coordinates": [-70.839195, 42.490805]}, "properties": {"id": "marb-00450", "is_utility_pole": true, "pole_type": "wood_utility", "model_flags": [], "model_watch": [], "lean": "none", "crossarm": "none_visible", "vegetation": "near", "transformer": false, "attachments_estimate": 1, "photos_assessed": 6, "capture_sequences": 1, "photo_shown_date": "2023-11", "latest_available_photo_date": "2023-11", "source_photo_url": "https://www.mapillary.com/app/?pKey=1525658348246785&focus=photo", "nearest_osm_pole_m": null}}, {"type": "Feature", "geometry": {"type": "Point", "coordinates": [-70.8389025, 42.490879]}, "properties": {"id": "marb-00451", "is_utility_pole": true, "pole_type": "wood_utility", "model_flags": [], "model_watch": ["lean_slight"], "lean": "slight", "crossarm": "none_visible", "vegetation": "near", "transformer": false, "attachments_estimate": 2, "photos_assessed": 4, "capture_sequences": 1, "photo_shown_date": "2023-11", "latest_available_photo_date": "2023-11", "source_photo_url": "https://www.mapillary.com/app/?pKey=705730174553045&focus=photo", "nearest_osm_pole_m": null}}, {"type": "Feature", "geometry": {"type": "Point", "coordinates": [-70.839005, 42.490875]}, "properties": {"id": "marb-00452", "is_utility_pole": true, "pole_type": "wood_utility", "model_flags": [], "model_watch": ["lean_slight"], "lean": "slight", "crossarm": "none_visible", "vegetation": "near", "transformer": false, "attachments_estimate": 2, "photos_assessed": 1, "capture_sequences": 1, "photo_shown_date": "2023-11", "latest_available_photo_date": "2023-11", "source_photo_url": "https://www.mapillary.com/app/?pKey=878002820502297&focus=photo", "nearest_osm_pole_m": null}}, {"type": "Feature", "geometry": {"type": "Point", "coordinates": [-70.83876, 42.490913]}, "properties": {"id": "marb-00453", "is_utility_pole": true, "pole_type": "wood_utility", "model_flags": [], "model_watch": ["lean_slight"], "lean": "slight", "crossarm": "none_visible", "vegetation": "near", "transformer": false, "attachments_estimate": 2, "photos_assessed": 3, "capture_sequences": 1, "photo_shown_date": "2023-11", "latest_available_photo_date": "2023-11", "source_photo_url": "https://www.mapillary.com/app/?pKey=808506870942955&focus=photo", "nearest_osm_pole_m": null}}, {"type": "Feature", "geometry": {"type": "Point", "coordinates": [-70.838431, 42.491019]}, "properties": {"id": "marb-00454", "is_utility_pole": true, "pole_type": "wood_utility", "model_flags": ["vegetation"], "model_watch": ["lean_slight"], "lean": "slight", "crossarm": "none_visible", "vegetation": "touching", "transformer": false, "attachments_estimate": 1, "photos_assessed": 5, "capture_sequences": 1, "photo_shown_date": "2023-11", "latest_available_photo_date": "2023-11", "source_photo_url": "https://www.mapillary.com/app/?pKey=660503599625314&focus=photo", "nearest_osm_pole_m": null}}, {"type": "Feature", "geometry": {"type": "Point", "coordinates": [-70.839995, 42.4906662]}, "properties": {"id": "marb-00455", "is_utility_pole": true, "pole_type": "wood_utility", "model_flags": ["vegetation"], "model_watch": [], "lean": "none", "crossarm": "none_visible", "vegetation": "touching", "transformer": false, "attachments_estimate": 0, "photos_assessed": 4, "capture_sequences": 1, "photo_shown_date": "2023-11", "latest_available_photo_date": "2023-11", "source_photo_url": "https://www.mapillary.com/app/?pKey=987430385657704&focus=photo", "nearest_osm_pole_m": null}}, {"type": "Feature", "geometry": {"type": "Point", "coordinates": [-70.83984, 42.490593]}, "properties": {"id": "marb-00456", "is_utility_pole": true, "pole_type": "wood_utility", "model_flags": [], "model_watch": [], "lean": "none", "crossarm": "none_visible", "vegetation": "near", "transformer": false, "attachments_estimate": 1, "photos_assessed": 3, "capture_sequences": 1, "photo_shown_date": "2023-11", "latest_available_photo_date": "2023-11", "source_photo_url": "https://www.mapillary.com/app/?pKey=366357789193006&focus=photo", "nearest_osm_pole_m": null}}, {"type": "Feature", "geometry": {"type": "Point", "coordinates": [-70.839836, 42.490086]}, "properties": {"id": "marb-00457", "is_utility_pole": true, "pole_type": "wood_utility", "model_flags": [], "model_watch": [], "lean": "none", "crossarm": "none_visible", "vegetation": "near", "transformer": false, "attachments_estimate": 1, "photos_assessed": 3, "capture_sequences": 1, "photo_shown_date": "2023-11", "latest_available_photo_date": "2023-11", "source_photo_url": "https://www.mapillary.com/app/?pKey=3757424781243067&focus=photo", "nearest_osm_pole_m": null}}, {"type": "Feature", "geometry": {"type": "Point", "coordinates": [-70.83948, 42.490726]}, "properties": {"id": "marb-00458", "is_utility_pole": true, "pole_type": "wood_utility", "model_flags": [], "model_watch": ["lean_slight"], "lean": "slight", "crossarm": "none_visible", "vegetation": "near", "transformer": false, "attachments_estimate": 1, "photos_assessed": 3, "capture_sequences": 1, "photo_shown_date": "2023-11", "latest_available_photo_date": "2023-11", "source_photo_url": "https://www.mapillary.com/app/?pKey=1333674067277576&focus=photo", "nearest_osm_pole_m": null}}, {"type": "Feature", "geometry": {"type": "Point", "coordinates": [-70.83793, 42.49116]}, "properties": {"id": "marb-00459", "is_utility_pole": true, "pole_type": "wood_utility", "model_flags": ["vegetation"], "model_watch": [], "lean": "none", "crossarm": "none_visible", "vegetation": "touching", "transformer": false, "attachments_estimate": 2, "photos_assessed": 1, "capture_sequences": 1, "photo_shown_date": "2023-11", "latest_available_photo_date": "2023-11", "source_photo_url": "https://www.mapillary.com/app/?pKey=715657183441458&focus=photo", "nearest_osm_pole_m": null}}, {"type": "Feature", "geometry": {"type": "Point", "coordinates": [-70.83522, 42.50199]}, "properties": {"id": "marb-00460", "is_utility_pole": true, "pole_type": "wood_utility", "model_flags": ["lean"], "model_watch": [], "lean": "moderate", "crossarm": "none_visible", "vegetation": "near", "transformer": true, "attachments_estimate": 1, "photos_assessed": 3, "capture_sequences": 1, "photo_shown_date": "2025-11", "latest_available_photo_date": "2025-11", "source_photo_url": "https://www.mapillary.com/app/?pKey=826830529956266&focus=photo", "nearest_osm_pole_m": null}}, {"type": "Feature", "geometry": {"type": "Point", "coordinates": [-70.83548, 42.5018278]}, "properties": {"id": "marb-00461", "is_utility_pole": true, "pole_type": "wood_utility", "model_flags": [], "model_watch": ["lean_slight"], "lean": "slight", "crossarm": "none_visible", "vegetation": "near", "transformer": false, "attachments_estimate": 1, "photos_assessed": 5, "capture_sequences": 1, "photo_shown_date": "2025-11", "latest_available_photo_date": "2025-11", "source_photo_url": "https://www.mapillary.com/app/?pKey=2548030542247703&focus=photo", "nearest_osm_pole_m": null}}, {"type": "Feature", "geometry": {"type": "Point", "coordinates": [-70.83506, 42.5021]}, "properties": {"id": "marb-00462", "is_utility_pole": true, "pole_type": "wood_utility", "model_flags": [], "model_watch": ["lean_slight"], "lean": "slight", "crossarm": "none_visible", "vegetation": "near", "transformer": false, "attachments_estimate": 1, "photos_assessed": 3, "capture_sequences": 1, "photo_shown_date": "2025-11", "latest_available_photo_date": "2025-11", "source_photo_url": "https://www.mapillary.com/app/?pKey=1419040093560300&focus=photo", "nearest_osm_pole_m": null}}, {"type": "Feature", "geometry": {"type": "Point", "coordinates": [-70.85022, 42.503807]}, "properties": {"id": "marb-00463", "is_utility_pole": true, "pole_type": "wood_utility", "model_flags": [], "model_watch": [], "lean": "none", "crossarm": "none_visible", "vegetation": "near", "transformer": false, "attachments_estimate": 2, "photos_assessed": 3, "capture_sequences": 1, "photo_shown_date": "2023-08", "latest_available_photo_date": "2023-08", "source_photo_url": "https://www.mapillary.com/app/?pKey=309811464959950&focus=photo", "nearest_osm_pole_m": null}}, {"type": "Feature", "geometry": {"type": "Point", "coordinates": [-70.84909, 42.503662]}, "properties": {"id": "marb-00464", "is_utility_pole": true, "pole_type": "wood_utility", "model_flags": [], "model_watch": ["lean_slight"], "lean": "slight", "crossarm": "none_visible", "vegetation": "near", "transformer": false, "attachments_estimate": 2, "photos_assessed": 3, "capture_sequences": 1, "photo_shown_date": "2023-08", "latest_available_photo_date": "2023-08", "source_photo_url": "https://www.mapillary.com/app/?pKey=1061956448521667&focus=photo", "nearest_osm_pole_m": null}}, {"type": "Feature", "geometry": {"type": "Point", "coordinates": [-70.849352, 42.5036948]}, "properties": {"id": "marb-00465", "is_utility_pole": true, "pole_type": "wood_utility", "model_flags": [], "model_watch": [], "lean": "none", "crossarm": "none_visible", "vegetation": "near", "transformer": false, "attachments_estimate": 2, "photos_assessed": 5, "capture_sequences": 1, "photo_shown_date": "2023-08", "latest_available_photo_date": "2023-08", "source_photo_url": "https://www.mapillary.com/app/?pKey=255049140731044&focus=photo", "nearest_osm_pole_m": null}}, {"type": "Feature", "geometry": {"type": "Point", "coordinates": [-70.849754, 42.503746]}, "properties": {"id": "marb-00466", "is_utility_pole": true, "pole_type": "wood_utility", "model_flags": [], "model_watch": [], "lean": "none", "crossarm": "none_visible", "vegetation": "none", "transformer": false, "attachments_estimate": 3, "photos_assessed": 3, "capture_sequences": 1, "photo_shown_date": "2023-08", "latest_available_photo_date": "2023-08", "source_photo_url": "https://www.mapillary.com/app/?pKey=184487031313419&focus=photo", "nearest_osm_pole_m": null}}, {"type": "Feature", "geometry": {"type": "Point", "coordinates": [-70.84922, 42.50369]}, "properties": {"id": "marb-00467", "is_utility_pole": true, "pole_type": "wood_utility", "model_flags": [], "model_watch": ["lean_slight"], "lean": "slight", "crossarm": "none_visible", "vegetation": "near", "transformer": false, "attachments_estimate": 2, "photos_assessed": 3, "capture_sequences": 1, "photo_shown_date": "2023-08", "latest_available_photo_date": "2023-08", "source_photo_url": "https://www.mapillary.com/app/?pKey=766928698517694&focus=photo", "nearest_osm_pole_m": null}}, {"type": "Feature", "geometry": {"type": "Point", "coordinates": [-70.8492, 42.503567]}, "properties": {"id": "marb-00468", "is_utility_pole": true, "pole_type": "wood_utility", "model_flags": [], "model_watch": ["lean_slight"], "lean": "slight", "crossarm": "none_visible", "vegetation": "near", "transformer": false, "attachments_estimate": 2, "photos_assessed": 3, "capture_sequences": 1, "photo_shown_date": "2023-08", "latest_available_photo_date": "2023-08", "source_photo_url": "https://www.mapillary.com/app/?pKey=6562790027144737&focus=photo", "nearest_osm_pole_m": null}}, {"type": "Feature", "geometry": {"type": "Point", "coordinates": [-70.84927, 42.50349]}, "properties": {"id": "marb-00469", "is_utility_pole": true, "pole_type": "wood_utility", "model_flags": [], "model_watch": ["lean_slight"], "lean": "slight", "crossarm": "none_visible", "vegetation": "near", "transformer": false, "attachments_estimate": 2, "photos_assessed": 3, "capture_sequences": 1, "photo_shown_date": "2023-08", "latest_available_photo_date": "2023-08", "source_photo_url": "https://www.mapillary.com/app/?pKey=6562790027144737&focus=photo", "nearest_osm_pole_m": null}}, {"type": "Feature", "geometry": {"type": "Point", "coordinates": [-70.840282, 42.4894688]}, "properties": {"id": "marb-00470", "is_utility_pole": true, "pole_type": "wood_utility", "model_flags": [], "model_watch": ["lean_slight"], "lean": "slight", "crossarm": "none_visible", "vegetation": "near", "transformer": false, "attachments_estimate": 2, "photos_assessed": 5, "capture_sequences": 1, "photo_shown_date": "2025-11", "latest_available_photo_date": "2025-11", "source_photo_url": "https://www.mapillary.com/app/?pKey=924607580727988&focus=photo", "nearest_osm_pole_m": null}}, {"type": "Feature", "geometry": {"type": "Point", "coordinates": [-70.840675, 42.48934]}, "properties": {"id": "marb-00471", "is_utility_pole": true, "pole_type": "wood_utility", "model_flags": [], "model_watch": [], "lean": "unclear", "crossarm": "none_visible", "vegetation": "near", "transformer": false, "attachments_estimate": 0, "photos_assessed": 3, "capture_sequences": 1, "photo_shown_date": "2025-11", "latest_available_photo_date": "2025-11", "source_photo_url": "https://www.mapillary.com/app/?pKey=1197346862301150&focus=photo", "nearest_osm_pole_m": null}}, {"type": "Feature", "geometry": {"type": "Point", "coordinates": [-70.840996, 42.4893]}, "properties": {"id": "marb-00472", "is_utility_pole": true, "pole_type": "wood_utility", "model_flags": [], "model_watch": [], "lean": "none", "crossarm": "unclear", "vegetation": "near", "transformer": false, "attachments_estimate": 1, "photos_assessed": 2, "capture_sequences": 1, "photo_shown_date": "2025-11", "latest_available_photo_date": "2025-11", "source_photo_url": "https://www.mapillary.com/app/?pKey=25815409914731741&focus=photo", "nearest_osm_pole_m": null}}, {"type": "Feature", "geometry": {"type": "Point", "coordinates": [-70.84039, 42.489407]}, "properties": {"id": "marb-00473", "is_utility_pole": true, "pole_type": "wood_utility", "model_flags": ["double"], "model_watch": ["lean_slight"], "lean": "slight", "crossarm": "none_visible", "vegetation": "none", "transformer": true, "attachments_estimate": 1, "photos_assessed": 3, "capture_sequences": 1, "photo_shown_date": "2025-11", "latest_available_photo_date": "2025-11", "source_photo_url": "https://www.mapillary.com/app/?pKey=1426808272345731&focus=photo", "nearest_osm_pole_m": null}}, {"type": "Feature", "geometry": {"type": "Point", "coordinates": [-70.84247, 42.489204]}, "properties": {"id": "marb-00474", "is_utility_pole": false, "pole_type": "unclear", "model_flags": [], "model_watch": [], "lean": "unclear", "crossarm": "none_visible", "vegetation": "unclear", "transformer": false, "attachments_estimate": 0, "photos_assessed": 1, "capture_sequences": 1, "photo_shown_date": "2025-11", "latest_available_photo_date": "2025-11", "source_photo_url": "https://www.mapillary.com/app/?pKey=2147857015738060&focus=photo", "nearest_osm_pole_m": null}}, {"type": "Feature", "geometry": {"type": "Point", "coordinates": [-70.84115, 42.48924]}, "properties": {"id": "marb-00475", "is_utility_pole": true, "pole_type": "wood_utility", "model_flags": ["vegetation"], "model_watch": [], "lean": "unclear", "crossarm": "none_visible", "vegetation": "touching", "transformer": false, "attachments_estimate": 1, "photos_assessed": 3, "capture_sequences": 1, "photo_shown_date": "2025-11", "latest_available_photo_date": "2025-11", "source_photo_url": "https://www.mapillary.com/app/?pKey=1505197250714192&focus=photo", "nearest_osm_pole_m": null}}, {"type": "Feature", "geometry": {"type": "Point", "coordinates": [-70.84256, 42.48904]}, "properties": {"id": "marb-00476", "is_utility_pole": true, "pole_type": "wood_utility", "model_flags": ["vegetation"], "model_watch": ["lean_slight"], "lean": "slight", "crossarm": "none_visible", "vegetation": "touching", "transformer": false, "attachments_estimate": 1, "photos_assessed": 3, "capture_sequences": 1, "photo_shown_date": "2025-11", "latest_available_photo_date": "2025-11", "source_photo_url": "https://www.mapillary.com/app/?pKey=2147857015738060&focus=photo", "nearest_osm_pole_m": null}}, {"type": "Feature", "geometry": {"type": "Point", "coordinates": [-70.84005, 42.489536]}, "properties": {"id": "marb-00477", "is_utility_pole": true, "pole_type": "wood_utility", "model_flags": ["lean", "vegetation"], "model_watch": [], "lean": "moderate", "crossarm": "none_visible", "vegetation": "touching", "transformer": false, "attachments_estimate": 0, "photos_assessed": 3, "capture_sequences": 1, "photo_shown_date": "2025-11", "latest_available_photo_date": "2025-11", "source_photo_url": "https://www.mapillary.com/app/?pKey=845950451235766&focus=photo", "nearest_osm_pole_m": null}}, {"type": "Feature", "geometry": {"type": "Point", "coordinates": [-70.8572753, 42.4976361]}, "properties": {"id": "marb-00478", "is_utility_pole": true, "pole_type": "wood_utility", "model_flags": [], "model_watch": [], "lean": "none", "crossarm": "intact", "vegetation": "near", "transformer": false, "attachments_estimate": 3, "photos_assessed": 8, "capture_sequences": 1, "photo_shown_date": "2025-11", "latest_available_photo_date": "2025-11", "source_photo_url": "https://www.mapillary.com/app/?pKey=1174300897996156&focus=photo", "nearest_osm_pole_m": null}}, {"type": "Feature", "geometry": {"type": "Point", "coordinates": [-70.85784, 42.497208]}, "properties": {"id": "marb-00479", "is_utility_pole": true, "pole_type": "wood_utility", "model_flags": ["lean"], "model_watch": [], "lean": "moderate", "crossarm": "none_visible", "vegetation": "near", "transformer": false, "attachments_estimate": 2, "photos_assessed": 3, "capture_sequences": 1, "photo_shown_date": "2025-11", "latest_available_photo_date": "2025-11", "source_photo_url": "https://www.mapillary.com/app/?pKey=1423474989304436&focus=photo", "nearest_osm_pole_m": null}}, {"type": "Feature", "geometry": {"type": "Point", "coordinates": [-70.8576025, 42.4973675]}, "properties": {"id": "marb-00480", "is_utility_pole": true, "pole_type": "wood_utility", "model_flags": [], "model_watch": ["lean_slight"], "lean": "slight", "crossarm": "intact", "vegetation": "none", "transformer": false, "attachments_estimate": 1, "photos_assessed": 6, "capture_sequences": 1, "photo_shown_date": "2025-11", "latest_available_photo_date": "2025-11", "source_photo_url": "https://www.mapillary.com/app/?pKey=2024705451610547&focus=photo", "nearest_osm_pole_m": null}}, {"type": "Feature", "geometry": {"type": "Point", "coordinates": [-70.8577345, 42.4972835]}, "properties": {"id": "marb-00481", "is_utility_pole": true, "pole_type": "wood_utility", "model_flags": [], "model_watch": [], "lean": "none", "crossarm": "none_visible", "vegetation": "near", "transformer": false, "attachments_estimate": 2, "photos_assessed": 6, "capture_sequences": 1, "photo_shown_date": "2025-11", "latest_available_photo_date": "2025-11", "source_photo_url": "https://www.mapillary.com/app/?pKey=2024705451610547&focus=photo", "nearest_osm_pole_m": null}}, {"type": "Feature", "geometry": {"type": "Point", "coordinates": [-70.85802, 42.497103]}, "properties": {"id": "marb-00482", "is_utility_pole": true, "pole_type": "wood_utility", "model_flags": [], "model_watch": ["lean_slight"], "lean": "slight", "crossarm": "none_visible", "vegetation": "near", "transformer": false, "attachments_estimate": 2, "photos_assessed": 6, "capture_sequences": 1, "photo_shown_date": "2025-11", "latest_available_photo_date": "2025-11", "source_photo_url": "https://www.mapillary.com/app/?pKey=1522632715612303&focus=photo", "nearest_osm_pole_m": null}}, {"type": "Feature", "geometry": {"type": "Point", "coordinates": [-70.85795, 42.49719]}, "properties": {"id": "marb-00483", "is_utility_pole": true, "pole_type": "wood_utility", "model_flags": [], "model_watch": [], "lean": "unclear", "crossarm": "unclear", "vegetation": "none", "transformer": false, "attachments_estimate": 1, "photos_assessed": 2, "capture_sequences": 1, "photo_shown_date": "2025-11", "latest_available_photo_date": "2025-11", "source_photo_url": "https://www.mapillary.com/app/?pKey=1115975623952410&focus=photo", "nearest_osm_pole_m": null}}, {"type": "Feature", "geometry": {"type": "Point", "coordinates": [-70.85833, 42.49691]}, "properties": {"id": "marb-00484", "is_utility_pole": true, "pole_type": "wood_utility", "model_flags": [], "model_watch": [], "lean": "none", "crossarm": "intact", "vegetation": "near", "transformer": false, "attachments_estimate": 2, "photos_assessed": 5, "capture_sequences": 1, "photo_shown_date": "2025-11", "latest_available_photo_date": "2025-11", "source_photo_url": "https://www.mapillary.com/app/?pKey=1744183086267057&focus=photo", "nearest_osm_pole_m": null}}, {"type": "Feature", "geometry": {"type": "Point", "coordinates": [-70.85814, 42.4970217]}, "properties": {"id": "marb-00485", "is_utility_pole": true, "pole_type": "wood_utility", "model_flags": [], "model_watch": ["lean_slight"], "lean": "slight", "crossarm": "none_visible", "vegetation": "near", "transformer": false, "attachments_estimate": 2, "photos_assessed": 9, "capture_sequences": 1, "photo_shown_date": "2025-11", "latest_available_photo_date": "2025-11", "source_photo_url": "https://www.mapillary.com/app/?pKey=804150739260657&focus=photo", "nearest_osm_pole_m": null}}, {"type": "Feature", "geometry": {"type": "Point", "coordinates": [-70.859235, 42.4964735]}, "properties": {"id": "marb-00486", "is_utility_pole": true, "pole_type": "wood_utility", "model_flags": [], "model_watch": [], "lean": "none", "crossarm": "unclear", "vegetation": "near", "transformer": false, "attachments_estimate": 1, "photos_assessed": 2, "capture_sequences": 1, "photo_shown_date": "2025-11", "latest_available_photo_date": "2025-11", "source_photo_url": "https://www.mapillary.com/app/?pKey=766614766406191&focus=photo", "nearest_osm_pole_m": null}}, {"type": "Feature", "geometry": {"type": "Point", "coordinates": [-70.859063, 42.4965364]}, "properties": {"id": "marb-00487", "is_utility_pole": true, "pole_type": "wood_utility", "model_flags": [], "model_watch": [], "lean": "none", "crossarm": "intact", "vegetation": "none", "transformer": true, "attachments_estimate": 2, "photos_assessed": 5, "capture_sequences": 1, "photo_shown_date": "2025-11", "latest_available_photo_date": "2025-11", "source_photo_url": "https://www.mapillary.com/app/?pKey=1619169636157567&focus=photo", "nearest_osm_pole_m": null}}, {"type": "Feature", "geometry": {"type": "Point", "coordinates": [-70.859146, 42.4964966]}, "properties": {"id": "marb-00488", "is_utility_pole": true, "pole_type": "wood_utility", "model_flags": [], "model_watch": [], "lean": "none", "crossarm": "intact", "vegetation": "near", "transformer": false, "attachments_estimate": 2, "photos_assessed": 5, "capture_sequences": 1, "photo_shown_date": "2025-11", "latest_available_photo_date": "2025-11", "source_photo_url": "https://www.mapillary.com/app/?pKey=766614766406191&focus=photo", "nearest_osm_pole_m": null}}, {"type": "Feature", "geometry": {"type": "Point", "coordinates": [-70.8590076, 42.4966082]}, "properties": {"id": "marb-00489", "is_utility_pole": true, "pole_type": "wood_utility", "model_flags": [], "model_watch": ["lean_slight"], "lean": "slight", "crossarm": "none_visible", "vegetation": "near", "transformer": false, "attachments_estimate": 2, "photos_assessed": 5, "capture_sequences": 1, "photo_shown_date": "2025-11", "latest_available_photo_date": "2025-11", "source_photo_url": "https://www.mapillary.com/app/?pKey=1461923288206161&focus=photo", "nearest_osm_pole_m": null}}, {"type": "Feature", "geometry": {"type": "Point", "coordinates": [-70.8588143, 42.496674]}, "properties": {"id": "marb-00490", "is_utility_pole": true, "pole_type": "wood_utility", "model_flags": [], "model_watch": ["lean_slight"], "lean": "slight", "crossarm": "none_visible", "vegetation": "none", "transformer": false, "attachments_estimate": 1, "photos_assessed": 14, "capture_sequences": 1, "photo_shown_date": "2025-11", "latest_available_photo_date": "2025-11", "source_photo_url": "https://www.mapillary.com/app/?pKey=1572422167295051&focus=photo", "nearest_osm_pole_m": null}}, {"type": "Feature", "geometry": {"type": "Point", "coordinates": [-70.85891, 42.4966202]}, "properties": {"id": "marb-00491", "is_utility_pole": true, "pole_type": "wood_utility", "model_flags": [], "model_watch": ["lean_slight"], "lean": "slight", "crossarm": "intact", "vegetation": "none", "transformer": false, "attachments_estimate": 2, "photos_assessed": 5, "capture_sequences": 1, "photo_shown_date": "2025-11", "latest_available_photo_date": "2025-11", "source_photo_url": "https://www.mapillary.com/app/?pKey=1911797239430278&focus=photo", "nearest_osm_pole_m": null}}, {"type": "Feature", "geometry": {"type": "Point", "coordinates": [-70.859505, 42.496536]}, "properties": {"id": "marb-00492", "is_utility_pole": false, "pole_type": "street_light", "model_flags": [], "model_watch": [], "lean": "unclear", "crossarm": "unclear", "vegetation": "none", "transformer": false, "attachments_estimate": 0, "photos_assessed": 2, "capture_sequences": 1, "photo_shown_date": "2025-11", "latest_available_photo_date": "2025-11", "source_photo_url": "https://www.mapillary.com/app/?pKey=1619169636157567&focus=photo", "nearest_osm_pole_m": null}}, {"type": "Feature", "geometry": {"type": "Point", "coordinates": [-70.857445, 42.497753]}, "properties": {"id": "marb-00493", "is_utility_pole": true, "pole_type": "wood_utility", "model_flags": [], "model_watch": ["lean_slight"], "lean": "slight", "crossarm": "none_visible", "vegetation": "near", "transformer": false, "attachments_estimate": 2, "photos_assessed": 3, "capture_sequences": 1, "photo_shown_date": "2025-11", "latest_available_photo_date": "2025-11", "source_photo_url": "https://www.mapillary.com/app/?pKey=1716451305689584&focus=photo", "nearest_osm_pole_m": null}}, {"type": "Feature", "geometry": {"type": "Point", "coordinates": [-70.8584367, 42.496846]}, "properties": {"id": "marb-00494", "is_utility_pole": true, "pole_type": "wood_utility", "model_flags": ["lean"], "model_watch": [], "lean": "moderate", "crossarm": "none_visible", "vegetation": "near", "transformer": false, "attachments_estimate": 1, "photos_assessed": 9, "capture_sequences": 2, "photo_shown_date": "2025-11", "latest_available_photo_date": "2025-11", "source_photo_url": "https://www.mapillary.com/app/?pKey=857134933424543&focus=photo", "nearest_osm_pole_m": null}}, {"type": "Feature", "geometry": {"type": "Point", "coordinates": [-70.858223, 42.4969655]}, "properties": {"id": "marb-00495", "is_utility_pole": true, "pole_type": "wood_utility", "model_flags": [], "model_watch": [], "lean": "none", "crossarm": "none_visible", "vegetation": "near", "transformer": true, "attachments_estimate": 2, "photos_assessed": 6, "capture_sequences": 1, "photo_shown_date": "2025-11", "latest_available_photo_date": "2025-11", "source_photo_url": "https://www.mapillary.com/app/?pKey=834126735979605&focus=photo", "nearest_osm_pole_m": null}}, {"type": "Feature", "geometry": {"type": "Point", "coordinates": [-70.858596, 42.4967702]}, "properties": {"id": "marb-00496", "is_utility_pole": true, "pole_type": "wood_utility", "model_flags": [], "model_watch": ["lean_slight"], "lean": "slight", "crossarm": "none_visible", "vegetation": "near", "transformer": false, "attachments_estimate": 2, "photos_assessed": 5, "capture_sequences": 1, "photo_shown_date": "2025-11", "latest_available_photo_date": "2025-11", "source_photo_url": "https://www.mapillary.com/app/?pKey=1484520649266214&focus=photo", "nearest_osm_pole_m": null}}, {"type": "Feature", "geometry": {"type": "Point", "coordinates": [-70.8593875, 42.496548]}, "properties": {"id": "marb-00497", "is_utility_pole": true, "pole_type": "wood_utility", "model_flags": [], "model_watch": [], "lean": "none", "crossarm": "none_visible", "vegetation": "none", "transformer": false, "attachments_estimate": 0, "photos_assessed": 4, "capture_sequences": 1, "photo_shown_date": "2025-11", "latest_available_photo_date": "2025-11", "source_photo_url": "https://www.mapillary.com/app/?pKey=766614766406191&focus=photo", "nearest_osm_pole_m": null}}, {"type": "Feature", "geometry": {"type": "Point", "coordinates": [-70.85855, 42.49683]}, "properties": {"id": "marb-00498", "is_utility_pole": true, "pole_type": "wood_utility", "model_flags": [], "model_watch": [], "lean": "none", "crossarm": "none_visible", "vegetation": "near", "transformer": false, "attachments_estimate": 2, "photos_assessed": 3, "capture_sequences": 1, "photo_shown_date": "2025-11", "latest_available_photo_date": "2025-11", "source_photo_url": "https://www.mapillary.com/app/?pKey=1139478791711911&focus=photo", "nearest_osm_pole_m": null}}, {"type": "Feature", "geometry": {"type": "Point", "coordinates": [-70.858696, 42.496708]}, "properties": {"id": "marb-00499", "is_utility_pole": true, "pole_type": "wood_utility", "model_flags": [], "model_watch": ["lean_slight"], "lean": "slight", "crossarm": "none_visible", "vegetation": "near", "transformer": true, "attachments_estimate": 1, "photos_assessed": 3, "capture_sequences": 1, "photo_shown_date": "2025-11", "latest_available_photo_date": "2025-11", "source_photo_url": "https://www.mapillary.com/app/?pKey=847985330980460&focus=photo", "nearest_osm_pole_m": null}}, {"type": "Feature", "geometry": {"type": "Point", "coordinates": [-70.83528, 42.50177]}, "properties": {"id": "marb-00500", "is_utility_pole": false, "pole_type": "unclear", "model_flags": [], "model_watch": [], "lean": "unclear", "crossarm": "none_visible", "vegetation": "unclear", "transformer": false, "attachments_estimate": 0, "photos_assessed": 1, "capture_sequences": 1, "photo_shown_date": "2023-11", "latest_available_photo_date": "2023-11", "source_photo_url": "https://www.mapillary.com/app/?pKey=876845034082358&focus=photo", "nearest_osm_pole_m": null}}, {"type": "Feature", "geometry": {"type": "Point", "coordinates": [-70.83466, 42.502087]}, "properties": {"id": "marb-00501", "is_utility_pole": true, "pole_type": "wood_utility", "model_flags": ["vegetation"], "model_watch": ["lean_slight"], "lean": "slight", "crossarm": "none_visible", "vegetation": "touching", "transformer": false, "attachments_estimate": 1, "photos_assessed": 3, "capture_sequences": 1, "photo_shown_date": "2023-11", "latest_available_photo_date": "2023-11", "source_photo_url": "https://www.mapillary.com/app/?pKey=1014201439799145&focus=photo", "nearest_osm_pole_m": null}}, {"type": "Feature", "geometry": {"type": "Point", "coordinates": [-70.833954, 42.50233]}, "properties": {"id": "marb-00502", "is_utility_pole": false, "pole_type": "push_brace", "model_flags": ["vegetation"], "model_watch": [], "lean": "unclear", "crossarm": "none_visible", "vegetation": "touching", "transformer": false, "attachments_estimate": 0, "photos_assessed": 1, "capture_sequences": 1, "photo_shown_date": "2023-11", "latest_available_photo_date": "2023-11", "source_photo_url": "https://www.mapillary.com/app/?pKey=1025922961994386&focus=photo", "nearest_osm_pole_m": null}}, {"type": "Feature", "geometry": {"type": "Point", "coordinates": [-70.83432, 42.5022325]}, "properties": {"id": "marb-00503", "is_utility_pole": true, "pole_type": "wood_utility", "model_flags": ["double"], "model_watch": ["lean_slight"], "lean": "slight", "crossarm": "none_visible", "vegetation": "near", "transformer": false, "attachments_estimate": 2, "photos_assessed": 6, "capture_sequences": 1, "photo_shown_date": "2023-11", "latest_available_photo_date": "2023-11", "source_photo_url": "https://www.mapillary.com/app/?pKey=1078157696645477&focus=photo", "nearest_osm_pole_m": null}}, {"type": "Feature", "geometry": {"type": "Point", "coordinates": [-70.8335417, 42.5025603]}, "properties": {"id": "marb-00504", "is_utility_pole": true, "pole_type": "wood_utility", "model_flags": [], "model_watch": [], "lean": "none", "crossarm": "none_visible", "vegetation": "near", "transformer": false, "attachments_estimate": 1, "photos_assessed": 4, "capture_sequences": 1, "photo_shown_date": "2023-11", "latest_available_photo_date": "2023-11", "source_photo_url": "https://www.mapillary.com/app/?pKey=307043898863563&focus=photo", "nearest_osm_pole_m": null}}, {"type": "Feature", "geometry": {"type": "Point", "coordinates": [-70.83264, 42.50298]}, "properties": {"id": "marb-00505", "is_utility_pole": true, "pole_type": "wood_utility", "model_flags": [], "model_watch": ["lean_slight"], "lean": "slight", "crossarm": "none_visible", "vegetation": "near", "transformer": false, "attachments_estimate": 1, "photos_assessed": 3, "capture_sequences": 1, "photo_shown_date": "2023-11", "latest_available_photo_date": "2023-11", "source_photo_url": "https://www.mapillary.com/app/?pKey=3530573503859531&focus=photo", "nearest_osm_pole_m": null}}, {"type": "Feature", "geometry": {"type": "Point", "coordinates": [-70.834015, 42.50241]}, "properties": {"id": "marb-00506", "is_utility_pole": true, "pole_type": "wood_utility", "model_flags": [], "model_watch": ["lean_slight"], "lean": "slight", "crossarm": "none_visible", "vegetation": "near", "transformer": false, "attachments_estimate": 1, "photos_assessed": 3, "capture_sequences": 1, "photo_shown_date": "2023-11", "latest_available_photo_date": "2023-11", "source_photo_url": "https://www.mapillary.com/app/?pKey=1022509619002914&focus=photo", "nearest_osm_pole_m": null}}, {"type": "Feature", "geometry": {"type": "Point", "coordinates": [-70.83426, 42.50215]}, "properties": {"id": "marb-00507", "is_utility_pole": true, "pole_type": "wood_utility", "model_flags": ["vegetation"], "model_watch": ["lean_slight"], "lean": "slight", "crossarm": "none_visible", "vegetation": "touching", "transformer": false, "attachments_estimate": 2, "photos_assessed": 3, "capture_sequences": 1, "photo_shown_date": "2023-11", "latest_available_photo_date": "2023-11", "source_photo_url": "https://www.mapillary.com/app/?pKey=1078157696645477&focus=photo", "nearest_osm_pole_m": null}}, {"type": "Feature", "geometry": {"type": "Point", "coordinates": [-70.83525, 42.50192]}, "properties": {"id": "marb-00508", "is_utility_pole": true, "pole_type": "wood_utility", "model_flags": [], "model_watch": [], "lean": "none", "crossarm": "none_visible", "vegetation": "none", "transformer": false, "attachments_estimate": 1, "photos_assessed": 3, "capture_sequences": 1, "photo_shown_date": "2023-11", "latest_available_photo_date": "2023-11", "source_photo_url": "https://www.mapillary.com/app/?pKey=360287429846666&focus=photo", "nearest_osm_pole_m": null}}, {"type": "Feature", "geometry": {"type": "Point", "coordinates": [-70.83507, 42.502014]}, "properties": {"id": "marb-00509", "is_utility_pole": true, "pole_type": "wood_utility", "model_flags": [], "model_watch": ["lean_slight"], "lean": "slight", "crossarm": "none_visible", "vegetation": "near", "transformer": false, "attachments_estimate": 1, "photos_assessed": 3, "capture_sequences": 1, "photo_shown_date": "2023-11", "latest_available_photo_date": "2023-11", "source_photo_url": "https://www.mapillary.com/app/?pKey=303040739296852&focus=photo", "nearest_osm_pole_m": null}}, {"type": "Feature", "geometry": {"type": "Point", "coordinates": [-70.83292, 42.502842]}, "properties": {"id": "marb-00510", "is_utility_pole": true, "pole_type": "wood_utility", "model_flags": [], "model_watch": [], "lean": "none", "crossarm": "none_visible", "vegetation": "near", "transformer": true, "attachments_estimate": 1, "photos_assessed": 2, "capture_sequences": 1, "photo_shown_date": "2023-11", "latest_available_photo_date": "2023-11", "source_photo_url": "https://www.mapillary.com/app/?pKey=303735725977214&focus=photo", "nearest_osm_pole_m": null}}, {"type": "Feature", "geometry": {"type": "Point", "coordinates": [-70.83317, 42.502735]}, "properties": {"id": "marb-00511", "is_utility_pole": true, "pole_type": "wood_utility", "model_flags": [], "model_watch": [], "lean": "none", "crossarm": "none_visible", "vegetation": "near", "transformer": false, "attachments_estimate": 1, "photos_assessed": 3, "capture_sequences": 1, "photo_shown_date": "2023-11", "latest_available_photo_date": "2023-11", "source_photo_url": "https://www.mapillary.com/app/?pKey=6740571109393568&focus=photo", "nearest_osm_pole_m": null}}, {"type": "Feature", "geometry": {"type": "Point", "coordinates": [-70.8619533, 42.4947933]}, "properties": {"id": "marb-00512", "is_utility_pole": true, "pole_type": "wood_utility", "model_flags": ["vegetation"], "model_watch": [], "lean": "none", "crossarm": "none_visible", "vegetation": "touching", "transformer": false, "attachments_estimate": 1, "photos_assessed": 3, "capture_sequences": 1, "photo_shown_date": "2023-11", "latest_available_photo_date": "2023-11", "source_photo_url": "https://www.mapillary.com/app/?pKey=717703476528720&focus=photo", "nearest_osm_pole_m": null}}, {"type": "Feature", "geometry": {"type": "Point", "coordinates": [-70.86197, 42.49472]}, "properties": {"id": "marb-00513", "is_utility_pole": true, "pole_type": "wood_utility", "model_flags": ["vegetation"], "model_watch": ["lean_slight"], "lean": "slight", "crossarm": "none_visible", "vegetation": "touching", "transformer": false, "attachments_estimate": 1, "photos_assessed": 2, "capture_sequences": 1, "photo_shown_date": "2023-11", "latest_available_photo_date": "2023-11", "source_photo_url": "https://www.mapillary.com/app/?pKey=717703476528720&focus=photo", "nearest_osm_pole_m": null}}, {"type": "Feature", "geometry": {"type": "Point", "coordinates": [-70.862162, 42.49493]}, "properties": {"id": "marb-00514", "is_utility_pole": true, "pole_type": "wood_utility", "model_flags": [], "model_watch": [], "lean": "none", "crossarm": "none_visible", "vegetation": "near", "transformer": false, "attachments_estimate": 1, "photos_assessed": 6, "capture_sequences": 1, "photo_shown_date": "2023-11", "latest_available_photo_date": "2023-11", "source_photo_url": "https://www.mapillary.com/app/?pKey=1312419472807697&focus=photo", "nearest_osm_pole_m": null}}, {"type": "Feature", "geometry": {"type": "Point", "coordinates": [-70.860713, 42.4940842]}, "properties": {"id": "marb-00515", "is_utility_pole": true, "pole_type": "wood_utility", "model_flags": [], "model_watch": [], "lean": "none", "crossarm": "none_visible", "vegetation": "near", "transformer": true, "attachments_estimate": 2, "photos_assessed": 5, "capture_sequences": 1, "photo_shown_date": "2023-11", "latest_available_photo_date": "2023-11", "source_photo_url": "https://www.mapillary.com/app/?pKey=1285654248807850&focus=photo", "nearest_osm_pole_m": null}}, {"type": "Feature", "geometry": {"type": "Point", "coordinates": [-70.86033, 42.494087]}, "properties": {"id": "marb-00516", "is_utility_pole": true, "pole_type": "wood_utility", "model_flags": [], "model_watch": [], "lean": "unclear", "crossarm": "unclear", "vegetation": "near", "transformer": false, "attachments_estimate": 0, "photos_assessed": 3, "capture_sequences": 1, "photo_shown_date": "2023-11", "latest_available_photo_date": "2023-11", "source_photo_url": "https://www.mapillary.com/app/?pKey=1231710137784855&focus=photo", "nearest_osm_pole_m": null}}, {"type": "Feature", "geometry": {"type": "Point", "coordinates": [-70.86225, 42.49493]}, "properties": {"id": "marb-00517", "is_utility_pole": true, "pole_type": "wood_utility", "model_flags": [], "model_watch": ["lean_slight"], "lean": "slight", "crossarm": "none_visible", "vegetation": "near", "transformer": false, "attachments_estimate": 2, "photos_assessed": 1, "capture_sequences": 1, "photo_shown_date": "2023-11", "latest_available_photo_date": "2023-11", "source_photo_url": "https://www.mapillary.com/app/?pKey=887615409443731&focus=photo", "nearest_osm_pole_m": null}}, {"type": "Feature", "geometry": {"type": "Point", "coordinates": [-70.86139, 42.494503]}, "properties": {"id": "marb-00518", "is_utility_pole": true, "pole_type": "wood_utility", "model_flags": [], "model_watch": [], "lean": "none", "crossarm": "intact", "vegetation": "near", "transformer": true, "attachments_estimate": 1, "photos_assessed": 3, "capture_sequences": 1, "photo_shown_date": "2023-11", "latest_available_photo_date": "2023-11", "source_photo_url": "https://www.mapillary.com/app/?pKey=1084606286032355&focus=photo", "nearest_osm_pole_m": null}}, {"type": "Feature", "geometry": {"type": "Point", "coordinates": [-70.8609959, 42.4942661]}, "properties": {"id": "marb-00519", "is_utility_pole": true, "pole_type": "wood_utility", "model_flags": [], "model_watch": [], "lean": "none", "crossarm": "intact", "vegetation": "near", "transformer": false, "attachments_estimate": 2, "photos_assessed": 8, "capture_sequences": 1, "photo_shown_date": "2023-11", "latest_available_photo_date": "2023-11", "source_photo_url": "https://www.mapillary.com/app/?pKey=706907744414870&focus=photo", "nearest_osm_pole_m": null}}, {"type": "Feature", "geometry": {"type": "Point", "coordinates": [-70.861115, 42.494335]}, "properties": {"id": "marb-00520", "is_utility_pole": true, "pole_type": "wood_utility", "model_flags": [], "model_watch": [], "lean": "none", "crossarm": "intact", "vegetation": "near", "transformer": false, "attachments_estimate": 2, "photos_assessed": 1, "capture_sequences": 1, "photo_shown_date": "2023-11", "latest_available_photo_date": "2023-11", "source_photo_url": "https://www.mapillary.com/app/?pKey=1398641771085816&focus=photo", "nearest_osm_pole_m": null}}, {"type": "Feature", "geometry": {"type": "Point", "coordinates": [-70.86206, 42.494682]}, "properties": {"id": "marb-00521", "is_utility_pole": true, "pole_type": "wood_utility", "model_flags": ["vegetation"], "model_watch": ["lean_slight"], "lean": "slight", "crossarm": "none_visible", "vegetation": "touching", "transformer": false, "attachments_estimate": 1, "photos_assessed": 3, "capture_sequences": 1, "photo_shown_date": "2023-11", "latest_available_photo_date": "2023-11", "source_photo_url": "https://www.mapillary.com/app/?pKey=1819958771796956&focus=photo", "nearest_osm_pole_m": null}}, {"type": "Feature", "geometry": {"type": "Point", "coordinates": [-70.862144, 42.494812]}, "properties": {"id": "marb-00522", "is_utility_pole": false, "pole_type": "traffic_signal", "model_flags": [], "model_watch": [], "lean": "none", "crossarm": "none_visible", "vegetation": "near", "transformer": false, "attachments_estimate": 0, "photos_assessed": 3, "capture_sequences": 1, "photo_shown_date": "2023-11", "latest_available_photo_date": "2023-11", "source_photo_url": "https://www.mapillary.com/app/?pKey=2025228121192682&focus=photo", "nearest_osm_pole_m": null}}, {"type": "Feature", "geometry": {"type": "Point", "coordinates": [-70.86065, 42.49387]}, "properties": {"id": "marb-00523", "is_utility_pole": false, "pole_type": "unclear", "model_flags": ["vegetation"], "model_watch": [], "lean": "none", "crossarm": "none_visible", "vegetation": "touching", "transformer": false, "attachments_estimate": 0, "photos_assessed": 2, "capture_sequences": 1, "photo_shown_date": "2023-11", "latest_available_photo_date": "2023-11", "source_photo_url": "https://www.mapillary.com/app/?pKey=739011031424133&focus=photo", "nearest_osm_pole_m": null}}, {"type": "Feature", "geometry": {"type": "Point", "coordinates": [-70.86082, 42.501]}, "properties": {"id": "marb-00524", "is_utility_pole": true, "pole_type": "wood_utility", "model_flags": ["vegetation"], "model_watch": [], "lean": "none", "crossarm": "none_visible", "vegetation": "touching", "transformer": false, "attachments_estimate": 1, "photos_assessed": 3, "capture_sequences": 1, "photo_shown_date": "2023-08", "latest_available_photo_date": "2023-08", "source_photo_url": "https://www.mapillary.com/app/?pKey=1438117850100948&focus=photo", "nearest_osm_pole_m": null}}, {"type": "Feature", "geometry": {"type": "Point", "coordinates": [-70.84526, 42.492588]}, "properties": {"id": "marb-00525", "is_utility_pole": true, "pole_type": "wood_utility", "model_flags": [], "model_watch": [], "lean": "unclear", "crossarm": "unclear", "vegetation": "near", "transformer": false, "attachments_estimate": 0, "photos_assessed": 1, "capture_sequences": 1, "photo_shown_date": "2025-11", "latest_available_photo_date": "2025-11", "source_photo_url": "https://www.mapillary.com/app/?pKey=778415592032191&focus=photo", "nearest_osm_pole_m": null}}, {"type": "Feature", "geometry": {"type": "Point", "coordinates": [-70.8487, 42.505825]}, "properties": {"id": "marb-00526", "is_utility_pole": true, "pole_type": "wood_utility", "model_flags": [], "model_watch": [], "lean": "none", "crossarm": "intact", "vegetation": "none", "transformer": false, "attachments_estimate": 2, "photos_assessed": 3, "capture_sequences": 1, "photo_shown_date": "2023-08", "latest_available_photo_date": "2023-08", "source_photo_url": "https://www.mapillary.com/app/?pKey=262177743269925&focus=photo", "nearest_osm_pole_m": null}}, {"type": "Feature", "geometry": {"type": "Point", "coordinates": [-70.85106, 42.50469]}, "properties": {"id": "marb-00527", "is_utility_pole": true, "pole_type": "wood_utility", "model_flags": [], "model_watch": ["lean_slight"], "lean": "slight", "crossarm": "none_visible", "vegetation": "near", "transformer": false, "attachments_estimate": 2, "photos_assessed": 3, "capture_sequences": 1, "photo_shown_date": "2023-08", "latest_available_photo_date": "2023-08", "source_photo_url": "https://www.mapillary.com/app/?pKey=599697859031862&focus=photo", "nearest_osm_pole_m": null}}, {"type": "Feature", "geometry": {"type": "Point", "coordinates": [-70.851364, 42.504627]}, "properties": {"id": "marb-00528", "is_utility_pole": true, "pole_type": "wood_utility", "model_flags": ["vegetation"], "model_watch": [], "lean": "none", "crossarm": "none_visible", "vegetation": "touching", "transformer": false, "attachments_estimate": 1, "photos_assessed": 3, "capture_sequences": 1, "photo_shown_date": "2023-08", "latest_available_photo_date": "2023-08", "source_photo_url": "https://www.mapillary.com/app/?pKey=665095188888757&focus=photo", "nearest_osm_pole_m": null}}, {"type": "Feature", "geometry": {"type": "Point", "coordinates": [-70.851456, 42.504623]}, "properties": {"id": "marb-00529", "is_utility_pole": true, "pole_type": "wood_utility", "model_flags": ["vegetation"], "model_watch": [], "lean": "unclear", "crossarm": "unclear", "vegetation": "touching", "transformer": false, "attachments_estimate": 1, "photos_assessed": 3, "capture_sequences": 1, "photo_shown_date": "2023-08", "latest_available_photo_date": "2023-08", "source_photo_url": "https://www.mapillary.com/app/?pKey=3133424126954080&focus=photo", "nearest_osm_pole_m": null}}, {"type": "Feature", "geometry": {"type": "Point", "coordinates": [-70.840774, 42.4893632]}, "properties": {"id": "marb-00530", "is_utility_pole": true, "pole_type": "wood_utility", "model_flags": ["double"], "model_watch": ["lean_slight"], "lean": "slight", "crossarm": "intact", "vegetation": "near", "transformer": false, "attachments_estimate": 1, "photos_assessed": 5, "capture_sequences": 1, "photo_shown_date": "2023-11", "latest_available_photo_date": "2023-11", "source_photo_url": "https://www.mapillary.com/app/?pKey=303714039229970&focus=photo", "nearest_osm_pole_m": null}}, {"type": "Feature", "geometry": {"type": "Point", "coordinates": [-70.8416, 42.489166]}, "properties": {"id": "marb-00531", "is_utility_pole": true, "pole_type": "wood_utility", "model_flags": ["vegetation"], "model_watch": ["lean_slight"], "lean": "slight", "crossarm": "unclear", "vegetation": "touching", "transformer": false, "attachments_estimate": 2, "photos_assessed": 3, "capture_sequences": 1, "photo_shown_date": "2023-11", "latest_available_photo_date": "2023-11", "source_photo_url": "https://www.mapillary.com/app/?pKey=706518764447244&focus=photo", "nearest_osm_pole_m": null}}, {"type": "Feature", "geometry": {"type": "Point", "coordinates": [-70.84197, 42.48912]}, "properties": {"id": "marb-00532", "is_utility_pole": true, "pole_type": "wood_utility", "model_flags": ["vegetation"], "model_watch": [], "lean": "none", "crossarm": "none_visible", "vegetation": "touching", "transformer": false, "attachments_estimate": 2, "photos_assessed": 3, "capture_sequences": 1, "photo_shown_date": "2023-11", "latest_available_photo_date": "2023-11", "source_photo_url": "https://www.mapillary.com/app/?pKey=327317910042260&focus=photo", "nearest_osm_pole_m": null}}, {"type": "Feature", "geometry": {"type": "Point", "coordinates": [-70.84124, 42.48939]}, "properties": {"id": "marb-00533", "is_utility_pole": true, "pole_type": "wood_utility", "model_flags": ["vegetation"], "model_watch": [], "lean": "none", "crossarm": "none_visible", "vegetation": "touching", "transformer": false, "attachments_estimate": 0, "photos_assessed": 2, "capture_sequences": 1, "photo_shown_date": "2023-11", "latest_available_photo_date": "2023-11", "source_photo_url": "https://www.mapillary.com/app/?pKey=636872375066922&focus=photo", "nearest_osm_pole_m": null}}, {"type": "Feature", "geometry": {"type": "Point", "coordinates": [-70.84126, 42.48928]}, "properties": {"id": "marb-00534", "is_utility_pole": true, "pole_type": "wood_utility", "model_flags": [], "model_watch": [], "lean": "none", "crossarm": "none_visible", "vegetation": "near", "transformer": false, "attachments_estimate": 1, "photos_assessed": 2, "capture_sequences": 1, "photo_shown_date": "2023-11", "latest_available_photo_date": "2023-11", "source_photo_url": "https://www.mapillary.com/app/?pKey=856628566156407&focus=photo", "nearest_osm_pole_m": null}}, {"type": "Feature", "geometry": {"type": "Point", "coordinates": [-70.83988, 42.489754]}, "properties": {"id": "marb-00535", "is_utility_pole": true, "pole_type": "wood_utility", "model_flags": [], "model_watch": [], "lean": "none", "crossarm": "none_visible", "vegetation": "near", "transformer": false, "attachments_estimate": 1, "photos_assessed": 3, "capture_sequences": 1, "photo_shown_date": "2023-11", "latest_available_photo_date": "2023-11", "source_photo_url": "https://www.mapillary.com/app/?pKey=303168292639635&focus=photo", "nearest_osm_pole_m": null}}, {"type": "Feature", "geometry": {"type": "Point", "coordinates": [-70.84275, 42.489223]}, "properties": {"id": "marb-00536", "is_utility_pole": true, "pole_type": "wood_utility", "model_flags": ["vegetation"], "model_watch": [], "lean": "none", "crossarm": "intact", "vegetation": "touching", "transformer": false, "attachments_estimate": 2, "photos_assessed": 3, "capture_sequences": 1, "photo_shown_date": "2023-11", "latest_available_photo_date": "2023-11", "source_photo_url": "https://www.mapillary.com/app/?pKey=7057082161022703&focus=photo", "nearest_osm_pole_m": null}}, {"type": "Feature", "geometry": {"type": "Point", "coordinates": [-70.86555, 42.493313]}, "properties": {"id": "marb-00537", "is_utility_pole": true, "pole_type": "wood_utility", "model_flags": ["vegetation"], "model_watch": [], "lean": "none", "crossarm": "none_visible", "vegetation": "touching", "transformer": false, "attachments_estimate": 0, "photos_assessed": 3, "capture_sequences": 1, "photo_shown_date": "2023-11", "latest_available_photo_date": "2023-11", "source_photo_url": "https://www.mapillary.com/app/?pKey=255010344227357&focus=photo", "nearest_osm_pole_m": null}}, {"type": "Feature", "geometry": {"type": "Point", "coordinates": [-70.86526, 42.494]}, "properties": {"id": "marb-00538", "is_utility_pole": true, "pole_type": "wood_utility", "model_flags": ["vegetation"], "model_watch": [], "lean": "none", "crossarm": "unclear", "vegetation": "touching", "transformer": false, "attachments_estimate": 1, "photos_assessed": 3, "capture_sequences": 1, "photo_shown_date": "2023-11", "latest_available_photo_date": "2023-11", "source_photo_url": "https://www.mapillary.com/app/?pKey=315479698010343&focus=photo", "nearest_osm_pole_m": null}}, {"type": "Feature", "geometry": {"type": "Point", "coordinates": [-70.85717, 42.497524]}, "properties": {"id": "marb-00539", "is_utility_pole": true, "pole_type": "wood_utility", "model_flags": [], "model_watch": [], "lean": "unclear", "crossarm": "intact", "vegetation": "near", "transformer": false, "attachments_estimate": 2, "photos_assessed": 3, "capture_sequences": 1, "photo_shown_date": "2025-11", "latest_available_photo_date": "2025-11", "source_photo_url": "https://www.mapillary.com/app/?pKey=1449151999519026&focus=photo", "nearest_osm_pole_m": null}}, {"type": "Feature", "geometry": {"type": "Point", "coordinates": [-70.857505, 42.497476]}, "properties": {"id": "marb-00540", "is_utility_pole": true, "pole_type": "wood_utility", "model_flags": [], "model_watch": [], "lean": "none", "crossarm": "none_visible", "vegetation": "near", "transformer": false, "attachments_estimate": 2, "photos_assessed": 2, "capture_sequences": 1, "photo_shown_date": "2025-11", "latest_available_photo_date": "2025-11", "source_photo_url": "https://www.mapillary.com/app/?pKey=1860751054514759&focus=photo", "nearest_osm_pole_m": null}}, {"type": "Feature", "geometry": {"type": "Point", "coordinates": [-70.8523075, 42.5044372]}, "properties": {"id": "marb-00541", "is_utility_pole": true, "pole_type": "wood_utility", "model_flags": ["vegetation"], "model_watch": [], "lean": "none", "crossarm": "none_visible", "vegetation": "touching", "transformer": false, "attachments_estimate": 2, "photos_assessed": 4, "capture_sequences": 1, "photo_shown_date": "2023-08", "latest_available_photo_date": "2023-08", "source_photo_url": "https://www.mapillary.com/app/?pKey=620571076866143&focus=photo", "nearest_osm_pole_m": null}}, {"type": "Feature", "geometry": {"type": "Point", "coordinates": [-70.8516, 42.504578]}, "properties": {"id": "marb-00542", "is_utility_pole": true, "pole_type": "wood_utility", "model_flags": ["vegetation"], "model_watch": [], "lean": "unclear", "crossarm": "unclear", "vegetation": "touching", "transformer": false, "attachments_estimate": 1, "photos_assessed": 3, "capture_sequences": 1, "photo_shown_date": "2023-08", "latest_available_photo_date": "2023-08", "source_photo_url": "https://www.mapillary.com/app/?pKey=851320989668114&focus=photo", "nearest_osm_pole_m": null}}, {"type": "Feature", "geometry": {"type": "Point", "coordinates": [-70.851965, 42.5045115]}, "properties": {"id": "marb-00543", "is_utility_pole": true, "pole_type": "wood_utility", "model_flags": ["lean"], "model_watch": [], "lean": "moderate", "crossarm": "none_visible", "vegetation": "near", "transformer": false, "attachments_estimate": 1, "photos_assessed": 6, "capture_sequences": 1, "photo_shown_date": "2023-08", "latest_available_photo_date": "2023-08", "source_photo_url": "https://www.mapillary.com/app/?pKey=1420571132134272&focus=photo", "nearest_osm_pole_m": null}}, {"type": "Feature", "geometry": {"type": "Point", "coordinates": [-70.85256, 42.504375]}, "properties": {"id": "marb-00544", "is_utility_pole": true, "pole_type": "wood_utility", "model_flags": ["vegetation"], "model_watch": ["lean_slight"], "lean": "slight", "crossarm": "unclear", "vegetation": "touching", "transformer": false, "attachments_estimate": 2, "photos_assessed": 3, "capture_sequences": 1, "photo_shown_date": "2023-08", "latest_available_photo_date": "2023-08", "source_photo_url": "https://www.mapillary.com/app/?pKey=285102377488065&focus=photo", "nearest_osm_pole_m": null}}, {"type": "Feature", "geometry": {"type": "Point", "coordinates": [-70.85566, 42.502384]}, "properties": {"id": "marb-00545", "is_utility_pole": true, "pole_type": "wood_utility", "model_flags": ["vegetation"], "model_watch": [], "lean": "none", "crossarm": "none_visible", "vegetation": "touching", "transformer": false, "attachments_estimate": 2, "photos_assessed": 3, "capture_sequences": 1, "photo_shown_date": "2023-08", "latest_available_photo_date": "2023-08", "source_photo_url": "https://www.mapillary.com/app/?pKey=958909032035376&focus=photo", "nearest_osm_pole_m": null}}, {"type": "Feature", "geometry": {"type": "Point", "coordinates": [-70.836296, 42.492207]}, "properties": {"id": "marb-00546", "is_utility_pole": true, "pole_type": "wood_utility", "model_flags": [], "model_watch": ["lean_slight"], "lean": "slight", "crossarm": "none_visible", "vegetation": "near", "transformer": false, "attachments_estimate": 1, "photos_assessed": 3, "capture_sequences": 1, "photo_shown_date": "2023-11", "latest_available_photo_date": "2023-11", "source_photo_url": "https://www.mapillary.com/app/?pKey=646566784306854&focus=photo", "nearest_osm_pole_m": null}}, {"type": "Feature", "geometry": {"type": "Point", "coordinates": [-70.83771, 42.491245]}, "properties": {"id": "marb-00547", "is_utility_pole": true, "pole_type": "wood_utility", "model_flags": ["lean"], "model_watch": [], "lean": "moderate", "crossarm": "none_visible", "vegetation": "near", "transformer": false, "attachments_estimate": 2, "photos_assessed": 1, "capture_sequences": 1, "photo_shown_date": "2023-11", "latest_available_photo_date": "2023-11", "source_photo_url": "https://www.mapillary.com/app/?pKey=6550531105055830&focus=photo", "nearest_osm_pole_m": null}}, {"type": "Feature", "geometry": {"type": "Point", "coordinates": [-70.837495, 42.491301]}, "properties": {"id": "marb-00548", "is_utility_pole": true, "pole_type": "wood_utility", "model_flags": [], "model_watch": ["lean_slight"], "lean": "slight", "crossarm": "none_visible", "vegetation": "none", "transformer": false, "attachments_estimate": 1, "photos_assessed": 6, "capture_sequences": 2, "photo_shown_date": "2025-11", "latest_available_photo_date": "2025-11", "source_photo_url": "https://www.mapillary.com/app/?pKey=3702801550027992&focus=photo", "nearest_osm_pole_m": null}}, {"type": "Feature", "geometry": {"type": "Point", "coordinates": [-70.83653, 42.491867]}, "properties": {"id": "marb-00549", "is_utility_pole": true, "pole_type": "wood_utility", "model_flags": [], "model_watch": [], "lean": "none", "crossarm": "none_visible", "vegetation": "near", "transformer": false, "attachments_estimate": 1, "photos_assessed": 3, "capture_sequences": 1, "photo_shown_date": "2023-11", "latest_available_photo_date": "2023-11", "source_photo_url": "https://www.mapillary.com/app/?pKey=319818194244770&focus=photo", "nearest_osm_pole_m": null}}, {"type": "Feature", "geometry": {"type": "Point", "coordinates": [-70.836174, 42.492435]}, "properties": {"id": "marb-00550", "is_utility_pole": true, "pole_type": "wood_utility", "model_flags": [], "model_watch": ["lean_slight"], "lean": "slight", "crossarm": "intact", "vegetation": "none", "transformer": false, "attachments_estimate": 2, "photos_assessed": 3, "capture_sequences": 1, "photo_shown_date": "2023-11", "latest_available_photo_date": "2023-11", "source_photo_url": "https://www.mapillary.com/app/?pKey=1717589645414458&focus=photo", "nearest_osm_pole_m": null}}, {"type": "Feature", "geometry": {"type": "Point", "coordinates": [-70.836716, 42.491684]}, "properties": {"id": "marb-00551", "is_utility_pole": true, "pole_type": "wood_utility", "model_flags": [], "model_watch": [], "lean": "none", "crossarm": "none_visible", "vegetation": "near", "transformer": false, "attachments_estimate": 1, "photos_assessed": 3, "capture_sequences": 1, "photo_shown_date": "2023-11", "latest_available_photo_date": "2023-11", "source_photo_url": "https://www.mapillary.com/app/?pKey=992371115177226&focus=photo", "nearest_osm_pole_m": null}}, {"type": "Feature", "geometry": {"type": "Point", "coordinates": [-70.836918, 42.4915398]}, "properties": {"id": "marb-00552", "is_utility_pole": true, "pole_type": "wood_utility", "model_flags": [], "model_watch": [], "lean": "none", "crossarm": "none_visible", "vegetation": "near", "transformer": false, "attachments_estimate": 2, "photos_assessed": 5, "capture_sequences": 2, "photo_shown_date": "2025-11", "latest_available_photo_date": "2025-11", "source_photo_url": "https://www.mapillary.com/app/?pKey=2367585137027509&focus=photo", "nearest_osm_pole_m": null}}, {"type": "Feature", "geometry": {"type": "Point", "coordinates": [-70.8362556, 42.4923342]}, "properties": {"id": "marb-00553", "is_utility_pole": true, "pole_type": "wood_utility", "model_flags": [], "model_watch": ["lean_slight"], "lean": "slight", "crossarm": "intact", "vegetation": "near", "transformer": false, "attachments_estimate": 2, "photos_assessed": 5, "capture_sequences": 1, "photo_shown_date": "2023-11", "latest_available_photo_date": "2023-11", "source_photo_url": "https://www.mapillary.com/app/?pKey=872211620954894&focus=photo", "nearest_osm_pole_m": null}}, {"type": "Feature", "geometry": {"type": "Point", "coordinates": [-70.83648, 42.49271]}, "properties": {"id": "marb-00554", "is_utility_pole": true, "pole_type": "wood_utility", "model_flags": [], "model_watch": ["lean_slight"], "lean": "slight", "crossarm": "none_visible", "vegetation": "near", "transformer": false, "attachments_estimate": 1, "photos_assessed": 3, "capture_sequences": 1, "photo_shown_date": "2023-11", "latest_available_photo_date": "2023-11", "source_photo_url": "https://www.mapillary.com/app/?pKey=1755449698301266&focus=photo", "nearest_osm_pole_m": null}}, {"type": "Feature", "geometry": {"type": "Point", "coordinates": [-70.8376, 42.49128]}, "properties": {"id": "marb-00555", "is_utility_pole": true, "pole_type": "wood_utility", "model_flags": [], "model_watch": ["lean_slight"], "lean": "slight", "crossarm": "none_visible", "vegetation": "near", "transformer": false, "attachments_estimate": 1, "photos_assessed": 3, "capture_sequences": 1, "photo_shown_date": "2023-11", "latest_available_photo_date": "2023-11", "source_photo_url": "https://www.mapillary.com/app/?pKey=1110917026757029&focus=photo", "nearest_osm_pole_m": null}}, {"type": "Feature", "geometry": {"type": "Point", "coordinates": [-70.8361, 42.49253]}, "properties": {"id": "marb-00556", "is_utility_pole": true, "pole_type": "wood_utility", "model_flags": [], "model_watch": [], "lean": "none", "crossarm": "none_visible", "vegetation": "none", "transformer": false, "attachments_estimate": 2, "photos_assessed": 3, "capture_sequences": 1, "photo_shown_date": "2023-11", "latest_available_photo_date": "2023-11", "source_photo_url": "https://www.mapillary.com/app/?pKey=6925033554219956&focus=photo", "nearest_osm_pole_m": null}}, {"type": "Feature", "geometry": {"type": "Point", "coordinates": [-70.88501, 42.48573]}, "properties": {"id": "marb-00557", "is_utility_pole": true, "pole_type": "wood_utility", "model_flags": [], "model_watch": [], "lean": "none", "crossarm": "none_visible", "vegetation": "near", "transformer": false, "attachments_estimate": 1, "photos_assessed": 2, "capture_sequences": 1, "photo_shown_date": "2023-11", "latest_available_photo_date": "2023-11", "source_photo_url": "https://www.mapillary.com/app/?pKey=6848707058575490&focus=photo", "nearest_osm_pole_m": null}}, {"type": "Feature", "geometry": {"type": "Point", "coordinates": [-70.88472, 42.48552]}, "properties": {"id": "marb-00558", "is_utility_pole": true, "pole_type": "wood_utility", "model_flags": [], "model_watch": [], "lean": "none", "crossarm": "intact", "vegetation": "near", "transformer": false, "attachments_estimate": 1, "photos_assessed": 3, "capture_sequences": 1, "photo_shown_date": "2023-11", "latest_available_photo_date": "2023-11", "source_photo_url": "https://www.mapillary.com/app/?pKey=3146697858957853&focus=photo", "nearest_osm_pole_m": null}}, {"type": "Feature", "geometry": {"type": "Point", "coordinates": [-70.88509, 42.485733]}, "properties": {"id": "marb-00559", "is_utility_pole": true, "pole_type": "wood_utility", "model_flags": [], "model_watch": [], "lean": "none", "crossarm": "none_visible", "vegetation": "near", "transformer": false, "attachments_estimate": 1, "photos_assessed": 3, "capture_sequences": 1, "photo_shown_date": "2023-11", "latest_available_photo_date": "2023-11", "source_photo_url": "https://www.mapillary.com/app/?pKey=227265260267259&focus=photo", "nearest_osm_pole_m": null}}, {"type": "Feature", "geometry": {"type": "Point", "coordinates": [-70.88547, 42.485897]}, "properties": {"id": "marb-00560", "is_utility_pole": true, "pole_type": "wood_utility", "model_flags": ["vegetation"], "model_watch": ["lean_slight"], "lean": "slight", "crossarm": "none_visible", "vegetation": "touching", "transformer": false, "attachments_estimate": 1, "photos_assessed": 3, "capture_sequences": 1, "photo_shown_date": "2023-11", "latest_available_photo_date": "2023-11", "source_photo_url": "https://www.mapillary.com/app/?pKey=308051242152981&focus=photo", "nearest_osm_pole_m": null}}, {"type": "Feature", "geometry": {"type": "Point", "coordinates": [-70.88536, 42.486]}, "properties": {"id": "marb-00561", "is_utility_pole": true, "pole_type": "wood_utility", "model_flags": [], "model_watch": ["lean_slight"], "lean": "slight", "crossarm": "none_visible", "vegetation": "near", "transformer": false, "attachments_estimate": 1, "photos_assessed": 3, "capture_sequences": 1, "photo_shown_date": "2023-11", "latest_available_photo_date": "2023-11", "source_photo_url": "https://www.mapillary.com/app/?pKey=1062906608244138&focus=photo", "nearest_osm_pole_m": null}}, {"type": "Feature", "geometry": {"type": "Point", "coordinates": [-70.885284, 42.48594]}, "properties": {"id": "marb-00562", "is_utility_pole": true, "pole_type": "wood_utility", "model_flags": [], "model_watch": ["lean_slight"], "lean": "slight", "crossarm": "none_visible", "vegetation": "near", "transformer": false, "attachments_estimate": 1, "photos_assessed": 3, "capture_sequences": 1, "photo_shown_date": "2023-11", "latest_available_photo_date": "2023-11", "source_photo_url": "https://www.mapillary.com/app/?pKey=374686595129607&focus=photo", "nearest_osm_pole_m": null}}, {"type": "Feature", "geometry": {"type": "Point", "coordinates": [-70.88392, 42.48506]}, "properties": {"id": "marb-00563", "is_utility_pole": true, "pole_type": "wood_utility", "model_flags": [], "model_watch": [], "lean": "none", "crossarm": "none_visible", "vegetation": "near", "transformer": false, "attachments_estimate": 1, "photos_assessed": 3, "capture_sequences": 1, "photo_shown_date": "2023-11", "latest_available_photo_date": "2023-11", "source_photo_url": "https://www.mapillary.com/app/?pKey=1059700468403073&focus=photo", "nearest_osm_pole_m": null}}, {"type": "Feature", "geometry": {"type": "Point", "coordinates": [-70.8836, 42.484863]}, "properties": {"id": "marb-00564", "is_utility_pole": true, "pole_type": "wood_utility", "model_flags": [], "model_watch": [], "lean": "none", "crossarm": "none_visible", "vegetation": "near", "transformer": true, "attachments_estimate": 1, "photos_assessed": 3, "capture_sequences": 1, "photo_shown_date": "2023-11", "latest_available_photo_date": "2023-11", "source_photo_url": "https://www.mapillary.com/app/?pKey=739998384833585&focus=photo", "nearest_osm_pole_m": null}}, {"type": "Feature", "geometry": {"type": "Point", "coordinates": [-70.884315, 42.4853]}, "properties": {"id": "marb-00565", "is_utility_pole": true, "pole_type": "wood_utility", "model_flags": ["vegetation"], "model_watch": [], "lean": "none", "crossarm": "none_visible", "vegetation": "touching", "transformer": false, "attachments_estimate": 1, "photos_assessed": 3, "capture_sequences": 1, "photo_shown_date": "2023-11", "latest_available_photo_date": "2023-11", "source_photo_url": "https://www.mapillary.com/app/?pKey=1033136057805610&focus=photo", "nearest_osm_pole_m": null}}, {"type": "Feature", "geometry": {"type": "Point", "coordinates": [-70.882675, 42.48428]}, "properties": {"id": "marb-00566", "is_utility_pole": true, "pole_type": "wood_utility", "model_flags": [], "model_watch": [], "lean": "none", "crossarm": "none_visible", "vegetation": "near", "transformer": false, "attachments_estimate": 1, "photos_assessed": 1, "capture_sequences": 1, "photo_shown_date": "2023-11", "latest_available_photo_date": "2023-11", "source_photo_url": "https://www.mapillary.com/app/?pKey=1520742168761466&focus=photo", "nearest_osm_pole_m": null}}, {"type": "Feature", "geometry": {"type": "Point", "coordinates": [-70.88256, 42.484257]}, "properties": {"id": "marb-00567", "is_utility_pole": true, "pole_type": "wood_utility", "model_flags": [], "model_watch": [], "lean": "none", "crossarm": "none_visible", "vegetation": "near", "transformer": false, "attachments_estimate": 1, "photos_assessed": 3, "capture_sequences": 1, "photo_shown_date": "2023-11", "latest_available_photo_date": "2023-11", "source_photo_url": "https://www.mapillary.com/app/?pKey=1837244563386913&focus=photo", "nearest_osm_pole_m": null}}, {"type": "Feature", "geometry": {"type": "Point", "coordinates": [-70.8818586, 42.4838606]}, "properties": {"id": "marb-00568", "is_utility_pole": true, "pole_type": "wood_utility", "model_flags": [], "model_watch": [], "lean": "none", "crossarm": "none_visible", "vegetation": "near", "transformer": false, "attachments_estimate": 2, "photos_assessed": 7, "capture_sequences": 1, "photo_shown_date": "2023-11", "latest_available_photo_date": "2023-11", "source_photo_url": "https://www.mapillary.com/app/?pKey=218135664647486&focus=photo", "nearest_osm_pole_m": null}}, {"type": "Feature", "geometry": {"type": "Point", "coordinates": [-70.88089, 42.483284]}, "properties": {"id": "marb-00569", "is_utility_pole": true, "pole_type": "wood_utility", "model_flags": [], "model_watch": [], "lean": "none", "crossarm": "none_visible", "vegetation": "near", "transformer": false, "attachments_estimate": 1, "photos_assessed": 2, "capture_sequences": 1, "photo_shown_date": "2023-11", "latest_available_photo_date": "2023-11", "source_photo_url": "https://www.mapillary.com/app/?pKey=306754598942047&focus=photo", "nearest_osm_pole_m": null}}, {"type": "Feature", "geometry": {"type": "Point", "coordinates": [-70.8814726, 42.4836432]}, "properties": {"id": "marb-00570", "is_utility_pole": true, "pole_type": "wood_utility", "model_flags": [], "model_watch": [], "lean": "none", "crossarm": "none_visible", "vegetation": "none", "transformer": true, "attachments_estimate": 1, "photos_assessed": 5, "capture_sequences": 1, "photo_shown_date": "2023-11", "latest_available_photo_date": "2023-11", "source_photo_url": "https://www.mapillary.com/app/?pKey=885664816502209&focus=photo", "nearest_osm_pole_m": null}}, {"type": "Feature", "geometry": {"type": "Point", "coordinates": [-70.88212, 42.484047]}, "properties": {"id": "marb-00571", "is_utility_pole": true, "pole_type": "wood_utility", "model_flags": [], "model_watch": [], "lean": "none", "crossarm": "none_visible", "vegetation": "none", "transformer": false, "attachments_estimate": 2, "photos_assessed": 2, "capture_sequences": 1, "photo_shown_date": "2023-11", "latest_available_photo_date": "2023-11", "source_photo_url": "https://www.mapillary.com/app/?pKey=1041326273849852&focus=photo", "nearest_osm_pole_m": null}}, {"type": "Feature", "geometry": {"type": "Point", "coordinates": [-70.883, 42.484478]}, "properties": {"id": "marb-00572", "is_utility_pole": true, "pole_type": "wood_utility", "model_flags": [], "model_watch": [], "lean": "none", "crossarm": "none_visible", "vegetation": "near", "transformer": false, "attachments_estimate": 1, "photos_assessed": 3, "capture_sequences": 1, "photo_shown_date": "2023-11", "latest_available_photo_date": "2023-11", "source_photo_url": "https://www.mapillary.com/app/?pKey=362518686312114&focus=photo", "nearest_osm_pole_m": null}}, {"type": "Feature", "geometry": {"type": "Point", "coordinates": [-70.8832763, 42.4846637]}, "properties": {"id": "marb-00573", "is_utility_pole": true, "pole_type": "wood_utility", "model_flags": [], "model_watch": [], "lean": "none", "crossarm": "none_visible", "vegetation": "near", "transformer": false, "attachments_estimate": 1, "photos_assessed": 4, "capture_sequences": 1, "photo_shown_date": "2023-11", "latest_available_photo_date": "2023-11", "source_photo_url": "https://www.mapillary.com/app/?pKey=186101054559400&focus=photo", "nearest_osm_pole_m": null}}, {"type": "Feature", "geometry": {"type": "Point", "coordinates": [-70.88111, 42.483444]}, "properties": {"id": "marb-00574", "is_utility_pole": true, "pole_type": "wood_utility", "model_flags": [], "model_watch": [], "lean": "none", "crossarm": "none_visible", "vegetation": "near", "transformer": false, "attachments_estimate": 1, "photos_assessed": 3, "capture_sequences": 1, "photo_shown_date": "2023-11", "latest_available_photo_date": "2023-11", "source_photo_url": "https://www.mapillary.com/app/?pKey=1084478146241040&focus=photo", "nearest_osm_pole_m": null}}, {"type": "Feature", "geometry": {"type": "Point", "coordinates": [-70.83713, 42.49143]}, "properties": {"id": "marb-00575", "is_utility_pole": true, "pole_type": "wood_utility", "model_flags": ["vegetation"], "model_watch": ["lean_slight"], "lean": "slight", "crossarm": "none_visible", "vegetation": "touching", "transformer": false, "attachments_estimate": 1, "photos_assessed": 6, "capture_sequences": 1, "photo_shown_date": "2025-11", "latest_available_photo_date": "2025-11", "source_photo_url": "https://www.mapillary.com/app/?pKey=858460419953626&focus=photo", "nearest_osm_pole_m": null}}, {"type": "Feature", "geometry": {"type": "Point", "coordinates": [-70.836624, 42.491806]}, "properties": {"id": "marb-00576", "is_utility_pole": true, "pole_type": "wood_utility", "model_flags": ["vegetation"], "model_watch": ["lean_slight"], "lean": "slight", "crossarm": "none_visible", "vegetation": "touching", "transformer": false, "attachments_estimate": 1, "photos_assessed": 3, "capture_sequences": 1, "photo_shown_date": "2025-11", "latest_available_photo_date": "2025-11", "source_photo_url": "https://www.mapillary.com/app/?pKey=24296077380065108&focus=photo", "nearest_osm_pole_m": null}}, {"type": "Feature", "geometry": {"type": "Point", "coordinates": [-70.83705, 42.49149]}, "properties": {"id": "marb-00577", "is_utility_pole": true, "pole_type": "wood_utility", "model_flags": [], "model_watch": [], "lean": "none", "crossarm": "unclear", "vegetation": "near", "transformer": false, "attachments_estimate": 1, "photos_assessed": 2, "capture_sequences": 1, "photo_shown_date": "2025-11", "latest_available_photo_date": "2025-11", "source_photo_url": "https://www.mapillary.com/app/?pKey=843455764881940&focus=photo", "nearest_osm_pole_m": null}}, {"type": "Feature", "geometry": {"type": "Point", "coordinates": [-70.88827, 42.485397]}, "properties": {"id": "marb-00578", "is_utility_pole": true, "pole_type": "wood_utility", "model_flags": [], "model_watch": [], "lean": "none", "crossarm": "none_visible", "vegetation": "near", "transformer": false, "attachments_estimate": 1, "photos_assessed": 3, "capture_sequences": 1, "photo_shown_date": "2023-11", "latest_available_photo_date": "2023-11", "source_photo_url": "https://www.mapillary.com/app/?pKey=6913544308682980&focus=photo", "nearest_osm_pole_m": null}}, {"type": "Feature", "geometry": {"type": "Point", "coordinates": [-70.89005, 42.485905]}, "properties": {"id": "marb-00579", "is_utility_pole": true, "pole_type": "wood_utility", "model_flags": ["vegetation"], "model_watch": [], "lean": "none", "crossarm": "none_visible", "vegetation": "touching", "transformer": false, "attachments_estimate": 1, "photos_assessed": 3, "capture_sequences": 1, "photo_shown_date": "2023-11", "latest_available_photo_date": "2023-11", "source_photo_url": "https://www.mapillary.com/app/?pKey=1015312949743193&focus=photo", "nearest_osm_pole_m": null}}, {"type": "Feature", "geometry": {"type": "Point", "coordinates": [-70.88963, 42.485783]}, "properties": {"id": "marb-00580", "is_utility_pole": true, "pole_type": "wood_utility", "model_flags": ["vegetation"], "model_watch": [], "lean": "none", "crossarm": "none_visible", "vegetation": "touching", "transformer": false, "attachments_estimate": 1, "photos_assessed": 3, "capture_sequences": 1, "photo_shown_date": "2023-11", "latest_available_photo_date": "2023-11", "source_photo_url": "https://www.mapillary.com/app/?pKey=2592100047604326&focus=photo", "nearest_osm_pole_m": null}}, {"type": "Feature", "geometry": {"type": "Point", "coordinates": [-70.888794, 42.48555]}, "properties": {"id": "marb-00581", "is_utility_pole": true, "pole_type": "wood_utility", "model_flags": [], "model_watch": [], "lean": "none", "crossarm": "none_visible", "vegetation": "near", "transformer": false, "attachments_estimate": 0, "photos_assessed": 2, "capture_sequences": 1, "photo_shown_date": "2023-11", "latest_available_photo_date": "2023-11", "source_photo_url": "https://www.mapillary.com/app/?pKey=714464943925786&focus=photo", "nearest_osm_pole_m": null}}, {"type": "Feature", "geometry": {"type": "Point", "coordinates": [-70.89053, 42.4860497]}, "properties": {"id": "marb-00582", "is_utility_pole": true, "pole_type": "wood_utility", "model_flags": [], "model_watch": [], "lean": "none", "crossarm": "none_visible", "vegetation": "near", "transformer": false, "attachments_estimate": 1, "photos_assessed": 3, "capture_sequences": 1, "photo_shown_date": "2023-11", "latest_available_photo_date": "2023-11", "source_photo_url": "https://www.mapillary.com/app/?pKey=1300844780628066&focus=photo", "nearest_osm_pole_m": null}}, {"type": "Feature", "geometry": {"type": "Point", "coordinates": [-70.88921, 42.48567]}, "properties": {"id": "marb-00583", "is_utility_pole": true, "pole_type": "wood_utility", "model_flags": [], "model_watch": [], "lean": "none", "crossarm": "none_visible", "vegetation": "none", "transformer": false, "attachments_estimate": 0, "photos_assessed": 3, "capture_sequences": 1, "photo_shown_date": "2023-11", "latest_available_photo_date": "2023-11", "source_photo_url": "https://www.mapillary.com/app/?pKey=1303748314358240&focus=photo", "nearest_osm_pole_m": null}}, {"type": "Feature", "geometry": {"type": "Point", "coordinates": [-70.89059, 42.486164]}, "properties": {"id": "marb-00584", "is_utility_pole": true, "pole_type": "wood_utility", "model_flags": [], "model_watch": [], "lean": "none", "crossarm": "none_visible", "vegetation": "near", "transformer": false, "attachments_estimate": 0, "photos_assessed": 3, "capture_sequences": 1, "photo_shown_date": "2023-11", "latest_available_photo_date": "2023-11", "source_photo_url": "https://www.mapillary.com/app/?pKey=872140984617932&focus=photo", "nearest_osm_pole_m": null}}, {"type": "Feature", "geometry": {"type": "Point", "coordinates": [-70.89087, 42.486137]}, "properties": {"id": "marb-00585", "is_utility_pole": true, "pole_type": "wood_utility", "model_flags": [], "model_watch": [], "lean": "none", "crossarm": "none_visible", "vegetation": "none", "transformer": false, "attachments_estimate": 0, "photos_assessed": 3, "capture_sequences": 1, "photo_shown_date": "2023-11", "latest_available_photo_date": "2023-11", "source_photo_url": "https://www.mapillary.com/app/?pKey=879793510039906&focus=photo", "nearest_osm_pole_m": null}}, {"type": "Feature", "geometry": {"type": "Point", "coordinates": [-70.87912, 42.4821483]}, "properties": {"id": "marb-00586", "is_utility_pole": true, "pole_type": "wood_utility", "model_flags": [], "model_watch": [], "lean": "none", "crossarm": "none_visible", "vegetation": "near", "transformer": false, "attachments_estimate": 0, "photos_assessed": 4, "capture_sequences": 1, "photo_shown_date": "2023-11", "latest_available_photo_date": "2023-11", "source_photo_url": "https://www.mapillary.com/app/?pKey=3173196476315750&focus=photo", "nearest_osm_pole_m": null}}, {"type": "Feature", "geometry": {"type": "Point", "coordinates": [-70.879995, 42.482716]}, "properties": {"id": "marb-00587", "is_utility_pole": true, "pole_type": "wood_utility", "model_flags": [], "model_watch": [], "lean": "none", "crossarm": "none_visible", "vegetation": "near", "transformer": false, "attachments_estimate": 1, "photos_assessed": 6, "capture_sequences": 1, "photo_shown_date": "2023-11", "latest_available_photo_date": "2023-11", "source_photo_url": "https://www.mapillary.com/app/?pKey=613167854191496&focus=photo", "nearest_osm_pole_m": null}}, {"type": "Feature", "geometry": {"type": "Point", "coordinates": [-70.87868, 42.481922]}, "properties": {"id": "marb-00588", "is_utility_pole": true, "pole_type": "wood_utility", "model_flags": [], "model_watch": ["lean_slight"], "lean": "slight", "crossarm": "unclear", "vegetation": "near", "transformer": false, "attachments_estimate": 1, "photos_assessed": 3, "capture_sequences": 1, "photo_shown_date": "2023-11", "latest_available_photo_date": "2023-11", "source_photo_url": "https://www.mapillary.com/app/?pKey=874339114397088&focus=photo", "nearest_osm_pole_m": null}}, {"type": "Feature", "geometry": {"type": "Point", "coordinates": [-70.878825, 42.48211]}, "properties": {"id": "marb-00589", "is_utility_pole": true, "pole_type": "wood_utility", "model_flags": ["double", "vegetation"], "model_watch": [], "lean": "unclear", "crossarm": "none_visible", "vegetation": "touching", "transformer": false, "attachments_estimate": 0, "photos_assessed": 6, "capture_sequences": 1, "photo_shown_date": "2023-11", "latest_available_photo_date": "2023-11", "source_photo_url": "https://www.mapillary.com/app/?pKey=888029829613561&focus=photo", "nearest_osm_pole_m": null}}, {"type": "Feature", "geometry": {"type": "Point", "coordinates": [-70.879576, 42.482454]}, "properties": {"id": "marb-00590", "is_utility_pole": true, "pole_type": "wood_utility", "model_flags": ["double"], "model_watch": [], "lean": "none", "crossarm": "none_visible", "vegetation": "near", "transformer": false, "attachments_estimate": 1, "photos_assessed": 5, "capture_sequences": 1, "photo_shown_date": "2023-11", "latest_available_photo_date": "2023-11", "source_photo_url": "https://www.mapillary.com/app/?pKey=1423567241532052&focus=photo", "nearest_osm_pole_m": null}}, {"type": "Feature", "geometry": {"type": "Point", "coordinates": [-70.87919, 42.482105]}, "properties": {"id": "marb-00591", "is_utility_pole": true, "pole_type": "wood_utility", "model_flags": [], "model_watch": [], "lean": "none", "crossarm": "none_visible", "vegetation": "near", "transformer": false, "attachments_estimate": 1, "photos_assessed": 3, "capture_sequences": 1, "photo_shown_date": "2023-11", "latest_available_photo_date": "2023-11", "source_photo_url": "https://www.mapillary.com/app/?pKey=1813900209046362&focus=photo", "nearest_osm_pole_m": null}}, {"type": "Feature", "geometry": {"type": "Point", "coordinates": [-70.87935, 42.482296]}, "properties": {"id": "marb-00592", "is_utility_pole": true, "pole_type": "wood_utility", "model_flags": [], "model_watch": [], "lean": "none", "crossarm": "none_visible", "vegetation": "near", "transformer": false, "attachments_estimate": 1, "photos_assessed": 3, "capture_sequences": 1, "photo_shown_date": "2023-11", "latest_available_photo_date": "2023-11", "source_photo_url": "https://www.mapillary.com/app/?pKey=371635788590089&focus=photo", "nearest_osm_pole_m": null}}, {"type": "Feature", "geometry": {"type": "Point", "coordinates": [-70.879715, 42.48252]}, "properties": {"id": "marb-00593", "is_utility_pole": true, "pole_type": "wood_utility", "model_flags": [], "model_watch": ["lean_slight"], "lean": "slight", "crossarm": "none_visible", "vegetation": "near", "transformer": false, "attachments_estimate": 1, "photos_assessed": 3, "capture_sequences": 1, "photo_shown_date": "2023-11", "latest_available_photo_date": "2023-11", "source_photo_url": "https://www.mapillary.com/app/?pKey=1737911249989283&focus=photo", "nearest_osm_pole_m": null}}, {"type": "Feature", "geometry": {"type": "Point", "coordinates": [-70.88038, 42.48295]}, "properties": {"id": "marb-00594", "is_utility_pole": true, "pole_type": "wood_utility", "model_flags": [], "model_watch": [], "lean": "none", "crossarm": "none_visible", "vegetation": "near", "transformer": false, "attachments_estimate": 1, "photos_assessed": 2, "capture_sequences": 1, "photo_shown_date": "2023-11", "latest_available_photo_date": "2023-11", "source_photo_url": "https://www.mapillary.com/app/?pKey=217557798036319&focus=photo", "nearest_osm_pole_m": null}}, {"type": "Feature", "geometry": {"type": "Point", "coordinates": [-70.8544267, 42.5036303]}, "properties": {"id": "marb-00595", "is_utility_pole": true, "pole_type": "wood_utility", "model_flags": ["double"], "model_watch": [], "lean": "none", "crossarm": "intact", "vegetation": "near", "transformer": false, "attachments_estimate": 1, "photos_assessed": 9, "capture_sequences": 1, "photo_shown_date": "2023-08", "latest_available_photo_date": "2023-08", "source_photo_url": "https://www.mapillary.com/app/?pKey=834758387894644&focus=photo", "nearest_osm_pole_m": null}}, {"type": "Feature", "geometry": {"type": "Point", "coordinates": [-70.8544587, 42.5037023]}, "properties": {"id": "marb-00596", "is_utility_pole": true, "pole_type": "wood_utility", "model_flags": ["vegetation"], "model_watch": ["lean_slight"], "lean": "slight", "crossarm": "unclear", "vegetation": "touching", "transformer": false, "attachments_estimate": 1, "photos_assessed": 3, "capture_sequences": 1, "photo_shown_date": "2023-08", "latest_available_photo_date": "2023-08", "source_photo_url": "https://www.mapillary.com/app/?pKey=1486657785495062&focus=photo", "nearest_osm_pole_m": null}}, {"type": "Feature", "geometry": {"type": "Point", "coordinates": [-70.85452, 42.50362]}, "properties": {"id": "marb-00597", "is_utility_pole": true, "pole_type": "wood_utility", "model_flags": ["vegetation"], "model_watch": [], "lean": "none", "crossarm": "unclear", "vegetation": "touching", "transformer": false, "attachments_estimate": 1, "photos_assessed": 6, "capture_sequences": 1, "photo_shown_date": "2023-08", "latest_available_photo_date": "2023-08", "source_photo_url": "https://www.mapillary.com/app/?pKey=964130588028336&focus=photo", "nearest_osm_pole_m": null}}, {"type": "Feature", "geometry": {"type": "Point", "coordinates": [-70.847374, 42.504356]}, "properties": {"id": "marb-00598", "is_utility_pole": true, "pole_type": "wood_utility", "model_flags": [], "model_watch": [], "lean": "none", "crossarm": "none_visible", "vegetation": "near", "transformer": false, "attachments_estimate": 2, "photos_assessed": 3, "capture_sequences": 1, "photo_shown_date": "2023-08", "latest_available_photo_date": "2023-08", "source_photo_url": "https://www.mapillary.com/app/?pKey=282952484445285&focus=photo", "nearest_osm_pole_m": null}}, {"type": "Feature", "geometry": {"type": "Point", "coordinates": [-70.8476, 42.50427]}, "properties": {"id": "marb-00599", "is_utility_pole": true, "pole_type": "wood_utility", "model_flags": [], "model_watch": [], "lean": "none", "crossarm": "none_visible", "vegetation": "near", "transformer": false, "attachments_estimate": 2, "photos_assessed": 3, "capture_sequences": 1, "photo_shown_date": "2023-08", "latest_available_photo_date": "2023-08", "source_photo_url": "https://www.mapillary.com/app/?pKey=831375402029860&focus=photo", "nearest_osm_pole_m": null}}, {"type": "Feature", "geometry": {"type": "Point", "coordinates": [-70.84426, 42.507267]}, "properties": {"id": "marb-00600", "is_utility_pole": true, "pole_type": "wood_utility", "model_flags": [], "model_watch": [], "lean": "none", "crossarm": "none_visible", "vegetation": "near", "transformer": false, "attachments_estimate": 3, "photos_assessed": 3, "capture_sequences": 1, "photo_shown_date": "2023-08", "latest_available_photo_date": "2023-08", "source_photo_url": "https://www.mapillary.com/app/?pKey=678640153735406&focus=photo", "nearest_osm_pole_m": null}}, {"type": "Feature", "geometry": {"type": "Point", "coordinates": [-70.84431, 42.5072]}, "properties": {"id": "marb-00601", "is_utility_pole": true, "pole_type": "wood_utility", "model_flags": [], "model_watch": ["lean_slight"], "lean": "slight", "crossarm": "none_visible", "vegetation": "near", "transformer": false, "attachments_estimate": 2, "photos_assessed": 1, "capture_sequences": 1, "photo_shown_date": "2023-08", "latest_available_photo_date": "2023-08", "source_photo_url": "https://www.mapillary.com/app/?pKey=3568898890096789&focus=photo", "nearest_osm_pole_m": null}}, {"type": "Feature", "geometry": {"type": "Point", "coordinates": [-70.84452, 42.507057]}, "properties": {"id": "marb-00602", "is_utility_pole": true, "pole_type": "wood_utility", "model_flags": ["vegetation"], "model_watch": [], "lean": "none", "crossarm": "none_visible", "vegetation": "touching", "transformer": false, "attachments_estimate": 1, "photos_assessed": 3, "capture_sequences": 1, "photo_shown_date": "2023-08", "latest_available_photo_date": "2023-08", "source_photo_url": "https://www.mapillary.com/app/?pKey=259630846955048&focus=photo", "nearest_osm_pole_m": null}}, {"type": "Feature", "geometry": {"type": "Point", "coordinates": [-70.84392, 42.507618]}, "properties": {"id": "marb-00603", "is_utility_pole": true, "pole_type": "wood_utility", "model_flags": [], "model_watch": [], "lean": "none", "crossarm": "none_visible", "vegetation": "near", "transformer": false, "attachments_estimate": 1, "photos_assessed": 2, "capture_sequences": 1, "photo_shown_date": "2023-08", "latest_available_photo_date": "2023-08", "source_photo_url": "https://www.mapillary.com/app/?pKey=824463105803068&focus=photo", "nearest_osm_pole_m": null}}, {"type": "Feature", "geometry": {"type": "Point", "coordinates": [-70.844055, 42.507446]}, "properties": {"id": "marb-00604", "is_utility_pole": true, "pole_type": "wood_utility", "model_flags": [], "model_watch": [], "lean": "none", "crossarm": "none_visible", "vegetation": "near", "transformer": false, "attachments_estimate": 1, "photos_assessed": 3, "capture_sequences": 1, "photo_shown_date": "2023-08", "latest_available_photo_date": "2023-08", "source_photo_url": "https://www.mapillary.com/app/?pKey=824463105803068&focus=photo", "nearest_osm_pole_m": null}}, {"type": "Feature", "geometry": {"type": "Point", "coordinates": [-70.84415, 42.507397]}, "properties": {"id": "marb-00605", "is_utility_pole": true, "pole_type": "wood_utility", "model_flags": [], "model_watch": [], "lean": "none", "crossarm": "none_visible", "vegetation": "near", "transformer": false, "attachments_estimate": 1, "photos_assessed": 3, "capture_sequences": 1, "photo_shown_date": "2023-08", "latest_available_photo_date": "2023-08", "source_photo_url": "https://www.mapillary.com/app/?pKey=1736683800125626&focus=photo", "nearest_osm_pole_m": null}}, {"type": "Feature", "geometry": {"type": "Point", "coordinates": [-70.842674, 42.508675]}, "properties": {"id": "marb-00606", "is_utility_pole": true, "pole_type": "wood_utility", "model_flags": ["vegetation"], "model_watch": [], "lean": "none", "crossarm": "none_visible", "vegetation": "touching", "transformer": false, "attachments_estimate": 1, "photos_assessed": 2, "capture_sequences": 1, "photo_shown_date": "2023-08", "latest_available_photo_date": "2023-08", "source_photo_url": "https://www.mapillary.com/app/?pKey=1460801344750518&focus=photo", "nearest_osm_pole_m": null}}, {"type": "Feature", "geometry": {"type": "Point", "coordinates": [-70.84333, 42.508232]}, "properties": {"id": "marb-00607", "is_utility_pole": true, "pole_type": "wood_utility", "model_flags": [], "model_watch": [], "lean": "none", "crossarm": "none_visible", "vegetation": "near", "transformer": false, "attachments_estimate": 1, "photos_assessed": 3, "capture_sequences": 1, "photo_shown_date": "2023-08", "latest_available_photo_date": "2023-08", "source_photo_url": "https://www.mapillary.com/app/?pKey=597972685857895&focus=photo", "nearest_osm_pole_m": null}}, {"type": "Feature", "geometry": {"type": "Point", "coordinates": [-70.84291, 42.508476]}, "properties": {"id": "marb-00608", "is_utility_pole": true, "pole_type": "wood_utility", "model_flags": ["vegetation"], "model_watch": [], "lean": "none", "crossarm": "none_visible", "vegetation": "touching", "transformer": false, "attachments_estimate": 1, "photos_assessed": 3, "capture_sequences": 1, "photo_shown_date": "2023-08", "latest_available_photo_date": "2023-08", "source_photo_url": "https://www.mapillary.com/app/?pKey=293379560045521&focus=photo", "nearest_osm_pole_m": null}}]}