id,lat,lon,is_utility_pole,pole_type,model_flags,model_watch,lean,crossarm,vegetation,transformer,attachments_estimate,photos_assessed,capture_sequences,photo_shown_date,latest_available_photo_date,source_photo_url,nearest_osm_pole_m
marb-00000,42.507133,-70.8476,True,wood_utility,,,none,none_visible,near,False,1,3,1,2023-08,2023-08,https://www.mapillary.com/app/?pKey=613937043950563&focus=photo,
marb-00001,42.50692,-70.847786,True,wood_utility,,,none,none_visible,near,False,1,3,1,2023-08,2023-08,https://www.mapillary.com/app/?pKey=1026857732011461&focus=photo,
marb-00002,42.5068526,-70.8478463,True,wood_utility,,lean_slight,slight,none_visible,none,False,2,13,1,2023-08,2023-08,https://www.mapillary.com/app/?pKey=1733082407127881&focus=photo,
marb-00003,42.5067102,-70.848,True,wood_utility,,lean_slight,slight,none_visible,none,False,2,4,1,2023-08,2023-08,https://www.mapillary.com/app/?pKey=284797844169939&focus=photo,
marb-00004,42.50259,-70.852875,True,wood_utility,,lean_slight,slight,none_visible,near,False,3,1,1,2023-08,2023-08,https://www.mapillary.com/app/?pKey=831283621908605&focus=photo,
marb-00005,42.5032,-70.85191,True,wood_utility,lean;vegetation,,moderate,none_visible,touching,False,2,3,1,2023-08,2023-08,https://www.mapillary.com/app/?pKey=311067127960720&focus=photo,
marb-00006,42.50319,-70.85173,True,wood_utility,,,none,none_visible,near,False,1,3,1,2023-08,2023-08,https://www.mapillary.com/app/?pKey=4424791217746608&focus=photo,
marb-00007,42.502666,-70.852745,True,wood_utility,,,none,none_visible,near,False,3,3,1,2023-08,2023-08,https://www.mapillary.com/app/?pKey=262311286580075&focus=photo,
marb-00008,42.5060352,-70.848462,True,wood_utility,,lean_slight,slight,none_visible,near,False,2,5,1,2023-08,2023-08,https://www.mapillary.com/app/?pKey=639846721545955&focus=photo,
marb-00009,42.50591,-70.84862,True,wood_utility,,,none,intact,near,False,2,3,1,2023-08,2023-08,https://www.mapillary.com/app/?pKey=1983727155360578&focus=photo,
marb-00010,42.493078,-70.835855,True,wood_utility,,,none,none_visible,near,False,1,6,2,2025-11,2025-11,https://www.mapillary.com/app/?pKey=820296957403587&focus=photo,
marb-00011,42.494167,-70.83588,True,wood_utility,,,none,none_visible,near,False,0,3,1,2023-11,2023-11,https://www.mapillary.com/app/?pKey=341438868493008&focus=photo,
marb-00012,42.50175,-70.835464,True,wood_utility,vegetation,,none,none_visible,touching,False,2,3,1,2023-11,2023-11,https://www.mapillary.com/app/?pKey=163078273559755&focus=photo,
marb-00013,42.5015,-70.83552,False,street_light,vegetation,lean_slight,slight,none_visible,touching,False,0,3,1,2023-11,2023-11,https://www.mapillary.com/app/?pKey=1780049142430548&focus=photo,
marb-00014,42.501602,-70.835625,True,wood_utility,,lean_slight,slight,intact,near,False,1,3,1,2023-11,2023-11,https://www.mapillary.com/app/?pKey=364157419418887&focus=photo,
marb-00015,42.497505,-70.84018,True,wood_utility,,lean_slight,slight,none_visible,near,False,1,3,1,2025-11,2025-11,https://www.mapillary.com/app/?pKey=3934454816844730&focus=photo,
marb-00016,42.49707,-70.84077,True,wood_utility,double;lean;vegetation,,moderate,unclear,touching,False,1,2,1,2025-11,2025-11,https://www.mapillary.com/app/?pKey=1505731510691583&focus=photo,
marb-00017,42.498077,-70.839485,False,unclear,,,unclear,none_visible,unclear,False,0,1,1,2025-11,2025-11,https://www.mapillary.com/app/?pKey=1220561293267557&focus=photo,
marb-00018,42.49681,-70.84098,True,wood_utility,vegetation,lean_slight,slight,none_visible,touching,False,1,1,1,2025-11,2025-11,https://www.mapillary.com/app/?pKey=25131308083152078&focus=photo,
marb-00019,42.497612,-70.84005,True,wood_utility,,,none,intact,near,False,1,3,1,2025-11,2025-11,https://www.mapillary.com/app/?pKey=3934454816844730&focus=photo,
marb-00020,42.497202,-70.840565,True,wood_utility,lean,,severe,none_visible,none,False,1,4,1,2025-11,2025-11,https://www.mapillary.com/app/?pKey=1608183307204523&focus=photo,
marb-00021,42.49742,-70.84025,True,wood_utility,lean;vegetation,,severe,none_visible,touching,False,0,3,1,2025-11,2025-11,https://www.mapillary.com/app/?pKey=4217667545137247&focus=photo,
marb-00022,42.4973703,-70.84039,True,wood_utility,vegetation,lean_slight,slight,none_visible,touching,False,2,3,1,2025-11,2025-11,https://www.mapillary.com/app/?pKey=1219992786633081&focus=photo,
marb-00023,42.497314,-70.84046,True,wood_utility,vegetation,,none,none_visible,touching,False,2,3,1,2025-11,2025-11,https://www.mapillary.com/app/?pKey=1219992786633081&focus=photo,
marb-00024,42.497684,-70.839966,True,wood_utility,,lean_slight,slight,intact,none,False,1,3,1,2025-11,2025-11,https://www.mapillary.com/app/?pKey=810890098393098&focus=photo,
marb-00025,42.497757,-70.839874,True,wood_utility,,lean_slight,slight,intact,near,False,1,3,1,2025-11,2025-11,https://www.mapillary.com/app/?pKey=1256984123127224&focus=photo,
marb-00026,42.4979303,-70.8396113,True,wood_utility,vegetation,lean_slight,slight,unclear,touching,False,1,4,1,2025-11,2025-11,https://www.mapillary.com/app/?pKey=1745309156314206&focus=photo,
marb-00027,42.496765,-70.8411275,True,wood_utility,vegetation,lean_slight,slight,none_visible,touching,False,0,6,1,2025-11,2025-11,https://www.mapillary.com/app/?pKey=1444568540332456&focus=photo,
marb-00028,42.4970125,-70.840815,True,wood_utility,double;lean,,moderate,none_visible,none,False,1,8,1,2025-11,2025-11,https://www.mapillary.com/app/?pKey=695877420238452&focus=photo,
marb-00029,42.49692,-70.841,True,wood_utility,vegetation,lean_slight,slight,unclear,touching,True,1,1,1,2025-11,2025-11,https://www.mapillary.com/app/?pKey=1338630174417406&focus=photo,
marb-00030,42.4838195,-70.8770825,True,wood_utility,vegetation,lean_slight,slight,intact,touching,False,1,4,1,2023-11,2023-11,https://www.mapillary.com/app/?pKey=1040036430567762&focus=photo,
marb-00031,42.493546,-70.84481,True,wood_utility,,,none,intact,none,False,2,3,1,2025-11,2025-11,https://www.mapillary.com/app/?pKey=835624902280600&focus=photo,
marb-00032,42.493324,-70.84493,True,wood_utility,lean,,severe,none_visible,near,False,1,3,1,2025-11,2025-11,https://www.mapillary.com/app/?pKey=2327790097654841&focus=photo,
marb-00033,42.493793,-70.84415,True,wood_utility,vegetation,,unclear,none_visible,touching,False,2,3,1,2025-11,2025-11,https://www.mapillary.com/app/?pKey=1370128991315101&focus=photo,
marb-00034,42.494057,-70.843544,True,wood_utility,vegetation,,none,none_visible,touching,False,0,3,1,2025-11,2025-11,https://www.mapillary.com/app/?pKey=1097583298918973&focus=photo,
marb-00035,42.49385,-70.84403,True,wood_utility,vegetation,,unclear,unclear,touching,False,0,1,1,2025-11,2025-11,https://www.mapillary.com/app/?pKey=1153797266397726&focus=photo,
marb-00036,42.493702,-70.84441,True,wood_utility,vegetation,lean_slight,slight,none_visible,touching,False,1,3,1,2025-11,2025-11,https://www.mapillary.com/app/?pKey=825722330036849&focus=photo,
marb-00037,42.49431,-70.8433,True,wood_utility,lean;vegetation,,severe,none_visible,touching,False,1,3,1,2025-11,2025-11,https://www.mapillary.com/app/?pKey=1930796464164822&focus=photo,
marb-00038,42.4941,-70.84372,True,wood_utility,vegetation,,none,intact,touching,False,2,3,1,2025-11,2025-11,https://www.mapillary.com/app/?pKey=828668909891019&focus=photo,
marb-00039,42.49364,-70.84471,True,wood_utility,lean,,severe,intact,none,False,0,3,1,2025-11,2025-11,https://www.mapillary.com/app/?pKey=2046363242859313&focus=photo,
marb-00040,42.494556,-70.842926,True,wood_utility,vegetation,,unclear,none_visible,touching,False,1,3,1,2025-11,2025-11,https://www.mapillary.com/app/?pKey=1142784944278760&focus=photo,
marb-00041,42.507706,-70.845276,True,wood_utility,vegetation,,none,none_visible,touching,False,1,3,1,2023-08,2023-08,https://www.mapillary.com/app/?pKey=1429849574257689&focus=photo,
marb-00042,42.5077552,-70.845692,True,wood_utility,,,none,none_visible,near,False,2,5,1,2023-08,2023-08,https://www.mapillary.com/app/?pKey=256565560576867&focus=photo,
marb-00043,42.507683,-70.84555,True,wood_utility,vegetation,lean_slight,slight,none_visible,touching,False,1,3,1,2023-08,2023-08,https://www.mapillary.com/app/?pKey=335769795542825&focus=photo,
marb-00044,42.507587,-70.845024,True,wood_utility,,,none,none_visible,near,False,0,3,1,2023-08,2023-08,https://www.mapillary.com/app/?pKey=1015947893066796&focus=photo,
marb-00045,42.503147,-70.84963,True,wood_utility,vegetation,lean_slight,slight,none_visible,touching,False,2,3,1,2023-08,2023-08,https://www.mapillary.com/app/?pKey=1359525914662798&focus=photo,
marb-00046,42.50328,-70.84953,True,wood_utility,vegetation,lean_slight,slight,none_visible,touching,False,0,3,1,2023-08,2023-08,https://www.mapillary.com/app/?pKey=1359525914662798&focus=photo,
marb-00047,42.4976508,-70.874515,True,wood_utility,vegetation,,none,none_visible,touching,False,1,4,1,2023-08,2023-08,https://www.mapillary.com/app/?pKey=942719850150550&focus=photo,6.8
marb-00048,42.498311,-70.8725083,True,wood_utility,vegetation,lean_slight,slight,none_visible,touching,True,0,6,1,2023-08,2023-08,https://www.mapillary.com/app/?pKey=1445496089618508&focus=photo,6.6
marb-00049,42.498386,-70.8723,True,wood_utility,vegetation,lean_slight,slight,none_visible,touching,False,1,3,1,2023-08,2023-08,https://www.mapillary.com/app/?pKey=1475092229915257&focus=photo,12.7
marb-00050,42.498436,-70.8724,True,wood_utility,vegetation,,none,none_visible,touching,False,1,3,1,2023-08,2023-08,https://www.mapillary.com/app/?pKey=311306278144566&focus=photo,10.3
marb-00051,42.49808,-70.873314,True,wood_utility,vegetation,lean_slight,slight,none_visible,touching,False,1,3,1,2023-08,2023-08,https://www.mapillary.com/app/?pKey=885766183154303&focus=photo,14.3
marb-00052,42.497856,-70.87392,True,wood_utility,vegetation,,none,none_visible,touching,False,0,3,1,2023-08,2023-08,https://www.mapillary.com/app/?pKey=302547209026453&focus=photo,8.7
marb-00053,42.48943,-70.87014,True,wood_utility,vegetation,lean_slight,slight,none_visible,touching,False,0,3,1,2023-11,2023-11,https://www.mapillary.com/app/?pKey=275913058277738&focus=photo,
marb-00054,42.5029965,-70.84971,True,wood_utility,vegetation,lean_slight,slight,intact,touching,False,1,6,1,2023-08,2023-08,https://www.mapillary.com/app/?pKey=3457230884543110&focus=photo,
marb-00055,42.502796,-70.849808,True,wood_utility,vegetation,lean_slight,slight,none_visible,touching,False,2,5,1,2023-08,2023-08,https://www.mapillary.com/app/?pKey=267778749372365&focus=photo,
marb-00056,42.499523,-70.868576,True,wood_utility,lean;vegetation,,moderate,none_visible,touching,False,0,3,1,2023-08,2023-08,https://www.mapillary.com/app/?pKey=808849907649402&focus=photo,7.3
marb-00057,42.499626,-70.86709,True,wood_utility,vegetation,lean_slight,slight,none_visible,touching,False,1,1,1,2023-08,2023-08,https://www.mapillary.com/app/?pKey=247715841571933&focus=photo,3.1
marb-00058,42.49952,-70.868744,True,wood_utility,vegetation,lean_slight,slight,none_visible,touching,False,1,3,1,2023-08,2023-08,https://www.mapillary.com/app/?pKey=2753634158111531&focus=photo,20.9
marb-00059,42.499504,-70.868935,True,wood_utility,vegetation,lean_slight,slight,none_visible,touching,False,1,3,1,2023-08,2023-08,https://www.mapillary.com/app/?pKey=3075879646050608&focus=photo,23.4
marb-00060,42.499603,-70.86743,True,wood_utility,vegetation,lean_slight,slight,none_visible,touching,False,0,1,1,2023-08,2023-08,https://www.mapillary.com/app/?pKey=6933969593314690&focus=photo,
marb-00061,42.499607,-70.8679,True,wood_utility,,lean_slight,slight,none_visible,near,False,1,3,1,2023-08,2023-08,https://www.mapillary.com/app/?pKey=6407596855998578&focus=photo,9.6
marb-00062,42.506298,-70.848175,True,wood_utility,lean,,moderate,none_visible,none,False,2,3,1,2023-08,2023-08,https://www.mapillary.com/app/?pKey=675970197883427&focus=photo,
marb-00063,42.5064075,-70.848195,True,wood_utility,,,none,none_visible,near,False,2,6,1,2023-08,2023-08,https://www.mapillary.com/app/?pKey=1321076282162317&focus=photo,
marb-00064,42.506587,-70.84812,True,wood_utility,,,none,none_visible,none,False,1,6,1,2023-08,2023-08,https://www.mapillary.com/app/?pKey=251088647877653&focus=photo,
marb-00065,42.506577,-70.84803,True,wood_utility,,,none,none_visible,near,True,1,1,1,2023-08,2023-08,https://www.mapillary.com/app/?pKey=541723651416603&focus=photo,
marb-00066,42.503468,-70.84858,True,wood_utility,lean,,moderate,none_visible,none,False,0,3,1,2023-08,2023-08,https://www.mapillary.com/app/?pKey=2415211938652459&focus=photo,
marb-00067,42.49736,-70.8569,True,wood_utility,vegetation,,unclear,unclear,touching,False,1,3,1,2025-11,2025-11,https://www.mapillary.com/app/?pKey=2635787300109492&focus=photo,
marb-00068,42.497407,-70.856945,True,wood_utility,lean,,moderate,none_visible,near,False,1,4,1,2025-11,2025-11,https://www.mapillary.com/app/?pKey=1744698432909934&focus=photo,
marb-00069,42.495872,-70.85471,True,wood_utility,,,unclear,unclear,near,False,0,3,1,2025-11,2025-11,https://www.mapillary.com/app/?pKey=1137115008140669&focus=photo,
marb-00070,42.496864,-70.85617,True,wood_utility,vegetation,,none,none_visible,touching,False,2,3,1,2025-11,2025-11,https://www.mapillary.com/app/?pKey=1334929750995218&focus=photo,
marb-00071,42.497063,-70.85645,True,wood_utility,,lean_slight,slight,none_visible,none,False,2,3,1,2025-11,2025-11,https://www.mapillary.com/app/?pKey=690388923730744&focus=photo,
marb-00072,42.496723,-70.855965,True,wood_utility,,lean_slight,slight,none_visible,none,False,2,3,1,2025-11,2025-11,https://www.mapillary.com/app/?pKey=25100177799644515&focus=photo,
marb-00073,42.497242,-70.85671,True,wood_utility,,lean_slight,slight,none_visible,none,True,2,3,1,2025-11,2025-11,https://www.mapillary.com/app/?pKey=3488674191274324&focus=photo,
marb-00074,42.496407,-70.8555,True,wood_utility,,lean_slight,slight,none_visible,near,False,2,3,1,2025-11,2025-11,https://www.mapillary.com/app/?pKey=4127765720810882&focus=photo,
marb-00075,42.496014,-70.854944,True,wood_utility,,,none,none_visible,near,False,2,5,2,2025-11,2025-11,https://www.mapillary.com/app/?pKey=849735318006158&focus=photo,
marb-00076,42.496174,-70.85515,True,wood_utility,,lean_slight,slight,none_visible,near,False,2,3,1,2025-11,2025-11,https://www.mapillary.com/app/?pKey=25938597875741482&focus=photo,
marb-00077,42.49659,-70.85577,True,wood_utility,lean,,severe,none_visible,near,False,1,3,1,2025-11,2025-11,https://www.mapillary.com/app/?pKey=1383048456749953&focus=photo,
marb-00078,42.507233,-70.847496,True,wood_utility,vegetation,,none,none_visible,touching,False,2,3,1,2023-08,2023-08,https://www.mapillary.com/app/?pKey=673329171488005&focus=photo,
marb-00079,42.507462,-70.847247,True,wood_utility,,,none,none_visible,near,False,2,6,1,2023-08,2023-08,https://www.mapillary.com/app/?pKey=146611988486228&focus=photo,
marb-00080,42.507557,-70.84715,True,wood_utility,,,none,none_visible,none,False,0,3,1,2023-08,2023-08,https://www.mapillary.com/app/?pKey=253091730931888&focus=photo,
marb-00081,42.49441,-70.8612,True,wood_utility,lean,,severe,none_visible,near,True,1,3,1,2025-11,2025-11,https://www.mapillary.com/app/?pKey=25320333380924655&focus=photo,
marb-00082,42.4944705,-70.86132,True,wood_utility,,,none,intact,near,True,1,6,2,2025-11,2025-11,https://www.mapillary.com/app/?pKey=813485008095381&focus=photo,
marb-00083,42.4946571,-70.8616691,True,wood_utility,,,none,none_visible,near,False,2,11,2,2025-11,2025-11,https://www.mapillary.com/app/?pKey=1346196316964599&focus=photo,
marb-00084,42.4941236,-70.8607993,True,wood_utility,lean,,moderate,none_visible,near,True,1,7,1,2025-11,2025-11,https://www.mapillary.com/app/?pKey=3327710220719687&focus=photo,
marb-00085,42.4946065,-70.861495,True,wood_utility,,,none,intact,near,True,2,6,2,2025-11,2025-11,https://www.mapillary.com/app/?pKey=1595721505138249&focus=photo,
marb-00086,42.495002,-70.8617475,True,wood_utility,,,none,intact,near,False,2,6,1,2025-11,2025-11,https://www.mapillary.com/app/?pKey=853772290516450&focus=photo,
marb-00087,42.4948487,-70.8618783,True,wood_utility,double,,none,none_visible,near,False,0,9,2,2025-11,2025-11,https://www.mapillary.com/app/?pKey=1214386350519489&focus=photo,
marb-00088,42.4949083,-70.8618137,True,wood_utility,double;lean,,moderate,intact,near,False,0,9,2,2025-11,2025-11,https://www.mapillary.com/app/?pKey=1326217241991666&focus=photo,
marb-00089,42.494896,-70.861984,True,wood_utility,,lean_slight,slight,none_visible,near,False,2,3,1,2025-11,2025-11,https://www.mapillary.com/app/?pKey=3910521189222980&focus=photo,
marb-00090,42.49521,-70.861496,True,wood_utility,,,none,none_visible,near,False,1,1,1,2025-11,2025-11,https://www.mapillary.com/app/?pKey=1364541488711132&focus=photo,
marb-00091,42.494022,-70.86051,True,wood_utility,,,none,none_visible,none,True,1,3,1,2025-11,2025-11,https://www.mapillary.com/app/?pKey=530364116838958&focus=photo,
marb-00092,42.493687,-70.860306,True,wood_utility,lean,,severe,none_visible,none,False,0,3,1,2025-11,2025-11,https://www.mapillary.com/app/?pKey=819310954026509&focus=photo,
marb-00093,42.493787,-70.8602625,True,wood_utility,,,none,none_visible,none,False,2,4,2,2025-11,2025-11,https://www.mapillary.com/app/?pKey=819310954026509&focus=photo,
marb-00094,42.494026,-70.8602,True,wood_utility,,lean_slight,slight,unclear,near,False,1,1,1,2025-11,2025-11,https://www.mapillary.com/app/?pKey=1946708036284174&focus=photo,
marb-00095,42.4939392,-70.8605074,True,wood_utility,,,none,intact,near,False,2,5,2,2023-11,2025-11,https://www.mapillary.com/app/?pKey=294433706239947&focus=photo,
marb-00096,42.493855,-70.860405,True,wood_utility,,,none,none_visible,near,False,1,1,1,2025-11,2025-11,https://www.mapillary.com/app/?pKey=1341945631276507&focus=photo,
marb-00097,42.494198,-70.86087,True,wood_utility,lean,,moderate,intact,near,True,1,3,1,2025-11,2025-11,https://www.mapillary.com/app/?pKey=1894065001512005&focus=photo,
marb-00098,42.49498,-70.86207,True,wood_utility,,,unclear,none_visible,near,False,0,3,1,2025-11,2025-11,https://www.mapillary.com/app/?pKey=1326217241991666&focus=photo,
marb-00099,42.4947755,-70.8617975,True,wood_utility,vegetation,,none,none_visible,touching,False,1,6,2,2025-11,2025-11,https://www.mapillary.com/app/?pKey=707420121928473&focus=photo,
marb-00100,42.4960938,-70.8550913,True,wood_utility,double,lean_slight,slight,intact,near,False,2,4,1,2025-11,2025-11,https://www.mapillary.com/app/?pKey=721113544338962&focus=photo,
marb-00101,42.482517,-70.87819,True,wood_utility,,lean_slight,slight,none_visible,none,False,1,3,1,2023-11,2023-11,https://www.mapillary.com/app/?pKey=709165734166377&focus=photo,
marb-00102,42.48359,-70.87722,True,wood_utility,vegetation,,unclear,unclear,touching,False,0,1,1,2023-11,2023-11,https://www.mapillary.com/app/?pKey=157632544075967&focus=photo,
marb-00103,42.482815,-70.87803,True,wood_utility,,lean_slight,slight,intact,near,False,1,3,1,2023-11,2023-11,https://www.mapillary.com/app/?pKey=323150980463237&focus=photo,
marb-00104,42.482475,-70.87843,True,wood_utility,,,none,none_visible,near,False,0,3,1,2023-11,2023-11,https://www.mapillary.com/app/?pKey=1551562422314845&focus=photo,
marb-00105,42.482708,-70.87861,True,wood_utility,vegetation,lean_slight,slight,none_visible,touching,False,0,3,1,2023-11,2023-11,https://www.mapillary.com/app/?pKey=1115024263272961&focus=photo,
marb-00106,42.48314,-70.877686,True,wood_utility,,,none,intact,near,False,1,3,1,2023-11,2023-11,https://www.mapillary.com/app/?pKey=334877552493278&focus=photo,
marb-00107,42.491467,-70.846306,False,street_light,,lean_slight,slight,none_visible,near,False,0,3,1,2025-11,2025-11,https://www.mapillary.com/app/?pKey=1149706703954644&focus=photo,
marb-00108,42.503902,-70.83383,True,wood_utility,,,none,none_visible,near,False,1,3,1,2025-11,2025-11,https://www.mapillary.com/app/?pKey=1146767124253970&focus=photo,
marb-00109,42.50467,-70.83285,False,street_light,,lean_slight,slight,none_visible,near,False,0,3,1,2025-11,2025-11,https://www.mapillary.com/app/?pKey=25250661504529696&focus=photo,
marb-00110,42.5039375,-70.833675,True,wood_utility,lean,,moderate,none_visible,near,False,1,4,1,2025-11,2025-11,https://www.mapillary.com/app/?pKey=1146767124253970&focus=photo,
marb-00111,42.504055,-70.83348,True,wood_utility,,lean_slight,slight,none_visible,near,False,1,2,1,2025-11,2025-11,https://www.mapillary.com/app/?pKey=1119946683259168&focus=photo,
marb-00112,42.503826,-70.8339888,True,concrete_or_steel_utility,lean;vegetation,,severe,none_visible,touching,False,0,4,1,2025-11,2025-11,https://www.mapillary.com/app/?pKey=1477379746659759&focus=photo,
marb-00113,42.504116,-70.833374,True,wood_utility,,lean_slight,slight,none_visible,near,False,1,2,1,2025-11,2025-11,https://www.mapillary.com/app/?pKey=1460202775074814&focus=photo,
marb-00114,42.5037887,-70.8341867,True,wood_utility,,lean_slight,slight,none_visible,near,False,1,3,1,2025-11,2025-11,https://www.mapillary.com/app/?pKey=1317235596289164&focus=photo,
marb-00115,42.500618,-70.836044,True,wood_utility,,lean_slight,slight,none_visible,near,False,2,3,1,2025-11,2025-11,https://www.mapillary.com/app/?pKey=858389417138942&focus=photo,
marb-00116,42.50003,-70.83719,True,wood_utility,lean;vegetation,,severe,none_visible,touching,False,0,3,1,2025-11,2025-11,https://www.mapillary.com/app/?pKey=1347601310072024&focus=photo,
marb-00117,42.50012,-70.83663,True,wood_utility,,lean_slight,slight,intact,near,False,1,3,1,2025-11,2025-11,https://www.mapillary.com/app/?pKey=1394336948798003&focus=photo,
marb-00118,42.500652,-70.835945,True,wood_utility,,lean_slight,slight,none_visible,none,True,1,3,1,2025-11,2025-11,https://www.mapillary.com/app/?pKey=25871598042428075&focus=photo,
marb-00119,42.499477,-70.83749,True,wood_utility,,lean_slight,slight,none_visible,near,False,2,3,1,2025-11,2025-11,https://www.mapillary.com/app/?pKey=1587300539308483&focus=photo,
marb-00120,42.500736,-70.83583,True,wood_utility,,lean_slight,slight,intact,near,False,1,3,1,2025-11,2025-11,https://www.mapillary.com/app/?pKey=2076098973195701&focus=photo,
marb-00121,42.500396,-70.83628,True,wood_utility,double,lean_slight,slight,intact,near,False,2,6,1,2025-11,2025-11,https://www.mapillary.com/app/?pKey=1166825258251950&focus=photo,
marb-00122,42.500698,-70.83614,True,wood_utility,lean,,severe,none_visible,near,False,0,3,1,2025-11,2025-11,https://www.mapillary.com/app/?pKey=1413468303445213&focus=photo,
marb-00123,42.4998368,-70.83712,True,wood_utility,,,none,none_visible,near,False,2,5,1,2025-11,2025-11,https://www.mapillary.com/app/?pKey=1007786941503058&focus=photo,
marb-00124,42.499626,-70.837296,True,wood_utility,,lean_slight,slight,none_visible,none,True,1,3,1,2025-11,2025-11,https://www.mapillary.com/app/?pKey=1547801103013161&focus=photo,
marb-00125,42.49972,-70.83729,True,wood_utility,,lean_slight,slight,unclear,near,False,1,2,1,2025-11,2025-11,https://www.mapillary.com/app/?pKey=1327252242514245&focus=photo,
marb-00126,42.49987,-70.836975,True,wood_utility,,,none,none_visible,none,False,2,3,1,2025-11,2025-11,https://www.mapillary.com/app/?pKey=1347601310072024&focus=photo,
marb-00127,42.498455,-70.83898,True,wood_utility,,lean_slight,slight,unclear,near,False,1,1,1,2025-11,2025-11,https://www.mapillary.com/app/?pKey=796358479936895&focus=photo,
marb-00128,42.49833,-70.83905,True,wood_utility,vegetation,,none,none_visible,touching,False,1,3,1,2025-11,2025-11,https://www.mapillary.com/app/?pKey=1365893121862100&focus=photo,
marb-00129,42.49893,-70.83824,True,wood_utility,lean,,severe,none_visible,near,False,1,3,1,2025-11,2025-11,https://www.mapillary.com/app/?pKey=710081151599973&focus=photo,
marb-00130,42.498745,-70.83848,True,wood_utility,,,none,intact,near,False,2,3,1,2025-11,2025-11,https://www.mapillary.com/app/?pKey=1330074808606813&focus=photo,
marb-00131,42.49816,-70.839264,True,wood_utility,lean;vegetation,,severe,unclear,touching,False,1,3,1,2025-11,2025-11,https://www.mapillary.com/app/?pKey=4212836872320527&focus=photo,
marb-00132,42.498493,-70.83883,True,wood_utility,,,none,none_visible,near,False,1,3,1,2025-11,2025-11,https://www.mapillary.com/app/?pKey=822068044158651&focus=photo,
marb-00133,42.49938,-70.83774,True,wood_utility,,lean_slight,slight,none_visible,near,False,2,1,1,2025-11,2025-11,https://www.mapillary.com/app/?pKey=1299869665503256&focus=photo,
marb-00134,42.499306,-70.837814,True,wood_utility,,lean_slight,slight,none_visible,near,False,1,2,1,2025-11,2025-11,https://www.mapillary.com/app/?pKey=692826960569128&focus=photo,
marb-00135,42.49914,-70.83801,True,wood_utility,,lean_slight,slight,none_visible,near,False,2,3,1,2025-11,2025-11,https://www.mapillary.com/app/?pKey=863815659314177&focus=photo,
marb-00136,42.490658,-70.83973,True,wood_utility,,lean_slight,slight,unclear,near,False,1,1,1,2025-11,2025-11,https://www.mapillary.com/app/?pKey=1585563472607116&focus=photo,
marb-00137,42.490414,-70.8399,True,wood_utility,lean;vegetation,,severe,none_visible,touching,False,1,3,1,2025-11,2025-11,https://www.mapillary.com/app/?pKey=1325218135763316&focus=photo,
marb-00138,42.4902733,-70.839895,True,wood_utility,lean,,moderate,none_visible,near,False,1,4,1,2025-11,2025-11,https://www.mapillary.com/app/?pKey=1165564002344819&focus=photo,
marb-00139,42.49019,-70.83988,True,wood_utility,,lean_slight,slight,none_visible,near,False,1,2,1,2025-11,2025-11,https://www.mapillary.com/app/?pKey=1910837803123638&focus=photo,
marb-00140,42.49049,-70.839874,True,wood_utility,,,none,none_visible,near,False,1,3,1,2025-11,2025-11,https://www.mapillary.com/app/?pKey=1585563472607116&focus=photo,
marb-00141,42.490986,-70.83863,True,wood_utility,,,unclear,unclear,none,False,1,1,1,2025-11,2025-11,https://www.mapillary.com/app/?pKey=789050084131296&focus=photo,
marb-00142,42.50387,-70.8541,True,wood_utility,vegetation,,none,none_visible,touching,False,2,3,1,2023-08,2023-08,https://www.mapillary.com/app/?pKey=588692123227392&focus=photo,
marb-00143,42.4936005,-70.8599925,True,wood_utility,,,none,none_visible,near,False,2,6,2,2025-11,2025-11,https://www.mapillary.com/app/?pKey=683919411116573&focus=photo,
marb-00144,42.493176,-70.85924,True,wood_utility,,,none,none_visible,near,False,1,3,1,2023-11,2023-11,https://www.mapillary.com/app/?pKey=663846382483946&focus=photo,
marb-00145,42.4924547,-70.8583133,True,wood_utility,,,none,none_visible,near,False,1,3,1,2023-11,2023-11,https://www.mapillary.com/app/?pKey=687251120168651&focus=photo,
marb-00146,42.4926015,-70.8584595,True,wood_utility,vegetation,,none,none_visible,touching,False,1,6,1,2023-11,2023-11,https://www.mapillary.com/app/?pKey=3405612243084979&focus=photo,
marb-00147,42.4933855,-70.859598,True,wood_utility,,,none,none_visible,near,False,1,6,1,2023-11,2023-11,https://www.mapillary.com/app/?pKey=280430367782382&focus=photo,
marb-00148,42.492306,-70.85839,True,wood_utility,,,none,none_visible,near,False,1,2,1,2023-11,2023-11,https://www.mapillary.com/app/?pKey=311184745099319&focus=photo,
marb-00149,42.492767,-70.85863,True,wood_utility,,,none,none_visible,near,False,0,3,1,2023-11,2023-11,https://www.mapillary.com/app/?pKey=854083783069631&focus=photo,
marb-00150,42.4929593,-70.85901,True,wood_utility,,,none,none_visible,near,False,1,3,1,2023-11,2023-11,https://www.mapillary.com/app/?pKey=192098463951918&focus=photo,
marb-00151,42.493652,-70.86007,True,wood_utility,,,none,none_visible,near,False,1,1,1,2023-11,2023-11,https://www.mapillary.com/app/?pKey=635932075157871&focus=photo,
marb-00152,42.493763,-70.860435,True,wood_utility,,,none,none_visible,near,False,1,3,1,2023-11,2023-11,https://www.mapillary.com/app/?pKey=7396770930355700&focus=photo,
marb-00153,42.504494,-70.852234,True,wood_utility,,,none,none_visible,near,False,2,3,1,2023-08,2023-08,https://www.mapillary.com/app/?pKey=716398153631135&focus=photo,
marb-00154,42.504423,-70.852505,True,wood_utility,vegetation,lean_slight,slight,none_visible,touching,False,1,6,1,2023-08,2023-08,https://www.mapillary.com/app/?pKey=157041834092616&focus=photo,
marb-00155,42.505196,-70.83374,True,wood_utility,,lean_slight,slight,none_visible,near,False,2,3,1,2024-06,2024-06,https://www.mapillary.com/app/?pKey=896529512249858&focus=photo,
marb-00156,42.496136,-70.84174,False,unclear,,,unclear,unclear,near,False,0,2,1,2025-11,2025-11,https://www.mapillary.com/app/?pKey=1327976468527009&focus=photo,
marb-00157,42.496225,-70.841744,True,wood_utility,vegetation,lean_slight,slight,none_visible,touching,False,0,5,1,2025-11,2025-11,https://www.mapillary.com/app/?pKey=32340994908878485&focus=photo,
marb-00158,42.4958008,-70.842106,True,wood_utility,vegetation,lean_slight,slight,none_visible,touching,True,1,5,1,2025-11,2025-11,https://www.mapillary.com/app/?pKey=1516255409565557&focus=photo,
marb-00159,42.496539,-70.8413887,True,wood_utility,lean;vegetation,,moderate,none_visible,touching,False,1,4,1,2025-11,2025-11,https://www.mapillary.com/app/?pKey=1326322532013530&focus=photo,
marb-00160,42.496048,-70.841873,True,wood_utility,vegetation,lean_slight,slight,unclear,touching,False,1,6,1,2025-11,2025-11,https://www.mapillary.com/app/?pKey=1554007235632590&focus=photo,
marb-00161,42.49635,-70.84158,True,wood_utility,lean,,moderate,none_visible,none,False,2,3,1,2025-11,2025-11,https://www.mapillary.com/app/?pKey=4214373312146893&focus=photo,
marb-00162,42.49661,-70.84136,True,wood_utility,vegetation,lean_slight,slight,unclear,touching,False,1,1,1,2025-11,2025-11,https://www.mapillary.com/app/?pKey=1410644143811543&focus=photo,
marb-00163,42.495565,-70.8423375,True,wood_utility,vegetation,,unclear,none_visible,touching,False,1,4,1,2025-11,2025-11,https://www.mapillary.com/app/?pKey=2221126928380940&focus=photo,
marb-00164,42.495247,-70.842505,False,street_light,lean;vegetation,,severe,none_visible,touching,False,0,6,1,2025-11,2025-11,https://www.mapillary.com/app/?pKey=653406761184929&focus=photo,
marb-00165,42.494877,-70.842606,True,wood_utility,lean,,moderate,none_visible,near,False,1,3,1,2025-11,2025-11,https://www.mapillary.com/app/?pKey=1374359087368902&focus=photo,
marb-00166,42.495316,-70.842476,False,unclear,,,unclear,none_visible,unclear,False,0,2,1,2025-11,2025-11,https://www.mapillary.com/app/?pKey=653406761184929&focus=photo,
marb-00167,42.495663,-70.863434,True,wood_utility,,lean_slight,slight,none_visible,near,False,2,3,1,2023-11,2023-11,https://www.mapillary.com/app/?pKey=374160285355918&focus=photo,
marb-00168,42.4954778,-70.863386,True,wood_utility,,,none,none_visible,near,False,1,5,1,2023-11,2023-11,https://www.mapillary.com/app/?pKey=851709736491406&focus=photo,
marb-00169,42.49571,-70.86362,True,wood_utility,,,none,none_visible,near,False,2,3,1,2023-11,2023-11,https://www.mapillary.com/app/?pKey=1277313469622771&focus=photo,
marb-00170,42.49529,-70.862885,True,wood_utility,,,none,none_visible,near,False,1,3,1,2023-11,2023-11,https://www.mapillary.com/app/?pKey=369695978954259&focus=photo,
marb-00171,42.49525,-70.8628455,True,wood_utility,,,none,none_visible,none,False,2,4,1,2023-11,2023-11,https://www.mapillary.com/app/?pKey=322640563962316&focus=photo,
marb-00172,42.495346,-70.86305,True,wood_utility,,,none,none_visible,near,False,1,2,1,2023-11,2023-11,https://www.mapillary.com/app/?pKey=673933418141583&focus=photo,
marb-00173,42.495438,-70.86325,True,wood_utility,,,none,none_visible,near,False,1,2,1,2023-11,2023-11,https://www.mapillary.com/app/?pKey=644796767855303&focus=photo,
marb-00174,42.49514,-70.862656,True,wood_utility,,lean_slight,slight,none_visible,near,False,2,1,1,2023-11,2023-11,https://www.mapillary.com/app/?pKey=408856835160098&focus=photo,
marb-00175,42.4953687,-70.863982,True,wood_utility,,,none,none_visible,none,False,1,8,1,2023-11,2023-11,https://www.mapillary.com/app/?pKey=874570283973470&focus=photo,
marb-00176,42.495846,-70.86341,True,wood_utility,vegetation,,none,none_visible,touching,False,1,2,1,2023-11,2023-11,https://www.mapillary.com/app/?pKey=274093572263403&focus=photo,
marb-00177,42.495438,-70.86309,True,wood_utility,,lean_slight,slight,none_visible,near,False,2,3,1,2023-11,2023-11,https://www.mapillary.com/app/?pKey=1502234816986112&focus=photo,
marb-00178,42.4917058,-70.85663,True,wood_utility,,,none,none_visible,none,False,1,5,1,2023-11,2023-11,https://www.mapillary.com/app/?pKey=901112328286941&focus=photo,
marb-00179,42.492043,-70.85744,True,wood_utility,,lean_slight,slight,intact,near,False,2,1,1,2023-11,2023-11,https://www.mapillary.com/app/?pKey=3640814359529763&focus=photo,
marb-00180,42.4919096,-70.856901,True,wood_utility,,,none,intact,none,False,1,5,1,2023-11,2023-11,https://www.mapillary.com/app/?pKey=1408974532988029&focus=photo,
marb-00181,42.4921948,-70.85773,True,wood_utility,,,none,none_visible,none,False,2,4,1,2023-11,2023-11,https://www.mapillary.com/app/?pKey=1013272013226000&focus=photo,
marb-00182,42.4914,-70.85552,True,wood_utility,,,none,none_visible,none,False,0,3,1,2023-11,2023-11,https://www.mapillary.com/app/?pKey=1392398804820237&focus=photo,
marb-00183,42.49127,-70.855125,True,wood_utility,,,none,none_visible,none,False,0,3,1,2023-11,2023-11,https://www.mapillary.com/app/?pKey=358619623309863&focus=photo,
marb-00184,42.49151,-70.855896,True,wood_utility,,,none,none_visible,none,False,1,3,1,2023-11,2023-11,https://www.mapillary.com/app/?pKey=2104416166562250&focus=photo,
marb-00185,42.491898,-70.85722,True,wood_utility,,,none,none_visible,none,False,2,3,1,2023-11,2023-11,https://www.mapillary.com/app/?pKey=993822105044493&focus=photo,
marb-00186,42.491997,-70.85733,True,wood_utility,,,none,intact,near,False,2,1,1,2023-11,2023-11,https://www.mapillary.com/app/?pKey=3569315923383933&focus=photo,
marb-00187,42.4918275,-70.8564238,True,wood_utility,,,none,none_visible,none,False,2,4,1,2023-11,2023-11,https://www.mapillary.com/app/?pKey=244219305335947&focus=photo,
marb-00188,42.492006,-70.8571925,True,wood_utility,,lean_slight,slight,none_visible,near,False,1,6,1,2023-11,2023-11,https://www.mapillary.com/app/?pKey=993822105044493&focus=photo,
marb-00189,42.49222,-70.85765,True,wood_utility,,lean_slight,slight,none_visible,near,False,2,3,1,2023-11,2023-11,https://www.mapillary.com/app/?pKey=717434470441806&focus=photo,
marb-00190,42.4920952,-70.85728,True,wood_utility,,lean_slight,slight,none_visible,near,False,2,5,2,2025-11,2025-11,https://www.mapillary.com/app/?pKey=1157214232766369&focus=photo,
marb-00191,42.49222,-70.85796,True,wood_utility,,lean_slight,slight,intact,near,False,2,2,1,2023-11,2023-11,https://www.mapillary.com/app/?pKey=873117040921767&focus=photo,
marb-00192,42.491394,-70.85648,True,wood_utility,,,none,intact,none,True,1,3,1,2023-11,2023-11,https://www.mapillary.com/app/?pKey=269362232336200&focus=photo,
marb-00193,42.492146,-70.857635,True,wood_utility,,,none,none_visible,none,False,1,2,1,2023-11,2023-11,https://www.mapillary.com/app/?pKey=370371965432403&focus=photo,
marb-00194,42.49202,-70.85758,True,wood_utility,vegetation,,none,none_visible,touching,False,0,3,1,2023-11,2023-11,https://www.mapillary.com/app/?pKey=358446963258797&focus=photo,
marb-00195,42.491386,-70.856804,True,wood_utility,,,none,none_visible,near,False,0,1,1,2023-11,2023-11,https://www.mapillary.com/app/?pKey=1408974532988029&focus=photo,
marb-00196,42.502434,-70.83421,True,wood_utility,crossarm,lean_slight,slight,damaged,none,False,2,1,1,2025-11,2025-11,https://www.mapillary.com/app/?pKey=1640916393374558&focus=photo,
marb-00197,42.489265,-70.84289,True,wood_utility,vegetation,,unclear,intact,touching,False,1,3,1,2025-11,2025-11,https://www.mapillary.com/app/?pKey=25727287860206238&focus=photo,
marb-00198,42.489162,-70.842636,True,wood_utility,vegetation,,unclear,intact,touching,False,2,3,1,2025-11,2025-11,https://www.mapillary.com/app/?pKey=2240647236416732&focus=photo,
marb-00199,42.495375,-70.861213,True,wood_utility,,,none,none_visible,none,False,2,6,2,2025-11,2025-11,https://www.mapillary.com/app/?pKey=1152111833654864&focus=photo,
marb-00200,42.4955133,-70.8609647,True,wood_utility,,,none,none_visible,near,False,2,9,2,2025-11,2025-11,https://www.mapillary.com/app/?pKey=1391544429246370&focus=photo,
marb-00201,42.4932815,-70.859335,True,wood_utility,,,none,none_visible,near,False,2,4,1,2025-11,2025-11,https://www.mapillary.com/app/?pKey=2321685831622336&focus=photo,
marb-00202,42.4934703,-70.8597625,True,wood_utility,,lean_slight,slight,none_visible,none,False,1,4,1,2025-11,2025-11,https://www.mapillary.com/app/?pKey=4163664203890497&focus=photo,
marb-00203,42.492302,-70.85775,True,wood_utility,,lean_slight,slight,intact,near,False,1,3,1,2025-11,2025-11,https://www.mapillary.com/app/?pKey=2027035884763818&focus=photo,
marb-00204,42.4933387,-70.8594975,True,wood_utility,,,none,none_visible,near,False,1,4,1,2025-11,2025-11,https://www.mapillary.com/app/?pKey=1371330561310317&focus=photo,
marb-00205,42.493069,-70.858975,True,wood_utility,,,none,none_visible,near,False,2,6,2,2025-11,2025-11,https://www.mapillary.com/app/?pKey=1165732491601439&focus=photo,
marb-00206,42.493553,-70.859924,True,wood_utility,,lean_slight,slight,none_visible,near,False,2,3,1,2025-11,2025-11,https://www.mapillary.com/app/?pKey=705127755983600&focus=photo,
marb-00207,42.49343,-70.85969,True,wood_utility,lean,,moderate,none_visible,none,False,1,2,1,2025-11,2025-11,https://www.mapillary.com/app/?pKey=1365166018514371&focus=photo,
marb-00208,42.49285,-70.85862,True,concrete_or_steel_utility,,,unclear,none_visible,near,False,0,3,1,2025-11,2025-11,https://www.mapillary.com/app/?pKey=1378869023796855&focus=photo,
marb-00209,42.493515,-70.85981,True,wood_utility,,,none,none_visible,near,False,1,3,1,2025-11,2025-11,https://www.mapillary.com/app/?pKey=2393352014417266&focus=photo,
marb-00210,42.492725,-70.85846,True,wood_utility,,,none,none_visible,near,False,1,1,1,2025-11,2025-11,https://www.mapillary.com/app/?pKey=1378869023796855&focus=photo,
marb-00211,42.49258,-70.85823,True,wood_utility,,lean_slight,slight,none_visible,near,False,1,3,1,2025-11,2025-11,https://www.mapillary.com/app/?pKey=2010823979730687&focus=photo,
marb-00212,42.492474,-70.858025,True,wood_utility,lean;vegetation,,severe,none_visible,touching,False,0,3,1,2025-11,2025-11,https://www.mapillary.com/app/?pKey=2043478693065403&focus=photo,
marb-00213,42.49375,-70.860085,True,wood_utility,,lean_slight,slight,none_visible,near,False,2,3,1,2025-11,2025-11,https://www.mapillary.com/app/?pKey=705127619295964&focus=photo,
marb-00214,42.492664,-70.858315,True,wood_utility,,lean_slight,slight,none_visible,near,False,0,3,1,2025-11,2025-11,https://www.mapillary.com/app/?pKey=1757925558203037&focus=photo,
marb-00215,42.48559,-70.885826,True,wood_utility,vegetation,,none,none_visible,touching,False,2,3,1,2023-11,2023-11,https://www.mapillary.com/app/?pKey=1517481965737511&focus=photo,
marb-00216,42.48493,-70.88668,True,wood_utility,,,none,none_visible,near,False,0,3,1,2023-11,2023-11,https://www.mapillary.com/app/?pKey=753729956797221&focus=photo,
marb-00217,42.485085,-70.88643,True,wood_utility,,,none,none_visible,near,False,1,3,1,2023-11,2023-11,https://www.mapillary.com/app/?pKey=184285584760666&focus=photo,
marb-00218,42.485214,-70.886275,True,wood_utility,,lean_slight,slight,none_visible,near,False,2,6,1,2023-11,2023-11,https://www.mapillary.com/app/?pKey=259913340045298&focus=photo,
marb-00219,42.485046,-70.887,True,wood_utility,,,none,none_visible,near,False,1,2,1,2023-11,2023-11,https://www.mapillary.com/app/?pKey=342700885163097&focus=photo,
marb-00220,42.485165,-70.88743,True,wood_utility,,,none,none_visible,none,False,0,3,1,2023-11,2023-11,https://www.mapillary.com/app/?pKey=2003364890047874&focus=photo,
marb-00221,42.491783,-70.856115,True,wood_utility,,,unclear,intact,none,False,2,6,2,2025-11,2025-11,https://www.mapillary.com/app/?pKey=1135955448736153&focus=photo,
marb-00222,42.49175,-70.85604,True,wood_utility,,lean_slight,slight,none_visible,none,False,1,3,1,2025-11,2025-11,https://www.mapillary.com/app/?pKey=2177606932728192&focus=photo,
marb-00223,42.491714,-70.85593,True,wood_utility,lean,,severe,intact,none,False,1,3,1,2025-11,2025-11,https://www.mapillary.com/app/?pKey=2177606932728192&focus=photo,
marb-00224,42.4914,-70.85621,True,wood_utility,,lean_slight,slight,intact,none,False,1,2,1,2025-11,2025-11,https://www.mapillary.com/app/?pKey=816117761125840&focus=photo,
marb-00225,42.49154,-70.85569,False,street_light,,lean_slight,slight,none_visible,none,False,1,3,1,2025-11,2025-11,https://www.mapillary.com/app/?pKey=1701055023922627&focus=photo,
marb-00226,42.4917,-70.856345,True,wood_utility,,lean_slight,slight,none_visible,none,False,0,6,1,2025-11,2025-11,https://www.mapillary.com/app/?pKey=842577511481553&focus=photo,
marb-00227,42.491447,-70.85533,True,wood_utility,lean,,severe,none_visible,none,False,0,3,1,2025-11,2025-11,https://www.mapillary.com/app/?pKey=1469644354116199&focus=photo,
marb-00228,42.491676,-70.85582,True,wood_utility,lean,,severe,intact,none,False,1,2,1,2025-11,2025-11,https://www.mapillary.com/app/?pKey=843712888624348&focus=photo,
marb-00229,42.49201,-70.85704,True,wood_utility,,lean_slight,slight,intact,near,False,1,3,1,2025-11,2025-11,https://www.mapillary.com/app/?pKey=1738397206868643&focus=photo,
marb-00230,42.4919309,-70.8567769,True,wood_utility,,lean_slight,slight,none_visible,near,False,2,7,1,2025-11,2025-11,https://www.mapillary.com/app/?pKey=1364759218555337&focus=photo,
marb-00231,42.4919015,-70.856675,True,wood_utility,,lean_slight,slight,intact,none,False,1,6,1,2025-11,2025-11,https://www.mapillary.com/app/?pKey=1257611803061254&focus=photo,
marb-00232,42.49188,-70.8565,True,concrete_or_steel_utility,lean,,moderate,none_visible,none,False,1,3,1,2025-11,2025-11,https://www.mapillary.com/app/?pKey=1194339069242378&focus=photo,
marb-00233,42.49182,-70.856285,True,wood_utility,,lean_slight,slight,intact,near,False,2,3,1,2025-11,2025-11,https://www.mapillary.com/app/?pKey=1241565907990171&focus=photo,
marb-00234,42.491627,-70.856064,False,other,,,none,none_visible,none,False,0,1,1,2025-11,2025-11,https://www.mapillary.com/app/?pKey=3754696164823954&focus=photo,
marb-00235,42.50678,-70.844666,True,wood_utility,,,none,none_visible,near,False,1,2,1,2023-08,2023-08,https://www.mapillary.com/app/?pKey=826951642414888&focus=photo,
marb-00236,42.506573,-70.84478,True,wood_utility,,lean_slight,slight,none_visible,near,False,2,1,1,2023-08,2023-08,https://www.mapillary.com/app/?pKey=630473122218105&focus=photo,
marb-00237,42.506428,-70.84484,True,wood_utility,,lean_slight,slight,intact,near,True,1,3,1,2023-08,2023-08,https://www.mapillary.com/app/?pKey=165380963244245&focus=photo,
marb-00238,42.506153,-70.845055,True,wood_utility,vegetation,,none,none_visible,touching,False,2,3,1,2023-08,2023-08,https://www.mapillary.com/app/?pKey=962587028177272&focus=photo,
marb-00239,42.50608,-70.84518,True,wood_utility,vegetation,,none,intact,touching,False,1,3,1,2023-08,2023-08,https://www.mapillary.com/app/?pKey=250968737853978&focus=photo,
marb-00240,42.50588,-70.84544,True,wood_utility,,lean_slight,slight,intact,near,False,2,3,1,2023-08,2023-08,https://www.mapillary.com/app/?pKey=299878719256662&focus=photo,
marb-00241,42.506702,-70.844696,True,wood_utility,,lean_slight,slight,none_visible,near,False,2,3,1,2023-08,2023-08,https://www.mapillary.com/app/?pKey=155522787578684&focus=photo,
marb-00242,42.508346,-70.8428781,True,wood_utility,,,none,intact,near,False,2,8,1,2023-08,2023-08,https://www.mapillary.com/app/?pKey=1700224413752429&focus=photo,
marb-00243,42.50827,-70.842735,True,wood_utility,,,none,none_visible,near,False,1,3,1,2023-08,2023-08,https://www.mapillary.com/app/?pKey=665035158867913&focus=photo,
marb-00244,42.50835,-70.84254,True,wood_utility,,lean_slight,slight,unclear,near,False,1,2,1,2023-08,2023-08,https://www.mapillary.com/app/?pKey=134572023040331&focus=photo,
marb-00245,42.504047,-70.832726,True,wood_utility,,,none,none_visible,near,True,1,3,1,2025-11,2025-11,https://www.mapillary.com/app/?pKey=1169817895092799&focus=photo,
marb-00246,42.504627,-70.833305,False,other,,,none,none_visible,none,False,0,1,1,2025-11,2025-11,https://www.mapillary.com/app/?pKey=1520587132390854&focus=photo,
marb-00247,42.504268,-70.83296,True,wood_utility,vegetation,,unclear,unclear,touching,False,0,5,1,2025-11,2025-11,https://www.mapillary.com/app/?pKey=1109042614406144&focus=photo,
marb-00248,42.504135,-70.83322,True,wood_utility,,lean_slight,slight,none_visible,near,False,0,3,1,2025-11,2025-11,https://www.mapillary.com/app/?pKey=722019637578426&focus=photo,
marb-00249,42.50451,-70.833145,True,wood_utility,lean,,moderate,none_visible,near,False,1,3,1,2025-11,2025-11,https://www.mapillary.com/app/?pKey=1520587132390854&focus=photo,
marb-00250,42.49993,-70.864296,True,wood_utility,vegetation,,none,intact,touching,False,1,3,1,2023-08,2023-08,https://www.mapillary.com/app/?pKey=234074515791051&focus=photo,11.8
marb-00251,42.499935,-70.86414,True,wood_utility,vegetation,lean_slight,slight,intact,touching,False,1,3,1,2023-08,2023-08,https://www.mapillary.com/app/?pKey=626426686225288&focus=photo,2.1
marb-00252,42.495459,-70.8610925,True,wood_utility,,,unclear,none_visible,near,False,2,6,1,2025-11,2025-11,https://www.mapillary.com/app/?pKey=822603100490182&focus=photo,
marb-00253,42.49564,-70.86073,True,wood_utility,,,none,none_visible,none,False,2,6,1,2025-11,2025-11,https://www.mapillary.com/app/?pKey=689891640431285&focus=photo,
marb-00254,42.49561,-70.86132,True,wood_utility,lean,,severe,none_visible,near,False,1,3,1,2025-11,2025-11,https://www.mapillary.com/app/?pKey=825719860441232&focus=photo,
marb-00255,42.4962966,-70.8595344,True,wood_utility,,lean_slight,slight,intact,near,False,2,9,1,2025-11,2025-11,https://www.mapillary.com/app/?pKey=2328535247663331&focus=photo,
marb-00256,42.4962003,-70.8596667,True,wood_utility,,,none,none_visible,near,False,1,9,1,2025-11,2025-11,https://www.mapillary.com/app/?pKey=1602174630652723&focus=photo,
marb-00257,42.4963244,-70.85944,True,wood_utility,,lean_slight,slight,none_visible,near,False,2,5,1,2025-11,2025-11,https://www.mapillary.com/app/?pKey=1206615197948499&focus=photo,
marb-00258,42.496147,-70.85977,True,wood_utility,vegetation,lean_slight,slight,none_visible,touching,False,1,3,1,2025-11,2025-11,https://www.mapillary.com/app/?pKey=1565422751568251&focus=photo,
marb-00259,42.4963985,-70.859293,True,wood_utility,,lean_slight,slight,none_visible,near,False,2,6,1,2025-11,2025-11,https://www.mapillary.com/app/?pKey=2468350853566978&focus=photo,
marb-00260,42.49507,-70.8616388,True,wood_utility,double,lean_slight,slight,none_visible,near,False,2,5,1,2025-11,2025-11,https://www.mapillary.com/app/?pKey=1496006925022842&focus=photo,
marb-00261,42.4951247,-70.8615967,True,wood_utility,double,lean_slight,slight,unclear,near,False,2,3,1,2025-11,2025-11,https://www.mapillary.com/app/?pKey=813270794824255&focus=photo,
marb-00262,42.49581,-70.86049,True,wood_utility,,lean_slight,slight,unclear,near,False,1,2,1,2025-11,2025-11,https://www.mapillary.com/app/?pKey=4308547786084840&focus=photo,
marb-00263,42.4958415,-70.8604025,True,wood_utility,,,none,none_visible,near,False,1,6,1,2025-11,2025-11,https://www.mapillary.com/app/?pKey=4308547786084840&focus=photo,
marb-00264,42.4959264,-70.8601988,True,wood_utility,,,none,none_visible,near,False,1,5,1,2025-11,2025-11,https://www.mapillary.com/app/?pKey=2227626664393858&focus=photo,
marb-00265,42.495872,-70.86029,True,wood_utility,,,none,none_visible,near,False,2,3,1,2025-11,2025-11,https://www.mapillary.com/app/?pKey=683272218165869&focus=photo,
marb-00266,42.495736,-70.8605653,True,wood_utility,,,none,none_visible,near,False,2,9,1,2025-11,2025-11,https://www.mapillary.com/app/?pKey=25123504620632995&focus=photo,
marb-00267,42.4953,-70.861595,True,wood_utility,,lean_slight,slight,none_visible,near,False,0,1,1,2025-11,2025-11,https://www.mapillary.com/app/?pKey=1146500370939407&focus=photo,
marb-00268,42.4961205,-70.859868,True,wood_utility,,lean_slight,slight,none_visible,near,False,1,6,1,2025-11,2025-11,https://www.mapillary.com/app/?pKey=1182006607401214&focus=photo,
marb-00269,42.495573,-70.860865,True,wood_utility,,lean_slight,slight,none_visible,near,False,2,6,1,2025-11,2025-11,https://www.mapillary.com/app/?pKey=693840327103033&focus=photo,
marb-00270,42.495865,-70.86091,True,wood_utility,,lean_slight,slight,none_visible,near,False,1,3,1,2025-11,2025-11,https://www.mapillary.com/app/?pKey=25123504620632995&focus=photo,
marb-00271,42.49526,-70.86142,True,concrete_or_steel_utility,,,unclear,none_visible,near,False,1,3,1,2025-11,2025-11,https://www.mapillary.com/app/?pKey=2240258953152488&focus=photo,
marb-00272,42.4959907,-70.8601514,True,wood_utility,,lean_slight,slight,none_visible,near,False,2,7,1,2025-11,2025-11,https://www.mapillary.com/app/?pKey=852117900840475&focus=photo,
marb-00273,42.496227,-70.8596,True,wood_utility,,lean_slight,slight,unclear,near,False,2,3,1,2025-11,2025-11,https://www.mapillary.com/app/?pKey=4227395154201207&focus=photo,
marb-00274,42.49568,-70.86066,True,wood_utility,lean,,moderate,intact,none,False,2,3,1,2025-11,2025-11,https://www.mapillary.com/app/?pKey=854292433762402&focus=photo,
marb-00275,42.496377,-70.859376,True,wood_utility,,,none,none_visible,near,False,1,5,1,2025-11,2025-11,https://www.mapillary.com/app/?pKey=1522169679028409&focus=photo,
marb-00276,42.496048,-70.85997,True,wood_utility,vegetation,lean_slight,slight,none_visible,touching,False,2,3,1,2025-11,2025-11,https://www.mapillary.com/app/?pKey=890016670017022&focus=photo,
marb-00277,42.496065,-70.86011,True,wood_utility,,lean_slight,slight,none_visible,near,False,0,6,1,2025-11,2025-11,https://www.mapillary.com/app/?pKey=668939476074921&focus=photo,
marb-00278,42.496128,-70.859985,True,wood_utility,vegetation,lean_slight,slight,none_visible,touching,False,0,3,1,2025-11,2025-11,https://www.mapillary.com/app/?pKey=2840525636312108&focus=photo,
marb-00279,42.4974053,-70.8806971,True,wood_utility,,,none,none_visible,near,False,0,7,1,2023-08,2023-08,https://www.mapillary.com/app/?pKey=7366405173386726&focus=photo,
marb-00280,42.498272,-70.882256,True,wood_utility,vegetation,lean_slight,slight,none_visible,touching,False,0,3,1,2023-08,2023-08,https://www.mapillary.com/app/?pKey=845974053565259&focus=photo,10.6
marb-00281,42.498264,-70.88212,True,wood_utility,vegetation,lean_slight,slight,none_visible,touching,False,0,3,1,2023-08,2023-08,https://www.mapillary.com/app/?pKey=260824140170462&focus=photo,2.1
marb-00282,42.49762,-70.881,True,wood_utility,double,,none,none_visible,near,True,0,6,1,2023-08,2023-08,https://www.mapillary.com/app/?pKey=843876230192217&focus=photo,6.9
marb-00283,42.498028,-70.88157,True,wood_utility,,lean_slight,slight,none_visible,near,False,1,3,1,2023-08,2023-08,https://www.mapillary.com/app/?pKey=854360076112826&focus=photo,10.8
marb-00284,42.490562,-70.867645,True,wood_utility,vegetation,,unclear,none_visible,touching,False,0,1,1,2023-11,2023-11,https://www.mapillary.com/app/?pKey=1089559342414075&focus=photo,
marb-00285,42.4916127,-70.866445,True,wood_utility,double,lean_slight,slight,unclear,near,False,0,3,1,2023-11,2023-11,https://www.mapillary.com/app/?pKey=1291987531516956&focus=photo,
marb-00286,42.491224,-70.86677,True,wood_utility,vegetation,,none,none_visible,touching,False,0,6,1,2023-11,2023-11,https://www.mapillary.com/app/?pKey=189795570851843&focus=photo,
marb-00287,42.490364,-70.86816,True,wood_utility,,,none,none_visible,near,False,0,3,1,2023-11,2023-11,https://www.mapillary.com/app/?pKey=897095068761803&focus=photo,
marb-00288,42.4909115,-70.86717,True,wood_utility,double,,unclear,none_visible,near,False,0,6,1,2023-11,2023-11,https://www.mapillary.com/app/?pKey=1094865621503077&focus=photo,
marb-00289,42.485806,-70.875015,True,wood_utility,vegetation,,none,none_visible,touching,False,0,3,1,2023-11,2023-11,https://www.mapillary.com/app/?pKey=721437219898123&focus=photo,
marb-00290,42.48524,-70.875496,True,wood_utility,vegetation,lean_slight,slight,none_visible,touching,False,1,1,1,2023-11,2023-11,https://www.mapillary.com/app/?pKey=725812318929424&focus=photo,
marb-00291,42.48555,-70.87527,True,wood_utility,,lean_slight,slight,none_visible,none,False,1,3,1,2023-11,2023-11,https://www.mapillary.com/app/?pKey=752090650084722&focus=photo,
marb-00292,42.49701,-70.83662,False,street_light,,,none,none_visible,none,False,0,3,1,2025-11,2025-11,https://www.mapillary.com/app/?pKey=1371124327780644&focus=photo,
marb-00293,42.4915625,-70.8553775,True,wood_utility,,lean_slight,slight,intact,none,False,1,4,1,2025-11,2025-11,https://www.mapillary.com/app/?pKey=833840099038687&focus=photo,
marb-00294,42.492657,-70.83605,True,wood_utility,,,none,none_visible,near,False,1,3,1,2025-11,2025-11,https://www.mapillary.com/app/?pKey=1394586752081214&focus=photo,
marb-00295,42.492897,-70.83597,True,wood_utility,,,none,none_visible,near,False,1,2,1,2025-11,2025-11,https://www.mapillary.com/app/?pKey=1406860124206463&focus=photo,
marb-00296,42.49318,-70.83585,True,wood_utility,,lean_slight,slight,none_visible,near,False,1,3,1,2025-11,2025-11,https://www.mapillary.com/app/?pKey=699487836539476&focus=photo,
marb-00297,42.492775,-70.835976,True,wood_utility,lean,,severe,none_visible,none,False,1,3,1,2025-11,2025-11,https://www.mapillary.com/app/?pKey=1176183260730276&focus=photo,
marb-00298,42.491703,-70.8557,True,wood_utility,lean,,severe,intact,none,False,1,3,1,2025-11,2025-11,https://www.mapillary.com/app/?pKey=1180967227316111&focus=photo,
marb-00299,42.49216,-70.85742,True,wood_utility,,lean_slight,slight,none_visible,near,False,2,3,1,2025-11,2025-11,https://www.mapillary.com/app/?pKey=843053268305513&focus=photo,
marb-00300,42.502533,-70.85012,True,wood_utility,,,unclear,unclear,near,False,1,3,1,2023-08,2023-08,https://www.mapillary.com/app/?pKey=143830328768372&focus=photo,
marb-00301,42.502506,-70.84967,True,wood_utility,vegetation,lean_slight,slight,none_visible,touching,False,1,3,1,2023-08,2023-08,https://www.mapillary.com/app/?pKey=283635097603062&focus=photo,
marb-00302,42.5027,-70.8336,True,wood_utility,,lean_slight,slight,none_visible,near,False,1,3,1,2025-11,2025-11,https://www.mapillary.com/app/?pKey=1196575955131672&focus=photo,
marb-00303,42.5026022,-70.8338184,True,wood_utility,,lean_slight,slight,intact,near,False,2,5,1,2025-11,2025-11,https://www.mapillary.com/app/?pKey=1157946096300580&focus=photo,
marb-00304,42.502506,-70.83409,True,wood_utility,double,,unclear,intact,near,False,2,6,1,2025-11,2025-11,https://www.mapillary.com/app/?pKey=822691677337881&focus=photo,
marb-00305,42.502544,-70.83392,True,wood_utility,,lean_slight,slight,intact,near,False,2,2,1,2025-11,2025-11,https://www.mapillary.com/app/?pKey=812956351337470&focus=photo,
marb-00306,42.5026855,-70.8337175,True,wood_utility,double;lean,,moderate,none_visible,near,False,1,6,1,2025-11,2025-11,https://www.mapillary.com/app/?pKey=811750191837731&focus=photo,
marb-00307,42.50233,-70.83446,True,wood_utility,lean;vegetation,,moderate,none_visible,touching,False,1,3,1,2025-11,2025-11,https://www.mapillary.com/app/?pKey=1245818027588373&focus=photo,
marb-00308,42.502205,-70.83483,True,wood_utility,lean,,moderate,none_visible,near,False,1,3,1,2025-11,2025-11,https://www.mapillary.com/app/?pKey=3263469707149888&focus=photo,
marb-00309,42.502254,-70.83462,True,wood_utility,,lean_slight,slight,none_visible,near,False,2,3,1,2025-11,2025-11,https://www.mapillary.com/app/?pKey=1261810475712880&focus=photo,
marb-00310,42.50304,-70.83298,True,wood_utility,lean,,severe,none_visible,near,False,1,3,1,2025-11,2025-11,https://www.mapillary.com/app/?pKey=1753004438740423&focus=photo,
marb-00311,42.502857,-70.83334,True,wood_utility,lean,,moderate,none_visible,near,False,1,3,1,2025-11,2025-11,https://www.mapillary.com/app/?pKey=806208115376146&focus=photo,
marb-00312,42.503155,-70.83274,True,wood_utility,,,none,none_visible,near,True,1,3,1,2025-11,2025-11,https://www.mapillary.com/app/?pKey=754403417645665&focus=photo,
marb-00313,42.49829,-70.88297,True,wood_utility,vegetation,lean_slight,slight,none_visible,touching,False,0,3,1,2023-08,2023-08,https://www.mapillary.com/app/?pKey=1403091536953976&focus=photo,8.5
marb-00314,42.4981685,-70.884215,True,wood_utility,vegetation,lean_slight,slight,intact,touching,False,1,6,1,2023-08,2023-08,https://www.mapillary.com/app/?pKey=987834612531501&focus=photo,
marb-00315,42.49825,-70.88398,True,wood_utility,,,none,none_visible,near,False,1,6,1,2023-08,2023-08,https://www.mapillary.com/app/?pKey=1007864537080865&focus=photo,6.2
marb-00316,42.49828,-70.88382,True,wood_utility,vegetation,,none,none_visible,touching,False,2,3,1,2023-08,2023-08,https://www.mapillary.com/app/?pKey=878255076997963&focus=photo,8.0
marb-00317,42.498318,-70.88318,True,wood_utility,vegetation,lean_slight,slight,none_visible,touching,False,0,3,1,2023-08,2023-08,https://www.mapillary.com/app/?pKey=1051496315841045&focus=photo,
marb-00318,42.498207,-70.884125,True,wood_utility,,lean_slight,slight,none_visible,near,False,1,2,1,2023-08,2023-08,https://www.mapillary.com/app/?pKey=655845359841753&focus=photo,18.7
marb-00319,42.49832,-70.88362,True,wood_utility,vegetation,lean_slight,slight,none_visible,touching,False,0,3,1,2023-08,2023-08,https://www.mapillary.com/app/?pKey=602596815368350&focus=photo,9.1
marb-00320,42.499504,-70.86938,False,other,,,unclear,none_visible,unclear,False,0,3,1,2023-08,2023-08,https://www.mapillary.com/app/?pKey=987628025793375&focus=photo,
marb-00321,42.48434,-70.87629,True,wood_utility,,lean_slight,slight,intact,near,False,1,3,1,2023-11,2023-11,https://www.mapillary.com/app/?pKey=998745881187710&focus=photo,
marb-00322,42.483936,-70.87661,True,concrete_or_steel_utility,vegetation,lean_slight,slight,none_visible,touching,False,1,3,1,2023-11,2023-11,https://www.mapillary.com/app/?pKey=907406100964977&focus=photo,
marb-00323,42.484154,-70.87645,True,wood_utility,vegetation,,none,intact,touching,False,1,3,1,2023-11,2023-11,https://www.mapillary.com/app/?pKey=876254374028357&focus=photo,
marb-00324,42.505678,-70.84566,True,wood_utility,,lean_slight,slight,intact,near,False,2,6,1,2023-08,2023-08,https://www.mapillary.com/app/?pKey=1021899615497818&focus=photo,
marb-00325,42.504627,-70.84651,True,wood_utility,,,none,intact,near,False,2,3,1,2023-08,2023-08,https://www.mapillary.com/app/?pKey=676330124391587&focus=photo,
marb-00326,42.505802,-70.84551,True,wood_utility,,,none,intact,none,False,2,3,1,2023-08,2023-08,https://www.mapillary.com/app/?pKey=5955925544509228&focus=photo,
marb-00327,42.5052435,-70.846115,True,wood_utility,double;vegetation,lean_slight,slight,none_visible,touching,False,2,6,1,2023-08,2023-08,https://www.mapillary.com/app/?pKey=275681948508021&focus=photo,
marb-00328,42.50478,-70.84637,True,wood_utility,,lean_slight,slight,none_visible,near,False,1,3,1,2023-08,2023-08,https://www.mapillary.com/app/?pKey=311794841338065&focus=photo,
marb-00329,42.505497,-70.84594,True,wood_utility,,,none,none_visible,near,False,0,3,1,2023-08,2023-08,https://www.mapillary.com/app/?pKey=249987424670647&focus=photo,
marb-00330,42.505043,-70.84625,True,wood_utility,vegetation,,none,none_visible,touching,False,1,3,1,2023-08,2023-08,https://www.mapillary.com/app/?pKey=1329093767698911&focus=photo,
marb-00331,42.5027485,-70.834315,True,wood_utility,double;lean,,severe,none_visible,near,False,0,6,1,2025-11,2025-11,https://www.mapillary.com/app/?pKey=1395635762188694&focus=photo,
marb-00332,42.503038,-70.834575,True,wood_utility,double;lean,,severe,none_visible,near,False,0,6,1,2025-11,2025-11,https://www.mapillary.com/app/?pKey=1371810567991220&focus=photo,
marb-00333,42.503304,-70.834816,True,wood_utility,lean;vegetation,,severe,none_visible,touching,False,1,3,1,2025-11,2025-11,https://www.mapillary.com/app/?pKey=1857776598161128&focus=photo,
marb-00334,42.503113,-70.83469,True,wood_utility,,lean_slight,slight,none_visible,near,False,0,3,1,2025-11,2025-11,https://www.mapillary.com/app/?pKey=1586521192514190&focus=photo,
marb-00335,42.5035,-70.8349,True,wood_utility,vegetation,,unclear,none_visible,touching,False,0,3,1,2025-11,2025-11,https://www.mapillary.com/app/?pKey=1294532649025127&focus=photo,
marb-00336,42.503727,-70.83435,False,street_light,,,unclear,none_visible,near,False,2,3,1,2025-11,2025-11,https://www.mapillary.com/app/?pKey=1732351050782714&focus=photo,
marb-00337,42.5037432,-70.8353275,True,wood_utility,double,lean_slight,slight,none_visible,none,True,1,4,1,2025-11,2025-11,https://www.mapillary.com/app/?pKey=1359075208957990&focus=photo,
marb-00338,42.503445,-70.83503,True,wood_utility,,,none,none_visible,near,False,1,2,1,2025-11,2025-11,https://www.mapillary.com/app/?pKey=1869164734038481&focus=photo,
marb-00339,42.50337,-70.834946,True,wood_utility,vegetation,lean_slight,slight,none_visible,touching,False,1,3,1,2025-11,2025-11,https://www.mapillary.com/app/?pKey=1873019253290412&focus=photo,
marb-00340,42.50359,-70.83507,True,wood_utility,,lean_slight,slight,intact,near,False,1,3,1,2025-11,2025-11,https://www.mapillary.com/app/?pKey=831779466263989&focus=photo,
marb-00341,42.507774,-70.846855,True,wood_utility,,,none,none_visible,near,False,0,3,1,2023-08,2023-08,https://www.mapillary.com/app/?pKey=314407191029442&focus=photo,
marb-00342,42.5076577,-70.8470215,True,wood_utility,,,none,none_visible,near,False,1,12,1,2023-08,2023-08,https://www.mapillary.com/app/?pKey=777238417424183&focus=photo,
marb-00343,42.5043725,-70.83328,False,other,,,none,none_visible,near,False,0,6,1,2023-11,2023-11,https://www.mapillary.com/app/?pKey=629867485782941&focus=photo,
marb-00344,42.50409,-70.833046,True,wood_utility,vegetation,lean_slight,slight,none_visible,touching,False,1,3,1,2023-11,2023-11,https://www.mapillary.com/app/?pKey=828220262432351&focus=photo,
marb-00345,42.503815,-70.832794,True,concrete_or_steel_utility,,,none,none_visible,near,False,1,3,1,2023-11,2023-11,https://www.mapillary.com/app/?pKey=724021319588743&focus=photo,
marb-00346,42.504234,-70.8331525,True,wood_utility,vegetation,,none,none_visible,touching,False,0,4,1,2023-11,2023-11,https://www.mapillary.com/app/?pKey=649461723937099&focus=photo,
marb-00347,42.504284,-70.83326,False,other,,,none,none_visible,near,False,0,3,1,2023-11,2023-11,https://www.mapillary.com/app/?pKey=888866839518588&focus=photo,
marb-00348,42.504456,-70.833374,False,other,,,none,none_visible,none,False,0,3,1,2023-11,2023-11,https://www.mapillary.com/app/?pKey=1412268082690758&focus=photo,
marb-00349,42.504524,-70.83289,True,wood_utility,,,none,none_visible,near,False,0,3,1,2023-11,2023-11,https://www.mapillary.com/app/?pKey=1042361030135915&focus=photo,
marb-00350,42.499647,-70.8663936,True,wood_utility,vegetation,lean_slight,slight,none_visible,touching,False,0,5,1,2023-08,2023-08,https://www.mapillary.com/app/?pKey=296278659756237&focus=photo,6.1
marb-00351,42.49981,-70.86492,True,wood_utility,,lean_slight,slight,none_visible,near,False,0,3,1,2023-08,2023-08,https://www.mapillary.com/app/?pKey=1374109813474593&focus=photo,7.1
marb-00352,42.499905,-70.86465,True,wood_utility,vegetation,lean_slight,slight,intact,touching,False,1,2,1,2023-08,2023-08,https://www.mapillary.com/app/?pKey=121495567705622&focus=photo,19.3
marb-00353,42.499737,-70.865295,True,wood_utility,vegetation,lean_slight,slight,none_visible,touching,False,0,3,1,2023-08,2023-08,https://www.mapillary.com/app/?pKey=5767061193396399&focus=photo,7.7
marb-00354,42.49967,-70.86571,True,wood_utility,vegetation,lean_slight,slight,none_visible,touching,False,0,3,1,2023-08,2023-08,https://www.mapillary.com/app/?pKey=7365560620138545&focus=photo,9.9
marb-00355,42.499428,-70.8692,True,wood_utility,vegetation,,none,none_visible,touching,False,0,3,1,2023-08,2023-08,https://www.mapillary.com/app/?pKey=250059941266221&focus=photo,4.5
marb-00356,42.494324,-70.85965,True,wood_utility,lean;vegetation,,moderate,none_visible,touching,True,1,3,1,2025-11,2025-11,https://www.mapillary.com/app/?pKey=1344138160833648&focus=photo,
marb-00357,42.494278,-70.86003,True,wood_utility,lean,,moderate,none_visible,near,False,1,3,1,2025-11,2025-11,https://www.mapillary.com/app/?pKey=4130476590500517&focus=photo,
marb-00358,42.494152,-70.85929,True,wood_utility,vegetation,,unclear,none_visible,touching,False,1,3,1,2025-11,2025-11,https://www.mapillary.com/app/?pKey=1132839328625838&focus=photo,
marb-00359,42.487198,-70.87374,True,wood_utility,vegetation,,none,none_visible,touching,False,0,3,1,2023-11,2023-11,https://www.mapillary.com/app/?pKey=311014508513337&focus=photo,
marb-00360,42.48679,-70.87412,True,wood_utility,vegetation,lean_slight,slight,none_visible,touching,False,0,3,1,2023-11,2023-11,https://www.mapillary.com/app/?pKey=1028924868342239&focus=photo,
marb-00361,42.48857,-70.87192,True,wood_utility,,,none,none_visible,near,False,0,3,1,2023-11,2023-11,https://www.mapillary.com/app/?pKey=330778023001099&focus=photo,
marb-00362,42.48916,-70.87072,True,wood_utility,vegetation,lean_slight,slight,none_visible,touching,False,0,3,1,2023-11,2023-11,https://www.mapillary.com/app/?pKey=3480625818843279&focus=photo,
marb-00363,42.488266,-70.87243,True,wood_utility,,,none,intact,near,False,0,3,1,2023-11,2023-11,https://www.mapillary.com/app/?pKey=675775194610845&focus=photo,
marb-00364,42.488525,-70.87207,True,wood_utility,,lean_slight,slight,none_visible,near,False,0,2,1,2023-11,2023-11,https://www.mapillary.com/app/?pKey=1382487682688517&focus=photo,
marb-00365,42.48865,-70.87205,True,wood_utility,,lean_slight,slight,none_visible,near,False,1,3,1,2023-11,2023-11,https://www.mapillary.com/app/?pKey=793903925839049&focus=photo,
marb-00366,42.507941,-70.846535,True,wood_utility,double,,none,none_visible,none,False,2,6,1,2023-08,2023-08,https://www.mapillary.com/app/?pKey=839253344436882&focus=photo,
marb-00367,42.508003,-70.846375,True,wood_utility,,,none,none_visible,near,False,1,3,1,2023-08,2023-08,https://www.mapillary.com/app/?pKey=320219760444050&focus=photo,
marb-00368,42.495346,-70.86431,True,wood_utility,,,unclear,unclear,near,False,0,3,1,2023-11,2023-11,https://www.mapillary.com/app/?pKey=2120636784936389&focus=photo,
marb-00369,42.49444,-70.865204,False,unclear,,,unclear,none_visible,unclear,False,0,3,1,2023-11,2023-11,https://www.mapillary.com/app/?pKey=1492881154888018&focus=photo,
marb-00370,42.49508,-70.864624,True,wood_utility,vegetation,,none,none_visible,touching,False,1,3,1,2023-11,2023-11,https://www.mapillary.com/app/?pKey=263945996276748&focus=photo,
marb-00371,42.49513,-70.86444,True,wood_utility,,,none,none_visible,near,False,2,3,1,2023-11,2023-11,https://www.mapillary.com/app/?pKey=1017206339508082&focus=photo,
marb-00372,42.494748,-70.8651025,True,wood_utility,,lean_slight,slight,none_visible,near,False,1,6,1,2023-11,2023-11,https://www.mapillary.com/app/?pKey=1292696181449150&focus=photo,
marb-00373,42.49509,-70.86515,True,wood_utility,,lean_slight,slight,none_visible,near,False,1,3,1,2023-11,2023-11,https://www.mapillary.com/app/?pKey=1076056910061003&focus=photo,
marb-00374,42.494343,-70.86516,True,wood_utility,,,none,none_visible,unclear,False,0,3,1,2023-11,2023-11,https://www.mapillary.com/app/?pKey=319366350885401&focus=photo,
marb-00375,42.494812,-70.865036,True,wood_utility,vegetation,,none,none_visible,touching,False,0,3,1,2023-11,2023-11,https://www.mapillary.com/app/?pKey=1279378496095049&focus=photo,
marb-00376,42.4949,-70.86505,True,wood_utility,,,none,none_visible,near,False,1,3,1,2023-11,2023-11,https://www.mapillary.com/app/?pKey=1279378496095049&focus=photo,
marb-00377,42.493946,-70.86516,True,wood_utility,vegetation,,none,none_visible,touching,False,0,3,1,2023-11,2023-11,https://www.mapillary.com/app/?pKey=1260798404616806&focus=photo,
marb-00378,42.49499,-70.86516,True,wood_utility,vegetation,lean_slight,slight,none_visible,touching,False,1,3,1,2023-11,2023-11,https://www.mapillary.com/app/?pKey=1062741668254577&focus=photo,
marb-00379,42.49497,-70.86494,True,wood_utility,,,none,none_visible,near,False,1,3,1,2023-11,2023-11,https://www.mapillary.com/app/?pKey=156565097544032&focus=photo,
marb-00380,42.493683,-70.858986,False,street_light,lean;vegetation,,severe,none_visible,touching,False,1,3,1,2025-11,2025-11,https://www.mapillary.com/app/?pKey=818055144274101&focus=photo,
marb-00381,42.493965,-70.858925,True,wood_utility,,,none,none_visible,near,False,0,2,1,2025-11,2025-11,https://www.mapillary.com/app/?pKey=825079970113005&focus=photo,
marb-00382,42.505253,-70.83347,False,other,,,none,none_visible,none,False,0,3,1,2024-06,2024-06,https://www.mapillary.com/app/?pKey=1672726110168070&focus=photo,
marb-00383,42.504253,-70.847084,False,unclear,,,unclear,none_visible,none,False,0,3,1,2023-08,2023-08,https://www.mapillary.com/app/?pKey=660989122402314&focus=photo,
marb-00384,42.50423,-70.84726,True,wood_utility,,,none,none_visible,none,False,2,3,1,2023-08,2023-08,https://www.mapillary.com/app/?pKey=990571978655455&focus=photo,
marb-00385,42.501083,-70.860146,True,wood_utility,,,none,intact,near,False,1,3,1,2023-08,2023-08,https://www.mapillary.com/app/?pKey=952331232733827&focus=photo,
marb-00386,42.501217,-70.860275,True,wood_utility,vegetation,lean_slight,slight,none_visible,touching,False,2,3,1,2023-08,2023-08,https://www.mapillary.com/app/?pKey=1037391640763781&focus=photo,
marb-00387,42.5033593,-70.8549407,True,wood_utility,vegetation,,none,none_visible,touching,False,2,14,1,2023-08,2023-08,https://www.mapillary.com/app/?pKey=296540953059459&focus=photo,
marb-00388,42.503482,-70.8547411,True,wood_utility,vegetation,,none,none_visible,touching,False,2,7,1,2023-08,2023-08,https://www.mapillary.com/app/?pKey=207027389009289&focus=photo,
marb-00389,42.5033055,-70.855008,True,wood_utility,vegetation,,none,none_visible,touching,False,1,6,1,2023-08,2023-08,https://www.mapillary.com/app/?pKey=1225552248838552&focus=photo,
marb-00390,42.503255,-70.8550533,True,wood_utility,,lean_slight,slight,none_visible,near,False,1,9,1,2023-08,2023-08,https://www.mapillary.com/app/?pKey=1690995507991482&focus=photo,
marb-00391,42.50397,-70.85398,True,wood_utility,vegetation,lean_slight,slight,none_visible,touching,False,0,3,1,2023-08,2023-08,https://www.mapillary.com/app/?pKey=271549818957690&focus=photo,
marb-00392,42.504063,-70.853386,True,wood_utility,vegetation,,none,none_visible,touching,False,1,6,1,2023-08,2023-08,https://www.mapillary.com/app/?pKey=271549818957690&focus=photo,
marb-00393,42.503952,-70.85369,True,wood_utility,,,none,intact,near,False,2,3,1,2023-08,2023-08,https://www.mapillary.com/app/?pKey=605384894836597&focus=photo,
marb-00394,42.50403,-70.853546,True,wood_utility,,,none,intact,near,False,1,3,1,2023-08,2023-08,https://www.mapillary.com/app/?pKey=825929732534912&focus=photo,
marb-00395,42.5041477,-70.847824,True,wood_utility,,,none,none_visible,none,False,2,9,1,2023-08,2023-08,https://www.mapillary.com/app/?pKey=2466249800223879&focus=photo,
marb-00396,42.50392,-70.848206,True,wood_utility,vegetation,,unclear,unclear,touching,False,1,3,1,2023-08,2023-08,https://www.mapillary.com/app/?pKey=2512548602256675&focus=photo,
marb-00397,42.504032,-70.8479,True,wood_utility,,,none,intact,near,False,2,3,1,2023-08,2023-08,https://www.mapillary.com/app/?pKey=1711414922633876&focus=photo,
marb-00398,42.503925,-70.84834,True,wood_utility,,,unclear,unclear,near,False,1,2,1,2023-08,2023-08,https://www.mapillary.com/app/?pKey=2512548602256675&focus=photo,
marb-00399,42.504208,-70.847694,True,wood_utility,,,none,intact,none,False,2,3,1,2023-08,2023-08,https://www.mapillary.com/app/?pKey=2466249800223879&focus=photo,
marb-00400,42.498985,-70.87075,True,wood_utility,vegetation,,none,none_visible,touching,False,0,3,1,2023-08,2023-08,https://www.mapillary.com/app/?pKey=172188422494427&focus=photo,13.5
marb-00401,42.498714,-70.87127,True,wood_utility,lean;vegetation,,moderate,none_visible,touching,False,0,3,1,2023-08,2023-08,https://www.mapillary.com/app/?pKey=998652507841989&focus=photo,13.6
marb-00402,42.49925,-70.87003,True,wood_utility,vegetation,,none,none_visible,touching,False,0,3,1,2023-08,2023-08,https://www.mapillary.com/app/?pKey=234783716211194&focus=photo,11.8
marb-00403,42.49848,-70.8719,True,wood_utility,vegetation,lean_slight,slight,none_visible,touching,False,0,3,1,2023-08,2023-08,https://www.mapillary.com/app/?pKey=262694203228407&focus=photo,12.4
marb-00404,42.507904,-70.8459819,True,wood_utility,double,,none,none_visible,near,False,2,8,1,2023-08,2023-08,https://www.mapillary.com/app/?pKey=306867268541924&focus=photo,
marb-00405,42.508026,-70.8462,True,wood_utility,vegetation,lean_slight,slight,intact,touching,False,2,3,1,2023-08,2023-08,https://www.mapillary.com/app/?pKey=817207650110822&focus=photo,
marb-00406,42.5078,-70.845764,True,wood_utility,,,none,none_visible,none,False,2,3,1,2023-08,2023-08,https://www.mapillary.com/app/?pKey=3600481260211042&focus=photo,
marb-00407,42.507866,-70.846054,True,wood_utility,,,none,none_visible,near,False,1,3,1,2023-08,2023-08,https://www.mapillary.com/app/?pKey=1049810529517794&focus=photo,
marb-00408,42.489502,-70.843216,True,wood_utility,,lean_slight,slight,none_visible,near,False,1,3,1,2023-11,2023-11,https://www.mapillary.com/app/?pKey=651988767066252&focus=photo,
marb-00409,42.4895908,-70.8695895,True,wood_utility,vegetation,lean_slight,slight,unclear,touching,False,0,4,1,2023-11,2023-11,https://www.mapillary.com/app/?pKey=911212320567929&focus=photo,
marb-00410,42.49,-70.86879,True,wood_utility,vegetation,,unclear,none_visible,touching,False,0,3,1,2023-11,2023-11,https://www.mapillary.com/app/?pKey=687942770101744&focus=photo,
marb-00411,42.4966625,-70.87736,True,wood_utility,,,none,none_visible,near,False,0,6,1,2023-08,2023-08,https://www.mapillary.com/app/?pKey=1076294026684180&focus=photo,17.1
marb-00412,42.496844,-70.8767855,True,wood_utility,vegetation,lean_slight,slight,none_visible,touching,False,0,6,1,2023-08,2023-08,https://www.mapillary.com/app/?pKey=835665728119905&focus=photo,
marb-00413,42.49741,-70.87521,True,wood_utility,vegetation,lean_slight,slight,none_visible,touching,False,1,2,1,2023-08,2023-08,https://www.mapillary.com/app/?pKey=135218182975515&focus=photo,7.2
marb-00414,42.49711,-70.87604,True,wood_utility,vegetation,lean_slight,slight,none_visible,touching,False,1,3,1,2023-08,2023-08,https://www.mapillary.com/app/?pKey=256372153944397&focus=photo,15.3
marb-00415,42.4973025,-70.87548,True,wood_utility,,lean_slight,slight,intact,near,False,2,6,1,2023-08,2023-08,https://www.mapillary.com/app/?pKey=294993149887248&focus=photo,
marb-00416,42.4967628,-70.876966,True,wood_utility,vegetation,lean_slight,slight,none_visible,touching,False,0,5,1,2023-08,2023-08,https://www.mapillary.com/app/?pKey=321090800268481&focus=photo,17.5
marb-00417,42.49705,-70.876191,True,wood_utility,vegetation,lean_slight,slight,none_visible,touching,False,1,5,1,2023-08,2023-08,https://www.mapillary.com/app/?pKey=834834277903503&focus=photo,
marb-00418,42.497337,-70.87539,True,wood_utility,,lean_slight,slight,intact,near,False,1,3,1,2023-08,2023-08,https://www.mapillary.com/app/?pKey=135218182975515&focus=photo,24.0
marb-00419,42.49725,-70.87563,True,wood_utility,vegetation,lean_slight,slight,unclear,touching,False,1,3,1,2023-08,2023-08,https://www.mapillary.com/app/?pKey=998202451429208&focus=photo,21.8
marb-00420,42.496933,-70.876434,False,unclear,,,unclear,unclear,unclear,False,0,2,1,2023-08,2023-08,https://www.mapillary.com/app/?pKey=983719499592260&focus=photo,
marb-00421,42.5024265,-70.8555275,True,wood_utility,,,none,none_visible,none,False,0,4,1,2023-08,2023-08,https://www.mapillary.com/app/?pKey=1234432700583181&focus=photo,
marb-00422,42.502445,-70.85543,True,wood_utility,,lean_slight,slight,none_visible,near,False,1,3,1,2023-08,2023-08,https://www.mapillary.com/app/?pKey=650751650359100&focus=photo,
marb-00423,42.5031878,-70.85514,True,wood_utility,vegetation,,none,none_visible,touching,False,1,12,1,2023-08,2023-08,https://www.mapillary.com/app/?pKey=6216455071814937&focus=photo,
marb-00424,42.5030965,-70.855278,True,wood_utility,,,none,intact,none,False,2,6,1,2023-08,2023-08,https://www.mapillary.com/app/?pKey=852689339850395&focus=photo,
marb-00425,42.50317,-70.85523,True,wood_utility,,,none,intact,none,False,1,3,1,2023-08,2023-08,https://www.mapillary.com/app/?pKey=1309249536386072&focus=photo,
marb-00426,42.50283,-70.85531,True,wood_utility,,,none,none_visible,near,False,2,3,1,2023-08,2023-08,https://www.mapillary.com/app/?pKey=852689339850395&focus=photo,
marb-00427,42.5029718,-70.8553735,True,wood_utility,double;lean;vegetation,,moderate,none_visible,touching,False,2,12,1,2023-08,2023-08,https://www.mapillary.com/app/?pKey=996665364716575&focus=photo,
marb-00428,42.503075,-70.855385,True,wood_utility,,,none,intact,none,True,2,3,1,2023-08,2023-08,https://www.mapillary.com/app/?pKey=320586473810146&focus=photo,
marb-00429,42.502743,-70.85534,True,wood_utility,,,none,none_visible,near,False,1,3,1,2023-08,2023-08,https://www.mapillary.com/app/?pKey=808662150922612&focus=photo,
marb-00430,42.502872,-70.855545,True,wood_utility,,lean_slight,slight,none_visible,near,False,2,1,1,2023-08,2023-08,https://www.mapillary.com/app/?pKey=818293436494683&focus=photo,
marb-00431,42.492436,-70.86599,True,wood_utility,,,none,none_visible,none,False,1,4,1,2023-11,2023-11,https://www.mapillary.com/app/?pKey=851615943288181&focus=photo,
marb-00432,42.49275,-70.86584,True,wood_utility,,,none,none_visible,near,False,1,3,1,2023-11,2023-11,https://www.mapillary.com/app/?pKey=7368859203146682&focus=photo,
marb-00433,42.49209,-70.86615,True,wood_utility,lean,,moderate,none_visible,near,False,1,3,1,2023-11,2023-11,https://www.mapillary.com/app/?pKey=896478182012070&focus=photo,
marb-00434,42.492676,-70.86585,True,wood_utility,,,none,none_visible,near,False,1,3,1,2023-11,2023-11,https://www.mapillary.com/app/?pKey=713169500388518&focus=photo,
marb-00435,42.49281,-70.865765,True,wood_utility,,lean_slight,slight,none_visible,near,False,1,4,1,2023-11,2023-11,https://www.mapillary.com/app/?pKey=705941044515751&focus=photo,
marb-00436,42.4929,-70.86578,True,wood_utility,,lean_slight,slight,none_visible,near,False,1,3,1,2023-11,2023-11,https://www.mapillary.com/app/?pKey=1086463765678971&focus=photo,
marb-00437,42.492176,-70.866135,True,wood_utility,,,none,none_visible,none,False,1,3,1,2023-11,2023-11,https://www.mapillary.com/app/?pKey=1721225361690602&focus=photo,
marb-00438,42.49317,-70.86624,True,wood_utility,,,unclear,unclear,near,False,1,2,1,2023-11,2023-11,https://www.mapillary.com/app/?pKey=1348846032412490&focus=photo,
marb-00439,42.496464,-70.87868,True,wood_utility,,lean_slight,slight,none_visible,near,False,1,3,1,2023-08,2023-08,https://www.mapillary.com/app/?pKey=248558380859578&focus=photo,18.6
marb-00440,42.496483,-70.87814,True,wood_utility,lean;vegetation,,moderate,none_visible,touching,False,1,3,1,2023-08,2023-08,https://www.mapillary.com/app/?pKey=309780321607172&focus=photo,
marb-00441,42.4969315,-70.88016,True,wood_utility,double;lean,,severe,none_visible,near,False,0,6,1,2023-08,2023-08,https://www.mapillary.com/app/?pKey=339882241697589&focus=photo,16.3
marb-00442,42.49726,-70.880554,True,wood_utility,,,none,none_visible,near,False,0,3,1,2023-08,2023-08,https://www.mapillary.com/app/?pKey=682444587081321&focus=photo,7.3
marb-00443,42.49654,-70.87926,True,wood_utility,vegetation,lean_slight,slight,intact,touching,False,1,3,1,2023-08,2023-08,https://www.mapillary.com/app/?pKey=1832177317235409&focus=photo,18.4
marb-00444,42.496475,-70.878006,True,wood_utility,lean,,moderate,none_visible,near,False,1,3,1,2023-08,2023-08,https://www.mapillary.com/app/?pKey=823075962883817&focus=photo,18.0
marb-00445,42.496677,-70.87966,True,wood_utility,vegetation,lean_slight,slight,none_visible,touching,False,1,3,1,2023-08,2023-08,https://www.mapillary.com/app/?pKey=820376129556566&focus=photo,18.3
marb-00446,42.49876,-70.8359,True,wood_utility,,,none,none_visible,near,False,0,2,1,2023-11,2023-11,https://www.mapillary.com/app/?pKey=1089492405373035&focus=photo,
marb-00447,42.496902,-70.8366,True,wood_utility,,,none,none_visible,near,False,1,3,1,2023-11,2023-11,https://www.mapillary.com/app/?pKey=737575748213875&focus=photo,
marb-00448,42.497143,-70.836784,True,wood_utility,vegetation,lean_slight,slight,none_visible,touching,False,1,1,1,2023-11,2023-11,https://www.mapillary.com/app/?pKey=1311412379575521&focus=photo,
marb-00449,42.490593,-70.84002,True,wood_utility,vegetation,lean_slight,slight,none_visible,touching,False,0,3,1,2023-11,2023-11,https://www.mapillary.com/app/?pKey=306085185638504&focus=photo,
marb-00450,42.490805,-70.839195,True,wood_utility,,,none,none_visible,near,False,1,6,1,2023-11,2023-11,https://www.mapillary.com/app/?pKey=1525658348246785&focus=photo,
marb-00451,42.490879,-70.8389025,True,wood_utility,,lean_slight,slight,none_visible,near,False,2,4,1,2023-11,2023-11,https://www.mapillary.com/app/?pKey=705730174553045&focus=photo,
marb-00452,42.490875,-70.839005,True,wood_utility,,lean_slight,slight,none_visible,near,False,2,1,1,2023-11,2023-11,https://www.mapillary.com/app/?pKey=878002820502297&focus=photo,
marb-00453,42.490913,-70.83876,True,wood_utility,,lean_slight,slight,none_visible,near,False,2,3,1,2023-11,2023-11,https://www.mapillary.com/app/?pKey=808506870942955&focus=photo,
marb-00454,42.491019,-70.838431,True,wood_utility,vegetation,lean_slight,slight,none_visible,touching,False,1,5,1,2023-11,2023-11,https://www.mapillary.com/app/?pKey=660503599625314&focus=photo,
marb-00455,42.4906662,-70.839995,True,wood_utility,vegetation,,none,none_visible,touching,False,0,4,1,2023-11,2023-11,https://www.mapillary.com/app/?pKey=987430385657704&focus=photo,
marb-00456,42.490593,-70.83984,True,wood_utility,,,none,none_visible,near,False,1,3,1,2023-11,2023-11,https://www.mapillary.com/app/?pKey=366357789193006&focus=photo,
marb-00457,42.490086,-70.839836,True,wood_utility,,,none,none_visible,near,False,1,3,1,2023-11,2023-11,https://www.mapillary.com/app/?pKey=3757424781243067&focus=photo,
marb-00458,42.490726,-70.83948,True,wood_utility,,lean_slight,slight,none_visible,near,False,1,3,1,2023-11,2023-11,https://www.mapillary.com/app/?pKey=1333674067277576&focus=photo,
marb-00459,42.49116,-70.83793,True,wood_utility,vegetation,,none,none_visible,touching,False,2,1,1,2023-11,2023-11,https://www.mapillary.com/app/?pKey=715657183441458&focus=photo,
marb-00460,42.50199,-70.83522,True,wood_utility,lean,,moderate,none_visible,near,True,1,3,1,2025-11,2025-11,https://www.mapillary.com/app/?pKey=826830529956266&focus=photo,
marb-00461,42.5018278,-70.83548,True,wood_utility,,lean_slight,slight,none_visible,near,False,1,5,1,2025-11,2025-11,https://www.mapillary.com/app/?pKey=2548030542247703&focus=photo,
marb-00462,42.5021,-70.83506,True,wood_utility,,lean_slight,slight,none_visible,near,False,1,3,1,2025-11,2025-11,https://www.mapillary.com/app/?pKey=1419040093560300&focus=photo,
marb-00463,42.503807,-70.85022,True,wood_utility,,,none,none_visible,near,False,2,3,1,2023-08,2023-08,https://www.mapillary.com/app/?pKey=309811464959950&focus=photo,
marb-00464,42.503662,-70.84909,True,wood_utility,,lean_slight,slight,none_visible,near,False,2,3,1,2023-08,2023-08,https://www.mapillary.com/app/?pKey=1061956448521667&focus=photo,
marb-00465,42.5036948,-70.849352,True,wood_utility,,,none,none_visible,near,False,2,5,1,2023-08,2023-08,https://www.mapillary.com/app/?pKey=255049140731044&focus=photo,
marb-00466,42.503746,-70.849754,True,wood_utility,,,none,none_visible,none,False,3,3,1,2023-08,2023-08,https://www.mapillary.com/app/?pKey=184487031313419&focus=photo,
marb-00467,42.50369,-70.84922,True,wood_utility,,lean_slight,slight,none_visible,near,False,2,3,1,2023-08,2023-08,https://www.mapillary.com/app/?pKey=766928698517694&focus=photo,
marb-00468,42.503567,-70.8492,True,wood_utility,,lean_slight,slight,none_visible,near,False,2,3,1,2023-08,2023-08,https://www.mapillary.com/app/?pKey=6562790027144737&focus=photo,
marb-00469,42.50349,-70.84927,True,wood_utility,,lean_slight,slight,none_visible,near,False,2,3,1,2023-08,2023-08,https://www.mapillary.com/app/?pKey=6562790027144737&focus=photo,
marb-00470,42.4894688,-70.840282,True,wood_utility,,lean_slight,slight,none_visible,near,False,2,5,1,2025-11,2025-11,https://www.mapillary.com/app/?pKey=924607580727988&focus=photo,
marb-00471,42.48934,-70.840675,True,wood_utility,,,unclear,none_visible,near,False,0,3,1,2025-11,2025-11,https://www.mapillary.com/app/?pKey=1197346862301150&focus=photo,
marb-00472,42.4893,-70.840996,True,wood_utility,,,none,unclear,near,False,1,2,1,2025-11,2025-11,https://www.mapillary.com/app/?pKey=25815409914731741&focus=photo,
marb-00473,42.489407,-70.84039,True,wood_utility,double,lean_slight,slight,none_visible,none,True,1,3,1,2025-11,2025-11,https://www.mapillary.com/app/?pKey=1426808272345731&focus=photo,
marb-00474,42.489204,-70.84247,False,unclear,,,unclear,none_visible,unclear,False,0,1,1,2025-11,2025-11,https://www.mapillary.com/app/?pKey=2147857015738060&focus=photo,
marb-00475,42.48924,-70.84115,True,wood_utility,vegetation,,unclear,none_visible,touching,False,1,3,1,2025-11,2025-11,https://www.mapillary.com/app/?pKey=1505197250714192&focus=photo,
marb-00476,42.48904,-70.84256,True,wood_utility,vegetation,lean_slight,slight,none_visible,touching,False,1,3,1,2025-11,2025-11,https://www.mapillary.com/app/?pKey=2147857015738060&focus=photo,
marb-00477,42.489536,-70.84005,True,wood_utility,lean;vegetation,,moderate,none_visible,touching,False,0,3,1,2025-11,2025-11,https://www.mapillary.com/app/?pKey=845950451235766&focus=photo,
marb-00478,42.4976361,-70.8572753,True,wood_utility,,,none,intact,near,False,3,8,1,2025-11,2025-11,https://www.mapillary.com/app/?pKey=1174300897996156&focus=photo,
marb-00479,42.497208,-70.85784,True,wood_utility,lean,,moderate,none_visible,near,False,2,3,1,2025-11,2025-11,https://www.mapillary.com/app/?pKey=1423474989304436&focus=photo,
marb-00480,42.4973675,-70.8576025,True,wood_utility,,lean_slight,slight,intact,none,False,1,6,1,2025-11,2025-11,https://www.mapillary.com/app/?pKey=2024705451610547&focus=photo,
marb-00481,42.4972835,-70.8577345,True,wood_utility,,,none,none_visible,near,False,2,6,1,2025-11,2025-11,https://www.mapillary.com/app/?pKey=2024705451610547&focus=photo,
marb-00482,42.497103,-70.85802,True,wood_utility,,lean_slight,slight,none_visible,near,False,2,6,1,2025-11,2025-11,https://www.mapillary.com/app/?pKey=1522632715612303&focus=photo,
marb-00483,42.49719,-70.85795,True,wood_utility,,,unclear,unclear,none,False,1,2,1,2025-11,2025-11,https://www.mapillary.com/app/?pKey=1115975623952410&focus=photo,
marb-00484,42.49691,-70.85833,True,wood_utility,,,none,intact,near,False,2,5,1,2025-11,2025-11,https://www.mapillary.com/app/?pKey=1744183086267057&focus=photo,
marb-00485,42.4970217,-70.85814,True,wood_utility,,lean_slight,slight,none_visible,near,False,2,9,1,2025-11,2025-11,https://www.mapillary.com/app/?pKey=804150739260657&focus=photo,
marb-00486,42.4964735,-70.859235,True,wood_utility,,,none,unclear,near,False,1,2,1,2025-11,2025-11,https://www.mapillary.com/app/?pKey=766614766406191&focus=photo,
marb-00487,42.4965364,-70.859063,True,wood_utility,,,none,intact,none,True,2,5,1,2025-11,2025-11,https://www.mapillary.com/app/?pKey=1619169636157567&focus=photo,
marb-00488,42.4964966,-70.859146,True,wood_utility,,,none,intact,near,False,2,5,1,2025-11,2025-11,https://www.mapillary.com/app/?pKey=766614766406191&focus=photo,
marb-00489,42.4966082,-70.8590076,True,wood_utility,,lean_slight,slight,none_visible,near,False,2,5,1,2025-11,2025-11,https://www.mapillary.com/app/?pKey=1461923288206161&focus=photo,
marb-00490,42.496674,-70.8588143,True,wood_utility,,lean_slight,slight,none_visible,none,False,1,14,1,2025-11,2025-11,https://www.mapillary.com/app/?pKey=1572422167295051&focus=photo,
marb-00491,42.4966202,-70.85891,True,wood_utility,,lean_slight,slight,intact,none,False,2,5,1,2025-11,2025-11,https://www.mapillary.com/app/?pKey=1911797239430278&focus=photo,
marb-00492,42.496536,-70.859505,False,street_light,,,unclear,unclear,none,False,0,2,1,2025-11,2025-11,https://www.mapillary.com/app/?pKey=1619169636157567&focus=photo,
marb-00493,42.497753,-70.857445,True,wood_utility,,lean_slight,slight,none_visible,near,False,2,3,1,2025-11,2025-11,https://www.mapillary.com/app/?pKey=1716451305689584&focus=photo,
marb-00494,42.496846,-70.8584367,True,wood_utility,lean,,moderate,none_visible,near,False,1,9,2,2025-11,2025-11,https://www.mapillary.com/app/?pKey=857134933424543&focus=photo,
marb-00495,42.4969655,-70.858223,True,wood_utility,,,none,none_visible,near,True,2,6,1,2025-11,2025-11,https://www.mapillary.com/app/?pKey=834126735979605&focus=photo,
marb-00496,42.4967702,-70.858596,True,wood_utility,,lean_slight,slight,none_visible,near,False,2,5,1,2025-11,2025-11,https://www.mapillary.com/app/?pKey=1484520649266214&focus=photo,
marb-00497,42.496548,-70.8593875,True,wood_utility,,,none,none_visible,none,False,0,4,1,2025-11,2025-11,https://www.mapillary.com/app/?pKey=766614766406191&focus=photo,
marb-00498,42.49683,-70.85855,True,wood_utility,,,none,none_visible,near,False,2,3,1,2025-11,2025-11,https://www.mapillary.com/app/?pKey=1139478791711911&focus=photo,
marb-00499,42.496708,-70.858696,True,wood_utility,,lean_slight,slight,none_visible,near,True,1,3,1,2025-11,2025-11,https://www.mapillary.com/app/?pKey=847985330980460&focus=photo,
marb-00500,42.50177,-70.83528,False,unclear,,,unclear,none_visible,unclear,False,0,1,1,2023-11,2023-11,https://www.mapillary.com/app/?pKey=876845034082358&focus=photo,
marb-00501,42.502087,-70.83466,True,wood_utility,vegetation,lean_slight,slight,none_visible,touching,False,1,3,1,2023-11,2023-11,https://www.mapillary.com/app/?pKey=1014201439799145&focus=photo,
marb-00502,42.50233,-70.833954,False,push_brace,vegetation,,unclear,none_visible,touching,False,0,1,1,2023-11,2023-11,https://www.mapillary.com/app/?pKey=1025922961994386&focus=photo,
marb-00503,42.5022325,-70.83432,True,wood_utility,double,lean_slight,slight,none_visible,near,False,2,6,1,2023-11,2023-11,https://www.mapillary.com/app/?pKey=1078157696645477&focus=photo,
marb-00504,42.5025603,-70.8335417,True,wood_utility,,,none,none_visible,near,False,1,4,1,2023-11,2023-11,https://www.mapillary.com/app/?pKey=307043898863563&focus=photo,
marb-00505,42.50298,-70.83264,True,wood_utility,,lean_slight,slight,none_visible,near,False,1,3,1,2023-11,2023-11,https://www.mapillary.com/app/?pKey=3530573503859531&focus=photo,
marb-00506,42.50241,-70.834015,True,wood_utility,,lean_slight,slight,none_visible,near,False,1,3,1,2023-11,2023-11,https://www.mapillary.com/app/?pKey=1022509619002914&focus=photo,
marb-00507,42.50215,-70.83426,True,wood_utility,vegetation,lean_slight,slight,none_visible,touching,False,2,3,1,2023-11,2023-11,https://www.mapillary.com/app/?pKey=1078157696645477&focus=photo,
marb-00508,42.50192,-70.83525,True,wood_utility,,,none,none_visible,none,False,1,3,1,2023-11,2023-11,https://www.mapillary.com/app/?pKey=360287429846666&focus=photo,
marb-00509,42.502014,-70.83507,True,wood_utility,,lean_slight,slight,none_visible,near,False,1,3,1,2023-11,2023-11,https://www.mapillary.com/app/?pKey=303040739296852&focus=photo,
marb-00510,42.502842,-70.83292,True,wood_utility,,,none,none_visible,near,True,1,2,1,2023-11,2023-11,https://www.mapillary.com/app/?pKey=303735725977214&focus=photo,
marb-00511,42.502735,-70.83317,True,wood_utility,,,none,none_visible,near,False,1,3,1,2023-11,2023-11,https://www.mapillary.com/app/?pKey=6740571109393568&focus=photo,
marb-00512,42.4947933,-70.8619533,True,wood_utility,vegetation,,none,none_visible,touching,False,1,3,1,2023-11,2023-11,https://www.mapillary.com/app/?pKey=717703476528720&focus=photo,
marb-00513,42.49472,-70.86197,True,wood_utility,vegetation,lean_slight,slight,none_visible,touching,False,1,2,1,2023-11,2023-11,https://www.mapillary.com/app/?pKey=717703476528720&focus=photo,
marb-00514,42.49493,-70.862162,True,wood_utility,,,none,none_visible,near,False,1,6,1,2023-11,2023-11,https://www.mapillary.com/app/?pKey=1312419472807697&focus=photo,
marb-00515,42.4940842,-70.860713,True,wood_utility,,,none,none_visible,near,True,2,5,1,2023-11,2023-11,https://www.mapillary.com/app/?pKey=1285654248807850&focus=photo,
marb-00516,42.494087,-70.86033,True,wood_utility,,,unclear,unclear,near,False,0,3,1,2023-11,2023-11,https://www.mapillary.com/app/?pKey=1231710137784855&focus=photo,
marb-00517,42.49493,-70.86225,True,wood_utility,,lean_slight,slight,none_visible,near,False,2,1,1,2023-11,2023-11,https://www.mapillary.com/app/?pKey=887615409443731&focus=photo,
marb-00518,42.494503,-70.86139,True,wood_utility,,,none,intact,near,True,1,3,1,2023-11,2023-11,https://www.mapillary.com/app/?pKey=1084606286032355&focus=photo,
marb-00519,42.4942661,-70.8609959,True,wood_utility,,,none,intact,near,False,2,8,1,2023-11,2023-11,https://www.mapillary.com/app/?pKey=706907744414870&focus=photo,
marb-00520,42.494335,-70.861115,True,wood_utility,,,none,intact,near,False,2,1,1,2023-11,2023-11,https://www.mapillary.com/app/?pKey=1398641771085816&focus=photo,
marb-00521,42.494682,-70.86206,True,wood_utility,vegetation,lean_slight,slight,none_visible,touching,False,1,3,1,2023-11,2023-11,https://www.mapillary.com/app/?pKey=1819958771796956&focus=photo,
marb-00522,42.494812,-70.862144,False,traffic_signal,,,none,none_visible,near,False,0,3,1,2023-11,2023-11,https://www.mapillary.com/app/?pKey=2025228121192682&focus=photo,
marb-00523,42.49387,-70.86065,False,unclear,vegetation,,none,none_visible,touching,False,0,2,1,2023-11,2023-11,https://www.mapillary.com/app/?pKey=739011031424133&focus=photo,
marb-00524,42.501,-70.86082,True,wood_utility,vegetation,,none,none_visible,touching,False,1,3,1,2023-08,2023-08,https://www.mapillary.com/app/?pKey=1438117850100948&focus=photo,
marb-00525,42.492588,-70.84526,True,wood_utility,,,unclear,unclear,near,False,0,1,1,2025-11,2025-11,https://www.mapillary.com/app/?pKey=778415592032191&focus=photo,
marb-00526,42.505825,-70.8487,True,wood_utility,,,none,intact,none,False,2,3,1,2023-08,2023-08,https://www.mapillary.com/app/?pKey=262177743269925&focus=photo,
marb-00527,42.50469,-70.85106,True,wood_utility,,lean_slight,slight,none_visible,near,False,2,3,1,2023-08,2023-08,https://www.mapillary.com/app/?pKey=599697859031862&focus=photo,
marb-00528,42.504627,-70.851364,True,wood_utility,vegetation,,none,none_visible,touching,False,1,3,1,2023-08,2023-08,https://www.mapillary.com/app/?pKey=665095188888757&focus=photo,
marb-00529,42.504623,-70.851456,True,wood_utility,vegetation,,unclear,unclear,touching,False,1,3,1,2023-08,2023-08,https://www.mapillary.com/app/?pKey=3133424126954080&focus=photo,
marb-00530,42.4893632,-70.840774,True,wood_utility,double,lean_slight,slight,intact,near,False,1,5,1,2023-11,2023-11,https://www.mapillary.com/app/?pKey=303714039229970&focus=photo,
marb-00531,42.489166,-70.8416,True,wood_utility,vegetation,lean_slight,slight,unclear,touching,False,2,3,1,2023-11,2023-11,https://www.mapillary.com/app/?pKey=706518764447244&focus=photo,
marb-00532,42.48912,-70.84197,True,wood_utility,vegetation,,none,none_visible,touching,False,2,3,1,2023-11,2023-11,https://www.mapillary.com/app/?pKey=327317910042260&focus=photo,
marb-00533,42.48939,-70.84124,True,wood_utility,vegetation,,none,none_visible,touching,False,0,2,1,2023-11,2023-11,https://www.mapillary.com/app/?pKey=636872375066922&focus=photo,
marb-00534,42.48928,-70.84126,True,wood_utility,,,none,none_visible,near,False,1,2,1,2023-11,2023-11,https://www.mapillary.com/app/?pKey=856628566156407&focus=photo,
marb-00535,42.489754,-70.83988,True,wood_utility,,,none,none_visible,near,False,1,3,1,2023-11,2023-11,https://www.mapillary.com/app/?pKey=303168292639635&focus=photo,
marb-00536,42.489223,-70.84275,True,wood_utility,vegetation,,none,intact,touching,False,2,3,1,2023-11,2023-11,https://www.mapillary.com/app/?pKey=7057082161022703&focus=photo,
marb-00537,42.493313,-70.86555,True,wood_utility,vegetation,,none,none_visible,touching,False,0,3,1,2023-11,2023-11,https://www.mapillary.com/app/?pKey=255010344227357&focus=photo,
marb-00538,42.494,-70.86526,True,wood_utility,vegetation,,none,unclear,touching,False,1,3,1,2023-11,2023-11,https://www.mapillary.com/app/?pKey=315479698010343&focus=photo,
marb-00539,42.497524,-70.85717,True,wood_utility,,,unclear,intact,near,False,2,3,1,2025-11,2025-11,https://www.mapillary.com/app/?pKey=1449151999519026&focus=photo,
marb-00540,42.497476,-70.857505,True,wood_utility,,,none,none_visible,near,False,2,2,1,2025-11,2025-11,https://www.mapillary.com/app/?pKey=1860751054514759&focus=photo,
marb-00541,42.5044372,-70.8523075,True,wood_utility,vegetation,,none,none_visible,touching,False,2,4,1,2023-08,2023-08,https://www.mapillary.com/app/?pKey=620571076866143&focus=photo,
marb-00542,42.504578,-70.8516,True,wood_utility,vegetation,,unclear,unclear,touching,False,1,3,1,2023-08,2023-08,https://www.mapillary.com/app/?pKey=851320989668114&focus=photo,
marb-00543,42.5045115,-70.851965,True,wood_utility,lean,,moderate,none_visible,near,False,1,6,1,2023-08,2023-08,https://www.mapillary.com/app/?pKey=1420571132134272&focus=photo,
marb-00544,42.504375,-70.85256,True,wood_utility,vegetation,lean_slight,slight,unclear,touching,False,2,3,1,2023-08,2023-08,https://www.mapillary.com/app/?pKey=285102377488065&focus=photo,
marb-00545,42.502384,-70.85566,True,wood_utility,vegetation,,none,none_visible,touching,False,2,3,1,2023-08,2023-08,https://www.mapillary.com/app/?pKey=958909032035376&focus=photo,
marb-00546,42.492207,-70.836296,True,wood_utility,,lean_slight,slight,none_visible,near,False,1,3,1,2023-11,2023-11,https://www.mapillary.com/app/?pKey=646566784306854&focus=photo,
marb-00547,42.491245,-70.83771,True,wood_utility,lean,,moderate,none_visible,near,False,2,1,1,2023-11,2023-11,https://www.mapillary.com/app/?pKey=6550531105055830&focus=photo,
marb-00548,42.491301,-70.837495,True,wood_utility,,lean_slight,slight,none_visible,none,False,1,6,2,2025-11,2025-11,https://www.mapillary.com/app/?pKey=3702801550027992&focus=photo,
marb-00549,42.491867,-70.83653,True,wood_utility,,,none,none_visible,near,False,1,3,1,2023-11,2023-11,https://www.mapillary.com/app/?pKey=319818194244770&focus=photo,
marb-00550,42.492435,-70.836174,True,wood_utility,,lean_slight,slight,intact,none,False,2,3,1,2023-11,2023-11,https://www.mapillary.com/app/?pKey=1717589645414458&focus=photo,
marb-00551,42.491684,-70.836716,True,wood_utility,,,none,none_visible,near,False,1,3,1,2023-11,2023-11,https://www.mapillary.com/app/?pKey=992371115177226&focus=photo,
marb-00552,42.4915398,-70.836918,True,wood_utility,,,none,none_visible,near,False,2,5,2,2025-11,2025-11,https://www.mapillary.com/app/?pKey=2367585137027509&focus=photo,
marb-00553,42.4923342,-70.8362556,True,wood_utility,,lean_slight,slight,intact,near,False,2,5,1,2023-11,2023-11,https://www.mapillary.com/app/?pKey=872211620954894&focus=photo,
marb-00554,42.49271,-70.83648,True,wood_utility,,lean_slight,slight,none_visible,near,False,1,3,1,2023-11,2023-11,https://www.mapillary.com/app/?pKey=1755449698301266&focus=photo,
marb-00555,42.49128,-70.8376,True,wood_utility,,lean_slight,slight,none_visible,near,False,1,3,1,2023-11,2023-11,https://www.mapillary.com/app/?pKey=1110917026757029&focus=photo,
marb-00556,42.49253,-70.8361,True,wood_utility,,,none,none_visible,none,False,2,3,1,2023-11,2023-11,https://www.mapillary.com/app/?pKey=6925033554219956&focus=photo,
marb-00557,42.48573,-70.88501,True,wood_utility,,,none,none_visible,near,False,1,2,1,2023-11,2023-11,https://www.mapillary.com/app/?pKey=6848707058575490&focus=photo,
marb-00558,42.48552,-70.88472,True,wood_utility,,,none,intact,near,False,1,3,1,2023-11,2023-11,https://www.mapillary.com/app/?pKey=3146697858957853&focus=photo,
marb-00559,42.485733,-70.88509,True,wood_utility,,,none,none_visible,near,False,1,3,1,2023-11,2023-11,https://www.mapillary.com/app/?pKey=227265260267259&focus=photo,
marb-00560,42.485897,-70.88547,True,wood_utility,vegetation,lean_slight,slight,none_visible,touching,False,1,3,1,2023-11,2023-11,https://www.mapillary.com/app/?pKey=308051242152981&focus=photo,
marb-00561,42.486,-70.88536,True,wood_utility,,lean_slight,slight,none_visible,near,False,1,3,1,2023-11,2023-11,https://www.mapillary.com/app/?pKey=1062906608244138&focus=photo,
marb-00562,42.48594,-70.885284,True,wood_utility,,lean_slight,slight,none_visible,near,False,1,3,1,2023-11,2023-11,https://www.mapillary.com/app/?pKey=374686595129607&focus=photo,
marb-00563,42.48506,-70.88392,True,wood_utility,,,none,none_visible,near,False,1,3,1,2023-11,2023-11,https://www.mapillary.com/app/?pKey=1059700468403073&focus=photo,
marb-00564,42.484863,-70.8836,True,wood_utility,,,none,none_visible,near,True,1,3,1,2023-11,2023-11,https://www.mapillary.com/app/?pKey=739998384833585&focus=photo,
marb-00565,42.4853,-70.884315,True,wood_utility,vegetation,,none,none_visible,touching,False,1,3,1,2023-11,2023-11,https://www.mapillary.com/app/?pKey=1033136057805610&focus=photo,
marb-00566,42.48428,-70.882675,True,wood_utility,,,none,none_visible,near,False,1,1,1,2023-11,2023-11,https://www.mapillary.com/app/?pKey=1520742168761466&focus=photo,
marb-00567,42.484257,-70.88256,True,wood_utility,,,none,none_visible,near,False,1,3,1,2023-11,2023-11,https://www.mapillary.com/app/?pKey=1837244563386913&focus=photo,
marb-00568,42.4838606,-70.8818586,True,wood_utility,,,none,none_visible,near,False,2,7,1,2023-11,2023-11,https://www.mapillary.com/app/?pKey=218135664647486&focus=photo,
marb-00569,42.483284,-70.88089,True,wood_utility,,,none,none_visible,near,False,1,2,1,2023-11,2023-11,https://www.mapillary.com/app/?pKey=306754598942047&focus=photo,
marb-00570,42.4836432,-70.8814726,True,wood_utility,,,none,none_visible,none,True,1,5,1,2023-11,2023-11,https://www.mapillary.com/app/?pKey=885664816502209&focus=photo,
marb-00571,42.484047,-70.88212,True,wood_utility,,,none,none_visible,none,False,2,2,1,2023-11,2023-11,https://www.mapillary.com/app/?pKey=1041326273849852&focus=photo,
marb-00572,42.484478,-70.883,True,wood_utility,,,none,none_visible,near,False,1,3,1,2023-11,2023-11,https://www.mapillary.com/app/?pKey=362518686312114&focus=photo,
marb-00573,42.4846637,-70.8832763,True,wood_utility,,,none,none_visible,near,False,1,4,1,2023-11,2023-11,https://www.mapillary.com/app/?pKey=186101054559400&focus=photo,
marb-00574,42.483444,-70.88111,True,wood_utility,,,none,none_visible,near,False,1,3,1,2023-11,2023-11,https://www.mapillary.com/app/?pKey=1084478146241040&focus=photo,
marb-00575,42.49143,-70.83713,True,wood_utility,vegetation,lean_slight,slight,none_visible,touching,False,1,6,1,2025-11,2025-11,https://www.mapillary.com/app/?pKey=858460419953626&focus=photo,
marb-00576,42.491806,-70.836624,True,wood_utility,vegetation,lean_slight,slight,none_visible,touching,False,1,3,1,2025-11,2025-11,https://www.mapillary.com/app/?pKey=24296077380065108&focus=photo,
marb-00577,42.49149,-70.83705,True,wood_utility,,,none,unclear,near,False,1,2,1,2025-11,2025-11,https://www.mapillary.com/app/?pKey=843455764881940&focus=photo,
marb-00578,42.485397,-70.88827,True,wood_utility,,,none,none_visible,near,False,1,3,1,2023-11,2023-11,https://www.mapillary.com/app/?pKey=6913544308682980&focus=photo,
marb-00579,42.485905,-70.89005,True,wood_utility,vegetation,,none,none_visible,touching,False,1,3,1,2023-11,2023-11,https://www.mapillary.com/app/?pKey=1015312949743193&focus=photo,
marb-00580,42.485783,-70.88963,True,wood_utility,vegetation,,none,none_visible,touching,False,1,3,1,2023-11,2023-11,https://www.mapillary.com/app/?pKey=2592100047604326&focus=photo,
marb-00581,42.48555,-70.888794,True,wood_utility,,,none,none_visible,near,False,0,2,1,2023-11,2023-11,https://www.mapillary.com/app/?pKey=714464943925786&focus=photo,
marb-00582,42.4860497,-70.89053,True,wood_utility,,,none,none_visible,near,False,1,3,1,2023-11,2023-11,https://www.mapillary.com/app/?pKey=1300844780628066&focus=photo,
marb-00583,42.48567,-70.88921,True,wood_utility,,,none,none_visible,none,False,0,3,1,2023-11,2023-11,https://www.mapillary.com/app/?pKey=1303748314358240&focus=photo,
marb-00584,42.486164,-70.89059,True,wood_utility,,,none,none_visible,near,False,0,3,1,2023-11,2023-11,https://www.mapillary.com/app/?pKey=872140984617932&focus=photo,
marb-00585,42.486137,-70.89087,True,wood_utility,,,none,none_visible,none,False,0,3,1,2023-11,2023-11,https://www.mapillary.com/app/?pKey=879793510039906&focus=photo,
marb-00586,42.4821483,-70.87912,True,wood_utility,,,none,none_visible,near,False,0,4,1,2023-11,2023-11,https://www.mapillary.com/app/?pKey=3173196476315750&focus=photo,
marb-00587,42.482716,-70.879995,True,wood_utility,,,none,none_visible,near,False,1,6,1,2023-11,2023-11,https://www.mapillary.com/app/?pKey=613167854191496&focus=photo,
marb-00588,42.481922,-70.87868,True,wood_utility,,lean_slight,slight,unclear,near,False,1,3,1,2023-11,2023-11,https://www.mapillary.com/app/?pKey=874339114397088&focus=photo,
marb-00589,42.48211,-70.878825,True,wood_utility,double;vegetation,,unclear,none_visible,touching,False,0,6,1,2023-11,2023-11,https://www.mapillary.com/app/?pKey=888029829613561&focus=photo,
marb-00590,42.482454,-70.879576,True,wood_utility,double,,none,none_visible,near,False,1,5,1,2023-11,2023-11,https://www.mapillary.com/app/?pKey=1423567241532052&focus=photo,
marb-00591,42.482105,-70.87919,True,wood_utility,,,none,none_visible,near,False,1,3,1,2023-11,2023-11,https://www.mapillary.com/app/?pKey=1813900209046362&focus=photo,
marb-00592,42.482296,-70.87935,True,wood_utility,,,none,none_visible,near,False,1,3,1,2023-11,2023-11,https://www.mapillary.com/app/?pKey=371635788590089&focus=photo,
marb-00593,42.48252,-70.879715,True,wood_utility,,lean_slight,slight,none_visible,near,False,1,3,1,2023-11,2023-11,https://www.mapillary.com/app/?pKey=1737911249989283&focus=photo,
marb-00594,42.48295,-70.88038,True,wood_utility,,,none,none_visible,near,False,1,2,1,2023-11,2023-11,https://www.mapillary.com/app/?pKey=217557798036319&focus=photo,
marb-00595,42.5036303,-70.8544267,True,wood_utility,double,,none,intact,near,False,1,9,1,2023-08,2023-08,https://www.mapillary.com/app/?pKey=834758387894644&focus=photo,
marb-00596,42.5037023,-70.8544587,True,wood_utility,vegetation,lean_slight,slight,unclear,touching,False,1,3,1,2023-08,2023-08,https://www.mapillary.com/app/?pKey=1486657785495062&focus=photo,
marb-00597,42.50362,-70.85452,True,wood_utility,vegetation,,none,unclear,touching,False,1,6,1,2023-08,2023-08,https://www.mapillary.com/app/?pKey=964130588028336&focus=photo,
marb-00598,42.504356,-70.847374,True,wood_utility,,,none,none_visible,near,False,2,3,1,2023-08,2023-08,https://www.mapillary.com/app/?pKey=282952484445285&focus=photo,
marb-00599,42.50427,-70.8476,True,wood_utility,,,none,none_visible,near,False,2,3,1,2023-08,2023-08,https://www.mapillary.com/app/?pKey=831375402029860&focus=photo,
marb-00600,42.507267,-70.84426,True,wood_utility,,,none,none_visible,near,False,3,3,1,2023-08,2023-08,https://www.mapillary.com/app/?pKey=678640153735406&focus=photo,
marb-00601,42.5072,-70.84431,True,wood_utility,,lean_slight,slight,none_visible,near,False,2,1,1,2023-08,2023-08,https://www.mapillary.com/app/?pKey=3568898890096789&focus=photo,
marb-00602,42.507057,-70.84452,True,wood_utility,vegetation,,none,none_visible,touching,False,1,3,1,2023-08,2023-08,https://www.mapillary.com/app/?pKey=259630846955048&focus=photo,
marb-00603,42.507618,-70.84392,True,wood_utility,,,none,none_visible,near,False,1,2,1,2023-08,2023-08,https://www.mapillary.com/app/?pKey=824463105803068&focus=photo,
marb-00604,42.507446,-70.844055,True,wood_utility,,,none,none_visible,near,False,1,3,1,2023-08,2023-08,https://www.mapillary.com/app/?pKey=824463105803068&focus=photo,
marb-00605,42.507397,-70.84415,True,wood_utility,,,none,none_visible,near,False,1,3,1,2023-08,2023-08,https://www.mapillary.com/app/?pKey=1736683800125626&focus=photo,
marb-00606,42.508675,-70.842674,True,wood_utility,vegetation,,none,none_visible,touching,False,1,2,1,2023-08,2023-08,https://www.mapillary.com/app/?pKey=1460801344750518&focus=photo,
marb-00607,42.508232,-70.84333,True,wood_utility,,,none,none_visible,near,False,1,3,1,2023-08,2023-08,https://www.mapillary.com/app/?pKey=597972685857895&focus=photo,
marb-00608,42.508476,-70.84291,True,wood_utility,vegetation,,none,none_visible,touching,False,1,3,1,2023-08,2023-08,https://www.mapillary.com/app/?pKey=293379560045521&focus=photo,

"Imagery and detections © Mapillary contributors, CC BY-SA 4.0. Derived data ODbL. Basemap © OpenStreetMap contributors. OSM pole comparison © OpenStreetMap contributors, ODbL."
