id,lat,lon,is_utility_pole,pole_type,model_flags,model_watch,lean,crossarm,vegetation,transformer,attachments_estimate,photos_assessed,capture_sequences,photo_shown_date,latest_available_photo_date,source_photo_url,nearest_osm_pole_m
read-00000,42.524807,-71.08234,True,wood_utility,,,none,none_visible,near,False,0,3,1,2023-03,2023-03,https://www.mapillary.com/app/?pKey=2206831499513778&focus=photo,
read-00001,42.524254,-71.08118,True,wood_utility,,,unclear,unclear,near,False,0,2,1,2023-03,2023-03,https://www.mapillary.com/app/?pKey=752677140003755&focus=photo,
read-00002,42.524315,-71.081474,True,wood_utility,,,none,none_visible,near,False,1,3,1,2023-03,2023-03,https://www.mapillary.com/app/?pKey=317828934294304&focus=photo,
read-00003,42.524925,-71.08263,True,wood_utility,,,none,none_visible,near,False,0,2,1,2023-03,2023-03,https://www.mapillary.com/app/?pKey=1057369979016647&focus=photo,
read-00004,42.52443,-71.08176,True,wood_utility,,,none,none_visible,near,False,1,1,1,2023-03,2023-03,https://www.mapillary.com/app/?pKey=3666706863597259&focus=photo,
read-00005,42.506283,-71.103546,True,wood_utility,,lean_slight,slight,none_visible,near,False,1,2,1,2017-10,2017-10,https://www.mapillary.com/app/?pKey=152910326794114&focus=photo,
read-00006,42.506073,-71.10333,False,traffic_signal,,,unclear,none_visible,unclear,False,0,3,1,2017-10,2017-10,https://www.mapillary.com/app/?pKey=784783082176304&focus=photo,
read-00007,42.50625,-71.10363,True,wood_utility,lean,,moderate,none_visible,near,False,0,3,1,2017-10,2017-10,https://www.mapillary.com/app/?pKey=455406412195169&focus=photo,
read-00008,42.5064728,-71.103679,True,wood_utility,,,none,unclear,near,False,1,4,1,2017-10,2017-10,https://www.mapillary.com/app/?pKey=863791437874064&focus=photo,
read-00009,42.5062384,-71.1034794,True,wood_utility,,,none,none_visible,near,False,1,5,1,2017-10,2017-10,https://www.mapillary.com/app/?pKey=504622930960205&focus=photo,
read-00010,42.502483,-71.12713,True,wood_utility,,,none,intact,none,False,1,3,1,2021-06,2021-06,https://www.mapillary.com/app/?pKey=1342581762802766&focus=photo,9.0
read-00011,42.516586,-71.103676,True,wood_utility,,lean_slight,slight,none_visible,near,False,1,1,1,2020-07,2020-07,https://www.mapillary.com/app/?pKey=309691497272690&focus=photo,
read-00012,42.515526,-71.103645,True,wood_utility,,,none,intact,near,False,2,1,1,2020-07,2020-07,https://www.mapillary.com/app/?pKey=164915805563617&focus=photo,
read-00013,42.51693,-71.10357,True,wood_utility,,,none,none_visible,near,False,2,2,1,2020-07,2020-07,https://www.mapillary.com/app/?pKey=309691497272690&focus=photo,
read-00014,42.51772,-71.103455,True,wood_utility,,,none,intact,near,False,2,3,1,2020-07,2020-07,https://www.mapillary.com/app/?pKey=495694748549121&focus=photo,
read-00015,42.5191935,-71.10334,True,wood_utility,,,none,intact,near,False,2,6,1,2020-07,2020-07,https://www.mapillary.com/app/?pKey=282822433556147&focus=photo,
read-00016,42.5189495,-71.103355,True,wood_utility,,,none,intact,near,False,2,4,1,2020-07,2020-07,https://www.mapillary.com/app/?pKey=1163583007425717&focus=photo,
read-00017,42.5186413,-71.10337,True,wood_utility,,lean_slight,slight,intact,near,False,2,8,3,2021-06,2025-11,https://www.mapillary.com/app/?pKey=503714147618903&focus=photo,
read-00018,42.5146,-71.103676,True,wood_utility,vegetation,lean_slight,slight,none_visible,touching,False,2,1,1,2020-07,2020-07,https://www.mapillary.com/app/?pKey=4111754392250252&focus=photo,
read-00019,42.51629,-71.10363,True,wood_utility,,,none,unclear,near,False,2,2,1,2020-07,2020-07,https://www.mapillary.com/app/?pKey=176001787769028&focus=photo,
read-00020,42.5172214,-71.10348,True,wood_utility,,,none,intact,near,False,2,7,2,2025-11,2025-11,https://www.mapillary.com/app/?pKey=3307267972754363&focus=photo,
read-00021,42.5179618,-71.103412,True,wood_utility,,,none,intact,none,False,3,5,2,2025-11,2025-11,https://www.mapillary.com/app/?pKey=1190826796252810&focus=photo,
read-00022,42.5166527,-71.1035367,True,wood_utility,,,none,none_visible,none,False,2,9,2,2025-11,2025-11,https://www.mapillary.com/app/?pKey=2799781350207521&focus=photo,
read-00023,42.5174725,-71.103465,True,wood_utility,,,none,intact,none,False,2,6,2,2025-11,2025-11,https://www.mapillary.com/app/?pKey=1616163249551238&focus=photo,
read-00024,42.514866,-71.10366,True,wood_utility,vegetation,lean_slight,slight,none_visible,touching,False,2,3,1,2020-07,2020-07,https://www.mapillary.com/app/?pKey=472493387320034&focus=photo,
read-00025,42.51826,-71.10338,True,wood_utility,,,none,intact,near,False,2,6,2,2025-11,2025-11,https://www.mapillary.com/app/?pKey=1230368465799535&focus=photo,
read-00026,42.5145123,-71.1037233,True,wood_utility,,,none,intact,near,False,2,3,2,2021-06,2021-06,https://www.mapillary.com/app/?pKey=361646715316757&focus=photo,
read-00027,42.517464,-71.10362,True,wood_utility,,,none,none_visible,none,False,1,3,1,2020-07,2020-07,https://www.mapillary.com/app/?pKey=1406728043035192&focus=photo,
read-00028,42.5522212,-71.104656,True,wood_utility,vegetation,,none,none_visible,touching,False,1,5,2,2025-11,2025-11,https://www.mapillary.com/app/?pKey=1391992675857030&focus=photo,
read-00029,42.551025,-71.10447,True,wood_utility,,lean_slight,slight,none_visible,near,False,1,3,1,2025-11,2025-11,https://www.mapillary.com/app/?pKey=1375438627520546&focus=photo,
read-00030,42.551304,-71.10454,True,wood_utility,,lean_slight,slight,none_visible,none,False,1,1,1,2025-11,2025-11,https://www.mapillary.com/app/?pKey=808532601788287&focus=photo,
read-00031,42.549866,-71.10434,True,wood_utility,,,none,none_visible,near,False,2,1,1,2025-11,2025-11,https://www.mapillary.com/app/?pKey=1341797744057855&focus=photo,
read-00032,42.549606,-71.104485,False,unclear,,,unclear,none_visible,unclear,False,0,3,1,2025-11,2025-11,https://www.mapillary.com/app/?pKey=1850572072495855&focus=photo,
read-00033,42.5030928,-71.124529,True,wood_utility,,,none,intact,none,False,2,5,1,2023-12,2023-12,https://www.mapillary.com/app/?pKey=874525117486921&focus=photo,20.3
read-00034,42.5029727,-71.1239167,True,wood_utility,,,none,intact,near,False,1,3,1,2023-12,2023-12,https://www.mapillary.com/app/?pKey=1059070792008466&focus=photo,
read-00035,42.5032435,-71.12527,True,wood_utility,,,none,intact,none,False,1,6,3,2023-12,2023-12,https://www.mapillary.com/app/?pKey=212495301922584&focus=photo,16.0
read-00036,42.502552,-71.1269,True,wood_utility,,,none,intact,near,False,1,3,1,2023-12,2023-12,https://www.mapillary.com/app/?pKey=741919831140019&focus=photo,19.1
read-00037,42.502995,-71.12401,True,wood_utility,,,none,intact,none,False,1,3,1,2023-12,2023-12,https://www.mapillary.com/app/?pKey=585197270434908&focus=photo,
read-00038,42.5030535,-71.1242325,True,wood_utility,,,none,none_visible,none,False,1,4,1,2023-12,2023-12,https://www.mapillary.com/app/?pKey=293265979910214&focus=photo,23.1
read-00039,42.503113,-71.124435,True,wood_utility,,lean_slight,slight,intact,none,False,2,3,1,2023-12,2023-12,https://www.mapillary.com/app/?pKey=887760896168475&focus=photo,23.3
read-00040,42.503235,-71.125114,True,wood_utility,,lean_slight,slight,unclear,none,False,1,2,1,2023-12,2023-12,https://www.mapillary.com/app/?pKey=308921978798409&focus=photo,10.5
read-00041,42.527336,-71.0729475,True,wood_utility,,,none,intact,near,False,2,12,2,2023-03,2023-12,https://www.mapillary.com/app/?pKey=180004981837330&focus=photo,
read-00042,42.52722,-71.072876,True,wood_utility,,,none,intact,near,False,2,3,1,2023-03,2023-03,https://www.mapillary.com/app/?pKey=1401311854125472&focus=photo,
read-00043,42.527029,-71.072334,False,other,,,none,none_visible,near,False,0,6,1,2023-03,2023-03,https://www.mapillary.com/app/?pKey=6576936975739000&focus=photo,
read-00044,42.526983,-71.072238,True,wood_utility,vegetation,,none,none_visible,touching,False,0,5,1,2023-03,2023-03,https://www.mapillary.com/app/?pKey=264579769918513&focus=photo,
read-00045,42.5269822,-71.072622,True,wood_utility,,,none,intact,near,False,1,15,1,2023-03,2023-03,https://www.mapillary.com/app/?pKey=897396731753522&focus=photo,
read-00046,42.52741,-71.07295,True,wood_utility,,lean_slight,slight,intact,near,False,1,3,1,2023-03,2023-03,https://www.mapillary.com/app/?pKey=261242376506196&focus=photo,
read-00047,42.52701,-71.0727737,False,other,,,none,none_visible,none,False,0,4,1,2023-03,2023-03,https://www.mapillary.com/app/?pKey=1709106262834389&focus=photo,
read-00048,42.526985,-71.0724,False,other,,,none,none_visible,none,False,0,2,1,2023-03,2023-03,https://www.mapillary.com/app/?pKey=303683302548186&focus=photo,
read-00049,42.527126,-71.07291,True,wood_utility,,,none,none_visible,near,False,1,3,1,2023-03,2023-03,https://www.mapillary.com/app/?pKey=873496597463061&focus=photo,
read-00050,42.53762,-71.134926,True,wood_utility,,,none,none_visible,near,False,1,3,2,2019-03,2019-03,https://www.mapillary.com/app/?pKey=308064967700862&focus=photo,
read-00051,42.50262,-71.12646,True,wood_utility,,,none,none_visible,none,False,1,3,1,2021-10,2021-10,https://www.mapillary.com/app/?pKey=237280615103358&focus=photo,10.9
read-00052,42.5026,-71.12771,True,wood_utility,,,none,intact,none,False,2,1,1,2021-10,2021-10,https://www.mapillary.com/app/?pKey=629377361802401&focus=photo,
read-00053,42.502544,-71.12724,True,wood_utility,,lean_slight,slight,intact,none,False,1,3,1,2021-10,2021-10,https://www.mapillary.com/app/?pKey=615673339446138&focus=photo,20.2
read-00054,42.503807,-71.102844,True,wood_utility,vegetation,lean_slight,slight,unclear,touching,False,1,1,1,2023-03,2023-03,https://www.mapillary.com/app/?pKey=698715188869673&focus=photo,
read-00055,42.504425,-71.102806,True,wood_utility,,lean_slight,slight,intact,near,False,2,2,1,2023-03,2023-03,https://www.mapillary.com/app/?pKey=651204726889435&focus=photo,
read-00056,42.504517,-71.102875,True,wood_utility,,,unclear,intact,near,False,1,2,1,2023-03,2023-03,https://www.mapillary.com/app/?pKey=358615186536197&focus=photo,
read-00057,42.50347,-71.10474,False,unclear,,,unclear,unclear,unclear,False,0,3,1,2017-10,2017-10,https://www.mapillary.com/app/?pKey=685280425522395&focus=photo,
read-00058,42.50251,-71.1298,True,wood_utility,,lean_slight,slight,none_visible,none,False,1,1,1,2018-11,2018-11,https://www.mapillary.com/app/?pKey=179606360710694&focus=photo,
read-00059,42.538715,-71.122925,True,wood_utility,vegetation,,none,none_visible,touching,False,1,1,1,2025-10,2025-10,https://www.mapillary.com/app/?pKey=1506694280650815&focus=photo,
read-00060,42.53896,-71.12302,True,wood_utility,vegetation,,none,none_visible,touching,False,1,3,1,2025-10,2025-10,https://www.mapillary.com/app/?pKey=697799253362390&focus=photo,
read-00061,42.53934,-71.1234,True,wood_utility,vegetation,,none,intact,touching,False,1,3,1,2025-10,2025-10,https://www.mapillary.com/app/?pKey=816909270891291&focus=photo,
read-00062,42.5394722,-71.123508,True,wood_utility,vegetation,,unclear,none_visible,touching,False,2,5,1,2025-10,2025-10,https://www.mapillary.com/app/?pKey=1872683490299365&focus=photo,
read-00063,42.539875,-71.123775,True,wood_utility,,lean_slight,slight,none_visible,near,False,1,6,1,2025-10,2025-10,https://www.mapillary.com/app/?pKey=701897855680833&focus=photo,
read-00064,42.5396735,-71.12372,True,wood_utility,,,none,none_visible,near,False,2,6,1,2025-10,2025-10,https://www.mapillary.com/app/?pKey=1328667761465483&focus=photo,
read-00065,42.539524,-71.12358,True,wood_utility,vegetation,,unclear,intact,touching,False,1,3,1,2025-10,2025-10,https://www.mapillary.com/app/?pKey=831145140086777&focus=photo,
read-00066,42.539154,-71.12318,True,wood_utility,,,none,none_visible,near,False,1,3,1,2025-10,2025-10,https://www.mapillary.com/app/?pKey=2326517281102168&focus=photo,
read-00067,42.539978,-71.12402,True,wood_utility,vegetation,,unclear,intact,touching,False,0,3,1,2025-10,2025-10,https://www.mapillary.com/app/?pKey=1775312449784807&focus=photo,
read-00068,42.53989,-71.12401,True,wood_utility,vegetation,,unclear,unclear,touching,False,0,1,1,2025-10,2025-10,https://www.mapillary.com/app/?pKey=1176284091019008&focus=photo,
read-00069,42.539963,-71.12416,False,unclear,,,unclear,none_visible,unclear,False,0,2,1,2025-10,2025-10,https://www.mapillary.com/app/?pKey=1175334057825603&focus=photo,
read-00070,42.538616,-71.12281,True,wood_utility,vegetation,,none,none_visible,touching,False,0,3,1,2025-10,2025-10,https://www.mapillary.com/app/?pKey=1354162083166462&focus=photo,
read-00071,42.556076,-71.10537,True,wood_utility,,,none,none_visible,near,False,1,3,1,2025-11,2025-11,https://www.mapillary.com/app/?pKey=3508459502627580&focus=photo,
read-00072,42.556166,-71.1053775,True,wood_utility,,,none,none_visible,near,False,1,6,2,2025-11,2025-11,https://www.mapillary.com/app/?pKey=1382099620296501&focus=photo,
read-00073,42.554893,-71.10506,True,wood_utility,,,none,none_visible,near,False,1,3,1,2025-11,2025-11,https://www.mapillary.com/app/?pKey=4089591694690254&focus=photo,
read-00074,42.5557128,-71.10528,True,wood_utility,vegetation,lean_slight,slight,none_visible,touching,False,2,5,1,2025-11,2025-11,https://www.mapillary.com/app/?pKey=809021108560430&focus=photo,
read-00075,42.555653,-71.10548,True,wood_utility,,,none,intact,near,False,1,3,1,2025-11,2025-11,https://www.mapillary.com/app/?pKey=1157035982589448&focus=photo,
read-00076,42.518776,-71.103355,True,wood_utility,,,none,intact,none,False,2,3,1,2025-11,2025-11,https://www.mapillary.com/app/?pKey=1387750873002964&focus=photo,
read-00077,42.518864,-71.103355,True,wood_utility,,,none,intact,near,False,2,3,1,2025-11,2025-11,https://www.mapillary.com/app/?pKey=1563406101360466&focus=photo,
read-00078,42.517418,-71.10386,True,wood_utility,,,none,none_visible,near,False,1,3,1,2025-11,2025-11,https://www.mapillary.com/app/?pKey=3307267972754363&focus=photo,
read-00079,42.5192965,-71.103315,True,wood_utility,,,none,intact,none,False,2,6,1,2025-11,2025-11,https://www.mapillary.com/app/?pKey=3767843513517220&focus=photo,
read-00080,42.5190505,-71.103335,True,wood_utility,,,none,intact,none,False,2,6,1,2025-11,2025-11,https://www.mapillary.com/app/?pKey=25551035257836171&focus=photo,
read-00081,42.5183985,-71.103393,True,wood_utility,,,none,intact,near,False,2,6,1,2025-11,2025-11,https://www.mapillary.com/app/?pKey=1858148364773122&focus=photo,
read-00082,42.5185145,-71.1033705,True,wood_utility,,lean_slight,slight,none_visible,near,False,2,6,1,2025-11,2025-11,https://www.mapillary.com/app/?pKey=1188506263216215&focus=photo,
read-00083,42.518353,-71.10332,False,street_light,,,none,none_visible,none,False,0,2,1,2025-11,2025-11,https://www.mapillary.com/app/?pKey=831636709615567&focus=photo,
read-00084,42.518932,-71.10354,True,wood_utility,lean,,severe,none_visible,near,False,0,3,1,2025-11,2025-11,https://www.mapillary.com/app/?pKey=803886139110384&focus=photo,
read-00085,42.5178515,-71.1034317,True,wood_utility,,lean_slight,slight,intact,none,False,2,6,2,2025-11,2025-11,https://www.mapillary.com/app/?pKey=775065568849015&focus=photo,
read-00086,42.5169922,-71.103502,True,wood_utility,,,none,intact,near,False,2,10,2,2025-11,2025-11,https://www.mapillary.com/app/?pKey=1339146087612064&focus=photo,
read-00087,42.518095,-71.10342,True,wood_utility,,,none,intact,near,False,2,6,2,2025-11,2025-11,https://www.mapillary.com/app/?pKey=1853541328577742&focus=photo,
read-00088,42.5173758,-71.103457,True,wood_utility,,,none,none_visible,none,True,1,5,1,2025-11,2025-11,https://www.mapillary.com/app/?pKey=858371104028305&focus=photo,
read-00089,42.5182,-71.10299,True,wood_utility,,,none,none_visible,near,False,1,3,1,2025-11,2025-11,https://www.mapillary.com/app/?pKey=2786592925026542&focus=photo,
read-00090,42.517204,-71.10338,True,wood_utility,,,none,none_visible,none,False,0,3,1,2025-11,2025-11,https://www.mapillary.com/app/?pKey=1158283872935993&focus=photo,
read-00091,42.517685,-71.10322,True,wood_utility,,lean_slight,slight,intact,near,False,1,3,1,2025-11,2025-11,https://www.mapillary.com/app/?pKey=1105979218284564&focus=photo,
read-00092,42.517166,-71.10368,True,wood_utility,,,none,none_visible,none,False,1,3,1,2025-11,2025-11,https://www.mapillary.com/app/?pKey=2571107903257547&focus=photo,
read-00093,42.517845,-71.1036,True,wood_utility,,,none,none_visible,near,False,1,3,1,2025-11,2025-11,https://www.mapillary.com/app/?pKey=1096589989087086&focus=photo,
read-00094,42.517605,-71.10343,True,wood_utility,,lean_slight,slight,intact,none,False,2,3,1,2025-11,2025-11,https://www.mapillary.com/app/?pKey=1105979218284564&focus=photo,
read-00095,42.517124,-71.10347,True,wood_utility,,,none,intact,none,False,3,3,1,2025-11,2025-11,https://www.mapillary.com/app/?pKey=1367437335016549&focus=photo,
read-00096,42.50263,-71.12295,True,concrete_or_steel_utility,,,none,none_visible,unclear,False,0,1,1,2025-11,2025-11,https://www.mapillary.com/app/?pKey=696070140215668&focus=photo,
read-00097,42.516376,-71.11141,True,wood_utility,vegetation,,none,none_visible,touching,False,2,3,1,2025-10,2025-10,https://www.mapillary.com/app/?pKey=828530946424781&focus=photo,
read-00098,42.516216,-71.11119,True,wood_utility,,lean_slight,slight,none_visible,near,False,1,3,1,2025-10,2025-10,https://www.mapillary.com/app/?pKey=1580276110049911&focus=photo,
read-00099,42.516285,-71.11125,True,wood_utility,vegetation,,none,none_visible,touching,False,1,2,1,2025-10,2025-10,https://www.mapillary.com/app/?pKey=1580276110049911&focus=photo,
read-00100,42.51709,-71.11148,True,wood_utility,vegetation,lean_slight,slight,none_visible,touching,False,1,3,1,2025-10,2025-10,https://www.mapillary.com/app/?pKey=1118611013775255&focus=photo,
read-00101,42.5171993,-71.111155,True,wood_utility,,,none,none_visible,near,True,1,4,1,2025-10,2025-10,https://www.mapillary.com/app/?pKey=1352040956290961&focus=photo,
read-00102,42.516567,-71.11174,True,wood_utility,vegetation,,none,none_visible,touching,False,1,3,1,2025-10,2025-10,https://www.mapillary.com/app/?pKey=693042637175600&focus=photo,
read-00103,42.51699,-71.11163,True,wood_utility,vegetation,,none,none_visible,touching,False,1,1,1,2025-10,2025-10,https://www.mapillary.com/app/?pKey=1485894292691127&focus=photo,
read-00104,42.516968,-71.111824,True,wood_utility,vegetation,,none,none_visible,touching,False,1,3,1,2025-10,2025-10,https://www.mapillary.com/app/?pKey=4611904422369474&focus=photo,
read-00105,42.516144,-71.11102,True,wood_utility,vegetation,lean_slight,slight,none_visible,touching,False,0,2,1,2025-10,2025-10,https://www.mapillary.com/app/?pKey=4215650765383209&focus=photo,
read-00106,42.515785,-71.11031,True,wood_utility,,,none,none_visible,near,False,2,3,1,2025-10,2025-10,https://www.mapillary.com/app/?pKey=1801193450504222&focus=photo,
read-00107,42.51602,-71.11091,True,wood_utility,,,none,none_visible,near,False,2,3,1,2025-10,2025-10,https://www.mapillary.com/app/?pKey=1714533455849627&focus=photo,
read-00108,42.53344,-71.08406,True,wood_utility,,lean_slight,slight,none_visible,near,False,1,3,1,2017-10,2017-10,https://www.mapillary.com/app/?pKey=464730338168606&focus=photo,
read-00109,42.5284952,-71.080968,True,wood_utility,vegetation,,unclear,intact,touching,False,0,5,1,2017-10,2017-10,https://www.mapillary.com/app/?pKey=494945968390648&focus=photo,
read-00110,42.52866,-71.081085,False,unclear,vegetation,,unclear,unclear,touching,False,0,1,1,2017-10,2017-10,https://www.mapillary.com/app/?pKey=267304115138546&focus=photo,
read-00111,42.528271,-71.080872,True,wood_utility,vegetation,,unclear,unclear,touching,False,0,6,1,2017-10,2017-10,https://www.mapillary.com/app/?pKey=2867930606813904&focus=photo,
read-00112,42.53453,-71.104505,True,wood_utility,vegetation,,none,none_visible,touching,False,1,9,2,2025-11,2025-11,https://www.mapillary.com/app/?pKey=1335495260792853&focus=photo,
read-00113,42.534165,-71.1043625,True,wood_utility,,,none,none_visible,near,False,1,6,2,2025-11,2025-11,https://www.mapillary.com/app/?pKey=1321997299153455&focus=photo,
read-00114,42.5339115,-71.104275,True,wood_utility,vegetation,lean_slight,slight,none_visible,touching,False,1,6,2,2025-11,2025-11,https://www.mapillary.com/app/?pKey=1376570100519205&focus=photo,
read-00115,42.535129,-71.1047335,True,wood_utility,,,none,none_visible,near,False,2,4,2,2025-11,2025-11,https://www.mapillary.com/app/?pKey=2263174287533904&focus=photo,
read-00116,42.537615,-71.1048253,True,wood_utility,,,none,none_visible,near,False,1,9,2,2025-11,2025-11,https://www.mapillary.com/app/?pKey=1553899502406271&focus=photo,
read-00117,42.5366646,-71.1050618,True,wood_utility,vegetation,lean_slight,slight,intact,touching,False,1,11,2,2025-11,2025-11,https://www.mapillary.com/app/?pKey=1314159363300056&focus=photo,
read-00118,42.535843,-71.104995,True,wood_utility,vegetation,lean_slight,slight,none_visible,touching,False,1,6,2,2025-11,2025-11,https://www.mapillary.com/app/?pKey=1207155461235607&focus=photo,
read-00119,42.537086,-71.105156,True,wood_utility,vegetation,,unclear,unclear,touching,False,0,2,1,2025-11,2025-11,https://www.mapillary.com/app/?pKey=2317574672013750&focus=photo,
read-00120,42.536198,-71.105354,True,wood_utility,,lean_slight,slight,none_visible,near,False,1,3,1,2025-11,2025-11,https://www.mapillary.com/app/?pKey=828623476543063&focus=photo,
read-00121,42.509814,-71.104074,True,wood_utility,,lean_slight,slight,none_visible,near,False,2,5,1,2025-11,2025-11,https://www.mapillary.com/app/?pKey=1315359943394696&focus=photo,
read-00122,42.5083515,-71.104164,True,wood_utility,,lean_slight,slight,intact,none,False,2,6,1,2025-11,2025-11,https://www.mapillary.com/app/?pKey=794801780024689&focus=photo,
read-00123,42.5079459,-71.1041348,True,wood_utility,,,none,none_visible,none,False,1,8,1,2025-11,2025-11,https://www.mapillary.com/app/?pKey=1417168273097637&focus=photo,
read-00124,42.50881,-71.10412,True,wood_utility,,lean_slight,slight,none_visible,near,False,2,3,1,2025-11,2025-11,https://www.mapillary.com/app/?pKey=2352869965145629&focus=photo,
read-00125,42.50823,-71.10416,True,wood_utility,,lean_slight,slight,intact,near,False,2,3,1,2025-11,2025-11,https://www.mapillary.com/app/?pKey=1846059233016163&focus=photo,
read-00126,42.5077632,-71.1040831,True,wood_utility,,,none,none_visible,none,False,1,8,1,2025-11,2025-11,https://www.mapillary.com/app/?pKey=2324821994624667&focus=photo,
read-00127,42.50775,-71.10427,True,wood_utility,,lean_slight,slight,intact,near,False,0,3,1,2025-11,2025-11,https://www.mapillary.com/app/?pKey=2324821994624667&focus=photo,
read-00128,42.507866,-71.10411,True,wood_utility,,,none,none_visible,none,False,1,3,1,2025-11,2025-11,https://www.mapillary.com/app/?pKey=1342650763995241&focus=photo,
read-00129,42.5096915,-71.104085,True,wood_utility,,,none,none_visible,near,False,1,6,1,2025-11,2025-11,https://www.mapillary.com/app/?pKey=1315359943394696&focus=photo,
read-00130,42.5100639,-71.1040557,True,wood_utility,,,none,none_visible,near,False,1,7,1,2025-11,2025-11,https://www.mapillary.com/app/?pKey=1672806697457437&focus=photo,
read-00131,42.5095767,-71.1040933,True,wood_utility,,,none,none_visible,near,True,2,3,2,2025-11,2025-11,https://www.mapillary.com/app/?pKey=849817457442595&focus=photo,
read-00132,42.50992,-71.10405,True,wood_utility,,lean_slight,slight,none_visible,near,False,1,3,1,2025-11,2025-11,https://www.mapillary.com/app/?pKey=835504522668976&focus=photo,
read-00133,42.5085755,-71.104167,True,wood_utility,,lean_slight,slight,unclear,near,False,2,6,1,2025-11,2025-11,https://www.mapillary.com/app/?pKey=1210355684278092&focus=photo,
read-00134,42.50864,-71.10416,True,wood_utility,,lean_slight,slight,intact,near,False,2,3,1,2025-11,2025-11,https://www.mapillary.com/app/?pKey=1334534771475370&focus=photo,
read-00135,42.5087359,-71.1041466,True,wood_utility,,,none,none_visible,none,False,2,7,1,2025-11,2025-11,https://www.mapillary.com/app/?pKey=900884176435646&focus=photo,
read-00136,42.508667,-71.10402,True,wood_utility,,lean_slight,slight,none_visible,near,False,1,3,1,2025-11,2025-11,https://www.mapillary.com/app/?pKey=1639820863646453&focus=photo,
read-00137,42.50896,-71.10427,True,wood_utility,,lean_slight,slight,none_visible,near,True,1,2,1,2025-11,2025-11,https://www.mapillary.com/app/?pKey=2697938097211469&focus=photo,
read-00138,42.5084735,-71.10417,True,wood_utility,,,none,none_visible,near,False,1,4,1,2025-11,2025-11,https://www.mapillary.com/app/?pKey=2250425595439014&focus=photo,
read-00139,42.50889,-71.10435,True,wood_utility,vegetation,lean_slight,slight,intact,touching,True,1,3,1,2025-11,2025-11,https://www.mapillary.com/app/?pKey=832969642715930&focus=photo,
read-00140,42.50806,-71.10414,True,wood_utility,,lean_slight,slight,none_visible,none,False,2,3,1,2025-11,2025-11,https://www.mapillary.com/app/?pKey=1208735144404386&focus=photo,
read-00141,42.50948,-71.10424,True,wood_utility,,,none,none_visible,near,False,0,3,1,2025-11,2025-11,https://www.mapillary.com/app/?pKey=2915332622011179&focus=photo,
read-00142,42.5090884,-71.104308,True,wood_utility,,,none,none_visible,near,False,1,5,2,2025-11,2025-11,https://www.mapillary.com/app/?pKey=2697938097211469&focus=photo,
read-00143,42.508236,-71.104324,True,wood_utility,,,none,none_visible,none,False,0,3,1,2025-11,2025-11,https://www.mapillary.com/app/?pKey=1722165378480134&focus=photo,
read-00144,42.509225,-71.1041275,True,wood_utility,,,none,none_visible,near,False,2,6,2,2025-11,2025-11,https://www.mapillary.com/app/?pKey=1537238397283580&focus=photo,
read-00145,42.509367,-71.104113,True,wood_utility,,lean_slight,slight,none_visible,near,False,2,6,2,2025-11,2025-11,https://www.mapillary.com/app/?pKey=855115593854425&focus=photo,
read-00146,42.50865,-71.104294,True,wood_utility,,,none,none_visible,near,False,1,3,1,2025-11,2025-11,https://www.mapillary.com/app/?pKey=25581356821496208&focus=photo,
read-00147,42.5090976,-71.10411,True,wood_utility,,,none,intact,near,False,2,8,1,2025-11,2025-11,https://www.mapillary.com/app/?pKey=841098765167292&focus=photo,
read-00148,42.5089577,-71.104126,True,wood_utility,,,none,intact,near,False,2,7,1,2025-11,2025-11,https://www.mapillary.com/app/?pKey=1317501126530296&focus=photo,
read-00149,42.5089,-71.10385,True,wood_utility,vegetation,lean_slight,slight,none_visible,touching,False,1,2,1,2025-11,2025-11,https://www.mapillary.com/app/?pKey=1944852559415076&focus=photo,
read-00150,42.54613,-71.10417,True,wood_utility,vegetation,,unclear,none_visible,touching,False,1,3,1,2025-10,2025-10,https://www.mapillary.com/app/?pKey=1151419336964175&focus=photo,
read-00151,42.5451925,-71.104167,True,wood_utility,vegetation,,none,none_visible,touching,False,1,6,2,2025-11,2025-11,https://www.mapillary.com/app/?pKey=766594846412122&focus=photo,
read-00152,42.54643,-71.10417,True,wood_utility,vegetation,lean_slight,slight,none_visible,touching,False,2,3,1,2025-10,2025-10,https://www.mapillary.com/app/?pKey=1493516341760510&focus=photo,
read-00153,42.546997,-71.104195,True,wood_utility,vegetation,,none,none_visible,touching,False,1,3,1,2025-10,2025-10,https://www.mapillary.com/app/?pKey=2074803163328058&focus=photo,
read-00154,42.5449,-71.104164,True,wood_utility,vegetation,,unclear,unclear,touching,False,1,2,1,2025-10,2025-10,https://www.mapillary.com/app/?pKey=806015962357132&focus=photo,
read-00155,42.545616,-71.10415,True,wood_utility,vegetation,,none,none_visible,touching,False,1,3,1,2025-10,2025-10,https://www.mapillary.com/app/?pKey=4002994633256545&focus=photo,
read-00156,42.545406,-71.10436,True,wood_utility,vegetation,,unclear,unclear,touching,False,0,1,1,2025-10,2025-10,https://www.mapillary.com/app/?pKey=25030092779920155&focus=photo,
read-00157,42.545273,-71.10416,True,wood_utility,vegetation,lean_slight,slight,none_visible,touching,True,1,1,1,2025-10,2025-10,https://www.mapillary.com/app/?pKey=2540602903006982&focus=photo,
read-00158,42.544987,-71.10462,True,wood_utility,vegetation,lean_slight,slight,none_visible,touching,False,1,1,1,2025-10,2025-10,https://www.mapillary.com/app/?pKey=817642064145364&focus=photo,
read-00159,42.545892,-71.1041616,True,wood_utility,,,none,none_visible,near,False,1,5,2,2025-11,2025-11,https://www.mapillary.com/app/?pKey=1834201183838391&focus=photo,
read-00160,42.5450825,-71.10416,True,wood_utility,,,none,none_visible,near,False,2,6,2,2025-11,2025-11,https://www.mapillary.com/app/?pKey=1411630563569914&focus=photo,
read-00161,42.54671,-71.10419,True,wood_utility,,,none,none_visible,near,False,1,3,1,2025-10,2025-10,https://www.mapillary.com/app/?pKey=1395011181962214&focus=photo,
read-00162,42.547283,-71.1042,True,wood_utility,vegetation,,none,none_visible,touching,False,1,3,1,2025-10,2025-10,https://www.mapillary.com/app/?pKey=2940238489512769&focus=photo,
read-00163,42.5397135,-71.104297,True,wood_utility,,,none,none_visible,near,False,1,6,1,2025-10,2025-10,https://www.mapillary.com/app/?pKey=834105449127845&focus=photo,
read-00164,42.538862,-71.1045214,True,wood_utility,,,none,none_visible,near,False,1,7,1,2025-10,2025-10,https://www.mapillary.com/app/?pKey=790876347262669&focus=photo,
read-00165,42.538603,-71.1045867,True,wood_utility,,lean_slight,slight,none_visible,near,False,1,6,1,2025-10,2025-10,https://www.mapillary.com/app/?pKey=4297132453867900&focus=photo,
read-00166,42.538654,-71.104576,True,wood_utility,,lean_slight,slight,none_visible,near,False,1,3,1,2025-10,2025-10,https://www.mapillary.com/app/?pKey=2339833489855227&focus=photo,
read-00167,42.5387135,-71.1045575,True,wood_utility,,lean_slight,slight,none_visible,near,False,1,4,1,2025-10,2025-10,https://www.mapillary.com/app/?pKey=2339833489855227&focus=photo,
read-00168,42.539978,-71.10423,True,wood_utility,,,none,none_visible,near,False,1,3,1,2025-10,2025-10,https://www.mapillary.com/app/?pKey=1138462408266414&focus=photo,
read-00169,42.539846,-71.104259,True,wood_utility,,,none,none_visible,near,False,1,8,1,2025-10,2025-10,https://www.mapillary.com/app/?pKey=1357879982601719&focus=photo,
read-00170,42.538525,-71.1046035,True,wood_utility,vegetation,lean_slight,slight,unclear,touching,False,1,4,1,2025-10,2025-10,https://www.mapillary.com/app/?pKey=1467086754588589&focus=photo,
read-00171,42.539634,-71.104315,True,wood_utility,,,none,none_visible,none,False,1,6,1,2025-10,2025-10,https://www.mapillary.com/app/?pKey=753606881070001&focus=photo,
read-00172,42.5404304,-71.1041204,True,wood_utility,,,none,none_visible,near,False,1,5,2,2025-10,2025-10,https://www.mapillary.com/app/?pKey=1145945090500713&focus=photo,
read-00173,42.5401408,-71.104185,True,wood_utility,,,none,none_visible,near,False,1,5,1,2025-10,2025-10,https://www.mapillary.com/app/?pKey=802420429234844&focus=photo,
read-00174,42.539406,-71.10438,True,wood_utility,vegetation,lean_slight,slight,unclear,touching,False,1,3,1,2025-10,2025-10,https://www.mapillary.com/app/?pKey=1920457165177942&focus=photo,
read-00175,42.539318,-71.10438,True,wood_utility,,,none,none_visible,near,False,1,3,1,2025-10,2025-10,https://www.mapillary.com/app/?pKey=837444948939576&focus=photo,
read-00176,42.539092,-71.104455,True,wood_utility,,,none,none_visible,near,False,1,6,2,2025-11,2025-11,https://www.mapillary.com/app/?pKey=1139180011676643&focus=photo,
read-00177,42.5392575,-71.104413,True,wood_utility,,lean_slight,slight,none_visible,none,False,1,4,1,2025-10,2025-10,https://www.mapillary.com/app/?pKey=691449483521131&focus=photo,
read-00178,42.5389523,-71.1044983,True,wood_utility,,,none,none_visible,near,False,1,6,1,2025-10,2025-10,https://www.mapillary.com/app/?pKey=2316094395501100&focus=photo,
read-00179,42.539005,-71.10448,True,wood_utility,vegetation,lean_slight,slight,unclear,touching,False,1,3,1,2025-10,2025-10,https://www.mapillary.com/app/?pKey=2316094395501100&focus=photo,
read-00180,42.539472,-71.104355,True,wood_utility,,,none,none_visible,near,False,1,5,1,2025-10,2025-10,https://www.mapillary.com/app/?pKey=752633211116188&focus=photo,
read-00181,42.540066,-71.10421,True,wood_utility,,,none,none_visible,near,False,1,3,1,2025-10,2025-10,https://www.mapillary.com/app/?pKey=1539139073749901&focus=photo,
read-00182,42.539536,-71.10435,True,wood_utility,vegetation,,none,none_visible,touching,False,1,1,1,2025-10,2025-10,https://www.mapillary.com/app/?pKey=857916663328230&focus=photo,
read-00183,42.538773,-71.1045,True,wood_utility,vegetation,,none,none_visible,touching,False,2,3,1,2025-10,2025-10,https://www.mapillary.com/app/?pKey=1497471244805825&focus=photo,
read-00184,42.5402605,-71.104165,True,wood_utility,,,none,none_visible,near,False,1,6,2,2025-10,2025-10,https://www.mapillary.com/app/?pKey=1145945090500713&focus=photo,
read-00185,42.54027,-71.1043,True,wood_utility,,lean_slight,slight,none_visible,near,False,1,3,1,2025-10,2025-10,https://www.mapillary.com/app/?pKey=2181720855683714&focus=photo,
read-00186,42.539154,-71.10443,True,wood_utility,,,none,none_visible,near,False,1,3,1,2025-10,2025-10,https://www.mapillary.com/app/?pKey=820970800748293&focus=photo,
read-00187,42.52057,-71.09602,True,wood_utility,vegetation,,none,none_visible,touching,False,1,2,1,2020-07,2020-07,https://www.mapillary.com/app/?pKey=385747139290599&focus=photo,
read-00188,42.521473,-71.09756,True,wood_utility,vegetation,lean_slight,slight,none_visible,touching,False,1,3,1,2020-07,2020-07,https://www.mapillary.com/app/?pKey=229455855606743&focus=photo,
read-00189,42.52107,-71.1022,True,wood_utility,vegetation,lean_slight,slight,none_visible,touching,False,1,3,1,2020-07,2020-07,https://www.mapillary.com/app/?pKey=519940489376801&focus=photo,
read-00190,42.52095,-71.09664,True,wood_utility,vegetation,lean_slight,slight,none_visible,touching,False,1,2,1,2020-07,2020-07,https://www.mapillary.com/app/?pKey=531161448338024&focus=photo,
read-00191,42.5207808,-71.096315,True,wood_utility,,,none,none_visible,near,False,1,8,1,2020-07,2020-07,https://www.mapillary.com/app/?pKey=933792474103407&focus=photo,
read-00192,42.520805,-71.0962,True,wood_utility,vegetation,,none,none_visible,touching,True,1,3,1,2020-07,2020-07,https://www.mapillary.com/app/?pKey=846606262879281&focus=photo,
read-00193,42.5210888,-71.098885,True,wood_utility,vegetation,,none,none_visible,touching,False,1,4,1,2020-07,2020-07,https://www.mapillary.com/app/?pKey=304373097860689&focus=photo,
read-00194,42.50107,-71.12859,True,wood_utility,,lean_slight,slight,none_visible,near,False,1,2,1,2025-08,2025-08,https://www.mapillary.com/app/?pKey=777406897978369&focus=photo,
read-00195,42.50107,-71.128174,True,wood_utility,vegetation,,unclear,unclear,touching,False,0,1,1,2025-08,2025-08,https://www.mapillary.com/app/?pKey=2556882631330694&focus=photo,
read-00196,42.501087,-71.12617,False,traffic_signal,,,none,none_visible,none,False,0,1,1,2025-08,2025-08,https://www.mapillary.com/app/?pKey=1885945815283527&focus=photo,
read-00197,42.52102,-71.101105,True,wood_utility,vegetation,,none,intact,touching,False,1,2,1,2020-07,2020-07,https://www.mapillary.com/app/?pKey=475350776875414&focus=photo,
read-00198,42.52069,-71.096214,True,wood_utility,,,none,none_visible,none,False,2,2,1,2020-07,2020-07,https://www.mapillary.com/app/?pKey=846606262879281&focus=photo,
read-00199,42.52128,-71.0972,True,wood_utility,,,none,unclear,near,False,1,2,1,2020-07,2020-07,https://www.mapillary.com/app/?pKey=495190325265312&focus=photo,
read-00200,42.554058,-71.10353,True,wood_utility,vegetation,,none,none_visible,touching,False,1,2,1,2017-10,2017-10,https://www.mapillary.com/app/?pKey=297831545255824&focus=photo,
read-00201,42.554054,-71.10392,True,wood_utility,vegetation,,unclear,unclear,touching,False,0,3,1,2017-10,2017-10,https://www.mapillary.com/app/?pKey=1500503493623128&focus=photo,
read-00202,42.554054,-71.10303,True,wood_utility,vegetation,lean_slight,slight,none_visible,touching,False,0,3,1,2017-10,2017-10,https://www.mapillary.com/app/?pKey=250262186790175&focus=photo,
read-00203,42.553604,-71.099396,True,wood_utility,,,unclear,none_visible,near,False,1,3,1,2017-10,2017-10,https://www.mapillary.com/app/?pKey=832651327339658&focus=photo,
read-00204,42.55331,-71.09863,True,wood_utility,,lean_slight,slight,unclear,near,False,1,3,1,2017-10,2017-10,https://www.mapillary.com/app/?pKey=206234837782513&focus=photo,
read-00205,42.55405,-71.10259,True,wood_utility,vegetation,lean_slight,slight,none_visible,touching,False,0,3,1,2017-10,2017-10,https://www.mapillary.com/app/?pKey=122208943227269&focus=photo,
read-00206,42.553459,-71.099017,True,wood_utility,,lean_slight,slight,none_visible,near,False,1,6,1,2017-10,2017-10,https://www.mapillary.com/app/?pKey=486575199346958&focus=photo,
read-00207,42.553257,-71.09843,True,wood_utility,,,none,unclear,near,False,1,3,1,2017-10,2017-10,https://www.mapillary.com/app/?pKey=349334576805653&focus=photo,
read-00208,42.5101625,-71.1327975,True,wood_utility,,,none,intact,none,False,1,2,1,2018-01,2018-01,https://www.mapillary.com/app/?pKey=896648947568436&focus=photo,15.3
read-00209,42.5099575,-71.13267,True,wood_utility,,,unclear,unclear,near,False,1,4,2,2025-08,2025-08,https://www.mapillary.com/app/?pKey=1476384383489670&focus=photo,
read-00210,42.509426,-71.13227,True,wood_utility,,,none,none_visible,near,False,1,1,1,2018-01,2018-01,https://www.mapillary.com/app/?pKey=537676640729019&focus=photo,15.2
read-00211,42.51089,-71.1332475,True,concrete_or_steel_utility,,,none,none_visible,none,False,0,4,1,2018-01,2018-01,https://www.mapillary.com/app/?pKey=1148009498970847&focus=photo,16.6
read-00212,42.5095,-71.13234,True,wood_utility,vegetation,lean_slight,slight,intact,touching,False,1,1,1,2018-01,2018-01,https://www.mapillary.com/app/?pKey=4462273143783071&focus=photo,17.0
read-00213,42.5098267,-71.1325733,True,wood_utility,,lean_slight,slight,none_visible,none,False,1,3,2,2025-08,2025-08,https://www.mapillary.com/app/?pKey=24419870024322640&focus=photo,15.3
read-00214,42.50906,-71.132,True,wood_utility,,lean_slight,slight,none_visible,none,False,1,1,1,2018-01,2018-01,https://www.mapillary.com/app/?pKey=912785382906933&focus=photo,15.8
read-00215,42.561367,-71.10689,True,wood_utility,vegetation,,unclear,unclear,touching,False,1,3,1,2017-10,2017-10,https://www.mapillary.com/app/?pKey=245073604031334&focus=photo,
read-00216,42.562027,-71.1071,True,wood_utility,vegetation,,unclear,unclear,touching,False,0,3,1,2017-10,2017-10,https://www.mapillary.com/app/?pKey=119587680139373&focus=photo,
read-00217,42.5616151,-71.1069845,True,wood_utility,vegetation,lean_slight,slight,unclear,touching,False,0,11,2,2021-06,2021-06,https://www.mapillary.com/app/?pKey=541923853495213&focus=photo,
read-00218,42.562542,-71.1073,True,wood_utility,lean;vegetation,,moderate,unclear,touching,False,1,3,1,2017-10,2017-10,https://www.mapillary.com/app/?pKey=144523367638968&focus=photo,
read-00219,42.561882,-71.10706,True,wood_utility,vegetation,lean_slight,slight,unclear,touching,False,1,3,1,2017-10,2017-10,https://www.mapillary.com/app/?pKey=316924369784810&focus=photo,
read-00220,42.561745,-71.10676,True,wood_utility,,,unclear,unclear,unclear,False,0,3,1,2017-10,2017-10,https://www.mapillary.com/app/?pKey=770147287031113&focus=photo,
read-00221,42.505188,-71.102865,True,wood_utility,,,none,none_visible,none,False,2,2,1,2021-06,2021-06,https://www.mapillary.com/app/?pKey=1875197462649328&focus=photo,
read-00222,42.5049798,-71.1027904,True,wood_utility,,,none,intact,near,False,1,5,1,2021-06,2021-06,https://www.mapillary.com/app/?pKey=338986997881272&focus=photo,
read-00223,42.50462,-71.1027,True,wood_utility,,,none,none_visible,none,False,2,3,1,2021-06,2021-06,https://www.mapillary.com/app/?pKey=124529979795397&focus=photo,
read-00224,42.53679,-71.12083,True,wood_utility,vegetation,lean_slight,slight,none_visible,touching,False,1,3,1,2025-10,2025-10,https://www.mapillary.com/app/?pKey=24885484041119415&focus=photo,
read-00225,42.536617,-71.12109,True,wood_utility,,,none,none_visible,near,False,1,3,1,2025-10,2025-10,https://www.mapillary.com/app/?pKey=1184763196897076&focus=photo,
read-00226,42.536518,-71.1208875,True,wood_utility,,,none,none_visible,near,False,1,6,1,2025-10,2025-10,https://www.mapillary.com/app/?pKey=1168699631874229&focus=photo,
read-00227,42.536438,-71.1207,True,wood_utility,,,none,none_visible,near,False,1,1,1,2025-10,2025-10,https://www.mapillary.com/app/?pKey=1562309111428672&focus=photo,
read-00228,42.535778,-71.11941,True,wood_utility,vegetation,lean_slight,slight,none_visible,touching,False,1,3,1,2025-10,2025-10,https://www.mapillary.com/app/?pKey=717420537300699&focus=photo,
read-00229,42.53589,-71.119576,False,unclear,,,unclear,none_visible,near,False,0,2,1,2025-10,2025-10,https://www.mapillary.com/app/?pKey=2904318743091999&focus=photo,
read-00230,42.53543,-71.11914,True,wood_utility,vegetation,lean_slight,slight,none_visible,touching,False,2,3,1,2025-10,2025-10,https://www.mapillary.com/app/?pKey=2026487168163849&focus=photo,
read-00231,42.536106,-71.119965,True,wood_utility,vegetation,,none,none_visible,touching,False,0,1,1,2025-10,2025-10,https://www.mapillary.com/app/?pKey=1247234830780564&focus=photo,
read-00232,42.536034,-71.11969,True,wood_utility,,,none,none_visible,near,True,1,3,1,2025-10,2025-10,https://www.mapillary.com/app/?pKey=1434936414926698&focus=photo,
read-00233,42.535572,-71.119286,False,unclear,,,unclear,none_visible,near,False,0,1,1,2025-10,2025-10,https://www.mapillary.com/app/?pKey=810248908250438&focus=photo,
read-00234,42.536266,-71.12035,True,wood_utility,,,none,none_visible,near,False,0,3,1,2025-10,2025-10,https://www.mapillary.com/app/?pKey=1147290376892229&focus=photo,
read-00235,42.517166,-71.11888,True,wood_utility,lean;vegetation,,moderate,none_visible,touching,False,1,3,1,2025-10,2025-10,https://www.mapillary.com/app/?pKey=1497035891629096&focus=photo,
read-00236,42.517105,-71.11969,True,wood_utility,,lean_slight,slight,unclear,near,False,2,3,1,2025-10,2025-10,https://www.mapillary.com/app/?pKey=1361096895413363&focus=photo,
read-00237,42.5169053,-71.1197765,True,wood_utility,,,none,none_visible,near,False,1,4,1,2025-10,2025-10,https://www.mapillary.com/app/?pKey=2275765699561437&focus=photo,
read-00238,42.51711,-71.11929,False,street_light,vegetation,,none,none_visible,touching,False,0,3,1,2025-10,2025-10,https://www.mapillary.com/app/?pKey=1329761145508870&focus=photo,
read-00239,42.517227,-71.11968,True,wood_utility,,lean_slight,slight,none_visible,near,False,2,2,1,2025-10,2025-10,https://www.mapillary.com/app/?pKey=672668775556477&focus=photo,
read-00240,42.517296,-71.11801,True,wood_utility,,,none,none_visible,near,False,1,3,1,2025-10,2025-10,https://www.mapillary.com/app/?pKey=1389521476077270&focus=photo,
read-00241,42.5171,-71.118385,False,unclear,,,unclear,none_visible,unclear,False,0,1,1,2025-10,2025-10,https://www.mapillary.com/app/?pKey=1159358046120710&focus=photo,
read-00242,42.51723,-71.11845,True,wood_utility,vegetation,,none,unclear,touching,False,1,3,1,2025-10,2025-10,https://www.mapillary.com/app/?pKey=1318921126641662&focus=photo,
read-00243,42.517483,-71.11722,True,wood_utility,,,none,none_visible,near,False,1,3,1,2025-10,2025-10,https://www.mapillary.com/app/?pKey=2028930997644254&focus=photo,
read-00244,42.5174516,-71.11733,True,wood_utility,,,none,none_visible,none,False,2,5,1,2025-10,2025-10,https://www.mapillary.com/app/?pKey=1573765793608994&focus=photo,
read-00245,42.5173535,-71.11772,True,wood_utility,,,none,none_visible,near,False,1,6,1,2025-10,2025-10,https://www.mapillary.com/app/?pKey=1196434622534489&focus=photo,
read-00246,42.565628,-71.10762,True,wood_utility,,,none,intact,none,False,1,2,1,2021-06,2021-06,https://www.mapillary.com/app/?pKey=4204675529597439&focus=photo,
read-00247,42.562668,-71.107346,True,wood_utility,,,none,none_visible,near,False,0,2,1,2021-06,2021-06,https://www.mapillary.com/app/?pKey=579571390117862&focus=photo,
read-00248,42.565315,-71.10797,False,traffic_signal,,,none,none_visible,near,False,0,2,1,2021-06,2021-06,https://www.mapillary.com/app/?pKey=824513838187918&focus=photo,
read-00249,42.5659172,-71.108155,True,wood_utility,,,none,none_visible,none,False,1,4,2,2025-11,2025-11,https://www.mapillary.com/app/?pKey=1158191669856331&focus=photo,
read-00250,42.56447,-71.107768,True,wood_utility,,,none,intact,near,False,0,5,2,2021-06,2021-06,https://www.mapillary.com/app/?pKey=497620691297544&focus=photo,
read-00251,42.5652975,-71.107872,True,wood_utility,,,none,none_visible,none,False,0,6,1,2021-06,2021-06,https://www.mapillary.com/app/?pKey=287542676455037&focus=photo,
read-00252,42.564172,-71.1076935,True,wood_utility,,lean_slight,slight,none_visible,near,False,1,4,2,2021-06,2021-06,https://www.mapillary.com/app/?pKey=195878075665011&focus=photo,
read-00253,42.56619,-71.108215,True,wood_utility,,,none,none_visible,near,False,1,1,1,2021-06,2021-06,https://www.mapillary.com/app/?pKey=855051565394290&focus=photo,
read-00254,42.56489,-71.10787,True,wood_utility,,,none,intact,near,False,2,1,1,2021-06,2021-06,https://www.mapillary.com/app/?pKey=495348561549865&focus=photo,
read-00255,42.564667,-71.10785,True,wood_utility,,lean_slight,slight,none_visible,near,False,1,3,1,2021-06,2021-06,https://www.mapillary.com/app/?pKey=532945284725710&focus=photo,
read-00256,42.564575,-71.10779,True,wood_utility,,,none,none_visible,none,False,0,2,1,2021-06,2021-06,https://www.mapillary.com/app/?pKey=959547254839073&focus=photo,
read-00257,42.56398,-71.10761,True,wood_utility,,,none,none_visible,near,False,1,4,2,2025-11,2025-11,https://www.mapillary.com/app/?pKey=1754877635199344&focus=photo,
read-00258,42.5663396,-71.1083015,True,wood_utility,,,none,none_visible,none,False,1,8,3,2025-11,2025-11,https://www.mapillary.com/app/?pKey=1187050276606455&focus=photo,
read-00259,42.563814,-71.1075776,True,wood_utility,,lean_slight,slight,intact,near,False,0,5,1,2021-06,2021-06,https://www.mapillary.com/app/?pKey=553390499123109&focus=photo,
read-00260,42.565945,-71.108,True,wood_utility,,,none,intact,near,True,0,1,1,2021-06,2021-06,https://www.mapillary.com/app/?pKey=344799117019111&focus=photo,
read-00261,42.5634402,-71.1074875,True,wood_utility,vegetation,lean_slight,slight,intact,touching,False,2,4,1,2021-06,2021-06,https://www.mapillary.com/app/?pKey=3919406991503741&focus=photo,
read-00262,42.504833,-71.09772,True,wood_utility,vegetation,,none,none_visible,touching,False,1,1,1,2017-10,2020-07,https://www.mapillary.com/app/?pKey=313904030447951&focus=photo,
read-00263,42.514866,-71.11115,True,wood_utility,vegetation,lean_slight,slight,none_visible,touching,False,0,3,1,2017-10,2017-10,https://www.mapillary.com/app/?pKey=3915036921907541&focus=photo,
read-00264,42.5430567,-71.10408,True,wood_utility,vegetation,,unclear,unclear,touching,False,1,3,1,2025-10,2025-10,https://www.mapillary.com/app/?pKey=4377936622528348&focus=photo,
read-00265,42.543196,-71.104068,True,wood_utility,vegetation,lean_slight,slight,none_visible,touching,False,1,5,2,2025-11,2025-11,https://www.mapillary.com/app/?pKey=2031636324305096&focus=photo,
read-00266,42.543655,-71.1041,True,wood_utility,vegetation,,none,none_visible,touching,False,1,1,1,2025-10,2025-10,https://www.mapillary.com/app/?pKey=1344244510674315&focus=photo,
read-00267,42.5427152,-71.104054,True,wood_utility,,lean_slight,slight,none_visible,near,False,1,5,2,2025-11,2025-11,https://www.mapillary.com/app/?pKey=1661344458177601&focus=photo,
read-00268,42.5438425,-71.104113,True,wood_utility,,lean_slight,slight,none_visible,near,False,1,6,2,2025-11,2025-11,https://www.mapillary.com/app/?pKey=1117638680541438&focus=photo,
read-00269,42.54289,-71.10405,True,wood_utility,,,none,none_visible,near,False,1,3,1,2025-10,2025-10,https://www.mapillary.com/app/?pKey=4098056477101269&focus=photo,
read-00270,42.542976,-71.10407,True,wood_utility,vegetation,,unclear,unclear,touching,False,1,2,1,2025-10,2025-10,https://www.mapillary.com/app/?pKey=4000246993562795&focus=photo,
read-00271,42.542583,-71.10401,True,wood_utility,vegetation,,none,none_visible,touching,False,1,3,1,2025-10,2025-10,https://www.mapillary.com/app/?pKey=1351717179964663&focus=photo,
read-00272,42.54279,-71.10406,True,wood_utility,,lean_slight,slight,none_visible,none,False,2,3,1,2025-10,2025-10,https://www.mapillary.com/app/?pKey=813314968063730&focus=photo,
read-00273,42.544334,-71.104126,True,wood_utility,vegetation,,none,none_visible,touching,False,0,3,1,2025-10,2025-10,https://www.mapillary.com/app/?pKey=1141179327603948&focus=photo,
read-00274,42.5444298,-71.10415,True,wood_utility,vegetation,,unclear,unclear,touching,False,1,5,1,2025-10,2025-10,https://www.mapillary.com/app/?pKey=1326111385592842&focus=photo,
read-00275,42.543544,-71.104095,True,wood_utility,,,none,none_visible,near,False,1,6,1,2025-10,2025-10,https://www.mapillary.com/app/?pKey=715509127512992&focus=photo,
read-00276,42.543297,-71.10409,True,wood_utility,,,unclear,unclear,near,False,0,1,1,2025-10,2025-10,https://www.mapillary.com/app/?pKey=759126393760305&focus=photo,
read-00277,42.543964,-71.104126,True,wood_utility,,,none,none_visible,near,False,1,3,1,2025-10,2025-10,https://www.mapillary.com/app/?pKey=1188732359815427&focus=photo,
read-00278,42.54377,-71.10411,True,wood_utility,,,none,none_visible,near,False,1,3,1,2025-10,2025-10,https://www.mapillary.com/app/?pKey=1385361989970759&focus=photo,
read-00279,42.543896,-71.10431,True,wood_utility,vegetation,,none,none_visible,touching,False,1,2,1,2025-10,2025-10,https://www.mapillary.com/app/?pKey=1529157951547044&focus=photo,
read-00280,42.54467,-71.104294,True,wood_utility,vegetation,,none,none_visible,touching,False,0,2,1,2025-10,2025-10,https://www.mapillary.com/app/?pKey=2025617527843259&focus=photo,
read-00281,42.54468,-71.10412,True,wood_utility,,,none,none_visible,near,False,2,3,1,2025-10,2025-10,https://www.mapillary.com/app/?pKey=847784148416262&focus=photo,
read-00282,42.5442226,-71.1041425,True,wood_utility,,lean_slight,slight,none_visible,near,False,1,8,1,2025-10,2025-10,https://www.mapillary.com/app/?pKey=1146992116998115&focus=photo,
read-00283,42.544083,-71.10412,True,wood_utility,,,none,none_visible,near,False,1,3,1,2025-10,2025-10,https://www.mapillary.com/app/?pKey=4067667230111814&focus=photo,
read-00284,42.544334,-71.10429,True,wood_utility,,lean_slight,slight,none_visible,near,False,2,3,1,2025-10,2025-10,https://www.mapillary.com/app/?pKey=1141179327603948&focus=photo,
read-00285,42.535397,-71.10483,True,wood_utility,,,none,none_visible,near,True,2,3,1,2025-10,2025-10,https://www.mapillary.com/app/?pKey=1513441793265882&focus=photo,
read-00286,42.536135,-71.10506,True,wood_utility,,lean_slight,slight,intact,near,False,2,2,1,2025-10,2025-10,https://www.mapillary.com/app/?pKey=804250658968158&focus=photo,
read-00287,42.536007,-71.10501,True,wood_utility,,,none,intact,near,False,2,3,1,2025-10,2025-10,https://www.mapillary.com/app/?pKey=1510391993620146&focus=photo,
read-00288,42.535492,-71.10487,True,wood_utility,,,none,none_visible,near,False,2,3,1,2025-10,2025-10,https://www.mapillary.com/app/?pKey=1448954109528344&focus=photo,
read-00289,42.535633,-71.10518,True,wood_utility,,,none,none_visible,near,False,1,6,1,2025-10,2025-10,https://www.mapillary.com/app/?pKey=597443406727590&focus=photo,
read-00290,42.535614,-71.10491,True,wood_utility,vegetation,,none,none_visible,touching,False,1,3,1,2025-10,2025-10,https://www.mapillary.com/app/?pKey=1741623163216760&focus=photo,
read-00291,42.535706,-71.10494,True,wood_utility,vegetation,,none,none_visible,touching,False,1,3,1,2025-10,2025-10,https://www.mapillary.com/app/?pKey=4046938282189597&focus=photo,
read-00292,42.53436,-71.104454,True,wood_utility,,,none,none_visible,near,False,1,1,1,2025-10,2025-10,https://www.mapillary.com/app/?pKey=1267490335146038&focus=photo,
read-00293,42.534733,-71.10458,True,wood_utility,vegetation,lean_slight,slight,none_visible,touching,False,1,3,1,2025-10,2025-10,https://www.mapillary.com/app/?pKey=2533611993674878&focus=photo,
read-00294,42.534634,-71.10455,True,wood_utility,,lean_slight,slight,none_visible,near,False,1,2,1,2025-10,2025-10,https://www.mapillary.com/app/?pKey=2263148754129068&focus=photo,
read-00295,42.5352316,-71.104776,True,wood_utility,,,none,none_visible,near,False,1,5,1,2025-10,2025-10,https://www.mapillary.com/app/?pKey=807082455301302&focus=photo,
read-00296,42.534832,-71.10459,True,wood_utility,,lean_slight,slight,none_visible,near,False,1,3,1,2025-10,2025-10,https://www.mapillary.com/app/?pKey=1265049922059528&focus=photo,
read-00297,42.5350065,-71.104698,True,wood_utility,,,none,none_visible,near,False,1,6,1,2025-10,2025-10,https://www.mapillary.com/app/?pKey=887409013627863&focus=photo,
read-00298,42.534897,-71.104645,True,wood_utility,,,none,none_visible,near,False,1,2,1,2025-10,2025-10,https://www.mapillary.com/app/?pKey=1322838262676142&focus=photo,
read-00299,42.53501,-71.1049,True,concrete_or_steel_utility,vegetation,,unclear,none_visible,touching,False,0,2,1,2025-10,2025-10,https://www.mapillary.com/app/?pKey=1380973250269004&focus=photo,
read-00300,42.536255,-71.105064,True,wood_utility,vegetation,lean_slight,slight,intact,touching,False,1,3,1,2025-10,2025-10,https://www.mapillary.com/app/?pKey=2034813517263077&focus=photo,
read-00301,42.5361183,-71.1052188,True,wood_utility,vegetation,,unclear,none_visible,touching,False,0,4,1,2025-10,2025-10,https://www.mapillary.com/app/?pKey=836706565456778&focus=photo,
read-00302,42.535534,-71.1046,True,wood_utility,,,none,none_visible,near,False,1,3,1,2025-10,2025-10,https://www.mapillary.com/app/?pKey=1324242135772832&focus=photo,
read-00303,42.504677,-71.098015,True,wood_utility,,lean_slight,slight,none_visible,near,False,1,1,1,2021-10,2021-10,https://www.mapillary.com/app/?pKey=4416720138456167&focus=photo,
read-00304,42.552814,-71.11065,True,wood_utility,,lean_slight,slight,none_visible,near,False,1,3,1,2025-10,2025-10,https://www.mapillary.com/app/?pKey=1891823554700103&focus=photo,
read-00305,42.55263,-71.111046,True,wood_utility,,lean_slight,slight,none_visible,near,True,2,3,1,2025-10,2025-10,https://www.mapillary.com/app/?pKey=2000167697385322&focus=photo,
read-00306,42.552735,-71.110955,True,wood_utility,,,none,none_visible,none,False,1,6,1,2025-10,2025-10,https://www.mapillary.com/app/?pKey=798229682812994&focus=photo,
read-00307,42.552464,-71.1112,True,wood_utility,vegetation,,none,none_visible,touching,False,1,3,1,2025-10,2025-10,https://www.mapillary.com/app/?pKey=1334450038426697&focus=photo,
read-00308,42.552917,-71.11081,True,wood_utility,,,unclear,none_visible,none,False,2,3,1,2025-10,2025-10,https://www.mapillary.com/app/?pKey=1817702295782487&focus=photo,
read-00309,42.551643,-71.11181,True,wood_utility,vegetation,,unclear,none_visible,touching,False,0,3,1,2025-10,2025-10,https://www.mapillary.com/app/?pKey=1992246924957116&focus=photo,
read-00310,42.551704,-71.111888,True,wood_utility,,lean_slight,slight,none_visible,near,False,1,6,1,2025-10,2025-10,https://www.mapillary.com/app/?pKey=24541197678896296&focus=photo,
read-00311,42.55203,-71.11159,True,wood_utility,vegetation,lean_slight,slight,none_visible,touching,False,1,3,1,2025-10,2025-10,https://www.mapillary.com/app/?pKey=1175954271153424&focus=photo,
read-00312,42.55154,-71.1121,True,wood_utility,,lean_slight,slight,intact,near,False,2,3,1,2025-10,2025-10,https://www.mapillary.com/app/?pKey=1868003017470479&focus=photo,
read-00313,42.552155,-71.11145,False,unclear,,,unclear,none_visible,unclear,False,0,1,1,2025-10,2025-10,https://www.mapillary.com/app/?pKey=1899449764343398&focus=photo,
read-00314,42.553097,-71.110634,True,wood_utility,,lean_slight,slight,none_visible,unclear,False,0,3,1,2025-10,2025-10,https://www.mapillary.com/app/?pKey=1828198878064422&focus=photo,
read-00315,42.52196,-71.10344,True,wood_utility,,lean_slight,slight,none_visible,near,False,1,3,1,2025-10,2025-10,https://www.mapillary.com/app/?pKey=1173558121508439&focus=photo,
read-00316,42.52199,-71.10274,True,wood_utility,,,none,none_visible,near,False,2,1,1,2025-10,2025-10,https://www.mapillary.com/app/?pKey=1173558121508439&focus=photo,
read-00317,42.5271965,-71.07099,True,wood_utility,,,none,none_visible,near,False,1,6,2,2023-03,2025-10,https://www.mapillary.com/app/?pKey=2153083848214850&focus=photo,
read-00318,42.562982,-71.1073825,True,wood_utility,vegetation,,unclear,unclear,touching,False,0,4,2,2017-10,2025-11,https://www.mapillary.com/app/?pKey=1153372775087647&focus=photo,
read-00319,42.562263,-71.10717,True,wood_utility,vegetation,,unclear,unclear,touching,False,1,3,1,2025-11,2025-11,https://www.mapillary.com/app/?pKey=4072256686357572&focus=photo,
read-00320,42.5623625,-71.10724,True,wood_utility,vegetation,lean_slight,slight,none_visible,touching,False,0,6,1,2025-11,2025-11,https://www.mapillary.com/app/?pKey=1493357061781137&focus=photo,
read-00321,42.562114,-71.107145,True,wood_utility,vegetation,,unclear,unclear,touching,False,0,6,1,2025-11,2025-11,https://www.mapillary.com/app/?pKey=673177602278238&focus=photo,
read-00322,42.56374,-71.10757,True,wood_utility,,,none,intact,near,False,1,1,1,2025-11,2025-11,https://www.mapillary.com/app/?pKey=1619268518852007&focus=photo,
read-00323,42.56364,-71.10752,True,wood_utility,,,none,none_visible,near,False,1,2,1,2025-11,2025-11,https://www.mapillary.com/app/?pKey=1321324156441836&focus=photo,
read-00324,42.563297,-71.107544,True,wood_utility,,,none,none_visible,near,False,0,3,1,2025-11,2025-11,https://www.mapillary.com/app/?pKey=838149432042360&focus=photo,
read-00325,42.5636195,-71.107605,True,wood_utility,vegetation,,unclear,unclear,touching,False,1,6,2,2025-11,2025-11,https://www.mapillary.com/app/?pKey=1723333108361717&focus=photo,
read-00326,42.563026,-71.107475,True,wood_utility,vegetation,lean_slight,slight,none_visible,touching,False,0,3,1,2025-11,2025-11,https://www.mapillary.com/app/?pKey=795116103287762&focus=photo,
read-00327,42.561344,-71.106766,True,wood_utility,vegetation,lean_slight,slight,none_visible,touching,False,0,3,1,2025-11,2025-11,https://www.mapillary.com/app/?pKey=1683189849303929&focus=photo,
read-00328,42.5296478,-71.1028556,True,wood_utility,,lean_slight,slight,none_visible,near,False,1,9,1,2025-10,2025-10,https://www.mapillary.com/app/?pKey=1218046633488007&focus=photo,
read-00329,42.52881,-71.10261,True,wood_utility,vegetation,,none,intact,touching,False,1,3,1,2025-10,2025-10,https://www.mapillary.com/app/?pKey=826769140043229&focus=photo,
read-00330,42.52898,-71.10265,True,wood_utility,vegetation,,none,intact,touching,False,1,9,1,2025-10,2025-10,https://www.mapillary.com/app/?pKey=845178371405729&focus=photo,
read-00331,42.52873,-71.10257,True,wood_utility,,,unclear,intact,near,False,1,6,2,2025-10,2025-11,https://www.mapillary.com/app/?pKey=1243134887578081&focus=photo,
read-00332,42.5295748,-71.1028385,True,wood_utility,,,none,none_visible,near,False,0,4,1,2025-10,2025-10,https://www.mapillary.com/app/?pKey=1888469255086964&focus=photo,
read-00333,42.5293632,-71.102776,True,wood_utility,,,none,none_visible,near,False,1,5,1,2025-10,2025-10,https://www.mapillary.com/app/?pKey=839780638471966&focus=photo,
read-00334,42.52982,-71.10291,True,wood_utility,,,none,none_visible,near,False,1,2,1,2025-10,2025-10,https://www.mapillary.com/app/?pKey=840197261707402&focus=photo,
read-00335,42.529478,-71.1027825,True,wood_utility,,,none,none_visible,none,False,1,4,1,2025-10,2025-10,https://www.mapillary.com/app/?pKey=1888469255086964&focus=photo,
read-00336,42.52973,-71.10288,True,wood_utility,,,none,none_visible,none,False,1,2,1,2025-10,2025-10,https://www.mapillary.com/app/?pKey=859944623123053&focus=photo,
read-00337,42.5284,-71.10246,True,wood_utility,lean,,moderate,none_visible,near,False,1,3,1,2025-10,2025-10,https://www.mapillary.com/app/?pKey=1279346250615298&focus=photo,
read-00338,42.5291688,-71.102717,True,wood_utility,,lean_slight,slight,none_visible,none,False,0,5,1,2025-10,2025-10,https://www.mapillary.com/app/?pKey=796598879943275&focus=photo,
read-00339,42.5292665,-71.10274,True,wood_utility,,,none,none_visible,near,False,0,4,1,2025-10,2025-10,https://www.mapillary.com/app/?pKey=1963418127842282&focus=photo,
read-00340,42.5293145,-71.10276,True,wood_utility,,,none,none_visible,near,False,2,4,1,2025-10,2025-10,https://www.mapillary.com/app/?pKey=1332011461094180&focus=photo,
read-00341,42.5290857,-71.102692,True,wood_utility,vegetation,,none,none_visible,touching,False,1,6,1,2025-10,2025-10,https://www.mapillary.com/app/?pKey=1441547663604066&focus=photo,
read-00342,42.529913,-71.102925,True,wood_utility,,,none,none_visible,near,False,1,6,1,2025-10,2025-10,https://www.mapillary.com/app/?pKey=1320070612938935&focus=photo,
read-00343,42.5282447,-71.10214,True,wood_utility,,lean_slight,slight,none_visible,near,False,1,4,1,2025-10,2025-10,https://www.mapillary.com/app/?pKey=2569310576776968&focus=photo,
read-00344,42.529366,-71.13647,True,concrete_or_steel_utility,,,none,intact,none,False,0,3,1,2025-11,2025-11,https://www.mapillary.com/app/?pKey=1713932869993019&focus=photo,
read-00345,42.529552,-71.13647,True,wood_utility,,,unclear,unclear,unclear,False,0,2,1,2025-11,2025-11,https://www.mapillary.com/app/?pKey=838767641864825&focus=photo,
read-00346,42.5183413,-71.1147713,True,wood_utility,,,none,none_visible,near,False,2,9,1,2025-10,2025-10,https://www.mapillary.com/app/?pKey=3988563764781832&focus=photo,
read-00347,42.518055,-71.11578,True,wood_utility,vegetation,,none,none_visible,touching,True,2,3,1,2025-10,2025-10,https://www.mapillary.com/app/?pKey=3802209396747887&focus=photo,
read-00348,42.5182272,-71.115132,True,wood_utility,,,none,none_visible,near,False,1,5,1,2025-10,2025-10,https://www.mapillary.com/app/?pKey=1939734053269386&focus=photo,
read-00349,42.518494,-71.11482,False,street_light,,,none,unclear,near,False,0,2,1,2025-10,2025-10,https://www.mapillary.com/app/?pKey=1521214378909031&focus=photo,
read-00350,42.518081,-71.1154725,True,wood_utility,,lean_slight,slight,none_visible,near,False,0,4,1,2025-10,2025-10,https://www.mapillary.com/app/?pKey=1837428063511284&focus=photo,
read-00351,42.518303,-71.11495,True,wood_utility,,lean_slight,slight,none_visible,near,False,1,3,1,2025-10,2025-10,https://www.mapillary.com/app/?pKey=3179769732192218&focus=photo,
read-00352,42.51792,-71.116104,True,wood_utility,vegetation,,none,none_visible,touching,False,1,3,1,2025-10,2025-10,https://www.mapillary.com/app/?pKey=1147036150330027&focus=photo,
read-00353,42.517548,-71.11694,True,wood_utility,,lean_slight,slight,unclear,near,False,1,1,1,2025-10,2025-10,https://www.mapillary.com/app/?pKey=799901179540494&focus=photo,
read-00354,42.518225,-71.11462,True,wood_utility,,lean_slight,slight,none_visible,near,False,2,2,1,2025-10,2025-10,https://www.mapillary.com/app/?pKey=2230711684064306&focus=photo,
read-00355,42.518154,-71.11461,True,wood_utility,vegetation,,none,none_visible,touching,False,1,3,1,2025-10,2025-10,https://www.mapillary.com/app/?pKey=2230711684064306&focus=photo,
read-00356,42.517742,-71.115585,True,wood_utility,,,unclear,unclear,near,False,0,2,1,2025-10,2025-10,https://www.mapillary.com/app/?pKey=1965588167395023&focus=photo,
read-00357,42.51773,-71.11622,False,other,,,unclear,unclear,unclear,False,0,1,1,2025-10,2025-10,https://www.mapillary.com/app/?pKey=792406163610641&focus=photo,
read-00358,42.51762,-71.116745,True,wood_utility,,,none,none_visible,near,False,1,1,1,2025-10,2025-10,https://www.mapillary.com/app/?pKey=745693381851917&focus=photo,
read-00359,42.517754,-71.11656,True,wood_utility,,lean_slight,slight,none_visible,near,False,1,3,1,2025-10,2025-10,https://www.mapillary.com/app/?pKey=4357451711206549&focus=photo,
read-00360,42.53274,-71.11938,True,wood_utility,vegetation,,none,none_visible,touching,False,1,3,1,2025-10,2025-10,https://www.mapillary.com/app/?pKey=1532780091053332&focus=photo,
read-00361,42.532497,-71.11923,True,wood_utility,vegetation,,none,none_visible,touching,False,0,3,1,2025-10,2025-10,https://www.mapillary.com/app/?pKey=612344381869331&focus=photo,
read-00362,42.5330265,-71.1195605,True,wood_utility,,,none,none_visible,near,False,2,6,1,2025-10,2025-10,https://www.mapillary.com/app/?pKey=822135613523077&focus=photo,
read-00363,42.53319,-71.11966,True,wood_utility,,lean_slight,slight,none_visible,near,False,1,3,1,2025-10,2025-10,https://www.mapillary.com/app/?pKey=826383189753786&focus=photo,
read-00364,42.53331,-71.1197,True,wood_utility,,,none,none_visible,near,False,1,3,1,2025-10,2025-10,https://www.mapillary.com/app/?pKey=758972690643923&focus=photo,
read-00365,42.532246,-71.11909,True,wood_utility,vegetation,,none,none_visible,touching,False,0,3,1,2025-10,2025-10,https://www.mapillary.com/app/?pKey=2037258276834457&focus=photo,
read-00366,42.532825,-71.11945,True,wood_utility,vegetation,lean_slight,slight,none_visible,touching,False,0,2,1,2025-10,2025-10,https://www.mapillary.com/app/?pKey=1192109426096422&focus=photo,
read-00367,42.533638,-71.11978,True,wood_utility,,lean_slight,slight,none_visible,near,False,2,3,1,2025-10,2025-10,https://www.mapillary.com/app/?pKey=1938063003405100&focus=photo,
read-00368,42.5413165,-71.12487,True,wood_utility,,,none,intact,near,False,1,6,1,2025-10,2025-10,https://www.mapillary.com/app/?pKey=791811527067052&focus=photo,
read-00369,42.541225,-71.1249,True,wood_utility,,,none,intact,near,False,0,3,1,2025-10,2025-10,https://www.mapillary.com/app/?pKey=1235116445113220&focus=photo,
read-00370,42.541413,-71.1247613,True,wood_utility,,,none,intact,near,False,1,9,1,2025-10,2025-10,https://www.mapillary.com/app/?pKey=1499399648011682&focus=photo,
read-00371,42.540813,-71.12468,True,wood_utility,,,none,intact,near,False,1,3,1,2025-10,2025-10,https://www.mapillary.com/app/?pKey=699156915999069&focus=photo,
read-00372,42.540558,-71.124504,True,wood_utility,,,none,none_visible,near,True,2,3,1,2025-10,2025-10,https://www.mapillary.com/app/?pKey=1384372913106223&focus=photo,
read-00373,42.540333,-71.12436,True,wood_utility,,,unclear,unclear,near,False,0,1,1,2025-10,2025-10,https://www.mapillary.com/app/?pKey=1191491206232772&focus=photo,
read-00374,42.541954,-71.12433,True,wood_utility,vegetation,,none,none_visible,touching,True,1,3,1,2025-10,2025-10,https://www.mapillary.com/app/?pKey=1533487571230806&focus=photo,
read-00375,42.542206,-71.12415,True,wood_utility,vegetation,,none,none_visible,touching,False,1,3,1,2025-10,2025-10,https://www.mapillary.com/app/?pKey=1990312948455584&focus=photo,
read-00376,42.541725,-71.124504,False,unclear,vegetation,,unclear,unclear,touching,False,0,1,1,2025-10,2025-10,https://www.mapillary.com/app/?pKey=4156438278007028&focus=photo,
read-00377,42.5411,-71.12498,True,wood_utility,vegetation,,unclear,none_visible,touching,False,1,3,1,2025-10,2025-10,https://www.mapillary.com/app/?pKey=4017101921884726&focus=photo,
read-00378,42.541065,-71.12488,True,wood_utility,,,none,none_visible,near,False,1,2,1,2025-10,2025-10,https://www.mapillary.com/app/?pKey=1120896540113759&focus=photo,
read-00379,42.541805,-71.12442,True,wood_utility,vegetation,,none,none_visible,touching,False,1,3,1,2025-10,2025-10,https://www.mapillary.com/app/?pKey=837336965376497&focus=photo,
read-00380,42.54088,-71.12481,True,wood_utility,vegetation,,unclear,unclear,touching,False,1,2,1,2025-10,2025-10,https://www.mapillary.com/app/?pKey=699156915999069&focus=photo,
read-00381,42.54158,-71.12467,True,wood_utility,vegetation,,unclear,intact,touching,False,2,3,1,2025-10,2025-10,https://www.mapillary.com/app/?pKey=24885199707786260&focus=photo,
read-00382,42.53429,-71.12528,True,wood_utility,,,none,intact,near,False,1,1,1,2025-10,2025-10,https://www.mapillary.com/app/?pKey=1599385358138097&focus=photo,
read-00383,42.5344,-71.125114,True,wood_utility,,lean_slight,slight,none_visible,near,False,2,3,1,2025-10,2025-10,https://www.mapillary.com/app/?pKey=1599385358138097&focus=photo,
read-00384,42.5344412,-71.125298,True,wood_utility,vegetation,,none,none_visible,touching,False,2,5,1,2025-10,2025-10,https://www.mapillary.com/app/?pKey=1249131057253587&focus=photo,
read-00385,42.534645,-71.1257913,True,wood_utility,,,none,none_visible,none,False,1,9,1,2025-10,2025-10,https://www.mapillary.com/app/?pKey=1865517667649689&focus=photo,
read-00386,42.53492,-71.126564,True,wood_utility,,lean_slight,slight,none_visible,none,False,1,3,1,2025-10,2025-10,https://www.mapillary.com/app/?pKey=1161603375957221&focus=photo,
read-00387,42.5348736,-71.126434,True,wood_utility,,,none,none_visible,none,False,1,5,1,2025-10,2025-10,https://www.mapillary.com/app/?pKey=851577194701516&focus=photo,
read-00388,42.5350095,-71.126785,True,wood_utility,,,none,none_visible,none,False,1,6,1,2025-10,2025-10,https://www.mapillary.com/app/?pKey=687157993988793&focus=photo,
read-00389,42.5347328,-71.1260484,True,wood_utility,,,none,none_visible,none,False,2,5,1,2025-10,2025-10,https://www.mapillary.com/app/?pKey=2206544893183137&focus=photo,
read-00390,42.534615,-71.12617,True,wood_utility,,,none,intact,near,False,0,3,1,2025-10,2025-10,https://www.mapillary.com/app/?pKey=1156926532431673&focus=photo,
read-00391,42.53455,-71.125565,True,wood_utility,,,none,none_visible,near,False,2,3,1,2025-10,2025-10,https://www.mapillary.com/app/?pKey=1163373565892487&focus=photo,
read-00392,42.534603,-71.125725,True,wood_utility,,,none,none_visible,near,False,2,3,1,2025-10,2025-10,https://www.mapillary.com/app/?pKey=2042384089913458&focus=photo,
read-00393,42.5346727,-71.125925,True,wood_utility,,lean_slight,slight,none_visible,none,False,1,4,1,2025-10,2025-10,https://www.mapillary.com/app/?pKey=808196695301465&focus=photo,
read-00394,42.534412,-71.12544,False,unclear,,,unclear,none_visible,unclear,False,0,1,1,2025-10,2025-10,https://www.mapillary.com/app/?pKey=817622237516930&focus=photo,
read-00395,42.53479,-71.12731,True,wood_utility,,,unclear,unclear,near,False,0,1,1,2025-10,2025-10,https://www.mapillary.com/app/?pKey=1344660060779245&focus=photo,
read-00396,42.535086,-71.126988,True,wood_utility,,lean_slight,slight,none_visible,near,False,1,6,1,2025-10,2025-10,https://www.mapillary.com/app/?pKey=838723595336395&focus=photo,
read-00397,42.53508,-71.12721,True,wood_utility,,,none,none_visible,near,False,0,3,1,2025-10,2025-10,https://www.mapillary.com/app/?pKey=1446681099750761&focus=photo,
read-00398,42.53528,-71.12714,True,wood_utility,,,none,none_visible,near,False,1,3,1,2025-10,2025-10,https://www.mapillary.com/app/?pKey=1225360852761468&focus=photo,
read-00399,42.534966,-71.126686,True,wood_utility,,lean_slight,slight,none_visible,near,False,1,3,1,2025-10,2025-10,https://www.mapillary.com/app/?pKey=1161603375957221&focus=photo,
read-00400,42.5352282,-71.127372,True,wood_utility,,lean_slight,slight,none_visible,near,False,1,5,1,2025-10,2025-10,https://www.mapillary.com/app/?pKey=1794504934526513&focus=photo,
read-00401,42.535137,-71.12714,True,wood_utility,lean,,moderate,none_visible,near,False,2,3,1,2025-10,2025-10,https://www.mapillary.com/app/?pKey=1225360852761468&focus=photo,
read-00402,42.535264,-71.12748,True,wood_utility,,,none,none_visible,near,False,1,5,1,2025-10,2025-10,https://www.mapillary.com/app/?pKey=3141542139348830&focus=photo,
read-00403,42.53478,-71.12619,True,wood_utility,,lean_slight,slight,none_visible,near,False,2,3,1,2025-10,2025-10,https://www.mapillary.com/app/?pKey=1640642470242882&focus=photo,
read-00404,42.534832,-71.12632,True,wood_utility,,,none,none_visible,none,False,2,3,1,2025-10,2025-10,https://www.mapillary.com/app/?pKey=1640642470242882&focus=photo,
read-00405,42.50175,-71.11223,True,wood_utility,,lean_slight,slight,unclear,near,False,0,3,1,2017-10,2017-10,https://www.mapillary.com/app/?pKey=982925235786604&focus=photo,
read-00406,42.5575722,-71.105804,True,wood_utility,,lean_slight,slight,none_visible,near,False,1,5,1,2025-11,2025-11,https://www.mapillary.com/app/?pKey=1270172671533115&focus=photo,
read-00407,42.557487,-71.10576,True,wood_utility,,lean_slight,slight,intact,near,False,1,1,1,2025-11,2025-11,https://www.mapillary.com/app/?pKey=860280933610583&focus=photo,
read-00408,42.5574,-71.10595,True,wood_utility,,lean_slight,slight,intact,near,False,1,3,1,2025-11,2025-11,https://www.mapillary.com/app/?pKey=843150861601709&focus=photo,
read-00409,42.558031,-71.105895,True,wood_utility,vegetation,,none,unclear,touching,False,0,6,1,2025-11,2025-11,https://www.mapillary.com/app/?pKey=1257512512807958&focus=photo,
read-00410,42.5567,-71.10556,True,wood_utility,vegetation,lean_slight,slight,none_visible,touching,False,1,3,1,2025-11,2025-11,https://www.mapillary.com/app/?pKey=1331784918436568&focus=photo,
read-00411,42.55774,-71.10583,True,wood_utility,vegetation,lean_slight,slight,none_visible,touching,False,1,3,1,2025-11,2025-11,https://www.mapillary.com/app/?pKey=1390449206005123&focus=photo,
read-00412,42.558327,-71.10597,True,wood_utility,,,unclear,unclear,near,False,1,3,1,2025-11,2025-11,https://www.mapillary.com/app/?pKey=1201770368671983&focus=photo,
read-00413,42.558445,-71.106175,True,wood_utility,,,unclear,none_visible,near,False,0,6,1,2025-11,2025-11,https://www.mapillary.com/app/?pKey=663020966680007&focus=photo,
read-00414,42.558517,-71.10618,True,wood_utility,vegetation,lean_slight,slight,unclear,touching,False,1,3,1,2025-11,2025-11,https://www.mapillary.com/app/?pKey=740533124972774&focus=photo,
read-00415,42.5588,-71.10617,True,wood_utility,vegetation,lean_slight,slight,intact,touching,False,1,1,1,2025-11,2025-11,https://www.mapillary.com/app/?pKey=1541588853628276&focus=photo,
read-00416,42.5587033,-71.1061583,True,wood_utility,vegetation,,none,intact,touching,False,0,3,1,2025-11,2025-11,https://www.mapillary.com/app/?pKey=4370056669939982&focus=photo,
read-00417,42.53206,-71.08302,True,wood_utility,vegetation,,unclear,unclear,touching,False,0,2,1,2017-10,2017-10,https://www.mapillary.com/app/?pKey=1394138880955213&focus=photo,
read-00418,42.5144185,-71.112945,True,wood_utility,,lean_slight,slight,none_visible,near,False,1,6,1,2017-10,2017-10,https://www.mapillary.com/app/?pKey=953295768776117&focus=photo,
read-00419,42.514133,-71.113434,True,wood_utility,vegetation,lean_slight,slight,unclear,touching,False,1,3,1,2017-10,2017-10,https://www.mapillary.com/app/?pKey=575819306686726&focus=photo,
read-00420,42.51451,-71.112724,True,wood_utility,,,none,intact,near,False,1,3,1,2017-10,2017-10,https://www.mapillary.com/app/?pKey=291129562636420&focus=photo,
read-00421,42.53225,-71.08312,True,wood_utility,vegetation,lean_slight,slight,unclear,touching,False,0,3,1,2017-10,2017-10,https://www.mapillary.com/app/?pKey=1389191614795282&focus=photo,
read-00422,42.53771,-71.12238,True,wood_utility,,,none,none_visible,near,False,0,3,1,2025-10,2025-10,https://www.mapillary.com/app/?pKey=4341228526108891&focus=photo,
read-00423,42.53799,-71.1225456,True,wood_utility,vegetation,,none,none_visible,touching,False,1,5,1,2025-10,2025-10,https://www.mapillary.com/app/?pKey=4322532624697055&focus=photo,
read-00424,42.53684,-71.12149,True,wood_utility,vegetation,,none,none_visible,touching,False,0,3,1,2025-10,2025-10,https://www.mapillary.com/app/?pKey=2555244998167396&focus=photo,
read-00425,42.537437,-71.12226,True,wood_utility,,,none,none_visible,near,False,2,3,1,2025-10,2025-10,https://www.mapillary.com/app/?pKey=819551477152918&focus=photo,
read-00426,42.53756,-71.12235,False,unclear,vegetation,,unclear,none_visible,touching,False,0,2,1,2025-10,2025-10,https://www.mapillary.com/app/?pKey=1337315897943145&focus=photo,
read-00427,42.537018,-71.12184,True,wood_utility,,,unclear,none_visible,near,False,1,3,1,2025-10,2025-10,https://www.mapillary.com/app/?pKey=1347322060074765&focus=photo,
read-00428,42.537895,-71.12251,True,wood_utility,vegetation,,none,none_visible,touching,False,1,3,1,2025-10,2025-10,https://www.mapillary.com/app/?pKey=583451884826101&focus=photo,
read-00429,42.53778,-71.12246,True,wood_utility,vegetation,,none,none_visible,touching,False,0,2,1,2025-10,2025-10,https://www.mapillary.com/app/?pKey=1871226807162651&focus=photo,
read-00430,42.538403,-71.12274,True,wood_utility,vegetation,lean_slight,slight,none_visible,touching,False,1,2,1,2025-10,2025-10,https://www.mapillary.com/app/?pKey=4269034936659072&focus=photo,
read-00431,42.537224,-71.12204,True,wood_utility,vegetation,,none,none_visible,touching,False,2,3,1,2025-10,2025-10,https://www.mapillary.com/app/?pKey=4090093417968810&focus=photo,
read-00432,42.50094,-71.125984,True,wood_utility,,lean_slight,slight,none_visible,near,False,3,3,1,2018-09,2018-09,https://www.mapillary.com/app/?pKey=561283198593861&focus=photo,10.1
read-00433,42.551346,-71.1125,True,wood_utility,vegetation,,none,none_visible,touching,False,1,3,1,2025-10,2025-10,https://www.mapillary.com/app/?pKey=1425724072312517&focus=photo,
read-00434,42.55121,-71.11287,True,wood_utility,vegetation,,none,none_visible,touching,False,2,3,1,2025-10,2025-10,https://www.mapillary.com/app/?pKey=660711230200151&focus=photo,
read-00435,42.551388,-71.11238,True,wood_utility,vegetation,lean_slight,slight,unclear,touching,False,1,2,1,2025-10,2025-10,https://www.mapillary.com/app/?pKey=1328016601545123&focus=photo,
read-00436,42.5505798,-71.113934,True,wood_utility,vegetation,,none,none_visible,touching,False,1,5,1,2025-10,2025-10,https://www.mapillary.com/app/?pKey=1887691768626457&focus=photo,
read-00437,42.55014,-71.11437,True,wood_utility,vegetation,,unclear,none_visible,touching,False,0,3,1,2025-10,2025-10,https://www.mapillary.com/app/?pKey=875453034992849&focus=photo,
read-00438,42.550404,-71.11406,True,wood_utility,,lean_slight,slight,intact,near,False,1,3,1,2025-10,2025-10,https://www.mapillary.com/app/?pKey=1131427925745005&focus=photo,
read-00439,42.55066,-71.11378,True,wood_utility,vegetation,,none,none_visible,touching,False,1,3,1,2025-10,2025-10,https://www.mapillary.com/app/?pKey=1463338445236957&focus=photo,
read-00440,42.551064,-71.11316,True,wood_utility,vegetation,,unclear,none_visible,touching,False,1,3,1,2025-10,2025-10,https://www.mapillary.com/app/?pKey=795217330037375&focus=photo,
read-00441,42.550926,-71.113594,False,unclear,,,unclear,none_visible,unclear,False,0,2,1,2025-10,2025-10,https://www.mapillary.com/app/?pKey=1900035244188476&focus=photo,
read-00442,42.550667,-71.11404,True,wood_utility,,lean_slight,slight,none_visible,near,False,0,3,1,2025-10,2025-10,https://www.mapillary.com/app/?pKey=1910631862820818&focus=photo,
read-00443,42.551308,-71.112335,False,unclear,,,unclear,none_visible,unclear,False,0,1,1,2025-10,2025-10,https://www.mapillary.com/app/?pKey=1425724072312517&focus=photo,
read-00444,42.504726,-71.09784,True,wood_utility,vegetation,,none,none_visible,touching,False,1,4,1,2023-03,2023-03,https://www.mapillary.com/app/?pKey=3629049737413781&focus=photo,
read-00445,42.503307,-71.125496,True,wood_utility,,,none,intact,near,False,0,3,1,2025-11,2025-11,https://www.mapillary.com/app/?pKey=1260449012799340&focus=photo,1.6
read-00446,42.50521,-71.13095,True,wood_utility,,,none,intact,none,False,1,3,1,2020-11,2020-11,https://www.mapillary.com/app/?pKey=974501006687882&focus=photo,8.9
read-00447,42.513596,-71.13502,True,wood_utility,,,none,intact,near,False,2,3,1,2025-08,2025-08,https://www.mapillary.com/app/?pKey=1806305900262558&focus=photo,
read-00448,42.513412,-71.13488,True,wood_utility,vegetation,,unclear,unclear,touching,False,1,1,1,2025-08,2025-08,https://www.mapillary.com/app/?pKey=4078880425660559&focus=photo,
read-00449,42.5134965,-71.134967,True,wood_utility,,,none,intact,near,False,1,6,1,2025-08,2025-08,https://www.mapillary.com/app/?pKey=1096607629317310&focus=photo,
read-00450,42.51314,-71.134964,True,wood_utility,,,none,none_visible,near,False,2,1,1,2025-08,2025-08,https://www.mapillary.com/app/?pKey=1044301417573127&focus=photo,
read-00451,42.51328,-71.1348,True,wood_utility,,,none,none_visible,near,False,2,1,1,2025-08,2025-08,https://www.mapillary.com/app/?pKey=24116097934738780&focus=photo,
read-00452,42.512635,-71.1344663,True,wood_utility,,,none,none_visible,none,False,1,4,1,2025-08,2025-08,https://www.mapillary.com/app/?pKey=1404369253966462&focus=photo,
read-00453,42.514275,-71.13565,True,wood_utility,,,none,none_visible,near,False,1,3,1,2025-08,2025-08,https://www.mapillary.com/app/?pKey=1040828514797328&focus=photo,
read-00454,42.51414,-71.135,True,wood_utility,,lean_slight,slight,intact,none,False,1,3,1,2025-08,2025-08,https://www.mapillary.com/app/?pKey=1079853217660171&focus=photo,
read-00455,42.514656,-71.13588,True,wood_utility,vegetation,,none,none_visible,touching,False,1,3,1,2025-08,2025-08,https://www.mapillary.com/app/?pKey=624530280450885&focus=photo,
read-00456,42.513924,-71.13517,True,wood_utility,vegetation,,unclear,unclear,touching,False,0,1,1,2025-08,2025-08,https://www.mapillary.com/app/?pKey=1306732970816324&focus=photo,
read-00457,42.5140685,-71.13494,True,wood_utility,,,none,intact,none,False,1,6,1,2025-08,2025-08,https://www.mapillary.com/app/?pKey=790916553353772&focus=photo,
read-00458,42.513826,-71.135115,True,wood_utility,vegetation,,none,none_visible,touching,False,1,4,1,2025-08,2025-08,https://www.mapillary.com/app/?pKey=783120750752858&focus=photo,
read-00459,42.513981,-71.135213,True,wood_utility,vegetation,,none,unclear,touching,False,1,2,1,2025-08,2025-08,https://www.mapillary.com/app/?pKey=3914656582180556&focus=photo,
read-00460,42.51375,-71.13507,True,wood_utility,,,none,intact,near,False,2,3,1,2025-08,2025-08,https://www.mapillary.com/app/?pKey=2590991131239546&focus=photo,
read-00461,42.514126,-71.13484,True,wood_utility,,lean_slight,slight,intact,none,False,1,2,1,2025-08,2025-08,https://www.mapillary.com/app/?pKey=1122144629850418&focus=photo,
read-00462,42.514275,-71.135475,False,unclear,,,unclear,unclear,unclear,False,0,2,1,2025-08,2025-08,https://www.mapillary.com/app/?pKey=1112944330802601&focus=photo,
read-00463,42.513405,-71.109436,False,street_light,vegetation,,none,none_visible,touching,False,0,1,1,2017-10,2017-10,https://www.mapillary.com/app/?pKey=484708792750744&focus=photo,
read-00464,42.513824,-71.109825,True,wood_utility,vegetation,,none,none_visible,touching,False,1,3,1,2017-10,2017-10,https://www.mapillary.com/app/?pKey=308907590855928&focus=photo,
read-00465,42.5140898,-71.1100444,True,wood_utility,,,unclear,none_visible,near,False,1,5,2,2017-10,2025-10,https://www.mapillary.com/app/?pKey=151379590255567&focus=photo,
read-00466,42.509953,-71.106476,True,wood_utility,,,unclear,intact,near,False,0,2,1,2017-10,2017-10,https://www.mapillary.com/app/?pKey=288870139455038&focus=photo,
read-00467,42.50898,-71.131775,True,wood_utility,,lean_slight,slight,none_visible,near,False,0,3,1,2025-08,2025-08,https://www.mapillary.com/app/?pKey=1627146791669965&focus=photo,
read-00468,42.5086225,-71.1319275,True,wood_utility,,,none,unclear,near,False,1,6,1,2025-08,2025-08,https://www.mapillary.com/app/?pKey=768633302764985&focus=photo,4.2
read-00469,42.506692,-71.1311975,True,wood_utility,,,none,none_visible,none,False,0,2,1,2025-08,2025-08,https://www.mapillary.com/app/?pKey=973393954912432&focus=photo,22.9
read-00470,42.51026,-71.10637,True,wood_utility,,,unclear,unclear,near,False,0,1,1,2017-10,2017-10,https://www.mapillary.com/app/?pKey=259334705944463&focus=photo,
read-00471,42.510563,-71.10646,True,wood_utility,,lean_slight,slight,none_visible,near,False,1,3,1,2017-10,2017-10,https://www.mapillary.com/app/?pKey=4302634136467175&focus=photo,
read-00472,42.523487,-71.10275,True,wood_utility,,,none,none_visible,none,False,2,3,1,2025-10,2025-10,https://www.mapillary.com/app/?pKey=1873977466487007&focus=photo,
read-00473,42.554096,-71.105545,True,wood_utility,,lean_slight,slight,intact,near,False,2,3,1,2025-10,2025-10,https://www.mapillary.com/app/?pKey=1506431720659610&focus=photo,
read-00474,42.554043,-71.10599,True,wood_utility,vegetation,lean_slight,slight,none_visible,touching,False,1,3,1,2025-10,2025-10,https://www.mapillary.com/app/?pKey=748671818184311&focus=photo,
read-00475,42.554054,-71.10568,True,wood_utility,vegetation,lean_slight,slight,none_visible,touching,False,0,3,1,2025-10,2025-10,https://www.mapillary.com/app/?pKey=1506431720659610&focus=photo,
read-00476,42.553906,-71.1065656,True,wood_utility,vegetation,,none,unclear,touching,False,2,5,1,2025-10,2025-10,https://www.mapillary.com/app/?pKey=1180222137316612&focus=photo,
read-00477,42.55416,-71.1052125,True,wood_utility,,,none,none_visible,near,False,1,6,1,2025-10,2025-10,https://www.mapillary.com/app/?pKey=701926556037784&focus=photo,
read-00478,42.553978,-71.10617,True,wood_utility,,lean_slight,slight,none_visible,near,False,2,3,1,2025-10,2025-10,https://www.mapillary.com/app/?pKey=2524387771277024&focus=photo,
read-00479,42.55412,-71.105148,True,wood_utility,,,none,intact,near,False,0,5,1,2025-10,2025-10,https://www.mapillary.com/app/?pKey=1322105312949058&focus=photo,
read-00480,42.5541655,-71.1049713,True,wood_utility,,lean_slight,slight,none_visible,near,False,2,8,2,2017-10,2025-10,https://www.mapillary.com/app/?pKey=767897733857418&focus=photo,
read-00481,42.55411,-71.10541,True,wood_utility,,,none,intact,near,False,2,3,1,2025-10,2025-10,https://www.mapillary.com/app/?pKey=810842998230216&focus=photo,
read-00482,42.553974,-71.10681,False,unclear,,,unclear,none_visible,unclear,False,0,1,1,2025-10,2025-10,https://www.mapillary.com/app/?pKey=1473058093777394&focus=photo,
read-00483,42.553802,-71.1071,True,wood_utility,vegetation,,none,none_visible,touching,False,1,3,1,2025-10,2025-10,https://www.mapillary.com/app/?pKey=798521789738109&focus=photo,
read-00484,42.553932,-71.10703,True,wood_utility,,,none,intact,near,False,0,3,1,2025-10,2025-10,https://www.mapillary.com/app/?pKey=1185140856997038&focus=photo,
read-00485,42.553696,-71.10753,True,wood_utility,vegetation,,unclear,unclear,touching,False,0,3,1,2025-10,2025-10,https://www.mapillary.com/app/?pKey=2013415486104028&focus=photo,
read-00486,42.553776,-71.10752,True,wood_utility,vegetation,,none,none_visible,touching,False,1,3,1,2025-10,2025-10,https://www.mapillary.com/app/?pKey=1391515305643714&focus=photo,
read-00487,42.5104752,-71.1329843,True,wood_utility,,,none,intact,near,True,1,4,1,2025-08,2025-08,https://www.mapillary.com/app/?pKey=1004503048362905&focus=photo,18.7
read-00488,42.5105552,-71.13302,True,wood_utility,,,none,intact,near,True,1,4,1,2025-08,2025-08,https://www.mapillary.com/app/?pKey=646765351361966&focus=photo,20.1
read-00489,42.510525,-71.1328175,True,concrete_or_steel_utility,,,none,intact,none,False,0,4,1,2025-08,2025-08,https://www.mapillary.com/app/?pKey=1004503048362905&focus=photo,
read-00490,42.5103827,-71.13291,True,wood_utility,,,none,intact,near,False,2,3,1,2025-08,2025-08,https://www.mapillary.com/app/?pKey=1556248112454559&focus=photo,
read-00491,42.5103063,-71.1328769,True,wood_utility,,lean_slight,slight,intact,near,False,1,7,1,2025-08,2025-08,https://www.mapillary.com/app/?pKey=1921416708641394&focus=photo,24.1
read-00492,42.51046,-71.132614,True,wood_utility,,,none,intact,none,False,0,1,1,2025-08,2025-08,https://www.mapillary.com/app/?pKey=636677045748268&focus=photo,
read-00493,42.509323,-71.13216,True,wood_utility,,,none,none_visible,near,False,2,1,1,2025-08,2025-08,https://www.mapillary.com/app/?pKey=1190498643124039&focus=photo,23.0
read-00494,42.509033,-71.1322,True,wood_utility,vegetation,lean_slight,slight,unclear,touching,False,1,3,1,2025-08,2025-08,https://www.mapillary.com/app/?pKey=1094591852807610&focus=photo,3.0
read-00495,42.5108,-71.13316,True,wood_utility,,,none,intact,near,False,2,3,1,2025-08,2025-08,https://www.mapillary.com/app/?pKey=1517479875918672&focus=photo,22.8
read-00496,42.5108038,-71.1330425,True,concrete_or_steel_utility,,,none,intact,none,False,0,4,1,2025-08,2025-08,https://www.mapillary.com/app/?pKey=2121037035053797&focus=photo,
read-00497,42.510654,-71.133076,True,wood_utility,,,none,intact,near,False,2,5,1,2025-08,2025-08,https://www.mapillary.com/app/?pKey=808664111527301&focus=photo,
read-00498,42.5107335,-71.13311,True,wood_utility,,,none,intact,near,False,1,2,1,2025-08,2025-08,https://www.mapillary.com/app/?pKey=1248430733722575&focus=photo,
read-00499,42.529423,-71.136086,True,wood_utility,,,none,intact,none,False,0,2,1,2025-11,2025-11,https://www.mapillary.com/app/?pKey=842980244887375&focus=photo,
read-00500,42.5297677,-71.1355433,True,wood_utility,,,unclear,unclear,near,False,0,3,1,2025-11,2025-11,https://www.mapillary.com/app/?pKey=3249766525183050&focus=photo,
read-00501,42.52967,-71.135475,True,concrete_or_steel_utility,,,unclear,unclear,near,False,0,1,1,2025-11,2025-11,https://www.mapillary.com/app/?pKey=721591853682285&focus=photo,
read-00502,42.52847,-71.135925,False,other,,,none,none_visible,none,False,1,2,1,2025-11,2025-11,https://www.mapillary.com/app/?pKey=1347334973594422&focus=photo,
read-00503,42.5288982,-71.1360885,False,other,,,none,none_visible,none,False,0,4,4,2018-07,2025-11,https://www.mapillary.com/app/?pKey=138415321568020&focus=photo,
read-00504,42.529064,-71.13601,True,concrete_or_steel_utility,,,none,none_visible,none,False,0,2,1,2025-11,2025-11,https://www.mapillary.com/app/?pKey=1899104377680376&focus=photo,
read-00505,42.529156,-71.1361625,True,wood_utility,,,none,intact,none,False,0,6,2,2017-10,2025-11,https://www.mapillary.com/app/?pKey=222523079634279&focus=photo,
read-00506,42.540348,-71.10415,True,wood_utility,,,none,none_visible,near,False,1,2,1,2025-11,2025-11,https://www.mapillary.com/app/?pKey=1807169264019008&focus=photo,
read-00507,42.5406035,-71.1040775,True,wood_utility,,,none,none_visible,none,False,1,6,1,2025-11,2025-11,https://www.mapillary.com/app/?pKey=1449222136164393&focus=photo,
read-00508,42.540737,-71.104294,True,wood_utility,,,none,none_visible,near,False,1,2,1,2025-11,2025-11,https://www.mapillary.com/app/?pKey=1158906099639652&focus=photo,
read-00509,42.541893,-71.10419,True,wood_utility,,,none,none_visible,near,False,0,1,1,2025-11,2025-11,https://www.mapillary.com/app/?pKey=1316747569677818&focus=photo,
read-00510,42.541338,-71.10397,True,wood_utility,,lean_slight,slight,none_visible,near,False,1,6,2,2025-11,2025-11,https://www.mapillary.com/app/?pKey=859050709983305&focus=photo,
read-00511,42.5421884,-71.104004,True,wood_utility,,,none,none_visible,near,False,1,5,2,2025-10,2025-11,https://www.mapillary.com/app/?pKey=1459676211759658&focus=photo,
read-00512,42.54208,-71.10399,True,wood_utility,,lean_slight,slight,none_visible,near,False,2,3,1,2025-11,2025-11,https://www.mapillary.com/app/?pKey=1644209316963206&focus=photo,
read-00513,42.53149,-71.103405,True,concrete_or_steel_utility,,,none,none_visible,none,False,1,6,2,2025-11,2025-11,https://www.mapillary.com/app/?pKey=1468977777512201&focus=photo,
read-00514,42.530155,-71.1030275,True,wood_utility,,lean_slight,slight,none_visible,near,False,1,6,1,2025-10,2025-10,https://www.mapillary.com/app/?pKey=805369555434914&focus=photo,
read-00515,42.5317,-71.10347,True,wood_utility,,,none,none_visible,near,False,1,3,1,2025-10,2025-10,https://www.mapillary.com/app/?pKey=1835160547422430&focus=photo,
read-00516,42.531807,-71.103516,True,wood_utility,,lean_slight,slight,none_visible,near,False,1,1,1,2025-10,2025-10,https://www.mapillary.com/app/?pKey=1147763733599722&focus=photo,
read-00517,42.5313913,-71.1033726,True,wood_utility,,lean_slight,slight,none_visible,near,False,1,7,2,2025-10,2025-11,https://www.mapillary.com/app/?pKey=1126745682950766&focus=photo,
read-00518,42.5320548,-71.10361,True,wood_utility,vegetation,,none,none_visible,touching,False,1,4,1,2025-10,2025-10,https://www.mapillary.com/app/?pKey=1918037545414382&focus=photo,
read-00519,42.53132,-71.10335,True,wood_utility,,,none,none_visible,near,False,1,3,1,2025-10,2025-10,https://www.mapillary.com/app/?pKey=816326674529444&focus=photo,
read-00520,42.5311825,-71.10331,True,wood_utility,,lean_slight,slight,none_visible,near,False,1,6,1,2025-10,2025-10,https://www.mapillary.com/app/?pKey=1579984403167472&focus=photo,
read-00521,42.531623,-71.103442,True,wood_utility,,lean_slight,slight,none_visible,near,False,1,5,1,2025-10,2025-10,https://www.mapillary.com/app/?pKey=1194611662590851&focus=photo,
read-00522,42.5310941,-71.1032874,True,wood_utility,,,none,none_visible,near,False,1,7,2,2025-11,2025-11,https://www.mapillary.com/app/?pKey=1541208090659772&focus=photo,
read-00523,42.53155,-71.103424,True,wood_utility,,,none,none_visible,near,False,2,1,1,2025-10,2025-10,https://www.mapillary.com/app/?pKey=816681547433665&focus=photo,
read-00524,42.530771,-71.1031875,True,wood_utility,,,none,none_visible,near,False,1,6,1,2025-10,2025-10,https://www.mapillary.com/app/?pKey=1711185402880889&focus=photo,
read-00525,42.5304912,-71.1031035,True,wood_utility,,,none,none_visible,near,False,1,8,2,2025-11,2025-11,https://www.mapillary.com/app/?pKey=1318302216741571&focus=photo,
read-00526,42.5308784,-71.1032215,True,wood_utility,,lean_slight,slight,none_visible,near,False,1,11,2,2025-11,2025-11,https://www.mapillary.com/app/?pKey=1515720299553309&focus=photo,
read-00527,42.531906,-71.10353,True,wood_utility,,,none,none_visible,near,False,1,3,1,2025-10,2025-10,https://www.mapillary.com/app/?pKey=3769057906721519&focus=photo,
read-00528,42.531254,-71.103294,True,wood_utility,,lean_slight,slight,none_visible,none,False,1,3,1,2025-10,2025-10,https://www.mapillary.com/app/?pKey=25480739774865025&focus=photo,
read-00529,42.5309845,-71.103245,True,wood_utility,,,none,none_visible,near,False,1,6,1,2025-10,2025-10,https://www.mapillary.com/app/?pKey=709737605468923&focus=photo,
read-00530,42.5300131,-71.1029714,True,wood_utility,,,none,none_visible,near,False,1,7,1,2025-10,2025-10,https://www.mapillary.com/app/?pKey=1489648688982822&focus=photo,
read-00531,42.530087,-71.10299,True,wood_utility,,,none,none_visible,near,False,1,2,1,2025-10,2025-10,https://www.mapillary.com/app/?pKey=1513324383201451&focus=photo,
read-00532,42.53064,-71.10333,True,wood_utility,,,none,none_visible,near,False,1,3,1,2025-10,2025-10,https://www.mapillary.com/app/?pKey=1583050356187982&focus=photo,
read-00533,42.5305672,-71.1031404,True,wood_utility,,,none,none_visible,near,False,1,5,1,2025-10,2025-10,https://www.mapillary.com/app/?pKey=2267419650425207&focus=photo,
read-00534,42.53016,-71.1032,True,wood_utility,,,none,none_visible,near,False,0,3,1,2025-10,2025-10,https://www.mapillary.com/app/?pKey=2824691287727873&focus=photo,
read-00535,42.5302565,-71.1030313,True,wood_utility,,,none,none_visible,near,False,1,4,1,2025-10,2025-10,https://www.mapillary.com/app/?pKey=805369555434914&focus=photo,
read-00536,42.530422,-71.10307,True,wood_utility,vegetation,,none,none_visible,touching,False,1,3,1,2025-10,2025-10,https://www.mapillary.com/app/?pKey=1765381320785760&focus=photo,
read-00537,42.5303,-71.10316,True,wood_utility,,,none,none_visible,near,False,1,1,1,2025-10,2025-10,https://www.mapillary.com/app/?pKey=814325107676362&focus=photo,
read-00538,42.5306515,-71.10315,True,wood_utility,,,none,none_visible,near,False,1,6,1,2025-10,2025-10,https://www.mapillary.com/app/?pKey=1583050356187982&focus=photo,
read-00539,42.5303404,-71.103058,True,wood_utility,,,none,none_visible,near,False,1,5,1,2025-10,2025-10,https://www.mapillary.com/app/?pKey=2824691287727873&focus=photo,
read-00540,42.51729,-71.11401,True,wood_utility,,,none,none_visible,near,False,2,3,1,2025-10,2025-10,https://www.mapillary.com/app/?pKey=1532350921227037&focus=photo,
read-00541,42.517826,-71.11437,True,wood_utility,,,none,none_visible,near,False,1,3,1,2025-10,2025-10,https://www.mapillary.com/app/?pKey=1549723962863763&focus=photo,
read-00542,42.51776,-71.11433,True,wood_utility,,,none,none_visible,near,False,2,3,1,2025-10,2025-10,https://www.mapillary.com/app/?pKey=821214916951189&focus=photo,
read-00543,42.51758,-71.11422,True,wood_utility,vegetation,,none,none_visible,touching,False,1,3,1,2025-10,2025-10,https://www.mapillary.com/app/?pKey=1873022816620274&focus=photo,
read-00544,42.517677,-71.114265,True,wood_utility,,,none,none_visible,near,False,2,3,1,2025-10,2025-10,https://www.mapillary.com/app/?pKey=1544896860019219&focus=photo,
read-00545,42.51744,-71.1140867,True,wood_utility,vegetation,lean_slight,slight,unclear,touching,False,1,3,1,2025-10,2025-10,https://www.mapillary.com/app/?pKey=1847894039441395&focus=photo,
read-00546,42.518059,-71.1145147,True,wood_utility,vegetation,,none,none_visible,touching,False,2,3,1,2025-10,2025-10,https://www.mapillary.com/app/?pKey=1834831723908464&focus=photo,
read-00547,42.517935,-71.114443,True,wood_utility,,,none,none_visible,near,False,1,6,1,2025-10,2025-10,https://www.mapillary.com/app/?pKey=750151691400328&focus=photo,
read-00548,42.51651,-71.113464,True,wood_utility,,,none,intact,near,False,2,3,1,2025-10,2025-10,https://www.mapillary.com/app/?pKey=1351713979683839&focus=photo,
read-00549,42.5163065,-71.113235,True,wood_utility,,lean_slight,slight,none_visible,near,False,1,6,1,2025-10,2025-10,https://www.mapillary.com/app/?pKey=792243853416752&focus=photo,
read-00550,42.516758,-71.11364,True,wood_utility,,,none,intact,near,False,1,3,1,2025-10,2025-10,https://www.mapillary.com/app/?pKey=1110397807922536&focus=photo,
read-00551,42.516884,-71.11371,True,wood_utility,,,none,none_visible,near,False,1,2,1,2025-10,2025-10,https://www.mapillary.com/app/?pKey=1122462140079805&focus=photo,
read-00552,42.516422,-71.11335,True,wood_utility,,,none,intact,near,False,2,3,1,2025-10,2025-10,https://www.mapillary.com/app/?pKey=1723281728361547&focus=photo,
read-00553,42.516678,-71.11356,True,wood_utility,,,none,none_visible,near,False,1,3,1,2025-10,2025-10,https://www.mapillary.com/app/?pKey=1389072445976503&focus=photo,
read-00554,42.51703,-71.11383,True,wood_utility,vegetation,,none,intact,touching,False,1,3,1,2025-10,2025-10,https://www.mapillary.com/app/?pKey=1353566613069205&focus=photo,
read-00555,42.51618,-71.11306,True,wood_utility,,lean_slight,slight,intact,near,False,2,3,1,2025-10,2025-10,https://www.mapillary.com/app/?pKey=3881470912151930&focus=photo,
read-00556,42.550713,-71.10445,True,wood_utility,vegetation,,unclear,unclear,touching,False,1,3,1,2025-10,2025-10,https://www.mapillary.com/app/?pKey=849002331029448&focus=photo,
read-00557,42.55063,-71.104416,True,wood_utility,,,none,none_visible,near,False,1,3,1,2025-10,2025-10,https://www.mapillary.com/app/?pKey=2010761613032569&focus=photo,
read-00558,42.5508788,-71.1044425,True,wood_utility,vegetation,,none,none_visible,touching,False,1,4,1,2025-10,2025-10,https://www.mapillary.com/app/?pKey=1349703190220642&focus=photo,
read-00559,42.550797,-71.104454,True,wood_utility,vegetation,,unclear,unclear,touching,False,1,2,1,2025-10,2025-10,https://www.mapillary.com/app/?pKey=1364154265370239&focus=photo,
read-00560,42.550274,-71.104355,True,wood_utility,vegetation,,none,none_visible,touching,False,1,3,1,2025-10,2025-10,https://www.mapillary.com/app/?pKey=743139755406654&focus=photo,
read-00561,42.551148,-71.104485,True,wood_utility,,,none,none_visible,near,False,1,6,1,2025-10,2025-10,https://www.mapillary.com/app/?pKey=1399210418227775&focus=photo,
read-00562,42.551216,-71.10451,True,wood_utility,vegetation,,unclear,none_visible,touching,False,1,3,1,2025-10,2025-10,https://www.mapillary.com/app/?pKey=822866677106964&focus=photo,
read-00563,42.550354,-71.1044,True,wood_utility,vegetation,,none,none_visible,touching,False,1,2,1,2025-10,2025-10,https://www.mapillary.com/app/?pKey=743139755406654&focus=photo,
read-00564,42.551549,-71.104564,True,wood_utility,vegetation,lean_slight,slight,none_visible,touching,False,1,5,1,2025-10,2025-10,https://www.mapillary.com/app/?pKey=2076031789868063&focus=photo,
read-00565,42.551422,-71.10453,True,wood_utility,,,none,none_visible,near,False,1,6,1,2025-10,2025-10,https://www.mapillary.com/app/?pKey=837613752253255&focus=photo,
read-00566,42.5516984,-71.104572,True,wood_utility,,lean_slight,slight,none_visible,near,False,0,5,1,2025-10,2025-10,https://www.mapillary.com/app/?pKey=1375034594032858&focus=photo,
read-00567,42.55178,-71.10459,True,wood_utility,,,unclear,unclear,near,False,0,2,1,2025-10,2025-10,https://www.mapillary.com/app/?pKey=1305795997902711&focus=photo,
read-00568,42.551924,-71.104622,True,wood_utility,vegetation,lean_slight,slight,none_visible,touching,False,0,6,1,2025-10,2025-10,https://www.mapillary.com/app/?pKey=24744978095182807&focus=photo,
read-00569,42.550083,-71.10436,True,wood_utility,vegetation,lean_slight,slight,none_visible,touching,False,0,2,1,2025-10,2025-10,https://www.mapillary.com/app/?pKey=1881327966062839&focus=photo,
read-00570,42.549942,-71.10431,True,wood_utility,vegetation,lean_slight,slight,none_visible,touching,False,2,3,1,2025-10,2025-10,https://www.mapillary.com/app/?pKey=701593749628368&focus=photo,
read-00571,42.5494313,-71.1043067,True,wood_utility,vegetation,,unclear,unclear,touching,False,1,3,1,2025-10,2025-10,https://www.mapillary.com/app/?pKey=2641289232898238&focus=photo,
read-00572,42.549644,-71.1043,True,wood_utility,vegetation,,none,intact,touching,True,1,3,1,2025-10,2025-10,https://www.mapillary.com/app/?pKey=25218912427748602&focus=photo,
read-00573,42.549534,-71.10432,True,wood_utility,vegetation,,unclear,unclear,touching,False,1,3,1,2025-10,2025-10,https://www.mapillary.com/app/?pKey=3770190599792227&focus=photo,
read-00574,42.50858,-71.12386,True,wood_utility,vegetation,,none,intact,touching,False,2,3,1,2025-10,2025-10,https://www.mapillary.com/app/?pKey=1600405167986672&focus=photo,1.1
read-00575,42.50851,-71.12398,True,wood_utility,vegetation,,unclear,none_visible,touching,False,1,3,1,2025-10,2025-10,https://www.mapillary.com/app/?pKey=1892901441259354&focus=photo,12.4
read-00576,42.507263,-71.125215,True,wood_utility,,,none,none_visible,near,True,1,6,1,2025-10,2025-10,https://www.mapillary.com/app/?pKey=1312442600680623&focus=photo,4.8
read-00577,42.5073604,-71.1251157,True,wood_utility,,,none,none_visible,near,False,1,7,1,2025-10,2025-10,https://www.mapillary.com/app/?pKey=1282133943715889&focus=photo,10.0
read-00578,42.5071925,-71.125215,True,wood_utility,,,none,none_visible,near,False,1,6,1,2025-10,2025-10,https://www.mapillary.com/app/?pKey=850975730649071&focus=photo,1.3
read-00579,42.507027,-71.12545,True,wood_utility,,,none,intact,none,False,0,3,1,2025-10,2025-10,https://www.mapillary.com/app/?pKey=3743949532567577&focus=photo,4.7
read-00580,42.50746,-71.12497,True,wood_utility,vegetation,,unclear,none_visible,touching,False,2,3,1,2025-10,2025-10,https://www.mapillary.com/app/?pKey=1216689333816837&focus=photo,12.0
read-00581,42.50746,-71.125062,True,wood_utility,,,none,none_visible,near,False,2,6,1,2025-10,2025-10,https://www.mapillary.com/app/?pKey=2011083419714831&focus=photo,4.5
read-00582,42.5075295,-71.1249087,True,wood_utility,,,none,intact,none,False,2,6,1,2025-10,2025-10,https://www.mapillary.com/app/?pKey=31787950147515112&focus=photo,15.6
read-00583,42.5079585,-71.124626,True,wood_utility,,lean_slight,slight,none_visible,near,False,1,6,1,2025-10,2025-10,https://www.mapillary.com/app/?pKey=1574906563930079&focus=photo,1.2
read-00584,42.507633,-71.124895,True,wood_utility,,lean_slight,slight,intact,near,False,2,6,1,2025-10,2025-10,https://www.mapillary.com/app/?pKey=1969633007166815&focus=photo,4.5
read-00585,42.5077475,-71.124768,True,wood_utility,,,none,none_visible,near,False,1,6,1,2025-10,2025-10,https://www.mapillary.com/app/?pKey=711812054588563&focus=photo,7.4
read-00586,42.507681,-71.124795,True,wood_utility,,,none,intact,near,False,1,6,1,2025-10,2025-10,https://www.mapillary.com/app/?pKey=32438893959042564&focus=photo,4.2
read-00587,42.507526,-71.12501,True,wood_utility,,,none,none_visible,near,False,1,3,1,2025-10,2025-10,https://www.mapillary.com/app/?pKey=1969633007166815&focus=photo,12.1
read-00588,42.50788,-71.12454,True,wood_utility,lean,,moderate,none_visible,none,False,0,3,1,2025-10,2025-10,https://www.mapillary.com/app/?pKey=1516442542812765&focus=photo,0.6
read-00589,42.5078442,-71.1246537,True,wood_utility,vegetation,lean_slight,slight,none_visible,touching,False,1,8,1,2025-10,2025-10,https://www.mapillary.com/app/?pKey=1311453563556134&focus=photo,9.7
read-00590,42.50809,-71.124344,True,wood_utility,,lean_slight,slight,none_visible,none,False,1,3,1,2025-10,2025-10,https://www.mapillary.com/app/?pKey=1527896618523254&focus=photo,1.4
read-00591,42.507767,-71.12488,True,wood_utility,vegetation,lean_slight,slight,intact,touching,False,1,1,1,2025-10,2025-10,https://www.mapillary.com/app/?pKey=777163328476101&focus=photo,3.5
read-00592,42.508354,-71.12407,True,wood_utility,vegetation,,none,none_visible,touching,False,1,3,1,2025-10,2025-10,https://www.mapillary.com/app/?pKey=3240011126155643&focus=photo,2.6
read-00593,42.501205,-71.1262,True,wood_utility,,,none,intact,none,False,2,2,1,2018-08,2018-08,https://www.mapillary.com/app/?pKey=186515453328699&focus=photo,
read-00594,42.5046435,-71.126438,True,wood_utility,,,none,none_visible,near,False,2,4,2,2025-10,2025-10,https://www.mapillary.com/app/?pKey=1904696240077216&focus=photo,9.9
read-00595,42.504316,-71.1266344,True,wood_utility,,lean_slight,slight,intact,none,False,1,5,2,2025-08,2025-10,https://www.mapillary.com/app/?pKey=1138936704763915&focus=photo,20.4
read-00596,42.504829,-71.1265575,False,street_light,,,none,unclear,none,False,1,2,2,2025-10,2025-10,https://www.mapillary.com/app/?pKey=1596149235078942&focus=photo,
read-00597,42.504917,-71.12642,True,wood_utility,,lean_slight,slight,none_visible,near,False,2,3,1,2025-10,2025-10,https://www.mapillary.com/app/?pKey=1596149235078942&focus=photo,17.7
read-00598,42.50314,-71.12641,True,wood_utility,,,unclear,intact,near,False,2,2,1,2025-10,2025-10,https://www.mapillary.com/app/?pKey=842015628168770&focus=photo,11.9
read-00599,42.503998,-71.12679,True,wood_utility,,,none,none_visible,near,False,2,3,1,2025-10,2025-10,https://www.mapillary.com/app/?pKey=3512052115599202&focus=photo,
read-00600,42.5150137,-71.103655,True,wood_utility,,,none,none_visible,none,False,2,4,2,2025-11,2025-11,https://www.mapillary.com/app/?pKey=1159014172393960&focus=photo,
read-00601,42.5151,-71.10363,True,wood_utility,,,none,intact,near,False,2,3,1,2025-11,2025-11,https://www.mapillary.com/app/?pKey=1020082453591503&focus=photo,
read-00602,42.5151823,-71.1036371,True,wood_utility,,,none,intact,near,False,2,7,1,2025-11,2025-11,https://www.mapillary.com/app/?pKey=1188820159788548&focus=photo,
read-00603,42.5154137,-71.1036139,True,wood_utility,,,none,intact,none,False,2,9,1,2025-11,2025-11,https://www.mapillary.com/app/?pKey=671376129204543&focus=photo,
read-00604,42.51563,-71.103577,True,wood_utility,,,none,intact,near,False,2,6,1,2025-11,2025-11,https://www.mapillary.com/app/?pKey=868650032495218&focus=photo,
read-00605,42.515873,-71.10395,True,wood_utility,,lean_slight,slight,intact,near,False,1,1,1,2025-11,2025-11,https://www.mapillary.com/app/?pKey=737065676069148&focus=photo,
read-00606,42.515866,-71.103605,True,wood_utility,,,none,intact,near,False,2,6,2,2025-11,2025-11,https://www.mapillary.com/app/?pKey=2058469798259497&focus=photo,
read-00607,42.51576,-71.10362,True,wood_utility,,lean_slight,slight,intact,near,False,2,3,1,2025-11,2025-11,https://www.mapillary.com/app/?pKey=1190403786286697&focus=photo,
read-00608,42.516757,-71.103513,True,wood_utility,,,none,intact,none,False,2,6,1,2025-11,2025-11,https://www.mapillary.com/app/?pKey=1137019384805269&focus=photo,
read-00609,42.516315,-71.10354,True,wood_utility,vegetation,,none,none_visible,touching,False,1,3,1,2025-11,2025-11,https://www.mapillary.com/app/?pKey=1647239719994483&focus=photo,
read-00610,42.516535,-71.1035225,True,wood_utility,,,none,none_visible,none,False,2,12,2,2025-11,2025-11,https://www.mapillary.com/app/?pKey=1163621582540432&focus=photo,
read-00611,42.5164395,-71.10354,True,wood_utility,vegetation,lean_slight,slight,unclear,touching,False,2,4,1,2025-11,2025-11,https://www.mapillary.com/app/?pKey=1368884514745615&focus=photo,
read-00612,42.5168825,-71.10351,True,wood_utility,,,none,none_visible,none,False,1,2,1,2025-11,2025-11,https://www.mapillary.com/app/?pKey=1137019384805269&focus=photo,
read-00613,42.516125,-71.1037,True,wood_utility,,lean_slight,slight,none_visible,none,False,0,3,1,2025-11,2025-11,https://www.mapillary.com/app/?pKey=854749546935371&focus=photo,
read-00614,42.516197,-71.103545,True,wood_utility,,lean_slight,slight,intact,none,False,2,6,1,2025-11,2025-11,https://www.mapillary.com/app/?pKey=854749546935371&focus=photo,
read-00615,42.516098,-71.10356,True,wood_utility,,lean_slight,slight,none_visible,none,False,2,3,1,2025-11,2025-11,https://www.mapillary.com/app/?pKey=1955665438684912&focus=photo,
read-00616,42.515974,-71.103575,True,wood_utility,vegetation,,none,none_visible,touching,False,2,6,1,2025-11,2025-11,https://www.mapillary.com/app/?pKey=1955665438684912&focus=photo,
read-00617,42.51603,-71.103516,True,wood_utility,,,none,unclear,near,False,1,2,1,2025-11,2025-11,https://www.mapillary.com/app/?pKey=1314847003186153&focus=photo,
read-00618,42.51612,-71.10383,False,street_light,,,none,none_visible,near,False,0,3,1,2025-11,2025-11,https://www.mapillary.com/app/?pKey=1955665438684912&focus=photo,
read-00619,42.5162,-71.10382,True,wood_utility,,lean_slight,slight,none_visible,near,False,0,3,1,2025-11,2025-11,https://www.mapillary.com/app/?pKey=819246077514379&focus=photo,
read-00620,42.56635,-71.10783,True,wood_utility,vegetation,,none,none_visible,touching,False,1,1,1,2025-11,2025-11,https://www.mapillary.com/app/?pKey=2192065714649629&focus=photo,
read-00621,42.56625,-71.10813,True,wood_utility,,,none,none_visible,none,False,0,3,1,2025-11,2025-11,https://www.mapillary.com/app/?pKey=1174307844635852&focus=photo,
read-00622,42.54056,-71.13423,True,wood_utility,,,none,intact,near,False,1,2,1,2025-11,2025-11,https://www.mapillary.com/app/?pKey=691096743649743&focus=photo,
read-00623,42.540493,-71.1344,True,wood_utility,,,none,intact,near,False,2,1,1,2025-11,2025-11,https://www.mapillary.com/app/?pKey=1158979016341452&focus=photo,
read-00624,42.5612813,-71.1068767,True,wood_utility,vegetation,,unclear,none_visible,touching,True,1,3,2,2021-06,2025-11,https://www.mapillary.com/app/?pKey=544533026912125&focus=photo,
read-00625,42.56203,-71.10681,True,wood_utility,,,none,none_visible,near,False,1,2,1,2021-06,2021-06,https://www.mapillary.com/app/?pKey=870568133812944&focus=photo,
read-00626,42.536194,-71.08592,True,wood_utility,,lean_slight,slight,none_visible,near,False,0,3,1,2017-10,2017-10,https://www.mapillary.com/app/?pKey=995664117915962&focus=photo,
read-00627,42.535946,-71.085815,True,wood_utility,vegetation,,none,unclear,touching,False,0,2,1,2017-10,2017-10,https://www.mapillary.com/app/?pKey=946810159455785&focus=photo,
read-00628,42.535564,-71.08607,True,wood_utility,,,unclear,unclear,near,False,0,3,1,2017-10,2017-10,https://www.mapillary.com/app/?pKey=4088163421240337&focus=photo,
read-00629,42.535683,-71.0856,True,wood_utility,,lean_slight,slight,none_visible,near,False,1,3,1,2017-10,2017-10,https://www.mapillary.com/app/?pKey=1840106802837145&focus=photo,
read-00630,42.527294,-71.071846,True,wood_utility,,,none,none_visible,near,False,1,2,1,2021-08,2021-08,https://www.mapillary.com/app/?pKey=224812019591486&focus=photo,
read-00631,42.5047792,-71.127432,True,wood_utility,,lean_slight,slight,intact,near,False,1,5,3,2025-08,2025-08,https://www.mapillary.com/app/?pKey=783042397415384&focus=photo,12.3
read-00632,42.555524,-71.105258,True,wood_utility,,,none,none_visible,near,False,1,5,1,2017-10,2017-10,https://www.mapillary.com/app/?pKey=287000259765622&focus=photo,
read-00633,42.55564,-71.10523,True,wood_utility,,,none,intact,near,False,2,3,1,2017-10,2017-10,https://www.mapillary.com/app/?pKey=813792116161681&focus=photo,
read-00634,42.5553443,-71.1051607,True,wood_utility,,,none,none_visible,near,False,1,7,1,2017-10,2017-10,https://www.mapillary.com/app/?pKey=474221447148582&focus=photo,
read-00635,42.5559,-71.10529,True,wood_utility,vegetation,,unclear,unclear,touching,False,0,1,1,2017-10,2017-10,https://www.mapillary.com/app/?pKey=543557763292337&focus=photo,
read-00636,42.55581,-71.10531,True,wood_utility,,,none,unclear,near,False,1,2,1,2017-10,2017-10,https://www.mapillary.com/app/?pKey=1031811230559006&focus=photo,
read-00637,42.55543,-71.10523,True,wood_utility,,,none,none_visible,near,False,1,3,1,2017-10,2017-10,https://www.mapillary.com/app/?pKey=750107245668797&focus=photo,
read-00638,42.555973,-71.10536,True,wood_utility,vegetation,,unclear,unclear,touching,False,0,2,1,2017-10,2017-10,https://www.mapillary.com/app/?pKey=796375050997150&focus=photo,
read-00639,42.5550955,-71.10513,True,wood_utility,,lean_slight,slight,none_visible,near,False,1,6,1,2017-10,2017-10,https://www.mapillary.com/app/?pKey=385818089169980&focus=photo,
read-00640,42.55606,-71.1056,True,wood_utility,lean,,moderate,intact,near,False,0,3,1,2017-10,2017-10,https://www.mapillary.com/app/?pKey=203242464731598&focus=photo,
read-00641,42.55627,-71.10545,True,wood_utility,,,none,none_visible,near,False,1,2,1,2017-10,2017-10,https://www.mapillary.com/app/?pKey=4226597077360945&focus=photo,
read-00642,42.53594,-71.128975,True,wood_utility,vegetation,lean_slight,slight,none_visible,touching,False,1,2,1,2025-10,2025-10,https://www.mapillary.com/app/?pKey=4147119725538717&focus=photo,
read-00643,42.5356582,-71.128518,True,wood_utility,vegetation,,none,intact,touching,False,2,5,1,2025-10,2025-10,https://www.mapillary.com/app/?pKey=769876076084496&focus=photo,
read-00644,42.535566,-71.128278,True,wood_utility,vegetation,,unclear,none_visible,touching,False,1,5,1,2025-10,2025-10,https://www.mapillary.com/app/?pKey=795619423249995&focus=photo,
read-00645,42.5358097,-71.128876,True,wood_utility,vegetation,lean_slight,slight,unclear,touching,False,1,3,1,2025-10,2025-10,https://www.mapillary.com/app/?pKey=1733249701396855&focus=photo,
read-00646,42.53559,-71.128365,True,wood_utility,vegetation,lean_slight,slight,unclear,touching,False,1,1,1,2025-10,2025-10,https://www.mapillary.com/app/?pKey=817786340637476&focus=photo,
read-00647,42.5355358,-71.128166,True,wood_utility,vegetation,lean_slight,slight,none_visible,touching,False,2,5,1,2025-10,2025-10,https://www.mapillary.com/app/?pKey=2206651643145714&focus=photo,
read-00648,42.535725,-71.12861,True,wood_utility,vegetation,,none,none_visible,touching,False,2,3,1,2025-10,2025-10,https://www.mapillary.com/app/?pKey=1189348086370057&focus=photo,
read-00649,42.53606,-71.12958,True,wood_utility,vegetation,,none,intact,touching,False,1,3,1,2025-10,2025-10,https://www.mapillary.com/app/?pKey=1385480949853234&focus=photo,
read-00650,42.535998,-71.129353,True,wood_utility,vegetation,,none,none_visible,touching,False,1,6,1,2025-10,2025-10,https://www.mapillary.com/app/?pKey=2324601021294104&focus=photo,
read-00651,42.536015,-71.1301,True,wood_utility,,,none,none_visible,near,False,0,3,1,2025-10,2025-10,https://www.mapillary.com/app/?pKey=1099277375349264&focus=photo,
read-00652,42.53617,-71.13005,True,wood_utility,vegetation,,none,unclear,touching,False,1,2,1,2025-10,2025-10,https://www.mapillary.com/app/?pKey=1847304312525018&focus=photo,
read-00653,42.53614,-71.12976,True,wood_utility,,,none,intact,near,True,2,3,1,2025-10,2025-10,https://www.mapillary.com/app/?pKey=1442088043550639&focus=photo,
read-00654,42.5362896,-71.130476,True,wood_utility,vegetation,,none,none_visible,touching,False,1,5,1,2025-10,2025-10,https://www.mapillary.com/app/?pKey=1526225078520615&focus=photo,
read-00655,42.53629,-71.13073,True,wood_utility,vegetation,lean_slight,slight,unclear,touching,False,1,2,1,2025-10,2025-10,https://www.mapillary.com/app/?pKey=1526225078520615&focus=photo,
read-00656,42.535399,-71.127796,True,wood_utility,,,none,none_visible,near,False,2,4,1,2025-10,2025-10,https://www.mapillary.com/app/?pKey=1146442310974110&focus=photo,
read-00657,42.5354633,-71.1280167,True,wood_utility,vegetation,lean_slight,slight,intact,touching,False,2,3,1,2025-10,2025-10,https://www.mapillary.com/app/?pKey=5207847006107701&focus=photo,
read-00658,42.535328,-71.12765,True,wood_utility,,,none,none_visible,near,False,1,1,1,2025-10,2025-10,https://www.mapillary.com/app/?pKey=2558358944563676&focus=photo,
read-00659,42.535885,-71.12904,True,wood_utility,vegetation,,none,none_visible,touching,False,2,3,1,2025-10,2025-10,https://www.mapillary.com/app/?pKey=1296756452201089&focus=photo,
read-00660,42.5358,-71.12919,True,wood_utility,vegetation,,none,none_visible,touching,False,0,2,1,2025-10,2025-10,https://www.mapillary.com/app/?pKey=1296756452201089&focus=photo,
read-00661,42.535942,-71.1292,True,wood_utility,vegetation,lean_slight,slight,none_visible,touching,False,2,3,1,2025-10,2025-10,https://www.mapillary.com/app/?pKey=843045251594222&focus=photo,
read-00662,42.53575,-71.128746,True,wood_utility,,,none,intact,near,False,2,3,1,2025-10,2025-10,https://www.mapillary.com/app/?pKey=1217451790217444&focus=photo,
read-00663,42.508244,-71.105576,True,wood_utility,vegetation,,unclear,intact,touching,False,1,3,1,2017-10,2017-10,https://www.mapillary.com/app/?pKey=1188271814944557&focus=photo,
read-00664,42.507713,-71.10468,True,wood_utility,,,none,unclear,near,False,0,3,1,2017-10,2017-10,https://www.mapillary.com/app/?pKey=513055766723862&focus=photo,
read-00665,42.502758,-71.12786,True,wood_utility,,,none,intact,none,False,1,1,1,2026-02,2026-02,https://www.mapillary.com/app/?pKey=931572476063680&focus=photo,
read-00666,42.50858,-71.10596,True,wood_utility,vegetation,,unclear,unclear,touching,False,0,3,1,2017-10,2017-10,https://www.mapillary.com/app/?pKey=135636495258719&focus=photo,
read-00667,42.544388,-71.089645,True,wood_utility,vegetation,,unclear,unclear,touching,False,0,3,1,2017-10,2017-10,https://www.mapillary.com/app/?pKey=760205308018519&focus=photo,
read-00668,42.543865,-71.0897295,True,wood_utility,,,unclear,unclear,near,False,1,6,1,2017-10,2017-10,https://www.mapillary.com/app/?pKey=806716383574616&focus=photo,
read-00669,42.543552,-71.089874,False,unclear,vegetation,,unclear,unclear,touching,False,0,2,1,2017-10,2017-10,https://www.mapillary.com/app/?pKey=302323247928539&focus=photo,
read-00670,42.543438,-71.08931,True,wood_utility,vegetation,lean_slight,slight,unclear,touching,False,0,3,1,2017-10,2017-10,https://www.mapillary.com/app/?pKey=2718588241765011&focus=photo,
read-00671,42.54354,-71.08975,True,wood_utility,vegetation,lean_slight,slight,unclear,touching,False,0,3,1,2017-10,2017-10,https://www.mapillary.com/app/?pKey=3962619623852337&focus=photo,
read-00672,42.544132,-71.089584,True,wood_utility,,,unclear,none_visible,near,False,1,3,1,2017-10,2017-10,https://www.mapillary.com/app/?pKey=459357485358399&focus=photo,
read-00673,42.54421,-71.08963,True,wood_utility,vegetation,,unclear,unclear,touching,False,1,3,1,2017-10,2017-10,https://www.mapillary.com/app/?pKey=1253055481758928&focus=photo,
read-00674,42.54228,-71.08885,True,wood_utility,lean,,moderate,none_visible,near,False,0,3,1,2017-10,2017-10,https://www.mapillary.com/app/?pKey=905237086712466&focus=photo,
read-00675,42.541973,-71.08876,True,wood_utility,,lean_slight,slight,none_visible,near,False,0,3,1,2017-10,2017-10,https://www.mapillary.com/app/?pKey=1109412916205800&focus=photo,
read-00676,42.531487,-71.08258,False,unclear,vegetation,,unclear,unclear,touching,False,0,1,1,2017-10,2017-10,https://www.mapillary.com/app/?pKey=381010079825875&focus=photo,
read-00677,42.53045,-71.08204,True,wood_utility,vegetation,lean_slight,slight,unclear,touching,False,0,2,1,2017-10,2017-10,https://www.mapillary.com/app/?pKey=831622407768230&focus=photo,
read-00678,42.530334,-71.0819,True,wood_utility,vegetation,,unclear,unclear,touching,False,0,3,1,2017-10,2017-10,https://www.mapillary.com/app/?pKey=3700920096696930&focus=photo,
read-00679,42.530678,-71.0821,True,wood_utility,vegetation,,unclear,unclear,touching,False,0,3,1,2017-10,2017-10,https://www.mapillary.com/app/?pKey=1414953545511440&focus=photo,
read-00680,42.53127,-71.08246,True,wood_utility,vegetation,,unclear,unclear,touching,False,0,3,1,2017-10,2017-10,https://www.mapillary.com/app/?pKey=2986347654934433&focus=photo,
read-00681,42.50326,-71.12418,True,wood_utility,,,none,intact,none,False,0,3,1,2017-10,2017-10,https://www.mapillary.com/app/?pKey=478558466755635&focus=photo,0.9
read-00682,42.50322,-71.12449,True,wood_utility,,,none,intact,none,False,1,3,3,2018-07,2018-07,https://www.mapillary.com/app/?pKey=2996409893981473&focus=photo,13.4
read-00683,42.503237,-71.1248175,True,wood_utility,,,none,intact,near,False,1,6,5,2020-08,2020-09,https://www.mapillary.com/app/?pKey=1134205290422433&focus=photo,14.0
read-00684,42.503315,-71.12496,True,wood_utility,,,unclear,none_visible,near,False,1,1,1,2018-07,2018-07,https://www.mapillary.com/app/?pKey=298108311900032&focus=photo,12.7
read-00685,42.50321,-71.12437,True,wood_utility,,,none,intact,none,False,1,3,3,2017-10,2018-07,https://www.mapillary.com/app/?pKey=1754640184742238&focus=photo,17.2
read-00686,42.505,-71.130875,True,wood_utility,,,none,none_visible,none,False,0,3,1,2025-08,2025-08,https://www.mapillary.com/app/?pKey=1057653642867912&focus=photo,9.8
read-00687,42.5052747,-71.1310043,True,wood_utility,,lean_slight,slight,intact,none,False,0,3,2,2020-11,2025-08,https://www.mapillary.com/app/?pKey=493171378670856&focus=photo,3.4
read-00688,42.5050788,-71.130906,True,wood_utility,,,none,intact,none,False,1,5,1,2025-08,2025-08,https://www.mapillary.com/app/?pKey=3128436067316924&focus=photo,16.8
read-00689,42.50537,-71.13091,True,wood_utility,,,none,intact,none,False,0,2,1,2025-08,2025-08,https://www.mapillary.com/app/?pKey=758083806931151&focus=photo,16.3
read-00690,42.50546,-71.13098,True,wood_utility,,,none,none_visible,near,False,0,3,1,2025-08,2025-08,https://www.mapillary.com/app/?pKey=1807327673493612&focus=photo,18.7
read-00691,42.50491,-71.13081,True,wood_utility,,,none,none_visible,none,False,0,1,1,2025-08,2025-08,https://www.mapillary.com/app/?pKey=973807281538173&focus=photo,11.7
read-00692,42.505897,-71.131012,True,wood_utility,,,none,none_visible,none,False,1,5,1,2025-08,2025-08,https://www.mapillary.com/app/?pKey=1435642424318815&focus=photo,19.6
read-00693,42.50464,-71.13065,True,wood_utility,,,none,none_visible,near,False,1,2,1,2025-08,2025-08,https://www.mapillary.com/app/?pKey=1452590349300927&focus=photo,20.4
read-00694,42.5047,-71.13074,True,wood_utility,,,none,none_visible,near,True,0,1,1,2025-08,2025-08,https://www.mapillary.com/app/?pKey=1817464988805083&focus=photo,18.1
read-00695,42.504868,-71.130684,True,wood_utility,,,none,none_visible,none,False,0,2,1,2025-08,2025-08,https://www.mapillary.com/app/?pKey=1291602049327028&focus=photo,22.9
read-00696,42.505787,-71.13101,True,wood_utility,,,none,intact,none,False,0,3,1,2025-08,2025-08,https://www.mapillary.com/app/?pKey=1353856319532200&focus=photo,24.7
read-00697,42.5064,-71.13124,True,wood_utility,,,none,intact,near,False,0,3,1,2025-08,2025-08,https://www.mapillary.com/app/?pKey=1106406531582560&focus=photo,12.6
read-00698,42.50599,-71.130844,False,traffic_signal,,,none,none_visible,none,False,1,3,1,2025-08,2025-08,https://www.mapillary.com/app/?pKey=1215906413625015&focus=photo,
read-00699,42.504555,-71.13064,True,wood_utility,,,none,none_visible,none,False,1,3,1,2025-08,2025-08,https://www.mapillary.com/app/?pKey=636379309521167&focus=photo,20.1
read-00700,42.506042,-71.131065,True,wood_utility,,,none,none_visible,none,False,0,2,1,2025-08,2025-08,https://www.mapillary.com/app/?pKey=1010443167754346&focus=photo,16.3
read-00701,42.537766,-71.13617,True,wood_utility,vegetation,lean_slight,slight,intact,touching,False,0,3,1,2025-10,2025-10,https://www.mapillary.com/app/?pKey=1193862832795274&focus=photo,
read-00702,42.537792,-71.13627,True,wood_utility,vegetation,lean_slight,slight,intact,touching,False,0,3,1,2025-10,2025-10,https://www.mapillary.com/app/?pKey=693495637104505&focus=photo,
read-00703,42.5378426,-71.1364,True,wood_utility,vegetation,,none,none_visible,touching,False,1,5,1,2025-10,2025-10,https://www.mapillary.com/app/?pKey=1481884339526408&focus=photo,
read-00704,42.537136,-71.1345,True,wood_utility,,,none,intact,near,False,0,3,1,2025-10,2025-10,https://www.mapillary.com/app/?pKey=1301893094571268&focus=photo,
read-00705,42.537594,-71.135605,True,wood_utility,vegetation,,none,intact,touching,False,0,3,1,2025-10,2025-10,https://www.mapillary.com/app/?pKey=2294044504357485&focus=photo,
read-00706,42.536926,-71.13358,True,wood_utility,,,none,none_visible,near,False,0,1,1,2025-10,2025-10,https://www.mapillary.com/app/?pKey=1138445985021280&focus=photo,
read-00707,42.537617,-71.13585,True,wood_utility,vegetation,lean_slight,slight,none_visible,touching,False,1,2,1,2025-10,2025-10,https://www.mapillary.com/app/?pKey=1869169363979594&focus=photo,
read-00708,42.53762,-71.13574,True,wood_utility,vegetation,lean_slight,slight,intact,touching,False,0,3,1,2025-10,2025-10,https://www.mapillary.com/app/?pKey=1359076112297464&focus=photo,
read-00709,42.51621,-71.119965,True,wood_utility,vegetation,,none,none_visible,touching,False,0,3,1,2025-10,2025-10,https://www.mapillary.com/app/?pKey=698574316059794&focus=photo,
read-00710,42.51571,-71.120094,True,wood_utility,,,none,none_visible,near,False,0,1,1,2025-10,2025-10,https://www.mapillary.com/app/?pKey=846201414431031&focus=photo,
read-00711,42.5158173,-71.12005,True,wood_utility,,,none,none_visible,near,False,1,6,1,2025-10,2025-10,https://www.mapillary.com/app/?pKey=1544438476547176&focus=photo,
read-00712,42.5160976,-71.11998,True,wood_utility,,,none,none_visible,near,False,1,5,1,2025-10,2025-10,https://www.mapillary.com/app/?pKey=1461743774905757&focus=photo,
read-00713,42.5163865,-71.119925,True,wood_utility,,,none,none_visible,near,False,1,6,1,2025-10,2025-10,https://www.mapillary.com/app/?pKey=1144715353899117&focus=photo,
read-00714,42.5167912,-71.11978,True,wood_utility,vegetation,lean_slight,slight,none_visible,touching,False,1,5,1,2025-10,2025-10,https://www.mapillary.com/app/?pKey=1500061361329360&focus=photo,
read-00715,42.5159815,-71.1200225,True,wood_utility,,,none,none_visible,near,False,2,6,1,2025-10,2025-10,https://www.mapillary.com/app/?pKey=2568029563560704&focus=photo,
read-00716,42.516617,-71.11984,True,wood_utility,vegetation,,none,none_visible,touching,False,1,3,1,2025-10,2025-10,https://www.mapillary.com/app/?pKey=1484129196226937&focus=photo,
read-00717,42.515594,-71.12015,True,wood_utility,,lean_slight,slight,none_visible,near,False,2,3,1,2025-10,2025-10,https://www.mapillary.com/app/?pKey=1181581650578066&focus=photo,
read-00718,42.516533,-71.11987,True,wood_utility,,,none,unclear,near,False,1,2,1,2025-10,2025-10,https://www.mapillary.com/app/?pKey=1144715353899117&focus=photo,
read-00719,42.51669,-71.1198,True,wood_utility,,,none,none_visible,near,False,1,1,1,2025-10,2025-10,https://www.mapillary.com/app/?pKey=802336959322519&focus=photo,
read-00720,42.5151838,-71.120227,True,wood_utility,,,none,none_visible,near,False,1,4,1,2025-10,2025-10,https://www.mapillary.com/app/?pKey=1773758773329773&focus=photo,
read-00721,42.515026,-71.12034,True,wood_utility,,,none,none_visible,near,False,1,3,1,2025-10,2025-10,https://www.mapillary.com/app/?pKey=1180075377326902&focus=photo,
read-00722,42.515377,-71.11987,True,wood_utility,vegetation,lean_slight,slight,none_visible,touching,False,0,3,1,2025-10,2025-10,https://www.mapillary.com/app/?pKey=2031063550982352&focus=photo,
read-00723,42.51551,-71.12016,True,wood_utility,,,none,none_visible,near,False,1,3,1,2025-10,2025-10,https://www.mapillary.com/app/?pKey=1494560655116974&focus=photo,
read-00724,42.5154,-71.12023,True,wood_utility,vegetation,,none,none_visible,touching,False,1,3,1,2025-10,2025-10,https://www.mapillary.com/app/?pKey=826501113409858&focus=photo,
read-00725,42.514828,-71.12033,True,wood_utility,,,none,none_visible,near,False,2,1,1,2025-10,2025-10,https://www.mapillary.com/app/?pKey=2331813763942028&focus=photo,
read-00726,42.51526,-71.1202,True,wood_utility,,,none,none_visible,near,False,1,1,1,2025-10,2025-10,https://www.mapillary.com/app/?pKey=1210380831123619&focus=photo,
read-00727,42.524998,-71.135475,False,other,,,unclear,unclear,none,False,0,1,1,2018-08,2018-09,https://www.mapillary.com/app/?pKey=3917910891662716&focus=photo,
read-00728,42.503147,-71.12563,True,wood_utility,,,unclear,none_visible,none,False,0,2,1,2026-02,2026-02,https://www.mapillary.com/app/?pKey=1556174878949081&focus=photo,21.3
read-00729,42.503304,-71.12437,True,wood_utility,,,none,intact,near,False,1,3,1,2026-02,2026-02,https://www.mapillary.com/app/?pKey=1603869240827086&focus=photo,17.3
read-00730,42.5274315,-71.073438,True,wood_utility,,lean_slight,slight,none_visible,near,False,1,6,2,2023-03,2023-03,https://www.mapillary.com/app/?pKey=3591037321184756&focus=photo,
read-00731,42.527023,-71.07398,False,other,,,none,none_visible,none,False,0,3,1,2023-03,2023-03,https://www.mapillary.com/app/?pKey=862662395244853&focus=photo,
read-00732,42.52693,-71.07399,False,other,,,none,none_visible,none,False,0,3,1,2023-03,2023-03,https://www.mapillary.com/app/?pKey=713342040283204&focus=photo,
read-00733,42.5057656,-71.103324,True,wood_utility,,,none,none_visible,unclear,False,0,5,3,2025-11,2025-11,https://www.mapillary.com/app/?pKey=758886903849313&focus=photo,
read-00734,42.5060783,-71.103485,True,wood_utility,,lean_slight,slight,none_visible,none,False,1,7,2,2025-11,2025-11,https://www.mapillary.com/app/?pKey=1107244661225072&focus=photo,
read-00735,42.5056205,-71.1036075,True,wood_utility,,lean_slight,slight,none_visible,near,False,1,4,1,2025-11,2025-11,https://www.mapillary.com/app/?pKey=1424463606350623&focus=photo,
read-00736,42.507385,-71.103877,True,wood_utility,,,none,none_visible,none,False,0,6,1,2025-11,2025-11,https://www.mapillary.com/app/?pKey=1312705363668038&focus=photo,
read-00737,42.507053,-71.10384,True,wood_utility,,,none,intact,none,False,2,3,1,2025-11,2025-11,https://www.mapillary.com/app/?pKey=1897091857884767&focus=photo,
read-00738,42.507946,-71.104294,True,wood_utility,,,none,none_visible,near,False,1,1,1,2025-11,2025-11,https://www.mapillary.com/app/?pKey=817137561018700&focus=photo,
read-00739,42.507444,-71.104,True,wood_utility,,lean_slight,slight,none_visible,near,False,2,6,2,2025-11,2025-11,https://www.mapillary.com/app/?pKey=1316849516587473&focus=photo,
read-00740,42.507333,-71.103995,False,traffic_signal,,,none,none_visible,none,False,1,6,1,2025-11,2025-11,https://www.mapillary.com/app/?pKey=1316849516587473&focus=photo,
read-00741,42.5071525,-71.1038688,True,wood_utility,,,none,none_visible,none,False,2,8,2,2025-11,2025-11,https://www.mapillary.com/app/?pKey=1154258219562903&focus=photo,
read-00742,42.50679,-71.10339,True,wood_utility,,lean_slight,slight,none_visible,near,False,1,2,1,2025-11,2025-11,https://www.mapillary.com/app/?pKey=1363560925466532&focus=photo,
read-00743,42.505955,-71.10344,True,wood_utility,,lean_slight,slight,none_visible,none,False,2,3,1,2025-11,2025-11,https://www.mapillary.com/app/?pKey=1107244661225072&focus=photo,
read-00744,42.506736,-71.10373,True,wood_utility,,,none,none_visible,near,False,3,6,1,2025-11,2025-11,https://www.mapillary.com/app/?pKey=1497520721297989&focus=photo,
read-00745,42.50588,-71.10339,True,wood_utility,,,none,none_visible,none,False,0,3,1,2025-11,2025-11,https://www.mapillary.com/app/?pKey=4304786059842195&focus=photo,
read-00746,42.505596,-71.103294,True,wood_utility,,,none,intact,near,False,3,1,1,2025-11,2025-11,https://www.mapillary.com/app/?pKey=1339818861171727&focus=photo,
read-00747,42.507244,-71.10391,True,wood_utility,,,none,none_visible,none,False,1,3,1,2025-11,2025-11,https://www.mapillary.com/app/?pKey=1468074327817591&focus=photo,
read-00748,42.506601,-71.103683,True,wood_utility,,,none,none_visible,near,False,1,6,1,2025-11,2025-11,https://www.mapillary.com/app/?pKey=649279281448995&focus=photo,
read-00749,42.507267,-71.10363,True,wood_utility,,,none,none_visible,near,False,1,1,1,2025-11,2025-11,https://www.mapillary.com/app/?pKey=1154258219562903&focus=photo,
read-00750,42.50763,-71.104075,True,wood_utility,,lean_slight,slight,none_visible,near,False,2,3,2,2020-07,2025-11,https://www.mapillary.com/app/?pKey=1020179601847628&focus=photo,
read-00751,42.507324,-71.103745,True,wood_utility,vegetation,lean_slight,slight,unclear,touching,False,1,1,1,2025-11,2025-11,https://www.mapillary.com/app/?pKey=4301947596792992&focus=photo,
read-00752,42.506973,-71.103806,True,wood_utility,,,none,none_visible,none,True,2,3,1,2025-11,2025-11,https://www.mapillary.com/app/?pKey=729871946782394&focus=photo,
read-00753,42.5117876,-71.1338727,True,concrete_or_steel_utility,,,none,none_visible,near,False,0,11,1,2025-08,2025-08,https://www.mapillary.com/app/?pKey=2582093375488830&focus=photo,
read-00754,42.5122773,-71.1341887,True,wood_utility,,,unclear,none_visible,near,False,1,3,1,2025-08,2025-08,https://www.mapillary.com/app/?pKey=1537671074316346&focus=photo,
read-00755,42.51213,-71.13401,True,wood_utility,,,unclear,unclear,near,False,1,1,1,2025-08,2025-08,https://www.mapillary.com/app/?pKey=1641930416765494&focus=photo,
read-00756,42.512295,-71.13431,True,wood_utility,,,none,intact,near,False,1,1,1,2025-08,2025-08,https://www.mapillary.com/app/?pKey=1313533423772283&focus=photo,
read-00757,42.5124673,-71.134275,True,wood_utility,,lean_slight,slight,none_visible,near,False,1,4,1,2025-08,2025-08,https://www.mapillary.com/app/?pKey=1317681543105796&focus=photo,
read-00758,42.51256,-71.133995,True,wood_utility,,,none,none_visible,none,False,1,2,1,2025-08,2025-08,https://www.mapillary.com/app/?pKey=1404369253966462&focus=photo,
read-00759,42.512379,-71.134232,True,wood_utility,,,none,none_visible,near,False,1,2,1,2025-08,2025-08,https://www.mapillary.com/app/?pKey=744013758257463&focus=photo,
read-00760,42.51259,-71.1343715,True,wood_utility,vegetation,lean_slight,slight,none_visible,touching,False,1,4,1,2025-08,2025-08,https://www.mapillary.com/app/?pKey=1136010975073478&focus=photo,
read-00761,42.512844,-71.134514,True,wood_utility,,,none,none_visible,none,False,0,1,1,2025-08,2025-08,https://www.mapillary.com/app/?pKey=2888964108160716&focus=photo,
read-00762,42.5127796,-71.1344724,True,wood_utility,,lean_slight,slight,none_visible,none,False,2,5,1,2025-08,2025-08,https://www.mapillary.com/app/?pKey=741203268753208&focus=photo,
read-00763,42.511582,-71.13375,True,concrete_or_steel_utility,,,none,intact,none,False,0,2,1,2025-08,2025-08,https://www.mapillary.com/app/?pKey=2304832449970844&focus=photo,15.7
read-00764,42.5116885,-71.133799,True,concrete_or_steel_utility,,,none,intact,none,False,0,4,1,2025-08,2025-08,https://www.mapillary.com/app/?pKey=804148352129966&focus=photo,20.3
read-00765,42.51149,-71.13331,True,wood_utility,,,none,none_visible,none,False,0,1,1,2025-08,2025-08,https://www.mapillary.com/app/?pKey=1268506491187984&focus=photo,5.0
read-00766,42.51154,-71.133675,True,concrete_or_steel_utility,,,none,intact,none,False,0,1,1,2025-08,2025-08,https://www.mapillary.com/app/?pKey=1532435551469755&focus=photo,20.9
read-00767,42.511894,-71.13399,True,concrete_or_steel_utility,,,none,intact,none,False,0,1,1,2025-08,2025-08,https://www.mapillary.com/app/?pKey=1288790869562000&focus=photo,17.8
read-00768,42.5120367,-71.1339833,True,concrete_or_steel_utility,,,none,none_visible,none,False,0,3,1,2025-08,2025-08,https://www.mapillary.com/app/?pKey=1641930416765494&focus=photo,21.5
read-00769,42.511974,-71.13407,True,wood_utility,,,none,intact,near,False,2,3,1,2025-08,2025-08,https://www.mapillary.com/app/?pKey=3000474183487780&focus=photo,11.9
read-00770,42.51206,-71.13422,True,wood_utility,,lean_slight,slight,intact,none,False,2,1,1,2025-08,2025-08,https://www.mapillary.com/app/?pKey=4062996873966804&focus=photo,14.6
read-00771,42.511513,-71.13357,True,wood_utility,,,none,intact,none,False,0,2,1,2025-08,2025-08,https://www.mapillary.com/app/?pKey=1275245557946415&focus=photo,
read-00772,42.5111451,-71.133484,True,wood_utility,,,none,none_visible,near,False,2,8,1,2025-08,2025-08,https://www.mapillary.com/app/?pKey=4126571007670611&focus=photo,12.9
read-00773,42.511063,-71.13342,True,wood_utility,,,none,intact,near,False,1,3,1,2025-08,2025-08,https://www.mapillary.com/app/?pKey=1272460774546218&focus=photo,17.1
read-00774,42.51122,-71.133514,True,wood_utility,,,none,none_visible,near,False,1,1,1,2025-08,2025-08,https://www.mapillary.com/app/?pKey=1540334064005479&focus=photo,16.8
read-00775,42.511375,-71.1334,True,wood_utility,,,none,none_visible,none,False,0,2,1,2025-08,2025-08,https://www.mapillary.com/app/?pKey=1540334064005479&focus=photo,16.9
read-00776,42.5127068,-71.134439,True,wood_utility,,lean_slight,slight,none_visible,none,False,0,5,1,2025-08,2025-08,https://www.mapillary.com/app/?pKey=715235481518255&focus=photo,
read-00777,42.511574,-71.13346,True,wood_utility,,,none,intact,near,False,2,1,1,2025-08,2025-08,https://www.mapillary.com/app/?pKey=1529925608005399&focus=photo,20.1
read-00778,42.511635,-71.13361,True,wood_utility,,,none,intact,none,False,2,1,1,2025-08,2025-08,https://www.mapillary.com/app/?pKey=804148352129966&focus=photo,
read-00779,42.512924,-71.12134,True,wood_utility,,,none,intact,near,False,2,3,1,2025-10,2025-10,https://www.mapillary.com/app/?pKey=1338728158039338&focus=photo,
read-00780,42.512806,-71.1214917,True,wood_utility,vegetation,lean_slight,slight,intact,touching,False,2,3,1,2025-10,2025-10,https://www.mapillary.com/app/?pKey=3019598011761148&focus=photo,
read-00781,42.513075,-71.12121,True,wood_utility,,,none,none_visible,near,False,1,6,1,2025-10,2025-10,https://www.mapillary.com/app/?pKey=2029531407798796&focus=photo,
read-00782,42.513013,-71.12128,True,wood_utility,,,none,intact,near,True,1,3,1,2025-10,2025-10,https://www.mapillary.com/app/?pKey=1368659548304351&focus=photo,
read-00783,42.512867,-71.12142,True,wood_utility,vegetation,,none,intact,touching,False,2,3,1,2025-10,2025-10,https://www.mapillary.com/app/?pKey=846932638500776&focus=photo,
read-00784,42.513157,-71.12111,True,wood_utility,,lean_slight,slight,none_visible,near,False,1,3,1,2025-10,2025-10,https://www.mapillary.com/app/?pKey=1170597644990206&focus=photo,
read-00785,42.51325,-71.12112,True,wood_utility,vegetation,,none,none_visible,touching,False,0,2,1,2025-10,2025-10,https://www.mapillary.com/app/?pKey=1377532480757487&focus=photo,
read-00786,42.513268,-71.121,True,wood_utility,,,none,intact,near,False,2,3,1,2025-10,2025-10,https://www.mapillary.com/app/?pKey=825654783351753&focus=photo,
read-00787,42.5135625,-71.12084,True,wood_utility,,,none,none_visible,near,False,2,6,1,2025-10,2025-10,https://www.mapillary.com/app/?pKey=1641634237115484&focus=photo,
read-00788,42.5138873,-71.1206041,True,wood_utility,,,none,none_visible,near,False,2,11,1,2025-10,2025-10,https://www.mapillary.com/app/?pKey=1193601426159972&focus=photo,
read-00789,42.5136782,-71.120703,True,wood_utility,,,none,none_visible,near,False,1,5,1,2025-10,2025-10,https://www.mapillary.com/app/?pKey=2008669233319438&focus=photo,
read-00790,42.5144686,-71.120446,True,wood_utility,,,none,none_visible,near,False,1,5,1,2025-10,2025-10,https://www.mapillary.com/app/?pKey=1348136846804043&focus=photo,
read-00791,42.5143492,-71.120498,True,wood_utility,vegetation,,none,none_visible,touching,False,1,5,1,2025-10,2025-10,https://www.mapillary.com/app/?pKey=1781113665898518&focus=photo,
read-00792,42.51415,-71.1205545,True,wood_utility,,lean_slight,slight,intact,near,False,1,6,1,2025-10,2025-10,https://www.mapillary.com/app/?pKey=789178533882714&focus=photo,
read-00793,42.5142302,-71.120536,True,wood_utility,vegetation,,none,none_visible,touching,False,1,5,1,2025-10,2025-10,https://www.mapillary.com/app/?pKey=1777601139537449&focus=photo,
read-00794,42.5140375,-71.120575,True,wood_utility,,,none,none_visible,near,False,1,2,1,2025-10,2025-10,https://www.mapillary.com/app/?pKey=1146016097663131&focus=photo,
read-00795,42.513813,-71.12064,True,wood_utility,vegetation,,none,none_visible,touching,False,1,3,1,2025-10,2025-10,https://www.mapillary.com/app/?pKey=2345590029218685&focus=photo,
read-00796,42.51467,-71.12046,True,wood_utility,,,none,none_visible,near,False,2,3,1,2025-10,2025-10,https://www.mapillary.com/app/?pKey=1834339661300658&focus=photo,
read-00797,42.51459,-71.12041,True,wood_utility,,,none,none_visible,near,False,1,1,1,2025-10,2025-10,https://www.mapillary.com/app/?pKey=1130927515426355&focus=photo,
read-00798,42.557236,-71.10574,True,wood_utility,vegetation,,unclear,unclear,touching,False,0,3,1,2017-10,2017-10,https://www.mapillary.com/app/?pKey=807236829906191&focus=photo,
read-00799,42.55681,-71.105545,True,wood_utility,,,none,none_visible,near,False,0,3,1,2017-10,2017-10,https://www.mapillary.com/app/?pKey=555202695462757&focus=photo,
read-00800,42.556957,-71.10562,False,unclear,,,unclear,unclear,unclear,False,0,1,1,2017-10,2017-10,https://www.mapillary.com/app/?pKey=293993145712134&focus=photo,
read-00801,42.5565178,-71.1054596,True,wood_utility,,lean_slight,slight,none_visible,near,False,0,5,1,2017-10,2017-10,https://www.mapillary.com/app/?pKey=369926091020312&focus=photo,
read-00802,42.5574,-71.10571,True,wood_utility,,,none,unclear,near,False,1,3,1,2017-10,2017-10,https://www.mapillary.com/app/?pKey=2638889323071133&focus=photo,
read-00803,42.536736,-71.1349,True,wood_utility,,,unclear,unclear,near,False,0,1,1,2018-07,2018-07,https://www.mapillary.com/app/?pKey=482635439741196&focus=photo,
read-00804,42.53752,-71.13455,True,wood_utility,,lean_slight,slight,intact,none,False,1,2,1,2017-10,2017-10,https://www.mapillary.com/app/?pKey=739083076769920&focus=photo,
read-00805,42.56658,-71.10832,True,wood_utility,lean,,moderate,none_visible,near,False,1,1,1,2017-10,2017-10,https://www.mapillary.com/app/?pKey=152459403511017&focus=photo,
read-00806,42.566097,-71.108345,True,wood_utility,,lean_slight,slight,none_visible,near,False,1,3,1,2017-10,2017-10,https://www.mapillary.com/app/?pKey=469313597642056&focus=photo,
read-00807,42.56624,-71.10833,True,wood_utility,,lean_slight,slight,unclear,near,False,2,3,1,2017-10,2017-10,https://www.mapillary.com/app/?pKey=757544884800642&focus=photo,
read-00808,42.566475,-71.108345,True,wood_utility,,lean_slight,slight,unclear,near,False,1,2,1,2017-10,2017-10,https://www.mapillary.com/app/?pKey=943419736418824&focus=photo,
read-00809,42.565254,-71.10803,True,wood_utility,,lean_slight,slight,unclear,near,False,1,3,1,2017-10,2017-10,https://www.mapillary.com/app/?pKey=2682683595356950&focus=photo,
read-00810,42.56661,-71.108475,True,wood_utility,,,unclear,unclear,near,False,0,3,1,2017-10,2017-10,https://www.mapillary.com/app/?pKey=378580666782536&focus=photo,
read-00811,42.56565,-71.10804,True,wood_utility,,,none,none_visible,near,False,0,3,1,2017-10,2017-10,https://www.mapillary.com/app/?pKey=2447985292013242&focus=photo,
read-00812,42.56573,-71.10818,True,wood_utility,,,none,unclear,near,False,2,3,1,2017-10,2017-10,https://www.mapillary.com/app/?pKey=2954031604880661&focus=photo,
read-00813,42.56655,-71.108154,True,wood_utility,,lean_slight,slight,none_visible,none,False,1,3,1,2017-10,2017-10,https://www.mapillary.com/app/?pKey=378580666782536&focus=photo,
read-00814,42.565647,-71.10817,True,wood_utility,,,none,unclear,near,False,1,3,1,2017-10,2017-10,https://www.mapillary.com/app/?pKey=414771416586416&focus=photo,
read-00815,42.5537427,-71.1081287,True,wood_utility,vegetation,,unclear,unclear,touching,False,0,3,1,2025-10,2025-10,https://www.mapillary.com/app/?pKey=1802955737071867&focus=photo,
read-00816,42.553852,-71.10862,True,wood_utility,,lean_slight,slight,intact,near,False,1,3,1,2025-10,2025-10,https://www.mapillary.com/app/?pKey=788150067447314&focus=photo,
read-00817,42.55374,-71.1093375,True,wood_utility,vegetation,lean_slight,slight,intact,touching,False,1,6,1,2025-10,2025-10,https://www.mapillary.com/app/?pKey=735042272930991&focus=photo,
read-00818,42.553757,-71.10956,True,wood_utility,,,none,intact,near,False,1,3,1,2025-10,2025-10,https://www.mapillary.com/app/?pKey=830781242690412&focus=photo,
read-00819,42.55337,-71.11037,True,wood_utility,vegetation,lean_slight,slight,intact,touching,False,1,3,1,2025-10,2025-10,https://www.mapillary.com/app/?pKey=1861487737781942&focus=photo,
read-00820,42.553307,-71.11043,True,wood_utility,lean,,severe,none_visible,near,False,1,1,1,2025-10,2025-10,https://www.mapillary.com/app/?pKey=1861487737781942&focus=photo,
read-00821,42.553722,-71.10872,True,wood_utility,,,none,none_visible,near,False,2,3,1,2025-10,2025-10,https://www.mapillary.com/app/?pKey=1366110421846382&focus=photo,
read-00822,42.5534785,-71.1102725,True,wood_utility,lean,,moderate,intact,near,False,1,6,1,2025-10,2025-10,https://www.mapillary.com/app/?pKey=709193552226705&focus=photo,
read-00823,42.553,-71.110725,True,wood_utility,,lean_slight,slight,none_visible,near,False,1,2,1,2025-10,2025-10,https://www.mapillary.com/app/?pKey=1353438422808009&focus=photo,
read-00824,42.553707,-71.10972,True,wood_utility,,,none,none_visible,near,False,1,3,1,2025-10,2025-10,https://www.mapillary.com/app/?pKey=32149962327985527&focus=photo,
read-00825,42.55358,-71.11009,True,wood_utility,,,none,none_visible,near,False,0,3,1,2025-10,2025-10,https://www.mapillary.com/app/?pKey=2265121177316317&focus=photo,
read-00826,42.55368,-71.10994,True,wood_utility,,,none,none_visible,near,False,2,3,1,2025-10,2025-10,https://www.mapillary.com/app/?pKey=2717884655210618&focus=photo,
read-00827,42.553207,-71.11054,True,wood_utility,lean,,severe,none_visible,near,False,1,3,1,2025-10,2025-10,https://www.mapillary.com/app/?pKey=1353438422808009&focus=photo,
read-00828,42.553684,-71.10839,True,wood_utility,vegetation,,unclear,unclear,touching,False,1,2,1,2025-10,2025-10,https://www.mapillary.com/app/?pKey=1370058724753869&focus=photo,
read-00829,42.553753,-71.10915,True,wood_utility,vegetation,lean_slight,slight,none_visible,touching,False,2,3,1,2025-10,2025-10,https://www.mapillary.com/app/?pKey=3088361461324269&focus=photo,
read-00830,42.55376,-71.10999,True,wood_utility,vegetation,lean_slight,slight,none_visible,touching,False,1,3,1,2025-10,2025-10,https://www.mapillary.com/app/?pKey=24618311167850836&focus=photo,
read-00831,42.553726,-71.10823,True,wood_utility,vegetation,,none,unclear,touching,False,1,2,1,2025-10,2025-10,https://www.mapillary.com/app/?pKey=1164268405703154&focus=photo,
read-00832,42.5275,-71.07106,False,other,,,none,none_visible,unclear,False,0,3,1,2023-03,2023-03,https://www.mapillary.com/app/?pKey=870185004800929&focus=photo,
read-00833,42.515793,-71.1125,True,wood_utility,,,none,none_visible,near,False,2,3,1,2025-10,2025-10,https://www.mapillary.com/app/?pKey=1730398727634056&focus=photo,
read-00834,42.5159075,-71.1126475,True,wood_utility,,lean_slight,slight,none_visible,near,False,1,6,1,2025-10,2025-10,https://www.mapillary.com/app/?pKey=1363507138639716&focus=photo,
read-00835,42.515934,-71.11273,True,wood_utility,,,none,none_visible,near,True,1,3,1,2025-10,2025-10,https://www.mapillary.com/app/?pKey=2063636771108415&focus=photo,
read-00836,42.51586,-71.11258,True,wood_utility,,,none,none_visible,near,True,2,3,1,2025-10,2025-10,https://www.mapillary.com/app/?pKey=817971433948425&focus=photo,
read-00837,42.516055,-71.112875,True,wood_utility,,lean_slight,slight,none_visible,near,False,1,6,1,2025-10,2025-10,https://www.mapillary.com/app/?pKey=661613013443317&focus=photo,
read-00838,42.505646,-71.13106,True,wood_utility,,,none,intact,none,False,0,3,1,2020-11,2020-11,https://www.mapillary.com/app/?pKey=548007039534703&focus=photo,9.1
read-00839,42.519165,-71.08751,False,unclear,,,unclear,none_visible,unclear,False,0,3,1,2023-03,2023-03,https://www.mapillary.com/app/?pKey=824156512820352&focus=photo,
read-00840,42.51897,-71.08741,False,unclear,,,unclear,none_visible,unclear,False,0,3,1,2023-03,2023-03,https://www.mapillary.com/app/?pKey=1285274968851644&focus=photo,
read-00841,42.519028,-71.08756,False,unclear,,,unclear,none_visible,unclear,False,0,3,1,2023-03,2023-03,https://www.mapillary.com/app/?pKey=333236699313047&focus=photo,
read-00842,42.51243,-71.12211,True,wood_utility,,lean_slight,slight,none_visible,near,False,1,3,1,2025-10,2025-10,https://www.mapillary.com/app/?pKey=1171513234921868&focus=photo,
read-00843,42.512337,-71.12196,True,wood_utility,,,none,none_visible,near,False,1,2,1,2025-10,2025-10,https://www.mapillary.com/app/?pKey=1123587379963937&focus=photo,
read-00844,42.5126353,-71.12167,True,wood_utility,vegetation,lean_slight,slight,none_visible,touching,False,1,4,1,2025-10,2025-10,https://www.mapillary.com/app/?pKey=1300457431397897&focus=photo,
read-00845,42.5119772,-71.12214,True,wood_utility,,lean_slight,slight,none_visible,near,False,2,5,1,2025-10,2025-10,https://www.mapillary.com/app/?pKey=1602871480681052&focus=photo,
read-00846,42.51272,-71.12156,True,wood_utility,vegetation,,none,none_visible,touching,False,2,1,1,2025-10,2025-10,https://www.mapillary.com/app/?pKey=1300457431397897&focus=photo,
read-00847,42.51242,-71.121895,True,wood_utility,vegetation,,none,none_visible,touching,False,3,1,1,2025-10,2025-10,https://www.mapillary.com/app/?pKey=1570652737438338&focus=photo,
read-00848,42.5125223,-71.1217857,True,wood_utility,vegetation,,none,none_visible,touching,False,2,3,1,2025-10,2025-10,https://www.mapillary.com/app/?pKey=1886036895643314&focus=photo,
read-00849,42.512226,-71.122154,True,wood_utility,vegetation,lean_slight,slight,none_visible,touching,False,0,3,1,2025-10,2025-10,https://www.mapillary.com/app/?pKey=712416401869493&focus=photo,
read-00850,42.512162,-71.12206,True,wood_utility,vegetation,,none,none_visible,touching,False,2,4,1,2025-10,2025-10,https://www.mapillary.com/app/?pKey=869337989093146&focus=photo,
read-00851,42.5124515,-71.121829,True,wood_utility,,,none,none_visible,near,False,1,4,1,2025-10,2025-10,https://www.mapillary.com/app/?pKey=1699752297365920&focus=photo,
read-00852,42.51219,-71.121826,True,wood_utility,,lean_slight,slight,none_visible,near,False,1,3,1,2025-10,2025-10,https://www.mapillary.com/app/?pKey=1123587379963937&focus=photo,
read-00853,42.510838,-71.122246,True,wood_utility,,,none,none_visible,near,True,2,3,1,2025-10,2025-10,https://www.mapillary.com/app/?pKey=3181473558820786&focus=photo,
read-00854,42.511502,-71.122175,True,wood_utility,,lean_slight,slight,none_visible,near,False,2,6,1,2025-10,2025-10,https://www.mapillary.com/app/?pKey=2016961002491664&focus=photo,
read-00855,42.511337,-71.12218,True,wood_utility,,,none,intact,near,False,2,3,1,2025-10,2025-10,https://www.mapillary.com/app/?pKey=3661988797265263&focus=photo,
read-00856,42.511204,-71.1222,True,wood_utility,,lean_slight,slight,none_visible,near,False,2,3,1,2025-10,2025-10,https://www.mapillary.com/app/?pKey=1106292964998766&focus=photo,
read-00857,42.511215,-71.12239,True,wood_utility,vegetation,,none,unclear,touching,False,1,3,1,2025-10,2025-10,https://www.mapillary.com/app/?pKey=25456200640631630&focus=photo,
read-00858,42.5116565,-71.122175,True,wood_utility,,lean_slight,slight,none_visible,near,False,2,6,1,2025-10,2025-10,https://www.mapillary.com/app/?pKey=715818294149494&focus=photo,
read-00859,42.510918,-71.122246,True,wood_utility,,,none,none_visible,near,False,1,3,1,2025-10,2025-10,https://www.mapillary.com/app/?pKey=24720825324226186&focus=photo,
read-00860,42.510998,-71.1222,True,wood_utility,,,none,none_visible,near,False,2,3,1,2025-10,2025-10,https://www.mapillary.com/app/?pKey=2046696169476719&focus=photo,
read-00861,42.511837,-71.12217,True,wood_utility,vegetation,lean_slight,slight,none_visible,touching,False,1,3,1,2025-10,2025-10,https://www.mapillary.com/app/?pKey=25743022645315654&focus=photo,
read-00862,42.51142,-71.122185,True,wood_utility,,lean_slight,slight,none_visible,near,False,2,3,1,2025-10,2025-10,https://www.mapillary.com/app/?pKey=1952953948893353&focus=photo,
read-00863,42.51172,-71.12216,True,wood_utility,vegetation,lean_slight,slight,none_visible,touching,False,1,3,1,2025-10,2025-10,https://www.mapillary.com/app/?pKey=809831025089272&focus=photo,
read-00864,42.520203,-71.10328,True,wood_utility,,,none,intact,near,False,2,2,1,2020-07,2020-07,https://www.mapillary.com/app/?pKey=301410244815264&focus=photo,
read-00865,42.520214,-71.103386,True,wood_utility,,,none,none_visible,near,False,0,1,1,2020-07,2020-07,https://www.mapillary.com/app/?pKey=1262806140841446&focus=photo,
read-00866,42.52033,-71.10328,True,wood_utility,,lean_slight,slight,intact,near,False,2,2,1,2020-07,2020-07,https://www.mapillary.com/app/?pKey=909507269909684&focus=photo,
read-00867,42.5194506,-71.10332,True,wood_utility,,,none,intact,near,False,3,9,1,2020-07,2020-07,https://www.mapillary.com/app/?pKey=1864275443746641&focus=photo,
read-00868,42.519739,-71.103287,True,wood_utility,,,none,intact,near,False,2,6,1,2020-07,2020-07,https://www.mapillary.com/app/?pKey=847664192793855&focus=photo,
read-00869,42.51939,-71.103325,True,wood_utility,,,none,intact,near,False,2,3,1,2020-07,2020-07,https://www.mapillary.com/app/?pKey=798011457495341&focus=photo,
read-00870,42.52047,-71.103264,True,wood_utility,,,none,none_visible,none,False,1,2,1,2020-07,2020-07,https://www.mapillary.com/app/?pKey=2974444636131583&focus=photo,
read-00871,42.5199643,-71.1032655,True,wood_utility,,lean_slight,slight,intact,near,False,2,4,2,2025-11,2025-11,https://www.mapillary.com/app/?pKey=1480922153198183&focus=photo,
read-00872,42.554527,-71.1051,False,traffic_signal,,,unclear,unclear,near,False,0,2,1,2017-10,2017-10,https://www.mapillary.com/app/?pKey=2967976803521452&focus=photo,
read-00873,42.5546,-71.1051,True,wood_utility,,,unclear,unclear,near,False,0,2,1,2017-10,2017-10,https://www.mapillary.com/app/?pKey=2609072966064975&focus=photo,
read-00874,42.5544595,-71.1049538,True,wood_utility,,lean_slight,slight,unclear,near,False,1,12,1,2017-10,2017-10,https://www.mapillary.com/app/?pKey=475500647104047&focus=photo,
read-00875,42.554806,-71.10485,False,street_light,,,unclear,none_visible,near,False,0,1,1,2017-10,2017-10,https://www.mapillary.com/app/?pKey=499777007964423&focus=photo,
read-00876,42.55472,-71.105034,True,wood_utility,,lean_slight,slight,unclear,near,False,1,2,2,2017-10,2017-10,https://www.mapillary.com/app/?pKey=513773186444301&focus=photo,
read-00877,42.554375,-71.104965,True,wood_utility,,lean_slight,slight,intact,near,False,1,3,1,2017-10,2017-10,https://www.mapillary.com/app/?pKey=968390760569415&focus=photo,
read-00878,42.5542633,-71.1049267,True,wood_utility,,lean_slight,slight,intact,near,False,2,9,1,2017-10,2017-10,https://www.mapillary.com/app/?pKey=887664155114817&focus=photo,
read-00879,42.55435,-71.10487,True,wood_utility,,lean_slight,slight,none_visible,near,False,1,3,1,2017-10,2017-10,https://www.mapillary.com/app/?pKey=938810663625617&focus=photo,
read-00880,42.552452,-71.09638,True,wood_utility,,lean_slight,slight,unclear,near,False,1,1,1,2017-10,2017-10,https://www.mapillary.com/app/?pKey=479688166613107&focus=photo,
read-00881,42.5523773,-71.0962907,True,wood_utility,,lean_slight,slight,none_visible,near,False,1,9,1,2017-10,2017-10,https://www.mapillary.com/app/?pKey=461913238229881&focus=photo,
read-00882,42.552165,-71.09608,True,wood_utility,,,unclear,unclear,unclear,False,0,5,1,2017-10,2017-10,https://www.mapillary.com/app/?pKey=983738119062549&focus=photo,
read-00883,42.552605,-71.09647,True,wood_utility,,lean_slight,slight,none_visible,near,False,1,3,1,2017-10,2017-10,https://www.mapillary.com/app/?pKey=495477718303350&focus=photo,
read-00884,42.5024559,-71.1263413,True,wood_utility,,,none,intact,near,False,1,8,2,2025-10,2025-10,https://www.mapillary.com/app/?pKey=832097912539966&focus=photo,11.9
read-00885,42.509415,-71.10645,True,wood_utility,,,none,unclear,near,False,0,3,1,2017-10,2017-10,https://www.mapillary.com/app/?pKey=265453541979415&focus=photo,
read-00886,42.509556,-71.10651,True,wood_utility,lean,,moderate,unclear,near,False,0,3,1,2017-10,2017-10,https://www.mapillary.com/app/?pKey=918567965588116&focus=photo,
read-00887,42.565407,-71.10802,True,wood_utility,,,none,none_visible,near,False,1,3,1,2025-11,2025-11,https://www.mapillary.com/app/?pKey=696808449675472&focus=photo,
read-00888,42.565464,-71.10773,True,concrete_or_steel_utility,,,none,none_visible,near,False,0,2,1,2025-11,2025-11,https://www.mapillary.com/app/?pKey=1340569731037176&focus=photo,
read-00889,42.5650175,-71.10795,True,wood_utility,,lean_slight,slight,none_visible,near,False,1,6,2,2025-11,2025-11,https://www.mapillary.com/app/?pKey=4352396638368931&focus=photo,
read-00890,42.564775,-71.107895,True,wood_utility,,lean_slight,slight,none_visible,near,False,0,6,2,2017-10,2025-11,https://www.mapillary.com/app/?pKey=367908887989924&focus=photo,
read-00891,42.564766,-71.107605,False,other,,lean_slight,slight,none_visible,near,False,0,3,1,2025-11,2025-11,https://www.mapillary.com/app/?pKey=1149887303386032&focus=photo,
read-00892,42.5653705,-71.10816,True,wood_utility,,,none,none_visible,near,False,1,6,2,2017-10,2025-11,https://www.mapillary.com/app/?pKey=774716493235788&focus=photo,
read-00893,42.53354,-71.10414,True,wood_utility,vegetation,lean_slight,slight,none_visible,touching,False,1,3,1,2025-10,2025-10,https://www.mapillary.com/app/?pKey=1140026421057540&focus=photo,
read-00894,42.533047,-71.103935,True,wood_utility,,lean_slight,slight,none_visible,near,False,1,3,1,2025-10,2025-10,https://www.mapillary.com/app/?pKey=1150241153903419&focus=photo,
read-00895,42.5321485,-71.103635,True,wood_utility,vegetation,,none,none_visible,touching,False,1,6,1,2025-10,2025-10,https://www.mapillary.com/app/?pKey=1131225775826283&focus=photo,
read-00896,42.5336495,-71.104172,True,wood_utility,,,none,none_visible,near,False,1,6,1,2025-10,2025-10,https://www.mapillary.com/app/?pKey=1563571357980167&focus=photo,
read-00897,42.5333465,-71.10407,True,wood_utility,,lean_slight,slight,none_visible,near,False,1,6,1,2025-10,2025-10,https://www.mapillary.com/app/?pKey=847536154405805&focus=photo,
read-00898,42.533394,-71.10429,True,wood_utility,vegetation,,none,none_visible,touching,False,0,2,1,2025-10,2025-10,https://www.mapillary.com/app/?pKey=860102526350948&focus=photo,
read-00899,42.532486,-71.10373,True,wood_utility,,,none,none_visible,near,False,2,3,1,2025-10,2025-10,https://www.mapillary.com/app/?pKey=1124282346458558&focus=photo,
read-00900,42.532875,-71.1039,True,wood_utility,vegetation,,none,none_visible,touching,False,1,2,1,2025-10,2025-10,https://www.mapillary.com/app/?pKey=1884219342495105&focus=photo,
read-00901,42.5327365,-71.10384,True,wood_utility,,,none,none_visible,near,False,1,6,1,2025-10,2025-10,https://www.mapillary.com/app/?pKey=673828129126920&focus=photo,
read-00902,42.53404,-71.10434,True,wood_utility,,lean_slight,slight,none_visible,near,False,1,2,1,2025-10,2025-10,https://www.mapillary.com/app/?pKey=1708228236532274&focus=photo,
read-00903,42.532383,-71.1037204,True,wood_utility,,,none,none_visible,none,False,1,5,2,2025-11,2025-11,https://www.mapillary.com/app/?pKey=1352007729792617&focus=photo,
read-00904,42.5322385,-71.103665,True,wood_utility,vegetation,,none,none_visible,touching,False,1,2,1,2025-10,2025-10,https://www.mapillary.com/app/?pKey=1140546764836724&focus=photo,
read-00905,42.531994,-71.10358,True,wood_utility,,,none,none_visible,near,False,1,2,1,2025-10,2025-10,https://www.mapillary.com/app/?pKey=1918037545414382&focus=photo,
read-00906,42.5120244,-71.103902,True,wood_utility,,lean_slight,slight,none_visible,near,False,1,5,1,2025-11,2025-11,https://www.mapillary.com/app/?pKey=1442718824076123&focus=photo,
read-00907,42.5119325,-71.103895,True,wood_utility,vegetation,,none,none_visible,touching,False,2,6,1,2025-11,2025-11,https://www.mapillary.com/app/?pKey=838217625232351&focus=photo,
read-00908,42.5118195,-71.10392,True,wood_utility,,,none,intact,near,False,1,6,1,2025-11,2025-11,https://www.mapillary.com/app/?pKey=2567396113625968&focus=photo,
read-00909,42.5114716,-71.103944,True,wood_utility,,,none,none_visible,near,False,1,5,1,2025-11,2025-11,https://www.mapillary.com/app/?pKey=1960553671179594&focus=photo,
read-00910,42.51135,-71.10395,True,wood_utility,,,none,none_visible,near,False,2,3,1,2025-11,2025-11,https://www.mapillary.com/app/?pKey=1478589073398922&focus=photo,
read-00911,42.51202,-71.10415,True,wood_utility,,,none,intact,near,True,1,3,1,2025-11,2025-11,https://www.mapillary.com/app/?pKey=3011744652344116&focus=photo,
read-00912,42.5109015,-71.10399,True,wood_utility,,,none,none_visible,near,False,2,6,1,2025-11,2025-11,https://www.mapillary.com/app/?pKey=812605898167013&focus=photo,
read-00913,42.511199,-71.10396,True,wood_utility,,lean_slight,slight,none_visible,near,False,2,4,1,2025-11,2025-11,https://www.mapillary.com/app/?pKey=1327033558886555&focus=photo,
read-00914,42.5105302,-71.104018,True,wood_utility,,,unclear,unclear,near,False,2,5,1,2025-11,2025-11,https://www.mapillary.com/app/?pKey=797570329743956&focus=photo,
read-00915,42.510555,-71.103676,True,wood_utility,,lean_slight,slight,unclear,near,False,1,2,1,2025-11,2025-11,https://www.mapillary.com/app/?pKey=2292853137803885&focus=photo,
read-00916,42.5106945,-71.104002,True,wood_utility,,,none,none_visible,near,False,2,6,1,2025-11,2025-11,https://www.mapillary.com/app/?pKey=1957372528140545&focus=photo,
read-00917,42.510433,-71.104027,True,wood_utility,,,none,none_visible,near,False,2,6,1,2025-11,2025-11,https://www.mapillary.com/app/?pKey=813769921509112&focus=photo,
read-00918,42.5103325,-71.104058,True,wood_utility,vegetation,,none,none_visible,touching,False,3,4,2,2020-07,2025-11,https://www.mapillary.com/app/?pKey=609836777079421&focus=photo,
read-00919,42.510198,-71.104035,True,wood_utility,vegetation,lean_slight,slight,none_visible,touching,False,2,6,1,2025-11,2025-11,https://www.mapillary.com/app/?pKey=1127139802867805&focus=photo,
read-00920,42.5108205,-71.104195,True,wood_utility,vegetation,,none,none_visible,touching,False,1,4,1,2025-11,2025-11,https://www.mapillary.com/app/?pKey=1588030892362684&focus=photo,
read-00921,42.510777,-71.104,True,wood_utility,,,none,none_visible,near,False,2,3,1,2025-11,2025-11,https://www.mapillary.com/app/?pKey=834750422438455&focus=photo,
read-00922,42.511047,-71.103966,True,wood_utility,,,none,none_visible,near,False,2,3,1,2025-11,2025-11,https://www.mapillary.com/app/?pKey=1224627142826459&focus=photo,
read-00923,42.502512,-71.13523,False,street_light,,,none,none_visible,near,False,0,4,2,2017-09,2018-07,https://www.mapillary.com/app/?pKey=1850888161745645&focus=photo,
read-00924,42.50278,-71.127,True,wood_utility,,,unclear,intact,near,False,1,1,1,2025-11,2025-11,https://www.mapillary.com/app/?pKey=951552750564339&focus=photo,
read-00925,42.50315,-71.125465,True,wood_utility,,,none,none_visible,near,False,1,2,1,2025-11,2025-11,https://www.mapillary.com/app/?pKey=4070905163171909&focus=photo,16.9
read-00926,42.55088,-71.096176,True,wood_utility,vegetation,lean_slight,slight,unclear,touching,False,0,3,1,2017-10,2017-10,https://www.mapillary.com/app/?pKey=525312688630873&focus=photo,
read-00927,42.550587,-71.09575,True,wood_utility,vegetation,,unclear,unclear,touching,False,0,2,1,2017-10,2017-10,https://www.mapillary.com/app/?pKey=2901155156798190&focus=photo,
read-00928,42.55063,-71.095856,True,wood_utility,vegetation,,unclear,unclear,touching,False,0,3,1,2017-10,2017-10,https://www.mapillary.com/app/?pKey=283989556706523&focus=photo,
read-00929,42.55093,-71.09608,True,wood_utility,vegetation,,none,unclear,touching,False,0,3,1,2017-10,2017-10,https://www.mapillary.com/app/?pKey=224347212370820&focus=photo,
read-00930,42.526966,-71.07302,False,other,,,none,none_visible,none,False,0,1,1,2018-04,2018-07,https://www.mapillary.com/app/?pKey=328925571917720&focus=photo,
read-00931,42.554046,-71.105114,True,wood_utility,,,none,none_visible,near,False,1,5,1,2025-10,2025-10,https://www.mapillary.com/app/?pKey=1332713901026640&focus=photo,
read-00932,42.553963,-71.10509,True,wood_utility,,,none,none_visible,near,False,1,3,1,2025-10,2025-10,https://www.mapillary.com/app/?pKey=1875649990050123&focus=photo,
read-00933,42.55385,-71.10492,True,wood_utility,,,none,intact,none,False,2,3,1,2025-10,2025-10,https://www.mapillary.com/app/?pKey=1875649990050123&focus=photo,
read-00934,42.5540287,-71.1049467,True,wood_utility,,,none,intact,none,False,0,3,1,2025-10,2025-10,https://www.mapillary.com/app/?pKey=1332713901026640&focus=photo,
read-00935,42.553867,-71.10506,False,street_light,,,none,none_visible,none,False,0,2,1,2025-10,2025-10,https://www.mapillary.com/app/?pKey=678122905355124&focus=photo,
read-00936,42.5531,-71.1047,True,wood_utility,vegetation,,none,none_visible,touching,False,1,3,1,2025-10,2025-10,https://www.mapillary.com/app/?pKey=1777281166284485&focus=photo,
read-00937,42.5531615,-71.105013,True,wood_utility,,,none,none_visible,near,False,1,6,1,2025-10,2025-10,https://www.mapillary.com/app/?pKey=24771845219122327&focus=photo,
read-00938,42.552006,-71.10462,True,wood_utility,vegetation,,unclear,unclear,touching,False,0,3,1,2025-10,2025-10,https://www.mapillary.com/app/?pKey=2811205652412603&focus=photo,
read-00939,42.5537714,-71.104888,True,wood_utility,,,none,intact,near,False,2,5,1,2025-10,2025-10,https://www.mapillary.com/app/?pKey=796117243235724&focus=photo,
read-00940,42.55361,-71.10498,False,unclear,,,unclear,unclear,unclear,False,0,1,1,2025-10,2025-10,https://www.mapillary.com/app/?pKey=1780662659321186&focus=photo,
read-00941,42.55364,-71.10478,True,wood_utility,,,none,none_visible,near,False,1,1,1,2025-10,2025-10,https://www.mapillary.com/app/?pKey=25224894933790171&focus=photo,
read-00942,42.55367,-71.10488,True,wood_utility,,,none,intact,none,False,2,3,1,2025-10,2025-10,https://www.mapillary.com/app/?pKey=1778792972782616&focus=photo,
read-00943,42.5539446,-71.104925,True,wood_utility,,,none,intact,none,False,2,5,1,2025-10,2025-10,https://www.mapillary.com/app/?pKey=779683771556028&focus=photo,
read-00944,42.553554,-71.10485,True,wood_utility,,,none,none_visible,near,False,1,5,2,2025-10,2025-11,https://www.mapillary.com/app/?pKey=25224894933790171&focus=photo,
read-00945,42.553364,-71.1048,True,wood_utility,,,none,intact,near,False,2,3,1,2025-10,2025-10,https://www.mapillary.com/app/?pKey=720179863675236&focus=photo,
read-00946,42.5529388,-71.10471,True,wood_utility,,,none,none_visible,near,False,2,5,2,2025-10,2025-11,https://www.mapillary.com/app/?pKey=1871024310490170&focus=photo,
read-00947,42.552776,-71.10475,True,wood_utility,vegetation,lean_slight,slight,none_visible,touching,False,2,3,1,2025-10,2025-10,https://www.mapillary.com/app/?pKey=2005393530238742&focus=photo,
read-00948,42.5531565,-71.1048138,True,wood_utility,,,none,none_visible,none,False,2,4,2,2025-11,2025-11,https://www.mapillary.com/app/?pKey=3977326562484584&focus=photo,
read-00949,42.5526,-71.104675,True,wood_utility,,lean_slight,slight,none_visible,near,True,1,3,1,2025-10,2025-10,https://www.mapillary.com/app/?pKey=822099337024505&focus=photo,
read-00950,42.552307,-71.10465,True,wood_utility,vegetation,,none,none_visible,touching,False,2,3,1,2025-10,2025-10,https://www.mapillary.com/app/?pKey=1502742260971388&focus=photo,
read-00951,42.552704,-71.10474,True,wood_utility,vegetation,lean_slight,slight,unclear,touching,False,1,3,1,2025-10,2025-10,https://www.mapillary.com/app/?pKey=1129087086006296&focus=photo,
read-00952,42.53147,-71.13602,False,unclear,,,unclear,unclear,unclear,False,0,3,2,2018-08,2019-03,https://www.mapillary.com/app/?pKey=457865561983292&focus=photo,
read-00953,42.546043,-71.119965,True,wood_utility,vegetation,lean_slight,slight,none_visible,touching,False,2,3,1,2025-10,2025-10,https://www.mapillary.com/app/?pKey=810334114966184&focus=photo,
read-00954,42.546295,-71.11952,True,wood_utility,,,none,intact,near,False,1,3,1,2025-10,2025-10,https://www.mapillary.com/app/?pKey=1153953876839677&focus=photo,
read-00955,42.546234,-71.11961,True,wood_utility,vegetation,,none,unclear,touching,False,1,1,1,2025-10,2025-10,https://www.mapillary.com/app/?pKey=679056698581124&focus=photo,
read-00956,42.54568,-71.11993,True,wood_utility,,,none,none_visible,near,True,1,3,1,2025-10,2025-10,https://www.mapillary.com/app/?pKey=1098841218727439&focus=photo,
read-00957,42.54587,-71.11984,True,wood_utility,vegetation,,none,unclear,touching,False,1,1,1,2025-10,2025-10,https://www.mapillary.com/app/?pKey=784217897827303&focus=photo,
read-00958,42.5465235,-71.119435,True,wood_utility,vegetation,,none,none_visible,touching,False,1,4,1,2025-10,2025-10,https://www.mapillary.com/app/?pKey=1239573788207020&focus=photo,
read-00959,42.54601,-71.11973,True,wood_utility,,,none,none_visible,near,False,2,3,1,2025-10,2025-10,https://www.mapillary.com/app/?pKey=1347299176939925&focus=photo,
read-00960,42.54661,-71.11938,True,wood_utility,vegetation,,none,none_visible,touching,False,1,1,1,2025-10,2025-10,https://www.mapillary.com/app/?pKey=711937021920454&focus=photo,
read-00961,42.54692,-71.119105,True,wood_utility,,lean_slight,slight,none_visible,near,False,1,6,1,2025-10,2025-10,https://www.mapillary.com/app/?pKey=1129398236050590&focus=photo,
read-00962,42.546707,-71.119095,True,wood_utility,,,none,none_visible,near,False,1,3,1,2025-10,2025-10,https://www.mapillary.com/app/?pKey=818099510825183&focus=photo,
read-00963,42.5472624,-71.118892,True,wood_utility,vegetation,,none,none_visible,touching,False,1,5,1,2025-10,2025-10,https://www.mapillary.com/app/?pKey=793356543475588&focus=photo,
read-00964,42.54718,-71.11899,True,wood_utility,vegetation,,none,intact,touching,False,1,3,1,2025-10,2025-10,https://www.mapillary.com/app/?pKey=2344973482591431&focus=photo,
read-00965,42.546753,-71.11928,True,wood_utility,,,none,none_visible,near,False,1,2,1,2025-10,2025-10,https://www.mapillary.com/app/?pKey=1516174192918995&focus=photo,
read-00966,42.54668,-71.119316,True,wood_utility,vegetation,,none,none_visible,touching,False,1,3,1,2025-10,2025-10,https://www.mapillary.com/app/?pKey=1516174192918995&focus=photo,
read-00967,42.53477,-71.08521,True,wood_utility,vegetation,lean_slight,slight,unclear,touching,False,0,3,1,2017-10,2017-10,https://www.mapillary.com/app/?pKey=484889766282747&focus=photo,
read-00968,42.535084,-71.08539,True,wood_utility,vegetation,,unclear,unclear,touching,False,0,3,1,2017-10,2017-10,https://www.mapillary.com/app/?pKey=1023084605091452&focus=photo,
read-00969,42.5353,-71.08539,True,wood_utility,vegetation,lean_slight,slight,none_visible,touching,False,0,3,1,2017-10,2017-10,https://www.mapillary.com/app/?pKey=170273054985440&focus=photo,
read-00970,42.5349,-71.08527,True,wood_utility,vegetation,,unclear,unclear,touching,False,0,3,1,2017-10,2017-10,https://www.mapillary.com/app/?pKey=482806872928188&focus=photo,
read-00971,42.549564,-71.11577,True,wood_utility,,,none,none_visible,near,False,1,3,1,2025-10,2025-10,https://www.mapillary.com/app/?pKey=1958337495037411&focus=photo,
read-00972,42.549395,-71.116683,True,wood_utility,,,none,none_visible,near,False,1,6,1,2025-10,2025-10,https://www.mapillary.com/app/?pKey=4198659530378193&focus=photo,
read-00973,42.549706,-71.1153312,True,wood_utility,vegetation,,none,none_visible,touching,False,1,4,1,2025-10,2025-10,https://www.mapillary.com/app/?pKey=1553613992486524&focus=photo,
read-00974,42.549458,-71.11633,True,wood_utility,,,none,none_visible,near,False,1,3,1,2025-10,2025-10,https://www.mapillary.com/app/?pKey=804763422463925&focus=photo,
read-00975,42.5492963,-71.1171737,True,wood_utility,,lean_slight,slight,none_visible,near,False,1,7,1,2025-10,2025-10,https://www.mapillary.com/app/?pKey=1186689779981691&focus=photo,
read-00976,42.5495565,-71.1159875,True,wood_utility,vegetation,,none,none_visible,touching,False,1,4,1,2025-10,2025-10,https://www.mapillary.com/app/?pKey=1305438167573985&focus=photo,
read-00977,42.54951,-71.11618,True,wood_utility,,,none,none_visible,near,False,1,3,1,2025-10,2025-10,https://www.mapillary.com/app/?pKey=777955811733861&focus=photo,
read-00978,42.5495878,-71.11586,True,wood_utility,,,none,none_visible,near,False,1,5,1,2025-10,2025-10,https://www.mapillary.com/app/?pKey=805111698826596&focus=photo,
read-00979,42.549725,-71.11513,True,wood_utility,vegetation,,none,none_visible,touching,False,1,3,1,2025-10,2025-10,https://www.mapillary.com/app/?pKey=1387146072832573&focus=photo,
read-00980,42.549835,-71.11496,True,wood_utility,,,none,none_visible,near,False,1,3,1,2025-10,2025-10,https://www.mapillary.com/app/?pKey=2319233021846428&focus=photo,
read-00981,42.54962,-71.11549,True,wood_utility,vegetation,lean_slight,slight,none_visible,touching,False,0,3,1,2025-10,2025-10,https://www.mapillary.com/app/?pKey=1507783103784502&focus=photo,
read-00982,42.54988,-71.11476,True,wood_utility,,lean_slight,slight,none_visible,near,False,2,3,1,2025-10,2025-10,https://www.mapillary.com/app/?pKey=612846918484613&focus=photo,
read-00983,42.549614,-71.11566,True,wood_utility,,,none,none_visible,near,False,1,3,1,2025-10,2025-10,https://www.mapillary.com/app/?pKey=820781414006823&focus=photo,
read-00984,42.54937,-71.11684,True,wood_utility,vegetation,lean_slight,slight,none_visible,touching,False,1,3,1,2025-10,2025-10,https://www.mapillary.com/app/?pKey=1494280621810999&focus=photo,
read-00985,42.50424,-71.103065,True,wood_utility,,,unclear,none_visible,near,False,0,1,1,2025-11,2025-11,https://www.mapillary.com/app/?pKey=2020387672061878&focus=photo,
read-00986,42.504784,-71.10296,True,wood_utility,,lean_slight,slight,intact,none,False,0,3,1,2025-11,2025-11,https://www.mapillary.com/app/?pKey=1384368130008620&focus=photo,
read-00987,42.505016,-71.10305,True,wood_utility,,,none,intact,near,False,1,3,1,2025-11,2025-11,https://www.mapillary.com/app/?pKey=804312662395402&focus=photo,
read-00988,42.504623,-71.1029,True,wood_utility,,,none,intact,none,False,0,4,1,2025-11,2025-11,https://www.mapillary.com/app/?pKey=1321622035767101&focus=photo,
read-00989,42.504906,-71.103022,True,wood_utility,,,none,intact,none,False,0,5,1,2025-11,2025-11,https://www.mapillary.com/app/?pKey=2430789957338475&focus=photo,
read-00990,42.50524,-71.103134,True,wood_utility,,,none,intact,none,False,1,3,1,2025-11,2025-11,https://www.mapillary.com/app/?pKey=837390005698914&focus=photo,
read-00991,42.505424,-71.10333,True,wood_utility,,,none,intact,near,False,2,1,1,2025-11,2025-11,https://www.mapillary.com/app/?pKey=1562777378065981&focus=photo,
read-00992,42.50532,-71.10318,True,concrete_or_steel_utility,,,none,none_visible,near,False,2,2,1,2025-11,2025-11,https://www.mapillary.com/app/?pKey=837390005698914&focus=photo,
read-00993,42.50516,-71.1031,True,wood_utility,,,none,intact,none,False,0,2,1,2025-11,2025-11,https://www.mapillary.com/app/?pKey=1512193796689158&focus=photo,
read-00994,42.505677,-71.1033,False,traffic_signal,,,none,none_visible,none,False,0,4,2,2017-10,2025-11,https://www.mapillary.com/app/?pKey=944969199609042&focus=photo,
read-00995,42.504345,-71.102776,True,wood_utility,,,none,intact,near,False,1,3,1,2025-11,2025-11,https://www.mapillary.com/app/?pKey=1990832795203959&focus=photo,
read-00996,42.52816,-71.08078,True,wood_utility,vegetation,,unclear,unclear,touching,False,0,3,1,2017-10,2017-10,https://www.mapillary.com/app/?pKey=319596069763976&focus=photo,
read-00997,42.527043,-71.073572,False,other,,,none,none_visible,none,False,0,6,1,2023-03,2023-03,https://www.mapillary.com/app/?pKey=1479847812806217&focus=photo,
read-00998,42.52756,-71.07391,True,wood_utility,,lean_slight,slight,none_visible,near,False,1,3,1,2023-03,2023-03,https://www.mapillary.com/app/?pKey=353293280422587&focus=photo,
read-00999,42.52707,-71.07374,False,other,,,none,none_visible,none,False,1,3,1,2023-03,2023-03,https://www.mapillary.com/app/?pKey=881377136953370&focus=photo,
read-01000,42.52698,-71.07345,True,wood_utility,,,none,none_visible,near,False,0,3,1,2023-03,2023-03,https://www.mapillary.com/app/?pKey=1027771731773029&focus=photo,
read-01001,42.5271952,-71.0735,True,wood_utility,,,none,none_visible,near,False,1,4,2,2023-03,2023-03,https://www.mapillary.com/app/?pKey=856405629559968&focus=photo,
read-01002,42.526955,-71.0732,True,wood_utility,vegetation,,unclear,unclear,touching,False,0,1,1,2023-03,2023-03,https://www.mapillary.com/app/?pKey=1002752717616194&focus=photo,
read-01003,42.527225,-71.073105,True,wood_utility,,,unclear,unclear,near,False,1,3,1,2023-03,2023-03,https://www.mapillary.com/app/?pKey=718564426806761&focus=photo,
read-01004,42.527355,-71.07316,False,other,,,unclear,none_visible,unclear,False,0,2,1,2023-03,2023-03,https://www.mapillary.com/app/?pKey=24107893088855078&focus=photo,
read-01005,42.5271028,-71.0734006,True,wood_utility,,,none,unclear,near,False,1,5,1,2023-03,2023-03,https://www.mapillary.com/app/?pKey=865663675023920&focus=photo,
read-01006,42.52725,-71.073456,False,other,,,none,none_visible,none,False,0,3,1,2023-03,2023-03,https://www.mapillary.com/app/?pKey=1289099661588814&focus=photo,
read-01007,42.52715,-71.07376,False,street_light,,,none,none_visible,none,False,0,3,1,2023-03,2023-03,https://www.mapillary.com/app/?pKey=1417182572342463&focus=photo,
read-01008,42.5063705,-71.10367,True,wood_utility,lean,,moderate,none_visible,near,False,1,6,1,2017-10,2017-10,https://www.mapillary.com/app/?pKey=292835599113188&focus=photo,
read-01009,42.50648,-71.10378,True,wood_utility,,lean_slight,slight,unclear,near,False,1,3,1,2017-10,2017-10,https://www.mapillary.com/app/?pKey=454401668989923&focus=photo,
read-01010,42.50638,-71.10376,True,wood_utility,,,none,none_visible,near,False,1,3,1,2017-10,2017-10,https://www.mapillary.com/app/?pKey=2785948158402349&focus=photo,
read-01011,42.506784,-71.103953,True,wood_utility,,lean_slight,slight,unclear,near,False,1,6,1,2017-10,2017-10,https://www.mapillary.com/app/?pKey=199879861825722&focus=photo,
read-01012,42.506756,-71.10385,True,wood_utility,,,none,none_visible,near,False,1,3,1,2017-10,2017-10,https://www.mapillary.com/app/?pKey=158514632803219&focus=photo,
read-01013,42.545452,-71.10418,True,wood_utility,vegetation,,unclear,none_visible,touching,False,1,3,1,2025-11,2025-11,https://www.mapillary.com/app/?pKey=3319668494860925&focus=photo,
read-01014,42.519505,-71.08703,False,unclear,,,unclear,none_visible,none,False,0,3,1,2023-03,2023-03,https://www.mapillary.com/app/?pKey=630548672490036&focus=photo,
read-01015,42.5204,-71.11041,True,wood_utility,,,none,none_visible,near,False,2,3,1,2025-10,2025-10,https://www.mapillary.com/app/?pKey=1355387462790320&focus=photo,
read-01016,42.520264,-71.11072,True,wood_utility,vegetation,,none,none_visible,touching,False,0,3,1,2025-10,2025-10,https://www.mapillary.com/app/?pKey=2859058964485588&focus=photo,
read-01017,42.52063,-71.109825,True,wood_utility,vegetation,,none,none_visible,touching,False,0,1,1,2025-10,2025-10,https://www.mapillary.com/app/?pKey=2049214208951913&focus=photo,
read-01018,42.52058,-71.110016,True,wood_utility,vegetation,,none,none_visible,touching,False,1,3,1,2025-10,2025-10,https://www.mapillary.com/app/?pKey=1143101167372460&focus=photo,
read-01019,42.521082,-71.108615,True,wood_utility,,,none,none_visible,none,False,1,6,1,2025-10,2025-10,https://www.mapillary.com/app/?pKey=806649268636862&focus=photo,
read-01020,42.52091,-71.10926,True,wood_utility,,,none,none_visible,near,False,1,3,1,2025-10,2025-10,https://www.mapillary.com/app/?pKey=2839132992950503&focus=photo,
read-01021,42.521038,-71.10896,True,wood_utility,,,none,none_visible,near,False,1,3,1,2025-10,2025-10,https://www.mapillary.com/app/?pKey=1909583146570190&focus=photo,
read-01022,42.521206,-71.10855,True,wood_utility,,lean_slight,slight,none_visible,near,True,2,3,1,2025-10,2025-10,https://www.mapillary.com/app/?pKey=789389807411877&focus=photo,
read-01023,42.52073,-71.10967,True,wood_utility,vegetation,,none,none_visible,touching,False,3,3,1,2025-10,2025-10,https://www.mapillary.com/app/?pKey=2104989886701435&focus=photo,
read-01024,42.543938,-71.12163,True,wood_utility,vegetation,,none,none_visible,touching,True,2,3,1,2025-10,2025-10,https://www.mapillary.com/app/?pKey=1464143504812273&focus=photo,
read-01025,42.5438972,-71.121864,True,wood_utility,vegetation,,none,none_visible,touching,False,1,5,1,2025-10,2025-10,https://www.mapillary.com/app/?pKey=1138741868242190&focus=photo,
read-01026,42.54421,-71.120913,True,wood_utility,,,none,none_visible,near,False,1,6,1,2025-10,2025-10,https://www.mapillary.com/app/?pKey=1285806816909964&focus=photo,
read-01027,42.5449628,-71.120408,True,wood_utility,,,none,none_visible,near,False,1,5,1,2025-10,2025-10,https://www.mapillary.com/app/?pKey=1148338613932999&focus=photo,
read-01028,42.545063,-71.120338,True,wood_utility,,,none,none_visible,near,False,1,6,1,2025-10,2025-10,https://www.mapillary.com/app/?pKey=810334281616905&focus=photo,
read-01029,42.54468,-71.12068,True,wood_utility,vegetation,,none,none_visible,touching,False,0,3,1,2025-10,2025-10,https://www.mapillary.com/app/?pKey=1970746910389572&focus=photo,
read-01030,42.543858,-71.12199,True,wood_utility,,,none,none_visible,near,False,1,2,1,2025-10,2025-10,https://www.mapillary.com/app/?pKey=24837058749283745&focus=photo,
read-01031,42.544678,-71.12051,True,wood_utility,vegetation,,none,none_visible,touching,False,1,3,1,2025-10,2025-10,https://www.mapillary.com/app/?pKey=3248469848624193&focus=photo,
read-01032,42.54395,-71.12189,True,wood_utility,,,none,none_visible,near,False,0,3,1,2025-10,2025-10,https://www.mapillary.com/app/?pKey=1138741868242190&focus=photo,
read-01033,42.544132,-71.12117,True,wood_utility,,,none,none_visible,near,False,1,2,1,2025-10,2025-10,https://www.mapillary.com/app/?pKey=1350032693159439&focus=photo,
read-01034,42.5440766,-71.1213184,True,wood_utility,vegetation,,unclear,none_visible,touching,False,1,5,1,2025-10,2025-10,https://www.mapillary.com/app/?pKey=710903061358521&focus=photo,
read-01035,42.544025,-71.121435,True,wood_utility,vegetation,,none,none_visible,touching,False,1,6,1,2025-10,2025-10,https://www.mapillary.com/app/?pKey=1124453403186509&focus=photo,
read-01036,42.54451,-71.120705,True,wood_utility,,,none,none_visible,near,False,1,1,1,2025-10,2025-10,https://www.mapillary.com/app/?pKey=748607591566144&focus=photo,
read-01037,42.5143025,-71.1102775,True,wood_utility,,lean_slight,slight,none_visible,near,False,2,6,1,2025-10,2025-10,https://www.mapillary.com/app/?pKey=1371956301004860&focus=photo,
read-01038,42.51464,-71.11061,True,wood_utility,,,none,intact,near,False,2,3,1,2025-10,2025-10,https://www.mapillary.com/app/?pKey=715889614865825&focus=photo,
read-01039,42.5157077,-71.1123367,True,wood_utility,,,none,none_visible,near,False,2,3,1,2025-10,2025-10,https://www.mapillary.com/app/?pKey=1964278037477701&focus=photo,
read-01040,42.514866,-71.11095,True,wood_utility,,,none,none_visible,near,False,2,3,1,2025-10,2025-10,https://www.mapillary.com/app/?pKey=598228869982590&focus=photo,
read-01041,42.515244,-71.11166,True,wood_utility,vegetation,,none,intact,touching,False,2,3,1,2025-10,2025-10,https://www.mapillary.com/app/?pKey=788141390887133&focus=photo,
read-01042,42.515314,-71.111764,True,wood_utility,,,none,intact,near,False,2,5,1,2025-10,2025-10,https://www.mapillary.com/app/?pKey=825338750220425&focus=photo,
read-01043,42.51519,-71.11159,True,wood_utility,vegetation,,unclear,intact,touching,False,2,3,1,2025-10,2025-10,https://www.mapillary.com/app/?pKey=1555375408785763&focus=photo,
read-01044,42.515057,-71.111404,True,wood_utility,,,none,intact,near,False,2,3,1,2025-10,2025-10,https://www.mapillary.com/app/?pKey=1252456110022506&focus=photo,
read-01045,42.515568,-71.11214,True,wood_utility,vegetation,,none,none_visible,touching,False,1,3,1,2025-10,2025-10,https://www.mapillary.com/app/?pKey=1155410565958795&focus=photo,
read-01046,42.50219,-71.11081,False,street_light,,lean_slight,slight,none_visible,near,False,0,2,1,2025-11,2025-11,https://www.mapillary.com/app/?pKey=804824425519596&focus=photo,
read-01047,42.549427,-71.094765,True,wood_utility,vegetation,,unclear,unclear,touching,False,0,3,1,2017-10,2017-10,https://www.mapillary.com/app/?pKey=180890003905378&focus=photo,
read-01048,42.54976,-71.09507,True,wood_utility,,,unclear,unclear,near,False,1,3,1,2017-10,2017-10,https://www.mapillary.com/app/?pKey=225249465610262&focus=photo,
read-01049,42.521507,-71.10756,True,wood_utility,,,none,none_visible,none,False,1,3,1,2025-10,2025-10,https://www.mapillary.com/app/?pKey=1364914894969652&focus=photo,
read-01050,42.5215172,-71.1074138,True,wood_utility,,,none,none_visible,near,False,1,11,1,2025-10,2025-10,https://www.mapillary.com/app/?pKey=1350268349898818&focus=photo,
read-01051,42.5212013,-71.1065137,True,wood_utility,,,none,intact,none,False,2,7,1,2025-10,2025-10,https://www.mapillary.com/app/?pKey=1943135576261230&focus=photo,
read-01052,42.52079,-71.10571,True,wood_utility,,,none,intact,near,False,1,2,1,2025-10,2025-10,https://www.mapillary.com/app/?pKey=817124667564908&focus=photo,
read-01053,42.52139,-71.107155,True,wood_utility,,,none,intact,none,False,2,3,1,2025-10,2025-10,https://www.mapillary.com/app/?pKey=1148682666748178&focus=photo,
read-01054,42.5214,-71.10703,True,wood_utility,,,none,intact,none,False,2,2,1,2025-10,2025-10,https://www.mapillary.com/app/?pKey=1473842127239835&focus=photo,
read-01055,42.52086,-71.10585,True,wood_utility,,,none,none_visible,near,False,1,2,1,2025-10,2025-10,https://www.mapillary.com/app/?pKey=698712853258469&focus=photo,
read-01056,42.5212372,-71.1068255,True,wood_utility,,,none,none_visible,none,False,1,4,1,2025-10,2025-10,https://www.mapillary.com/app/?pKey=2383475068713975&focus=photo,
read-01057,42.52094,-71.10581,True,wood_utility,,,none,none_visible,near,False,2,2,1,2025-10,2025-10,https://www.mapillary.com/app/?pKey=1796595720972776&focus=photo,
read-01058,42.521313,-71.10707,True,wood_utility,,,none,none_visible,none,False,1,2,1,2025-10,2025-10,https://www.mapillary.com/app/?pKey=1450763199344574&focus=photo,
read-01059,42.521343,-71.10825,True,concrete_or_steel_utility,,,none,intact,near,False,1,3,1,2025-10,2025-10,https://www.mapillary.com/app/?pKey=2041582710004346&focus=photo,
read-01060,42.521596,-71.107621,True,wood_utility,,,none,none_visible,none,False,2,5,1,2025-10,2025-10,https://www.mapillary.com/app/?pKey=1145222341113694&focus=photo,
read-01061,42.521046,-71.106092,True,wood_utility,,,none,none_visible,none,False,2,6,1,2025-10,2025-10,https://www.mapillary.com/app/?pKey=1796595720972776&focus=photo,
read-01062,42.521374,-71.107254,True,wood_utility,,,none,none_visible,none,False,1,3,1,2025-10,2025-10,https://www.mapillary.com/app/?pKey=1466026048024508&focus=photo,
read-01063,42.52155,-71.10718,True,wood_utility,vegetation,,none,intact,touching,True,2,3,1,2025-10,2025-10,https://www.mapillary.com/app/?pKey=1450763199344574&focus=photo,
read-01064,42.521065,-71.10639,True,wood_utility,,,none,none_visible,none,False,1,3,1,2025-10,2025-10,https://www.mapillary.com/app/?pKey=24722057700811479&focus=photo,
read-01065,42.505295,-71.102936,True,wood_utility,,,unclear,unclear,near,False,0,3,1,2017-10,2017-10,https://www.mapillary.com/app/?pKey=3161754394052275&focus=photo,
read-01066,42.505886,-71.10353,True,wood_utility,,lean_slight,slight,none_visible,near,False,0,3,1,2017-10,2017-10,https://www.mapillary.com/app/?pKey=2993158374304442&focus=photo,
read-01067,42.505962,-71.103294,True,wood_utility,,lean_slight,slight,unclear,near,False,2,3,1,2017-10,2017-10,https://www.mapillary.com/app/?pKey=135876111896873&focus=photo,
read-01068,42.505615,-71.10311,True,wood_utility,,lean_slight,slight,intact,near,False,1,3,1,2017-10,2017-10,https://www.mapillary.com/app/?pKey=863289774223099&focus=photo,
read-01069,42.50288,-71.11916,False,traffic_signal,,,none,none_visible,none,False,0,1,1,2018-07,2018-07,https://www.mapillary.com/app/?pKey=241605041089783&focus=photo,
read-01070,42.502834,-71.118744,False,other,,,none,none_visible,none,False,0,3,2,2017-10,2018-07,https://www.mapillary.com/app/?pKey=464073741324660&focus=photo,
read-01071,42.508007,-71.13171,True,wood_utility,,,unclear,unclear,near,False,0,2,1,2018-08,2018-08,https://www.mapillary.com/app/?pKey=274562504384082&focus=photo,
read-01072,42.51223,-71.10389,True,wood_utility,,,none,none_visible,near,False,2,2,1,2020-07,2020-07,https://www.mapillary.com/app/?pKey=178730950706398&focus=photo,
read-01073,42.504513,-71.12834,True,wood_utility,,,none,none_visible,none,True,1,1,1,2020-11,2020-11,https://www.mapillary.com/app/?pKey=1670471503341488&focus=photo,20.5
read-01074,42.506027,-71.12096,False,other,,,none,none_visible,near,False,0,2,1,2018-08,2018-08,https://www.mapillary.com/app/?pKey=3041100446118475&focus=photo,
read-01075,42.50487,-71.12682,True,wood_utility,vegetation,lean_slight,slight,none_visible,touching,False,2,3,1,2018-08,2018-08,https://www.mapillary.com/app/?pKey=305741951098605&focus=photo,8.6
read-01076,42.50402,-71.13065,True,concrete_or_steel_utility,,,none,none_visible,near,False,0,6,2,2018-09,2018-09,https://www.mapillary.com/app/?pKey=137574911696942&focus=photo,
read-01077,42.55284,-71.09698,True,wood_utility,vegetation,lean_slight,slight,none_visible,touching,False,0,3,1,2017-10,2017-10,https://www.mapillary.com/app/?pKey=768010933871396&focus=photo,
read-01078,42.5530248,-71.0975684,True,wood_utility,vegetation,lean_slight,slight,unclear,touching,False,1,5,1,2017-10,2017-10,https://www.mapillary.com/app/?pKey=474629877092336&focus=photo,
read-01079,42.514236,-71.11019,True,wood_utility,,lean_slight,slight,unclear,near,False,1,3,1,2017-10,2017-10,https://www.mapillary.com/app/?pKey=284215003352447&focus=photo,
read-01080,42.5144235,-71.110455,True,wood_utility,,lean_slight,slight,unclear,near,False,1,6,1,2017-10,2017-10,https://www.mapillary.com/app/?pKey=210224377578679&focus=photo,
read-01081,42.524555,-71.08287,True,wood_utility,vegetation,,none,none_visible,touching,False,1,3,1,2023-03,2023-03,https://www.mapillary.com/app/?pKey=825706682669372&focus=photo,
read-01082,42.524822,-71.08304,True,wood_utility,,,unclear,unclear,near,False,1,3,1,2023-03,2023-03,https://www.mapillary.com/app/?pKey=715616993823660&focus=photo,
read-01083,42.52497,-71.08309,True,wood_utility,,lean_slight,slight,unclear,near,False,1,1,1,2023-03,2023-03,https://www.mapillary.com/app/?pKey=1410637726530430&focus=photo,
read-01084,42.5306,-71.13618,False,other,,,none,none_visible,none,False,0,3,2,2018-08,2019-03,https://www.mapillary.com/app/?pKey=315616360149526&focus=photo,
read-01085,42.532032,-71.136,False,other,,,unclear,none_visible,unclear,False,3,1,1,2019-03,2019-03,https://www.mapillary.com/app/?pKey=2945319009037643&focus=photo,
read-01086,42.530235,-71.13616,False,other,,,none,none_visible,near,False,0,3,3,2018-08,2018-08,https://www.mapillary.com/app/?pKey=525284408853249&focus=photo,
read-01087,42.531807,-71.13606,False,other,,,unclear,unclear,near,False,0,1,1,2019-03,2019-03,https://www.mapillary.com/app/?pKey=835794193811132&focus=photo,
read-01088,42.53378,-71.135895,True,wood_utility,vegetation,,unclear,unclear,touching,False,0,3,2,2018-08,2018-08,https://www.mapillary.com/app/?pKey=1057738384629844&focus=photo,
read-01089,42.5531678,-71.0982605,True,wood_utility,,lean_slight,slight,unclear,near,False,1,4,1,2017-10,2017-10,https://www.mapillary.com/app/?pKey=1161003274365228&focus=photo,
read-01090,42.553112,-71.097916,True,wood_utility,,lean_slight,slight,none_visible,near,False,1,3,1,2017-10,2017-10,https://www.mapillary.com/app/?pKey=1078036829388187&focus=photo,
read-01091,42.552994,-71.09739,True,wood_utility,,lean_slight,slight,unclear,near,False,1,3,1,2017-10,2017-10,https://www.mapillary.com/app/?pKey=205485374750362&focus=photo,
read-01092,42.5270245,-71.0720425,False,other,,,none,none_visible,near,False,1,4,2,2023-03,2023-03,https://www.mapillary.com/app/?pKey=872557487725648&focus=photo,
read-01093,42.512753,-71.10862,True,wood_utility,,lean_slight,slight,none_visible,near,False,1,3,1,2017-10,2017-10,https://www.mapillary.com/app/?pKey=297119792142517&focus=photo,
read-01094,42.512394,-71.10815,True,wood_utility,vegetation,lean_slight,slight,unclear,touching,False,1,3,1,2017-10,2017-10,https://www.mapillary.com/app/?pKey=281616093617945&focus=photo,
read-01095,42.5125465,-71.1083475,True,wood_utility,,lean_slight,slight,unclear,near,False,0,6,1,2017-10,2017-10,https://www.mapillary.com/app/?pKey=2876040746044940&focus=photo,
read-01096,42.512856,-71.10851,True,wood_utility,,,unclear,unclear,near,False,0,2,1,2017-10,2017-10,https://www.mapillary.com/app/?pKey=314984466730692&focus=photo,
read-01097,42.514877,-71.111404,True,wood_utility,,,none,intact,near,False,1,3,1,2017-10,2017-10,https://www.mapillary.com/app/?pKey=808200699809791&focus=photo,
read-01098,42.51475,-71.112188,True,wood_utility,,lean_slight,slight,intact,near,False,1,6,1,2017-10,2017-10,https://www.mapillary.com/app/?pKey=516248249395384&focus=photo,
read-01099,42.514957,-71.111534,True,wood_utility,,,none,intact,near,False,1,3,1,2017-10,2017-10,https://www.mapillary.com/app/?pKey=941158203326920&focus=photo,
read-01100,42.553642,-71.09949,True,wood_utility,,,none,none_visible,near,False,1,6,1,2017-10,2017-10,https://www.mapillary.com/app/?pKey=1189509654815997&focus=photo,
read-01101,42.553932,-71.10031,True,wood_utility,vegetation,lean_slight,slight,none_visible,touching,False,0,3,1,2017-10,2017-10,https://www.mapillary.com/app/?pKey=2878846755699056&focus=photo,
read-01102,42.553967,-71.101074,False,unclear,vegetation,,unclear,unclear,touching,False,0,3,1,2017-10,2017-10,https://www.mapillary.com/app/?pKey=473177340556498&focus=photo,
read-01103,42.553795,-71.09991,True,wood_utility,,,unclear,none_visible,near,False,1,3,1,2017-10,2017-10,https://www.mapillary.com/app/?pKey=309297260872233&focus=photo,
read-01104,42.553925,-71.10057,True,wood_utility,vegetation,,none,unclear,touching,False,0,3,1,2017-10,2017-10,https://www.mapillary.com/app/?pKey=1116657892179618&focus=photo,
read-01105,42.554028,-71.1009,True,wood_utility,,lean_slight,slight,none_visible,near,False,0,3,1,2017-10,2017-10,https://www.mapillary.com/app/?pKey=506584863801893&focus=photo,
read-01106,42.507698,-71.13149,True,wood_utility,,,unclear,unclear,near,False,0,2,1,2018-08,2018-08,https://www.mapillary.com/app/?pKey=2898869087067498&focus=photo,
read-01107,42.546055,-71.09064,True,wood_utility,vegetation,lean_slight,slight,unclear,touching,False,1,3,1,2017-10,2017-10,https://www.mapillary.com/app/?pKey=132445648865703&focus=photo,
read-01108,42.545822,-71.09048,True,wood_utility,vegetation,lean_slight,slight,unclear,touching,False,0,3,1,2017-10,2017-10,https://www.mapillary.com/app/?pKey=509265523441840&focus=photo,
read-01109,42.5466075,-71.0911625,True,wood_utility,,lean_slight,slight,none_visible,near,False,0,6,1,2017-10,2017-10,https://www.mapillary.com/app/?pKey=472529133979836&focus=photo,
read-01110,42.54561,-71.09029,True,wood_utility,vegetation,,unclear,unclear,touching,False,0,3,1,2017-10,2017-10,https://www.mapillary.com/app/?pKey=471170387327779&focus=photo,
read-01111,42.54615,-71.09076,True,wood_utility,,,unclear,unclear,near,False,0,2,1,2017-10,2017-10,https://www.mapillary.com/app/?pKey=169602305080473&focus=photo,
read-01112,42.518875,-71.093315,True,wood_utility,,,none,none_visible,near,False,2,3,1,2020-07,2020-07,https://www.mapillary.com/app/?pKey=854176951850684&focus=photo,
read-01113,42.5182133,-71.0920867,True,wood_utility,,,none,none_visible,none,True,2,3,1,2020-07,2020-07,https://www.mapillary.com/app/?pKey=838232013487980&focus=photo,
read-01114,42.518102,-71.091852,True,wood_utility,,lean_slight,slight,intact,near,False,2,5,1,2020-07,2020-07,https://www.mapillary.com/app/?pKey=469101094158955&focus=photo,
read-01115,42.517887,-71.09172,True,wood_utility,vegetation,lean_slight,slight,intact,touching,False,2,3,1,2020-07,2020-07,https://www.mapillary.com/app/?pKey=1003006260472229&focus=photo,
read-01116,42.51788,-71.09147,True,wood_utility,vegetation,lean_slight,slight,intact,touching,False,1,3,1,2020-07,2020-07,https://www.mapillary.com/app/?pKey=258833699360279&focus=photo,
read-01117,42.519688,-71.09495,True,wood_utility,,,none,intact,near,False,1,2,1,2020-07,2020-07,https://www.mapillary.com/app/?pKey=483592379577376&focus=photo,
read-01118,42.519997,-71.09534,True,wood_utility,,lean_slight,slight,none_visible,near,False,0,3,1,2020-07,2020-07,https://www.mapillary.com/app/?pKey=108256358016466&focus=photo,
read-01119,42.519405,-71.09441,True,wood_utility,,,none,intact,near,False,2,2,1,2020-07,2020-07,https://www.mapillary.com/app/?pKey=988771721919159&focus=photo,
read-01120,42.51931,-71.09414,True,wood_utility,,,none,none_visible,near,False,1,2,1,2020-07,2020-07,https://www.mapillary.com/app/?pKey=293003409149816&focus=photo,
read-01121,42.5177143,-71.091166,True,wood_utility,,lean_slight,slight,intact,near,False,2,7,1,2020-07,2020-07,https://www.mapillary.com/app/?pKey=1065541993973061&focus=photo,
read-01122,42.517834,-71.09138,True,wood_utility,,lean_slight,slight,intact,near,False,2,3,1,2020-07,2020-07,https://www.mapillary.com/app/?pKey=149636110471127&focus=photo,
read-01123,42.518055,-71.09216,True,wood_utility,vegetation,lean_slight,slight,none_visible,touching,False,0,3,1,2020-07,2020-07,https://www.mapillary.com/app/?pKey=511531443308976&focus=photo,
read-01124,42.559006,-71.10642,True,wood_utility,vegetation,,none,none_visible,touching,False,0,3,1,2025-11,2025-11,https://www.mapillary.com/app/?pKey=1347454646863550&focus=photo,
read-01125,42.5597955,-71.106473,True,wood_utility,,,none,none_visible,near,False,2,4,1,2025-11,2025-11,https://www.mapillary.com/app/?pKey=1505501707434363&focus=photo,
read-01126,42.5596,-71.10646,False,unclear,,,unclear,unclear,unclear,False,0,3,1,2025-11,2025-11,https://www.mapillary.com/app/?pKey=1374912163996503&focus=photo,
read-01127,42.559905,-71.106552,True,wood_utility,,,none,none_visible,near,False,1,6,1,2025-11,2025-11,https://www.mapillary.com/app/?pKey=1985510938867958&focus=photo,
read-01128,42.5595,-71.106476,True,wood_utility,lean,,moderate,none_visible,none,True,2,3,1,2025-11,2025-11,https://www.mapillary.com/app/?pKey=749789948067525&focus=photo,
read-01129,42.5602,-71.10664,True,wood_utility,,,none,none_visible,near,False,2,3,1,2025-11,2025-11,https://www.mapillary.com/app/?pKey=2612837725743928&focus=photo,
read-01130,42.560133,-71.106505,True,wood_utility,,lean_slight,slight,none_visible,near,False,1,6,1,2025-11,2025-11,https://www.mapillary.com/app/?pKey=1568452067935279&focus=photo,
read-01131,42.559326,-71.1063367,True,wood_utility,,,unclear,unclear,near,False,2,3,1,2025-11,2025-11,https://www.mapillary.com/app/?pKey=1151576626948670&focus=photo,
read-01132,42.560246,-71.1065,True,wood_utility,lean;vegetation,,severe,none_visible,touching,False,0,3,1,2025-11,2025-11,https://www.mapillary.com/app/?pKey=1155297016093925&focus=photo,
read-01133,42.560417,-71.10666,True,wood_utility,,,none,none_visible,near,False,1,3,1,2025-11,2025-11,https://www.mapillary.com/app/?pKey=834523612468035&focus=photo,
read-01134,42.5609875,-71.106846,True,wood_utility,vegetation,,unclear,unclear,touching,False,0,4,2,2017-10,2025-11,https://www.mapillary.com/app/?pKey=166159198732279&focus=photo,
read-01135,42.55968,-71.106476,True,wood_utility,,lean_slight,slight,none_visible,none,False,1,2,1,2025-11,2025-11,https://www.mapillary.com/app/?pKey=710978544765913&focus=photo,
read-01136,42.560844,-71.10686,True,wood_utility,vegetation,lean_slight,slight,unclear,touching,False,1,3,1,2025-11,2025-11,https://www.mapillary.com/app/?pKey=843249084718791&focus=photo,
read-01137,42.561428,-71.10702,True,wood_utility,vegetation,,none,none_visible,touching,False,2,3,1,2025-11,2025-11,https://www.mapillary.com/app/?pKey=1600379471388874&focus=photo,
read-01138,42.5027,-71.1063,True,wood_utility,,,unclear,unclear,unclear,False,0,3,1,2017-10,2017-10,https://www.mapillary.com/app/?pKey=1241538052946600&focus=photo,
read-01139,42.51515,-71.0894,False,other,,,none,none_visible,near,False,0,3,1,2023-03,2023-03,https://www.mapillary.com/app/?pKey=1023724245504417&focus=photo,
read-01140,42.511044,-71.10651,True,wood_utility,,,unclear,unclear,near,False,0,3,1,2017-10,2017-10,https://www.mapillary.com/app/?pKey=1168105810283832&focus=photo,
read-01141,42.5040895,-71.131535,True,wood_utility,,lean_slight,slight,none_visible,near,False,2,4,1,2018-09,2018-09,https://www.mapillary.com/app/?pKey=812830716313927&focus=photo,18.3
read-01142,42.50408,-71.13143,True,wood_utility,,lean_slight,slight,none_visible,near,False,2,3,1,2018-09,2018-09,https://www.mapillary.com/app/?pKey=105966784921353&focus=photo,10.9
read-01143,42.526207,-71.13572,False,other,,,none,none_visible,none,False,2,2,1,2018-08,2018-08,https://www.mapillary.com/app/?pKey=2893808684218752&focus=photo,
read-01144,42.5265338,-71.135788,False,other,,,none,none_visible,none,False,0,5,2,2018-08,2024-04,https://www.mapillary.com/app/?pKey=164268682369319&focus=photo,
read-01145,42.513552,-71.1095865,True,wood_utility,,lean_slight,slight,unclear,near,False,1,12,1,2017-10,2017-10,https://www.mapillary.com/app/?pKey=327517382136264&focus=photo,
read-01146,42.51331,-71.10935,False,unclear,,,unclear,unclear,unclear,False,0,2,1,2017-10,2017-10,https://www.mapillary.com/app/?pKey=830660001141712&focus=photo,
read-01147,42.5130815,-71.10906,True,wood_utility,vegetation,,unclear,none_visible,touching,False,1,6,1,2017-10,2017-10,https://www.mapillary.com/app/?pKey=224687578993247&focus=photo,
read-01148,42.51292,-71.10885,True,wood_utility,,,none,none_visible,near,False,1,3,1,2017-10,2017-10,https://www.mapillary.com/app/?pKey=471592180567205&focus=photo,
read-01149,42.513134,-71.10933,True,wood_utility,,,unclear,unclear,unclear,False,0,3,1,2017-10,2017-10,https://www.mapillary.com/app/?pKey=478786120110144&focus=photo,
read-01150,42.500755,-71.125984,True,wood_utility,,,none,intact,none,False,1,3,2,2020-11,2020-11,https://www.mapillary.com/app/?pKey=141056711382807&focus=photo,
read-01151,42.536484,-71.08616,True,wood_utility,vegetation,lean_slight,slight,unclear,touching,False,0,3,1,2017-10,2017-10,https://www.mapillary.com/app/?pKey=478288983414041&focus=photo,
read-01152,42.501957,-71.11093,True,concrete_or_steel_utility,,,unclear,unclear,unclear,False,0,2,1,2017-10,2017-10,https://www.mapillary.com/app/?pKey=134536855290044&focus=photo,
read-01153,42.53657,-71.086174,True,wood_utility,vegetation,,unclear,unclear,touching,False,1,3,1,2017-10,2017-10,https://www.mapillary.com/app/?pKey=143810141088131&focus=photo,
read-01154,42.536736,-71.08627,True,wood_utility,,lean_slight,slight,none_visible,near,False,0,3,1,2017-10,2017-10,https://www.mapillary.com/app/?pKey=744949426141161&focus=photo,
read-01155,42.537033,-71.08647,True,wood_utility,vegetation,lean_slight,slight,none_visible,touching,False,0,3,1,2017-10,2017-10,https://www.mapillary.com/app/?pKey=387044825689110&focus=photo,
read-01156,42.5026323,-71.12721,True,wood_utility,,,none,intact,near,False,1,3,1,2025-11,2025-11,https://www.mapillary.com/app/?pKey=4268654896737737&focus=photo,
read-01157,42.503017,-71.12563,False,street_light,,,none,none_visible,none,False,0,1,1,2025-11,2025-11,https://www.mapillary.com/app/?pKey=860671983145476&focus=photo,
read-01158,42.56322,-71.107475,True,wood_utility,,,unclear,unclear,near,False,0,3,1,2017-10,2017-10,https://www.mapillary.com/app/?pKey=279627920527460&focus=photo,
read-01159,42.532314,-71.1037,True,wood_utility,vegetation,,unclear,unclear,touching,False,1,3,1,2025-11,2025-11,https://www.mapillary.com/app/?pKey=1352007729792617&focus=photo,
read-01160,42.532234,-71.103935,False,unclear,,,unclear,none_visible,unclear,False,0,3,1,2025-11,2025-11,https://www.mapillary.com/app/?pKey=1393538358771217&focus=photo,
read-01161,42.540962,-71.08848,True,wood_utility,,,none,intact,near,False,2,1,1,2017-10,2017-10,https://www.mapillary.com/app/?pKey=244443150804169&focus=photo,
read-01162,42.54087,-71.088425,True,wood_utility,,lean_slight,slight,intact,near,False,2,3,1,2017-10,2017-10,https://www.mapillary.com/app/?pKey=143832671044759&focus=photo,
read-01163,42.54111,-71.08866,True,wood_utility,vegetation,,unclear,unclear,touching,True,1,3,1,2017-10,2017-10,https://www.mapillary.com/app/?pKey=244443150804169&focus=photo,
read-01164,42.5264,-71.07984,True,wood_utility,,,unclear,unclear,near,False,0,2,1,2023-03,2023-03,https://www.mapillary.com/app/?pKey=652037796918390&focus=photo,
read-01165,42.541637,-71.08865,True,wood_utility,vegetation,,unclear,unclear,touching,False,0,2,1,2017-10,2017-10,https://www.mapillary.com/app/?pKey=1148144379018958&focus=photo,
read-01166,42.540966,-71.088646,True,wood_utility,lean;vegetation,,moderate,unclear,touching,True,0,3,1,2017-10,2017-10,https://www.mapillary.com/app/?pKey=317135716451264&focus=photo,
read-01167,42.52459,-71.08226,True,wood_utility,lean,,moderate,none_visible,near,False,1,3,1,2017-10,2017-10,https://www.mapillary.com/app/?pKey=317278319806834&focus=photo,
read-01168,42.52402,-71.08117,True,wood_utility,,lean_slight,slight,none_visible,near,False,1,3,1,2017-10,2017-10,https://www.mapillary.com/app/?pKey=885117965400071&focus=photo,
read-01169,42.5242,-71.08151,True,wood_utility,lean,,moderate,intact,near,False,0,3,1,2017-10,2017-10,https://www.mapillary.com/app/?pKey=834390793842008&focus=photo,
read-01170,42.52444,-71.08199,True,wood_utility,lean,,moderate,none_visible,near,False,1,3,1,2017-10,2017-10,https://www.mapillary.com/app/?pKey=1205480333227240&focus=photo,
read-01171,42.508812,-71.106155,True,wood_utility,vegetation,,unclear,unclear,touching,False,0,3,1,2017-10,2017-10,https://www.mapillary.com/app/?pKey=290788089375720&focus=photo,
read-01172,42.50911,-71.10632,True,wood_utility,vegetation,,unclear,unclear,touching,False,0,3,1,2017-10,2017-10,https://www.mapillary.com/app/?pKey=1412752965724820&focus=photo,
read-01173,42.504803,-71.12712,True,wood_utility,,,none,intact,near,False,1,3,1,2018-08,2018-08,https://www.mapillary.com/app/?pKey=4457664554261605&focus=photo,14.9
read-01174,42.507843,-71.09446,True,wood_utility,,lean_slight,slight,none_visible,near,False,0,3,1,2023-03,2023-03,https://www.mapillary.com/app/?pKey=3679021912379274&focus=photo,
read-01175,42.508198,-71.09399,True,wood_utility,vegetation,,none,none_visible,touching,False,1,3,1,2023-03,2023-03,https://www.mapillary.com/app/?pKey=7144937215572493&focus=photo,
read-01176,42.52988,-71.135956,False,other,,,none,none_visible,none,False,0,2,1,2018-07,2018-07,https://www.mapillary.com/app/?pKey=750935312242026&focus=photo,
read-01177,42.508316,-71.09392,True,wood_utility,,,none,none_visible,near,False,0,2,1,2017-10,2020-05,https://www.mapillary.com/app/?pKey=142016251311617&focus=photo,
read-01178,42.563877,-71.10763,True,wood_utility,,lean_slight,slight,unclear,near,False,0,3,1,2017-10,2017-10,https://www.mapillary.com/app/?pKey=907660216699014&focus=photo,
read-01179,42.514626,-71.11074,True,wood_utility,vegetation,,unclear,unclear,touching,False,0,3,1,2017-10,2017-10,https://www.mapillary.com/app/?pKey=470956944212485&focus=photo,
read-01180,42.514713,-71.110825,True,wood_utility,vegetation,,unclear,unclear,touching,False,1,3,1,2017-10,2017-10,https://www.mapillary.com/app/?pKey=503475070843908&focus=photo,
read-01181,42.52174,-71.0851,True,wood_utility,,,unclear,none_visible,near,False,0,1,1,2023-03,2023-03,https://www.mapillary.com/app/?pKey=244249905000701&focus=photo,
read-01182,42.52719,-71.07199,True,wood_utility,vegetation,,none,unclear,touching,False,0,1,1,2023-12,2023-12,https://www.mapillary.com/app/?pKey=1102532797590643&focus=photo,
read-01183,42.527225,-71.0718,True,wood_utility,,,none,unclear,near,False,1,3,1,2023-12,2023-12,https://www.mapillary.com/app/?pKey=713467674090961&focus=photo,
read-01184,42.527317,-71.072624,True,wood_utility,,,none,none_visible,none,False,1,3,1,2023-12,2023-12,https://www.mapillary.com/app/?pKey=189849304210302&focus=photo,
read-01185,42.5151,-71.109406,True,wood_utility,vegetation,lean_slight,slight,none_visible,touching,False,1,3,1,2025-10,2025-10,https://www.mapillary.com/app/?pKey=1869223354473941&focus=photo,
read-01186,42.514717,-71.109215,True,wood_utility,,lean_slight,slight,none_visible,near,True,2,3,1,2025-10,2025-10,https://www.mapillary.com/app/?pKey=1269730168157974&focus=photo,
read-01187,42.514565,-71.10946,True,wood_utility,,,none,none_visible,near,False,1,3,1,2025-10,2025-10,https://www.mapillary.com/app/?pKey=3065694390277065&focus=photo,
read-01188,42.515354,-71.10988,True,wood_utility,,,none,none_visible,near,False,1,3,1,2025-10,2025-10,https://www.mapillary.com/app/?pKey=1398752978337984&focus=photo,
read-01189,42.52795,-71.136055,False,other,,,none,none_visible,none,False,0,3,2,2017-10,2018-07,https://www.mapillary.com/app/?pKey=1091273661361968&focus=photo,
read-01190,42.52952,-71.13626,False,other,,,none,none_visible,near,False,2,3,1,2018-07,2018-07,https://www.mapillary.com/app/?pKey=485630622652431&focus=photo,
read-01191,42.5298611,-71.135554,True,wood_utility,,lean_slight,slight,none_visible,none,False,0,8,1,2017-10,2017-10,https://www.mapillary.com/app/?pKey=311469950414777&focus=photo,
read-01192,42.528484,-71.13609,False,other,,,unclear,none_visible,unclear,False,0,2,2,2017-10,2018-07,https://www.mapillary.com/app/?pKey=203598118244926&focus=photo,
read-01193,42.528645,-71.13612,False,other,,,unclear,none_visible,none,False,0,3,2,2018-07,2018-07,https://www.mapillary.com/app/?pKey=460716318366872&focus=photo,
read-01194,42.52771,-71.136055,False,other,,,unclear,none_visible,none,False,0,2,2,2017-10,2018-07,https://www.mapillary.com/app/?pKey=2946447392348684&focus=photo,
read-01195,42.52762,-71.13595,False,other,,,unclear,unclear,unclear,False,0,2,2,2017-10,2018-07,https://www.mapillary.com/app/?pKey=4076321685740621&focus=photo,
read-01196,42.52779,-71.13611,False,other,,,unclear,none_visible,none,False,6,1,1,2018-09,2018-09,https://www.mapillary.com/app/?pKey=243155014280587&focus=photo,
read-01197,42.52928,-71.13615,False,other,,,none,none_visible,none,False,0,3,1,2017-10,2017-10,https://www.mapillary.com/app/?pKey=1224641314622562&focus=photo,
read-01198,42.529053,-71.136154,False,other,,,none,none_visible,none,False,0,3,2,2018-07,2018-07,https://www.mapillary.com/app/?pKey=522439845856694&focus=photo,
read-01199,42.528183,-71.136055,False,other,,lean_slight,slight,none_visible,none,False,1,3,1,2017-10,2017-10,https://www.mapillary.com/app/?pKey=4294974937182127&focus=photo,
read-01200,42.52964,-71.13626,False,other,,,none,none_visible,none,False,2,3,3,2019-03,2019-03,https://www.mapillary.com/app/?pKey=495027131916750&focus=photo,
read-01201,42.5281472,-71.136184,False,other,,,none,none_visible,none,False,0,5,4,2018-09,2020-02,https://www.mapillary.com/app/?pKey=871185383429491&focus=photo,
read-01202,42.5292965,-71.1363775,False,other,,,none,none_visible,none,False,0,6,3,2019-03,2024-04,https://www.mapillary.com/app/?pKey=844245773107177&focus=photo,
read-01203,42.52938,-71.13629,True,concrete_or_steel_utility,,,none,none_visible,near,False,2,3,1,2019-03,2019-03,https://www.mapillary.com/app/?pKey=504281037274832&focus=photo,
read-01204,42.52879,-71.13614,False,other,,,unclear,none_visible,none,False,6,3,2,2018-07,2018-07,https://www.mapillary.com/app/?pKey=296041478885033&focus=photo,
read-01205,42.52836,-71.13611,False,other,,,unclear,none_visible,none,False,0,3,2,2018-07,2018-07,https://www.mapillary.com/app/?pKey=529049564773020&focus=photo,
read-01206,42.52806,-71.13604,False,other,,,none,none_visible,none,False,1,3,2,2017-10,2018-07,https://www.mapillary.com/app/?pKey=761919201158229&focus=photo,
read-01207,42.5283,-71.13601,False,other,,,none,none_visible,none,False,0,3,3,2017-10,2018-07,https://www.mapillary.com/app/?pKey=190142819622533&focus=photo,
read-01208,42.511597,-71.10684,True,wood_utility,,lean_slight,slight,unclear,near,False,0,1,1,2017-10,2017-10,https://www.mapillary.com/app/?pKey=520922569279411&focus=photo,
read-01209,42.511707,-71.10693,True,wood_utility,vegetation,,unclear,unclear,touching,False,0,2,1,2017-10,2017-10,https://www.mapillary.com/app/?pKey=287580193090435&focus=photo,
read-01210,42.51172,-71.10702,True,wood_utility,vegetation,lean_slight,slight,unclear,touching,False,0,3,1,2017-10,2017-10,https://www.mapillary.com/app/?pKey=321980622653001&focus=photo,
read-01211,42.51881,-71.11057,True,wood_utility,,,none,none_visible,near,False,2,3,1,2025-10,2025-10,https://www.mapillary.com/app/?pKey=2071888026968259&focus=photo,
read-01212,42.519775,-71.11127,True,wood_utility,vegetation,,unclear,none_visible,touching,False,1,3,1,2025-10,2025-10,https://www.mapillary.com/app/?pKey=827901973435698&focus=photo,
read-01213,42.520138,-71.110985,True,wood_utility,vegetation,lean_slight,slight,none_visible,touching,False,1,3,1,2025-10,2025-10,https://www.mapillary.com/app/?pKey=778621225164500&focus=photo,
read-01214,42.519226,-71.110886,True,wood_utility,vegetation,,none,none_visible,touching,False,1,3,1,2025-10,2025-10,https://www.mapillary.com/app/?pKey=1163052065976128&focus=photo,
read-01215,42.519535,-71.11111,True,wood_utility,vegetation,,none,none_visible,touching,False,0,3,1,2025-10,2025-10,https://www.mapillary.com/app/?pKey=1866988174251863&focus=photo,
read-01216,42.519974,-71.11136,True,wood_utility,vegetation,lean_slight,slight,none_visible,touching,False,1,3,1,2025-10,2025-10,https://www.mapillary.com/app/?pKey=1112393511049542&focus=photo,
read-01217,42.519024,-71.110725,False,street_light,,,none,none_visible,near,False,0,3,1,2025-10,2025-10,https://www.mapillary.com/app/?pKey=698395119431051&focus=photo,
read-01218,42.519344,-71.11093,True,wood_utility,,lean_slight,slight,none_visible,near,False,0,1,1,2025-10,2025-10,https://www.mapillary.com/app/?pKey=2289584714840375&focus=photo,
read-01219,42.565163,-71.10798,True,wood_utility,,lean_slight,slight,none_visible,near,False,1,3,1,2017-10,2017-10,https://www.mapillary.com/app/?pKey=276182474243694&focus=photo,
read-01220,42.5057465,-71.1262,True,wood_utility,,,none,intact,near,False,2,4,1,2025-10,2025-10,https://www.mapillary.com/app/?pKey=1868004803787912&focus=photo,10.1
read-01221,42.505497,-71.12629,True,wood_utility,,lean_slight,slight,intact,none,False,2,3,1,2025-10,2025-10,https://www.mapillary.com/app/?pKey=1380142586813773&focus=photo,3.0
read-01222,42.5055894,-71.12627,True,wood_utility,,,none,none_visible,near,False,2,5,1,2025-10,2025-10,https://www.mapillary.com/app/?pKey=1868004803787912&focus=photo,12.8
read-01223,42.50603,-71.12611,True,wood_utility,,,none,none_visible,near,True,2,3,1,2025-10,2025-10,https://www.mapillary.com/app/?pKey=1539621410554573&focus=photo,10.5
read-01224,42.506206,-71.12605,True,wood_utility,,,none,none_visible,near,False,2,4,1,2025-10,2025-10,https://www.mapillary.com/app/?pKey=1519888409246713&focus=photo,14.3
read-01225,42.50627,-71.125946,True,wood_utility,,,none,none_visible,near,False,1,3,1,2025-10,2025-10,https://www.mapillary.com/app/?pKey=1261348292500380&focus=photo,18.8
read-01226,42.506462,-71.125854,True,wood_utility,vegetation,,unclear,none_visible,touching,False,1,3,1,2025-10,2025-10,https://www.mapillary.com/app/?pKey=4265391483783235&focus=photo,10.0
read-01227,42.505825,-71.12616,True,wood_utility,,,none,none_visible,none,False,1,3,1,2025-10,2025-10,https://www.mapillary.com/app/?pKey=821465916959120&focus=photo,1.8
read-01228,42.50634,-71.12591,True,wood_utility,,,none,none_visible,near,False,1,3,1,2025-10,2025-10,https://www.mapillary.com/app/?pKey=1974074840125459&focus=photo,12.7
read-01229,42.506123,-71.126144,True,wood_utility,lean,,severe,unclear,near,False,1,2,1,2025-10,2025-10,https://www.mapillary.com/app/?pKey=1766433560732884&focus=photo,2.5
read-01230,42.506865,-71.1255504,True,wood_utility,,lean_slight,slight,none_visible,near,False,1,7,1,2025-10,2025-10,https://www.mapillary.com/app/?pKey=830571636285262&focus=photo,8.7
read-01231,42.506717,-71.125715,True,wood_utility,,,none,none_visible,near,False,0,6,1,2025-10,2025-10,https://www.mapillary.com/app/?pKey=2216791168844580&focus=photo,4.9
read-01232,42.506577,-71.125595,True,wood_utility,,,none,none_visible,near,False,2,3,1,2025-10,2025-10,https://www.mapillary.com/app/?pKey=1506623250657137&focus=photo,3.5
read-01233,42.5068,-71.125623,True,wood_utility,,,none,intact,near,False,1,6,1,2025-10,2025-10,https://www.mapillary.com/app/?pKey=1327775752149801&focus=photo,4.8
read-01234,42.5052932,-71.12637,True,wood_utility,,lean_slight,slight,unclear,near,False,2,5,1,2025-10,2025-10,https://www.mapillary.com/app/?pKey=802047619284011&focus=photo,21.8
read-01235,42.5050825,-71.12638,True,wood_utility,,lean_slight,slight,intact,near,False,3,6,1,2025-10,2025-10,https://www.mapillary.com/app/?pKey=831513612690056&focus=photo,1.2
read-01236,42.5067618,-71.1255725,True,wood_utility,,,none,none_visible,none,False,0,4,1,2025-10,2025-10,https://www.mapillary.com/app/?pKey=1609477316712115&focus=photo,2.9
read-01237,42.5065689,-71.1257852,True,wood_utility,vegetation,,none,none_visible,touching,False,1,8,1,2025-10,2025-10,https://www.mapillary.com/app/?pKey=1506623250657137&focus=photo,4.5
read-01238,42.506927,-71.12551,True,wood_utility,,lean_slight,slight,none_visible,near,False,2,1,1,2025-10,2025-10,https://www.mapillary.com/app/?pKey=1327775752149801&focus=photo,10.5
read-01239,42.50499,-71.12642,True,wood_utility,,,none,intact,near,False,2,3,1,2025-10,2025-10,https://www.mapillary.com/app/?pKey=1608195480564722&focus=photo,9.9
read-01240,42.50521,-71.12638,True,wood_utility,,lean_slight,slight,intact,near,False,2,3,1,2025-10,2025-10,https://www.mapillary.com/app/?pKey=802047619284011&focus=photo,15.3
read-01241,42.505405,-71.126335,True,wood_utility,,,none,intact,none,False,2,3,1,2025-10,2025-10,https://www.mapillary.com/app/?pKey=793911600176836&focus=photo,9.4
read-01242,42.504642,-71.126755,True,wood_utility,,lean_slight,slight,unclear,near,False,1,2,2,2018-08,2020-11,https://www.mapillary.com/app/?pKey=229561455172582&focus=photo,
read-01243,42.54881,-71.09404,True,wood_utility,,,unclear,unclear,near,False,0,3,1,2017-10,2017-10,https://www.mapillary.com/app/?pKey=3091474601175325&focus=photo,
read-01244,42.5485,-71.09366,True,wood_utility,vegetation,lean_slight,slight,unclear,touching,False,0,3,1,2017-10,2017-10,https://www.mapillary.com/app/?pKey=124907576275198&focus=photo,
read-01245,42.53375,-71.08433,True,wood_utility,vegetation,,unclear,unclear,touching,False,0,3,1,2017-10,2017-10,https://www.mapillary.com/app/?pKey=542756457129502&focus=photo,
read-01246,42.5342,-71.084816,True,wood_utility,vegetation,lean_slight,slight,none_visible,touching,False,1,3,1,2017-10,2017-10,https://www.mapillary.com/app/?pKey=526153705218368&focus=photo,
read-01247,42.503462,-71.126432,True,wood_utility,,,none,none_visible,near,False,1,6,3,2025-08,2025-08,https://www.mapillary.com/app/?pKey=1305654411233085&focus=photo,5.0
read-01248,42.504803,-71.12629,True,concrete_or_steel_utility,,,none,none_visible,near,False,1,1,1,2018-01,2018-08,https://www.mapillary.com/app/?pKey=137440845069295&focus=photo,11.6
read-01249,42.503822,-71.1264662,True,wood_utility,,,unclear,unclear,near,False,1,4,2,2018-08,2020-11,https://www.mapillary.com/app/?pKey=727573851247509&focus=photo,22.7
read-01250,42.503193,-71.12657,True,wood_utility,vegetation,,none,none_visible,touching,False,0,3,2,2020-11,2020-11,https://www.mapillary.com/app/?pKey=1063217294081729&focus=photo,14.2
read-01251,42.5025705,-71.1263725,True,wood_utility,,,none,none_visible,near,False,2,12,3,2025-08,2025-08,https://www.mapillary.com/app/?pKey=4103283533151544&focus=photo,1.9
read-01252,42.501488,-71.126175,True,wood_utility,,,none,none_visible,none,False,2,3,2,2018-01,2020-11,https://www.mapillary.com/app/?pKey=806700936939708&focus=photo,14.5
read-01253,42.5044705,-71.126442,True,wood_utility,vegetation,,none,none_visible,touching,False,1,6,3,2018-01,2025-08,https://www.mapillary.com/app/?pKey=137440845069295&focus=photo,15.4
read-01254,42.502357,-71.12636,True,wood_utility,,,unclear,none_visible,none,False,1,3,2,2018-09,2018-09,https://www.mapillary.com/app/?pKey=314203153544980&focus=photo,9.9
read-01255,42.5042598,-71.1264375,True,wood_utility,,,none,unclear,none,False,1,4,2,2018-08,2018-08,https://www.mapillary.com/app/?pKey=916677815570060&focus=photo,9.6
read-01256,42.502069,-71.1262925,True,wood_utility,,,none,intact,none,False,1,6,3,2025-08,2025-08,https://www.mapillary.com/app/?pKey=24978295888421066&focus=photo,12.7
read-01257,42.5022695,-71.126345,True,wood_utility,,,none,intact,none,False,1,6,2,2025-08,2025-08,https://www.mapillary.com/app/?pKey=791448443417032&focus=photo,6.2
read-01258,42.504356,-71.12645,True,concrete_or_steel_utility,,,none,none_visible,near,False,1,1,1,2018-08,2018-08,https://www.mapillary.com/app/?pKey=309077624211754&focus=photo,5.6
read-01259,42.502182,-71.12636,True,wood_utility,,,none,none_visible,near,False,1,3,1,2018-09,2018-09,https://www.mapillary.com/app/?pKey=2910171205866574&focus=photo,14.1
read-01260,42.5016535,-71.1262106,True,wood_utility,,,none,intact,near,False,2,8,4,2025-08,2025-08,https://www.mapillary.com/app/?pKey=1046748864197427&focus=photo,5.3
read-01261,42.5017,-71.1263,True,wood_utility,,,none,intact,none,False,1,2,2,2018-01,2020-11,https://www.mapillary.com/app/?pKey=1804393529744260&focus=photo,14.2
read-01262,42.50362,-71.12672,True,wood_utility,,,none,none_visible,near,False,0,3,2,2020-11,2020-11,https://www.mapillary.com/app/?pKey=374376727303864&focus=photo,
read-01263,42.5026882,-71.12642,True,wood_utility,,,none,intact,none,False,2,5,2,2018-09,2020-11,https://www.mapillary.com/app/?pKey=286054616546457&focus=photo,15.0
read-01264,42.50237,-71.12668,True,wood_utility,,,none,intact,none,False,1,3,2,2018-01,2018-07,https://www.mapillary.com/app/?pKey=613416466241671&focus=photo,
read-01265,42.504402,-71.126526,True,wood_utility,vegetation,,none,none_visible,touching,False,1,3,2,2020-11,2020-11,https://www.mapillary.com/app/?pKey=219226686363228&focus=photo,13.5
read-01266,42.503784,-71.12657,True,wood_utility,,,none,intact,none,False,2,2,2,2020-11,2020-11,https://www.mapillary.com/app/?pKey=374376727303864&focus=photo,
read-01267,42.509216,-71.104324,True,wood_utility,,,none,none_visible,near,False,2,2,1,2020-07,2020-07,https://www.mapillary.com/app/?pKey=489607062489776&focus=photo,
read-01268,42.508915,-71.10419,True,wood_utility,,,none,none_visible,near,False,2,2,1,2020-07,2020-07,https://www.mapillary.com/app/?pKey=3589151101189040&focus=photo,
read-01269,42.505478,-71.103485,False,traffic_signal,,,none,none_visible,near,False,1,3,1,2020-07,2020-07,https://www.mapillary.com/app/?pKey=2814262415501474&focus=photo,
read-01270,42.507565,-71.10404,True,wood_utility,,,none,none_visible,near,False,2,2,1,2020-07,2020-07,https://www.mapillary.com/app/?pKey=500008397811403&focus=photo,
read-01271,42.50785,-71.104324,True,wood_utility,vegetation,,none,none_visible,touching,False,0,3,1,2020-07,2020-07,https://www.mapillary.com/app/?pKey=174098147942962&focus=photo,
read-01272,42.5068808,-71.103806,True,wood_utility,,lean_slight,slight,none_visible,near,True,2,5,1,2020-07,2020-07,https://www.mapillary.com/app/?pKey=196223798986844&focus=photo,
read-01273,42.505413,-71.10317,True,wood_utility,,,none,intact,none,False,0,2,1,2020-07,2020-07,https://www.mapillary.com/app/?pKey=341127610766301&focus=photo,
read-01274,42.503156,-71.130085,True,concrete_or_steel_utility,,,none,none_visible,none,False,0,6,1,2018-09,2018-09,https://www.mapillary.com/app/?pKey=516245789737412&focus=photo,
read-01275,42.503616,-71.13013,True,wood_utility,,,none,none_visible,near,False,1,3,1,2018-09,2018-09,https://www.mapillary.com/app/?pKey=510159416782422&focus=photo,
read-01276,42.500305,-71.12583,True,wood_utility,,,none,intact,near,False,2,3,2,2018-09,2018-09,https://www.mapillary.com/app/?pKey=505886627206133&focus=photo,
read-01277,42.502895,-71.12286,False,street_light,,,none,none_visible,none,False,0,3,1,2018-07,2018-07,https://www.mapillary.com/app/?pKey=4239184189438610&focus=photo,
read-01278,42.502874,-71.122965,False,traffic_signal,,,none,none_visible,near,False,0,6,4,2018-04,2018-07,https://www.mapillary.com/app/?pKey=241644727737058&focus=photo,
read-01279,42.52617,-71.135864,False,other,,,none,none_visible,none,False,0,2,2,2018-09,2018-09,https://www.mapillary.com/app/?pKey=510942190087786&focus=photo,
read-01280,42.506737,-71.10429,True,wood_utility,,lean_slight,slight,unclear,near,False,0,3,1,2017-10,2017-10,https://www.mapillary.com/app/?pKey=1100660427086656&focus=photo,
read-01281,42.50692,-71.10403,True,wood_utility,,lean_slight,slight,unclear,near,False,1,3,1,2017-10,2017-10,https://www.mapillary.com/app/?pKey=1100660427086656&focus=photo,
read-01282,42.5070067,-71.1040583,True,wood_utility,,,none,unclear,near,False,1,9,1,2017-10,2017-10,https://www.mapillary.com/app/?pKey=2982722958673194&focus=photo,
read-01283,42.506676,-71.10377,True,wood_utility,,,none,none_visible,near,False,2,3,1,2020-07,2020-07,https://www.mapillary.com/app/?pKey=485636136110973&focus=photo,
read-01284,42.507065,-71.104126,True,wood_utility,,lean_slight,slight,unclear,near,False,1,1,1,2017-10,2017-10,https://www.mapillary.com/app/?pKey=1192821131167722&focus=photo,
read-01285,42.507534,-71.10429,True,wood_utility,,lean_slight,slight,none_visible,near,False,1,3,1,2017-10,2017-10,https://www.mapillary.com/app/?pKey=843069512955922&focus=photo,
read-01286,42.50684,-71.10398,True,wood_utility,,,none,none_visible,near,False,1,3,1,2017-10,2017-10,https://www.mapillary.com/app/?pKey=955918331908810&focus=photo,
read-01287,42.503582,-71.130516,False,traffic_signal,,,none,none_visible,none,False,0,3,1,2018-09,2018-09,https://www.mapillary.com/app/?pKey=3047261405497218&focus=photo,
read-01288,42.525417,-71.13562,False,other,,,none,none_visible,none,False,0,2,1,2018-09,2018-09,https://www.mapillary.com/app/?pKey=1117958812018249&focus=photo,
read-01289,42.52531,-71.1356,False,other,,,none,none_visible,none,False,0,3,1,2018-09,2018-09,https://www.mapillary.com/app/?pKey=1734848280035902&focus=photo,
read-01290,42.527954,-71.136246,False,other,,,unclear,none_visible,none,False,6,3,2,2020-11,2020-11,https://www.mapillary.com/app/?pKey=476467270238895&focus=photo,
read-01291,42.525158,-71.135506,False,other,,,none,none_visible,none,False,0,1,1,2018-08,2018-09,https://www.mapillary.com/app/?pKey=288173869628190&focus=photo,
read-01292,42.501644,-71.11381,True,wood_utility,,lean_slight,slight,unclear,unclear,False,0,3,1,2017-10,2017-10,https://www.mapillary.com/app/?pKey=982046949327828&focus=photo,
read-01293,42.5040017,-71.1317567,True,wood_utility,,lean_slight,slight,none_visible,near,False,2,6,1,2018-09,2018-09,https://www.mapillary.com/app/?pKey=297714941836966&focus=photo,6.7
read-01294,42.529901,-71.135687,True,wood_utility,,,none,none_visible,near,False,0,6,1,2017-10,2017-10,https://www.mapillary.com/app/?pKey=796594941248697&focus=photo,
read-01295,42.529797,-71.1357,True,concrete_or_steel_utility,,,unclear,none_visible,none,False,0,2,1,2017-10,2017-10,https://www.mapillary.com/app/?pKey=652222375632223&focus=photo,
read-01296,42.52999,-71.13626,False,other,,,none,none_visible,none,False,0,3,2,2018-07,2018-07,https://www.mapillary.com/app/?pKey=478000473311925&focus=photo,
read-01297,42.530136,-71.13624,False,other,,,unclear,none_visible,none,False,2,2,2,2017-10,2018-08,https://www.mapillary.com/app/?pKey=262997935573247&focus=photo,
read-01298,42.526585,-71.08122,True,wood_utility,,,unclear,unclear,near,False,1,3,1,2017-10,2017-10,https://www.mapillary.com/app/?pKey=815151662698577&focus=photo,
read-01299,42.5266305,-71.0808625,True,wood_utility,,lean_slight,slight,none_visible,none,False,1,4,1,2017-10,2017-10,https://www.mapillary.com/app/?pKey=822051081744067&focus=photo,
read-01300,42.526257,-71.081276,False,unclear,,,unclear,unclear,unclear,False,0,1,1,2017-10,2017-10,https://www.mapillary.com/app/?pKey=319922332863789&focus=photo,
read-01301,42.526836,-71.08047,True,wood_utility,,lean_slight,slight,none_visible,near,False,0,3,1,2017-10,2017-10,https://www.mapillary.com/app/?pKey=398329891154798&focus=photo,
read-01302,42.504155,-71.130866,True,wood_utility,,lean_slight,slight,intact,near,False,2,12,1,2018-09,2018-09,https://www.mapillary.com/app/?pKey=2806091699650796&focus=photo,13.7
read-01303,42.50429,-71.13128,True,wood_utility,,lean_slight,slight,none_visible,near,False,2,2,1,2018-09,2018-09,https://www.mapillary.com/app/?pKey=505549374128054&focus=photo,17.5
read-01304,42.504463,-71.131645,True,wood_utility,,lean_slight,slight,unclear,near,False,2,2,1,2018-09,2018-09,https://www.mapillary.com/app/?pKey=380965356542836&focus=photo,
read-01305,42.504215,-71.13105,True,wood_utility,,lean_slight,slight,unclear,near,False,1,3,1,2018-09,2018-09,https://www.mapillary.com/app/?pKey=1230849434030225&focus=photo,16.3
read-01306,42.504566,-71.09894,True,wood_utility,vegetation,lean_slight,slight,unclear,touching,False,1,1,1,2018-10,2020-06,https://www.mapillary.com/app/?pKey=216534156689330&focus=photo,
read-01307,42.502018,-71.119194,True,concrete_or_steel_utility,,,none,unclear,near,False,0,3,1,2017-10,2017-10,https://www.mapillary.com/app/?pKey=362528195188339&focus=photo,
read-01308,42.527237,-71.07215,True,wood_utility,vegetation,,none,none_visible,touching,False,1,2,2,2020-02,2020-08,https://www.mapillary.com/app/?pKey=463738514852276&focus=photo,
read-01309,42.50074,-71.10124,True,wood_utility,vegetation,,none,none_visible,touching,False,1,2,1,2021-07,2021-07,https://www.mapillary.com/app/?pKey=223817819549904&focus=photo,
read-01310,42.50224,-71.10206,True,wood_utility,,,none,none_visible,near,False,0,2,1,2021-07,2021-07,https://www.mapillary.com/app/?pKey=3024401274469466&focus=photo,
read-01311,42.500532,-71.100955,True,wood_utility,,,none,none_visible,none,False,0,4,1,2021-07,2021-07,https://www.mapillary.com/app/?pKey=223817819549904&focus=photo,
read-01312,42.50162,-71.10171,True,wood_utility,,lean_slight,slight,none_visible,near,False,0,2,1,2021-07,2021-07,https://www.mapillary.com/app/?pKey=203033508521756&focus=photo,
read-01313,42.500813,-71.10098,True,wood_utility,,,none,none_visible,none,False,0,3,1,2021-07,2021-07,https://www.mapillary.com/app/?pKey=530345744927908&focus=photo,
read-01314,42.50191,-71.10187,True,wood_utility,,,none,none_visible,near,False,0,2,1,2021-07,2021-07,https://www.mapillary.com/app/?pKey=3034428530125993&focus=photo,
read-01315,42.501324,-71.10154,True,wood_utility,,,none,none_visible,near,False,0,3,1,2021-07,2021-07,https://www.mapillary.com/app/?pKey=211051557577103&focus=photo,
read-01316,42.551605,-71.09558,True,wood_utility,vegetation,lean_slight,slight,unclear,touching,False,0,3,1,2017-10,2017-10,https://www.mapillary.com/app/?pKey=150446260307536&focus=photo,
read-01317,42.551765,-71.09574,True,wood_utility,vegetation,lean_slight,slight,none_visible,touching,False,0,3,1,2017-10,2017-10,https://www.mapillary.com/app/?pKey=3624875954404335&focus=photo,
read-01318,42.55195,-71.0959,True,wood_utility,,,unclear,intact,near,False,1,3,1,2017-10,2017-10,https://www.mapillary.com/app/?pKey=180098603985633&focus=photo,
read-01319,42.55228,-71.09622,False,unclear,,,unclear,none_visible,unclear,False,0,1,1,2017-10,2017-10,https://www.mapillary.com/app/?pKey=1223968408026929&focus=photo,
read-01320,42.529343,-71.08136,True,wood_utility,vegetation,,unclear,unclear,touching,False,0,3,1,2017-10,2017-10,https://www.mapillary.com/app/?pKey=2818736821719696&focus=photo,
read-01321,42.530037,-71.08174,True,wood_utility,vegetation,,unclear,unclear,touching,False,0,2,1,2017-10,2017-10,https://www.mapillary.com/app/?pKey=328703162015718&focus=photo,
read-01322,42.51534,-71.13627,True,wood_utility,,,none,intact,near,True,1,2,1,2018-01,2018-01,https://www.mapillary.com/app/?pKey=1073002900174115&focus=photo,
read-01323,42.5158287,-71.1037597,True,wood_utility,,,none,none_visible,none,False,0,4,1,2021-06,2021-06,https://www.mapillary.com/app/?pKey=341908420756604&focus=photo,
read-01324,42.515987,-71.1037,True,wood_utility,,,none,none_visible,none,False,0,2,1,2021-06,2021-06,https://www.mapillary.com/app/?pKey=1159938164519851&focus=photo,
read-01325,42.516376,-71.1036,True,wood_utility,,,none,none_visible,none,False,2,2,1,2021-06,2021-06,https://www.mapillary.com/app/?pKey=116002330613591&focus=photo,
read-01326,42.515457,-71.10381,True,wood_utility,,,none,intact,near,False,1,3,1,2021-06,2021-06,https://www.mapillary.com/app/?pKey=959997488067498&focus=photo,
read-01327,42.515312,-71.103645,True,wood_utility,,lean_slight,slight,none_visible,near,False,2,3,1,2021-06,2021-06,https://www.mapillary.com/app/?pKey=1472068663145063&focus=photo,
read-01328,42.515835,-71.104034,True,wood_utility,,,none,none_visible,near,True,1,3,1,2021-06,2021-06,https://www.mapillary.com/app/?pKey=280011210571695&focus=photo,
read-01329,42.514763,-71.10392,True,wood_utility,,lean_slight,slight,none_visible,none,False,1,3,1,2021-06,2021-06,https://www.mapillary.com/app/?pKey=361646715316757&focus=photo,
read-01330,42.5147815,-71.103685,True,wood_utility,,,none,intact,near,False,2,6,1,2021-06,2021-06,https://www.mapillary.com/app/?pKey=513466009772295&focus=photo,
read-01331,42.5142078,-71.1037325,True,wood_utility,,,none,none_visible,near,False,2,4,1,2021-06,2021-06,https://www.mapillary.com/app/?pKey=553793255644941&focus=photo,
read-01332,42.5148833,-71.1037788,True,wood_utility,,,none,none_visible,none,False,0,4,2,2021-06,2025-11,https://www.mapillary.com/app/?pKey=165935312185922&focus=photo,
read-01333,42.514824,-71.10382,True,wood_utility,,,none,none_visible,none,False,1,3,1,2021-06,2021-06,https://www.mapillary.com/app/?pKey=2850456831951008&focus=photo,
read-01334,42.51909,-71.10348,True,wood_utility,,,none,none_visible,near,False,1,2,1,2021-06,2021-06,https://www.mapillary.com/app/?pKey=485631986002709&focus=photo,
read-01335,42.513941,-71.1037325,True,wood_utility,vegetation,,none,none_visible,touching,False,2,6,2,2025-11,2025-11,https://www.mapillary.com/app/?pKey=1527894561881509&focus=photo,
read-01336,42.515106,-71.13618,True,wood_utility,,lean_slight,slight,none_visible,near,False,2,2,1,2018-01,2018-01,https://www.mapillary.com/app/?pKey=771494433394174&focus=photo,
read-01337,42.51135,-71.13366,True,concrete_or_steel_utility,,,none,none_visible,none,False,0,2,1,2018-01,2018-01,https://www.mapillary.com/app/?pKey=308289540919575&focus=photo,
read-01338,42.511642,-71.13385,True,wood_utility,,lean_slight,slight,intact,near,False,1,3,1,2018-01,2018-01,https://www.mapillary.com/app/?pKey=285604969881686&focus=photo,13.7
read-01339,42.511307,-71.13356,True,wood_utility,,,none,intact,none,False,0,2,1,2018-01,2018-01,https://www.mapillary.com/app/?pKey=308289540919575&focus=photo,24.4
read-01340,42.5013,-71.11813,True,concrete_or_steel_utility,vegetation,,none,none_visible,touching,False,0,3,1,2018-08,2018-08,https://www.mapillary.com/app/?pKey=303267578091573&focus=photo,
read-01341,42.50388,-71.10289,True,wood_utility,,lean_slight,slight,intact,near,True,1,3,1,2021-07,2021-07,https://www.mapillary.com/app/?pKey=887115955521430&focus=photo,
read-01342,42.527172,-71.07171,True,wood_utility,,,none,intact,near,False,1,1,1,2017-10,2020-08,https://www.mapillary.com/app/?pKey=891580774757845&focus=photo,
read-01343,42.516167,-71.08851,True,wood_utility,,,none,intact,near,False,1,3,1,2018-10,2018-10,https://www.mapillary.com/app/?pKey=520660209109093&focus=photo,
read-01344,42.516146,-71.08842,True,wood_utility,,lean_slight,slight,intact,near,False,2,6,1,2018-10,2018-10,https://www.mapillary.com/app/?pKey=520660209109093&focus=photo,
read-01345,42.51588,-71.08883,True,wood_utility,vegetation,,none,unclear,touching,False,0,2,1,2018-10,2018-10,https://www.mapillary.com/app/?pKey=1062494337610151&focus=photo,
read-01346,42.51636,-71.08836,True,wood_utility,,,none,none_visible,near,False,1,3,1,2018-10,2018-10,https://www.mapillary.com/app/?pKey=520660209109093&focus=photo,
read-01347,42.51626,-71.08826,True,wood_utility,,lean_slight,slight,none_visible,near,False,2,2,1,2018-10,2018-10,https://www.mapillary.com/app/?pKey=212717590457251&focus=photo,
read-01348,42.5159215,-71.0887,True,wood_utility,,lean_slight,slight,none_visible,near,False,1,6,1,2018-10,2018-10,https://www.mapillary.com/app/?pKey=876351089609853&focus=photo,
read-01349,42.5579187,-71.1058925,True,wood_utility,vegetation,,unclear,unclear,touching,False,0,4,1,2017-10,2017-10,https://www.mapillary.com/app/?pKey=199914978436507&focus=photo,
read-01350,42.557823,-71.105896,True,wood_utility,vegetation,,unclear,unclear,touching,False,0,1,1,2017-10,2017-10,https://www.mapillary.com/app/?pKey=919751175456817&focus=photo,
read-01351,42.55849,-71.10602,True,wood_utility,vegetation,,unclear,unclear,touching,False,0,2,1,2017-10,2017-10,https://www.mapillary.com/app/?pKey=149125380549647&focus=photo,
read-01352,42.55788,-71.10608,False,street_light,,lean_slight,slight,none_visible,near,False,0,3,1,2017-10,2017-10,https://www.mapillary.com/app/?pKey=975752583164773&focus=photo,
read-01353,42.558228,-71.10596,True,wood_utility,,lean_slight,slight,unclear,near,False,1,1,1,2017-10,2017-10,https://www.mapillary.com/app/?pKey=566225121011525&focus=photo,
read-01354,42.5576704,-71.1057905,True,wood_utility,vegetation,,unclear,unclear,touching,False,0,3,1,2017-10,2017-10,https://www.mapillary.com/app/?pKey=496066068252721&focus=photo,
read-01355,42.5434765,-71.08944,True,wood_utility,vegetation,,unclear,unclear,touching,False,0,6,1,2017-10,2017-10,https://www.mapillary.com/app/?pKey=2718588241765011&focus=photo,
read-01356,42.5425715,-71.088948,True,wood_utility,,lean_slight,slight,unclear,near,False,1,6,1,2017-10,2017-10,https://www.mapillary.com/app/?pKey=501038657923476&focus=photo,
read-01357,42.54334,-71.08934,True,wood_utility,vegetation,,unclear,unclear,touching,False,1,1,1,2017-10,2017-10,https://www.mapillary.com/app/?pKey=182451047073009&focus=photo,
read-01358,42.543167,-71.0893,True,wood_utility,,lean_slight,slight,unclear,near,False,1,2,1,2017-10,2017-10,https://www.mapillary.com/app/?pKey=1710186679160736&focus=photo,
read-01359,42.54291,-71.08917,True,wood_utility,,lean_slight,slight,none_visible,near,False,0,3,1,2017-10,2017-10,https://www.mapillary.com/app/?pKey=778446116143004&focus=photo,
read-01360,42.54355,-71.08949,True,wood_utility,vegetation,,unclear,unclear,touching,False,1,3,1,2017-10,2017-10,https://www.mapillary.com/app/?pKey=186008886674974&focus=photo,
read-01361,42.50257,-71.12046,False,unclear,,,unclear,unclear,unclear,False,0,3,1,2023-03,2023-03,https://www.mapillary.com/app/?pKey=1512623226238364&focus=photo,
read-01362,42.502605,-71.12061,False,unclear,,,unclear,unclear,unclear,False,0,3,1,2023-03,2023-03,https://www.mapillary.com/app/?pKey=1047780593099045&focus=photo,
read-01363,42.50246,-71.120384,False,unclear,,,unclear,none_visible,unclear,False,0,3,1,2023-03,2023-03,https://www.mapillary.com/app/?pKey=357490023431156&focus=photo,
read-01364,42.529034,-71.13647,True,wood_utility,,lean_slight,slight,unclear,near,False,0,2,1,2025-11,2025-11,https://www.mapillary.com/app/?pKey=3580606058764754&focus=photo,
read-01365,42.529213,-71.13647,True,concrete_or_steel_utility,,,none,intact,none,False,0,2,1,2025-11,2025-11,https://www.mapillary.com/app/?pKey=804054382232438&focus=photo,
read-01366,42.5044422,-71.1296775,True,wood_utility,,,none,none_visible,near,False,1,4,1,2025-08,2025-08,https://www.mapillary.com/app/?pKey=1344579740558509&focus=photo,13.0
read-01367,42.504486,-71.12955,True,wood_utility,,,none,intact,near,False,1,3,1,2025-08,2025-08,https://www.mapillary.com/app/?pKey=1434662231172684&focus=photo,2.3
read-01368,42.5046936,-71.128044,True,wood_utility,,,none,none_visible,near,True,1,5,1,2025-08,2025-08,https://www.mapillary.com/app/?pKey=3128283957342542&focus=photo,5.4
read-01369,42.5047095,-71.12786,True,wood_utility,,,none,none_visible,near,False,1,4,1,2025-08,2025-08,https://www.mapillary.com/app/?pKey=4143519695889058&focus=photo,14.3
read-01370,42.504654,-71.12822,True,wood_utility,,,none,none_visible,none,True,1,1,1,2025-08,2025-08,https://www.mapillary.com/app/?pKey=1177924700810337&focus=photo,10.3
read-01371,42.50428,-71.129005,True,wood_utility,vegetation,,unclear,unclear,touching,False,0,2,1,2025-08,2025-08,https://www.mapillary.com/app/?pKey=695738020148562&focus=photo,
read-01372,42.50456,-71.12877,True,wood_utility,,,none,none_visible,near,False,2,3,1,2025-08,2025-08,https://www.mapillary.com/app/?pKey=784190887524058&focus=photo,15.6
read-01373,42.504383,-71.130165,True,wood_utility,,lean_slight,slight,intact,near,False,1,3,1,2025-08,2025-08,https://www.mapillary.com/app/?pKey=4275749376043892&focus=photo,8.5
read-01374,42.504404,-71.12988,True,wood_utility,,lean_slight,slight,none_visible,near,False,2,4,1,2025-08,2025-08,https://www.mapillary.com/app/?pKey=1443298820271574&focus=photo,7.3
read-01375,42.50438,-71.130066,True,wood_utility,,lean_slight,slight,intact,near,False,1,3,1,2025-08,2025-08,https://www.mapillary.com/app/?pKey=1300619088311430&focus=photo,8.2
read-01376,42.504524,-71.12908,True,wood_utility,vegetation,lean_slight,slight,intact,touching,False,1,3,1,2025-08,2025-08,https://www.mapillary.com/app/?pKey=1164915835458762&focus=photo,10.9
read-01377,42.504562,-71.128975,True,wood_utility,,,none,intact,near,False,2,3,1,2025-08,2025-08,https://www.mapillary.com/app/?pKey=1068933198780978&focus=photo,1.3
read-01378,42.50455,-71.12886,True,wood_utility,,,none,none_visible,near,False,2,2,1,2025-08,2025-08,https://www.mapillary.com/app/?pKey=2557837491224537&focus=photo,8.5
read-01379,42.504623,-71.12842,True,wood_utility,,,none,none_visible,near,False,2,3,1,2025-08,2025-08,https://www.mapillary.com/app/?pKey=2601196553549927&focus=photo,9.6
read-01380,42.504612,-71.128555,True,wood_utility,,lean_slight,slight,none_visible,near,False,1,3,1,2025-08,2025-08,https://www.mapillary.com/app/?pKey=1335603774851689&focus=photo,2.2
read-01381,42.504528,-71.099556,False,unclear,,,unclear,none_visible,unclear,False,0,1,1,2023-03,2023-03,https://www.mapillary.com/app/?pKey=617540147244111&focus=photo,
read-01382,42.50471,-71.09884,True,wood_utility,vegetation,,unclear,unclear,touching,False,0,1,1,2023-03,2023-03,https://www.mapillary.com/app/?pKey=1042362183579339&focus=photo,
read-01383,42.5293045,-71.135554,True,wood_utility,,lean_slight,slight,none_visible,near,False,0,11,1,2024-04,2024-04,https://www.mapillary.com/app/?pKey=849129063708127&focus=photo,
read-01384,42.529495,-71.13556,True,wood_utility,,lean_slight,slight,none_visible,near,False,0,3,1,2024-04,2024-04,https://www.mapillary.com/app/?pKey=356803847393186&focus=photo,
read-01385,42.5294135,-71.1356,True,wood_utility,,lean_slight,slight,none_visible,none,False,0,6,1,2024-04,2024-04,https://www.mapillary.com/app/?pKey=2171260499908632&focus=photo,
read-01386,42.5487543,-71.104265,True,wood_utility,,,none,none_visible,none,False,1,4,1,2025-10,2025-10,https://www.mapillary.com/app/?pKey=1169604685317199&focus=photo,
read-01387,42.5481647,-71.1042553,True,wood_utility,vegetation,lean_slight,slight,none_visible,touching,False,1,8,2,2025-11,2025-11,https://www.mapillary.com/app/?pKey=829680820033485&focus=photo,
read-01388,42.548622,-71.10427,True,wood_utility,vegetation,,none,none_visible,touching,False,1,3,1,2025-10,2025-10,https://www.mapillary.com/app/?pKey=1442711387862267&focus=photo,
read-01389,42.548424,-71.10425,True,wood_utility,,,none,none_visible,near,False,3,3,1,2025-10,2025-10,https://www.mapillary.com/app/?pKey=1751674528873577&focus=photo,
read-01390,42.54787,-71.10423,True,wood_utility,vegetation,,none,none_visible,touching,False,1,3,1,2025-10,2025-10,https://www.mapillary.com/app/?pKey=1782424915812960&focus=photo,
read-01391,42.547565,-71.10421,True,wood_utility,vegetation,,none,none_visible,touching,False,1,3,1,2025-10,2025-10,https://www.mapillary.com/app/?pKey=2657306564619749&focus=photo,
read-01392,42.54734,-71.10445,True,wood_utility,vegetation,,unclear,unclear,touching,False,0,3,1,2025-10,2025-10,https://www.mapillary.com/app/?pKey=1155271749300058&focus=photo,
read-01393,42.549187,-71.104302,True,wood_utility,,,unclear,unclear,near,False,1,2,2,2025-11,2025-11,https://www.mapillary.com/app/?pKey=772646695777261&focus=photo,
read-01394,42.54909,-71.10429,True,wood_utility,,lean_slight,slight,none_visible,near,False,1,6,2,2025-10,2025-11,https://www.mapillary.com/app/?pKey=1977815176346553&focus=photo,
read-01395,42.548534,-71.10426,True,wood_utility,,,none,none_visible,near,False,2,3,1,2025-10,2025-10,https://www.mapillary.com/app/?pKey=1730903834260460&focus=photo,
read-01396,42.54886,-71.10429,True,wood_utility,,,none,none_visible,near,False,2,3,1,2025-10,2025-10,https://www.mapillary.com/app/?pKey=4205277306468232&focus=photo,
read-01397,42.54895,-71.104294,True,wood_utility,vegetation,,none,none_visible,touching,False,1,3,1,2025-10,2025-10,https://www.mapillary.com/app/?pKey=1205855611366069&focus=photo,
read-01398,42.549305,-71.104297,True,wood_utility,vegetation,,none,none_visible,touching,False,1,6,2,2025-11,2025-11,https://www.mapillary.com/app/?pKey=804148095800264&focus=photo,
read-01399,42.505062,-71.09812,False,unclear,,,unclear,unclear,near,False,0,2,1,2023-03,2023-03,https://www.mapillary.com/app/?pKey=1073581967252367&focus=photo,
read-01400,42.505173,-71.09847,True,wood_utility,,,none,none_visible,near,False,0,3,1,2023-03,2023-03,https://www.mapillary.com/app/?pKey=305445358962678&focus=photo,
read-01401,42.501602,-71.11417,True,concrete_or_steel_utility,vegetation,,unclear,unclear,touching,False,0,3,1,2023-03,2023-03,https://www.mapillary.com/app/?pKey=909465380704470&focus=photo,
read-01402,42.55406,-71.10236,True,wood_utility,vegetation,,none,none_visible,touching,False,0,3,1,2017-10,2017-10,https://www.mapillary.com/app/?pKey=1783905895128337&focus=photo,
read-01403,42.55402,-71.101685,True,wood_utility,vegetation,lean_slight,slight,unclear,touching,False,1,3,1,2017-10,2017-10,https://www.mapillary.com/app/?pKey=471760050719481&focus=photo,
read-01404,42.554058,-71.1022,True,wood_utility,,,none,none_visible,near,False,0,3,1,2017-10,2017-10,https://www.mapillary.com/app/?pKey=298213031769500&focus=photo,
read-01405,42.553997,-71.10134,True,wood_utility,vegetation,,unclear,unclear,touching,False,1,3,1,2017-10,2017-10,https://www.mapillary.com/app/?pKey=299787178466501&focus=photo,
read-01406,42.5019585,-71.126238,True,wood_utility,,,none,intact,near,False,1,6,1,2025-08,2025-08,https://www.mapillary.com/app/?pKey=4583855841840973&focus=photo,0.9
read-01407,42.501101,-71.1260075,True,wood_utility,,,none,intact,none,False,2,4,1,2025-08,2025-08,https://www.mapillary.com/app/?pKey=1776366549636014&focus=photo,8.9
read-01408,42.5013658,-71.1260936,True,wood_utility,,,none,intact,none,False,1,5,1,2025-08,2025-08,https://www.mapillary.com/app/?pKey=1053905980243816&focus=photo,6.3
read-01409,42.501167,-71.12603,True,wood_utility,,,none,intact,near,False,2,1,1,2025-08,2025-08,https://www.mapillary.com/app/?pKey=1112766340252775&focus=photo,14.0
read-01410,42.5015473,-71.1261867,True,wood_utility,,,none,intact,none,False,2,6,1,2025-08,2025-08,https://www.mapillary.com/app/?pKey=717244478025234&focus=photo,8.9
read-01411,42.501745,-71.1262025,True,wood_utility,,,none,intact,none,False,2,6,1,2025-08,2025-08,https://www.mapillary.com/app/?pKey=642123461856494&focus=photo,13.8
read-01412,42.50184,-71.126236,True,concrete_or_steel_utility,,,none,none_visible,none,False,1,2,1,2025-08,2025-08,https://www.mapillary.com/app/?pKey=642123461856494&focus=photo,13.8
read-01413,42.503361,-71.1264156,True,wood_utility,,,none,intact,near,False,2,5,1,2025-08,2025-08,https://www.mapillary.com/app/?pKey=1487470835533013&focus=photo,9.9
read-01414,42.503233,-71.12642,True,concrete_or_steel_utility,,lean_slight,slight,intact,near,False,1,6,1,2025-08,2025-08,https://www.mapillary.com/app/?pKey=1487470835533013&focus=photo,1.6
read-01415,42.5030078,-71.1264175,True,wood_utility,lean,,severe,intact,none,False,1,4,1,2025-08,2025-08,https://www.mapillary.com/app/?pKey=2046717736134047&focus=photo,
read-01416,42.532777,-71.120997,True,wood_utility,,,none,none_visible,near,False,1,6,1,2025-10,2025-10,https://www.mapillary.com/app/?pKey=1860114644880197&focus=photo,
read-01417,42.5325374,-71.1203925,True,wood_utility,vegetation,,none,intact,touching,False,2,8,1,2025-10,2025-10,https://www.mapillary.com/app/?pKey=1811614912846805&focus=photo,
read-01418,42.5322736,-71.1197144,True,wood_utility,,lean_slight,slight,none_visible,near,False,1,5,1,2025-10,2025-10,https://www.mapillary.com/app/?pKey=1144702081126039&focus=photo,
read-01419,42.5324764,-71.12025,True,wood_utility,vegetation,lean_slight,slight,intact,touching,False,2,5,1,2025-10,2025-10,https://www.mapillary.com/app/?pKey=4279337892334701&focus=photo,
read-01420,42.532618,-71.1205595,True,wood_utility,vegetation,lean_slight,slight,unclear,touching,False,1,6,1,2025-10,2025-10,https://www.mapillary.com/app/?pKey=2294673420995564&focus=photo,
read-01421,42.532696,-71.1208,True,wood_utility,vegetation,,none,none_visible,touching,False,1,3,1,2025-10,2025-10,https://www.mapillary.com/app/?pKey=1327972495374423&focus=photo,
read-01422,42.53297,-71.121475,True,wood_utility,vegetation,lean_slight,slight,unclear,touching,False,1,3,1,2025-10,2025-10,https://www.mapillary.com/app/?pKey=2124743691388177&focus=photo,
read-01423,42.53264,-71.12087,True,wood_utility,,,none,none_visible,none,False,0,3,1,2025-10,2025-10,https://www.mapillary.com/app/?pKey=2833706350153375&focus=photo,
read-01424,42.5329368,-71.1213724,True,wood_utility,vegetation,lean_slight,slight,none_visible,touching,False,1,5,1,2025-10,2025-10,https://www.mapillary.com/app/?pKey=2292319867950721&focus=photo,
read-01425,42.532837,-71.12115,True,wood_utility,,,none,none_visible,near,False,2,3,1,2025-10,2025-10,https://www.mapillary.com/app/?pKey=3060699830782114&focus=photo,
read-01426,42.532673,-71.120705,True,wood_utility,,,none,none_visible,near,False,2,3,1,2025-10,2025-10,https://www.mapillary.com/app/?pKey=1891145551616778&focus=photo,
read-01427,42.532486,-71.12049,True,wood_utility,vegetation,,none,none_visible,touching,False,1,3,1,2025-10,2025-10,https://www.mapillary.com/app/?pKey=1525355921934460&focus=photo,
read-01428,42.5332082,-71.122024,True,wood_utility,vegetation,,none,none_visible,touching,False,1,5,1,2025-10,2025-10,https://www.mapillary.com/app/?pKey=2317835412000559&focus=photo,
read-01429,42.53305,-71.12187,True,wood_utility,vegetation,,unclear,unclear,touching,False,0,2,1,2025-10,2025-10,https://www.mapillary.com/app/?pKey=1144699750537273&focus=photo,
read-01430,42.53313,-71.121864,True,wood_utility,vegetation,lean_slight,slight,none_visible,touching,False,1,3,1,2025-10,2025-10,https://www.mapillary.com/app/?pKey=1151461466395394&focus=photo,
read-01431,42.533318,-71.122314,True,wood_utility,,lean_slight,slight,none_visible,near,False,1,2,1,2025-10,2025-10,https://www.mapillary.com/app/?pKey=1511576700269091&focus=photo,
read-01432,42.53288,-71.12126,True,wood_utility,vegetation,,none,none_visible,touching,False,0,3,1,2025-10,2025-10,https://www.mapillary.com/app/?pKey=5200293466862564&focus=photo,
read-01433,42.533077,-71.12168,True,wood_utility,vegetation,,none,none_visible,touching,False,0,3,1,2025-10,2025-10,https://www.mapillary.com/app/?pKey=1202993844993971&focus=photo,
read-01434,42.53241,-71.12003,True,wood_utility,vegetation,lean_slight,slight,none_visible,touching,False,0,2,1,2025-10,2025-10,https://www.mapillary.com/app/?pKey=781832597997684&focus=photo,
read-01435,42.52572,-71.080765,True,wood_utility,,,unclear,unclear,near,False,0,2,1,2023-03,2023-03,https://www.mapillary.com/app/?pKey=1319323552033511&focus=photo,
read-01436,42.525864,-71.0807,True,wood_utility,,,unclear,unclear,near,False,0,2,1,2023-03,2023-03,https://www.mapillary.com/app/?pKey=373139461714064&focus=photo,
read-01437,42.532124,-71.119316,True,wood_utility,,,none,none_visible,near,False,1,3,1,2025-10,2025-10,https://www.mapillary.com/app/?pKey=805409325445923&focus=photo,
read-01438,42.532155,-71.119465,True,wood_utility,,,none,none_visible,near,False,1,6,1,2025-10,2025-10,https://www.mapillary.com/app/?pKey=1356217795915281&focus=photo,
read-01439,42.531986,-71.118996,True,wood_utility,,,unclear,unclear,near,False,1,2,1,2025-10,2025-10,https://www.mapillary.com/app/?pKey=1506944373687255&focus=photo,
read-01440,42.510986,-71.093124,True,wood_utility,,,none,intact,near,False,1,3,1,2023-03,2023-03,https://www.mapillary.com/app/?pKey=1501911713978364&focus=photo,
read-01441,42.5448016,-71.104164,True,wood_utility,vegetation,,unclear,none_visible,touching,False,1,7,1,2025-11,2025-11,https://www.mapillary.com/app/?pKey=1124450839773735&focus=photo,
read-01442,42.54337,-71.104095,True,wood_utility,,,none,none_visible,near,False,1,3,1,2025-11,2025-11,https://www.mapillary.com/app/?pKey=1543189067028211&focus=photo,
read-01443,42.5446155,-71.104161,True,wood_utility,vegetation,lean_slight,slight,none_visible,touching,False,1,4,1,2025-11,2025-11,https://www.mapillary.com/app/?pKey=804458329136912&focus=photo,
read-01444,42.522137,-71.08473,True,wood_utility,vegetation,,unclear,unclear,touching,False,0,3,1,2023-03,2023-03,https://www.mapillary.com/app/?pKey=1785801515172419&focus=photo,
read-01445,42.522224,-71.08446,True,wood_utility,,,unclear,unclear,near,False,0,2,1,2023-03,2023-03,https://www.mapillary.com/app/?pKey=655435116794961&focus=photo,
read-01446,42.504353,-71.1303764,False,traffic_signal,,,none,none_visible,near,False,0,5,2,2017-09,2018-08,https://www.mapillary.com/app/?pKey=295197468926992&focus=photo,
read-01447,42.50404,-71.130325,True,wood_utility,,,none,none_visible,near,False,1,3,2,2018-09,2018-09,https://www.mapillary.com/app/?pKey=492078278906899&focus=photo,
read-01448,42.5042678,-71.130738,True,wood_utility,,,none,none_visible,none,False,2,5,3,2020-11,2020-11,https://www.mapillary.com/app/?pKey=1674731269392719&focus=photo,11.0
read-01449,42.504562,-71.13078,True,wood_utility,,,none,none_visible,none,False,1,3,1,2020-11,2020-11,https://www.mapillary.com/app/?pKey=540319260305194&focus=photo,8.6
read-01450,42.505722,-71.13124,True,concrete_or_steel_utility,,,none,none_visible,none,False,0,3,2,2020-11,2020-11,https://www.mapillary.com/app/?pKey=1206162373173125&focus=photo,17.6
read-01451,42.50426,-71.13036,False,traffic_signal,,,none,none_visible,none,False,1,2,2,2018-08,2018-08,https://www.mapillary.com/app/?pKey=167669341866322&focus=photo,
read-01452,42.504368,-71.130844,True,wood_utility,,,none,none_visible,none,False,1,1,1,2017-09,2020-11,https://www.mapillary.com/app/?pKey=855033408454988&focus=photo,10.2
read-01453,42.504265,-71.13092,True,wood_utility,,,none,none_visible,none,False,1,2,2,2018-09,2018-09,https://www.mapillary.com/app/?pKey=344252740405101&focus=photo,4.3
read-01454,42.554234,-71.10386,False,street_light,vegetation,,unclear,none_visible,touching,False,0,3,1,2017-10,2017-10,https://www.mapillary.com/app/?pKey=559158655258808&focus=photo,
read-01455,42.503887,-71.10272,True,wood_utility,,,none,none_visible,near,False,0,2,2,2020-05,2020-07,https://www.mapillary.com/app/?pKey=977532533014746&focus=photo,
read-01456,42.505547,-71.13098,True,wood_utility,,,none,intact,none,False,0,2,1,2020-11,2020-11,https://www.mapillary.com/app/?pKey=965386217645690&focus=photo,13.3
read-01457,42.51534,-71.13646,True,wood_utility,,,none,none_visible,near,False,1,3,1,2025-08,2025-08,https://www.mapillary.com/app/?pKey=756431903848479&focus=photo,
read-01458,42.5155058,-71.136328,True,wood_utility,,,none,none_visible,near,False,2,4,1,2025-08,2025-08,https://www.mapillary.com/app/?pKey=1434923771108989&focus=photo,
read-01459,42.515194,-71.13603,True,wood_utility,vegetation,,none,none_visible,touching,False,1,1,1,2025-08,2025-08,https://www.mapillary.com/app/?pKey=2038997186906115&focus=photo,
read-01460,42.51564,-71.136475,True,wood_utility,,,none,intact,near,False,2,3,1,2025-08,2025-08,https://www.mapillary.com/app/?pKey=1854321568762717&focus=photo,
read-01461,42.503555,-71.12645,True,wood_utility,,lean_slight,slight,none_visible,none,False,1,6,1,2025-08,2025-08,https://www.mapillary.com/app/?pKey=1466219761303706&focus=photo,8.0
read-01462,42.50383,-71.12668,True,wood_utility,lean,,moderate,none_visible,near,False,2,3,1,2025-08,2025-08,https://www.mapillary.com/app/?pKey=601541766227457&focus=photo,
read-01463,42.503616,-71.12643,True,wood_utility,,lean_slight,slight,intact,none,False,0,1,1,2025-08,2025-08,https://www.mapillary.com/app/?pKey=1466219761303706&focus=photo,4.6
read-01464,42.503895,-71.126665,True,wood_utility,,,none,intact,near,False,2,4,1,2025-08,2025-08,https://www.mapillary.com/app/?pKey=1326403962525513&focus=photo,
read-01465,42.50393,-71.1265,True,wood_utility,vegetation,,none,none_visible,touching,False,1,1,1,2025-08,2025-08,https://www.mapillary.com/app/?pKey=1326403962525513&focus=photo,13.0
read-01466,42.504923,-71.1269115,True,wood_utility,,,none,intact,near,False,2,4,1,2025-08,2025-08,https://www.mapillary.com/app/?pKey=1939678223477433&focus=photo,2.6
read-01467,42.504,-71.126625,True,wood_utility,,,none,intact,near,False,2,1,1,2025-08,2025-08,https://www.mapillary.com/app/?pKey=1510562829967305&focus=photo,18.8
read-01468,42.5040629,-71.1265914,True,wood_utility,,,none,intact,near,False,2,7,1,2025-08,2025-08,https://www.mapillary.com/app/?pKey=1348771940276058&focus=photo,16.6
read-01469,42.504173,-71.126595,True,wood_utility,,lean_slight,slight,intact,near,False,1,3,1,2025-08,2025-08,https://www.mapillary.com/app/?pKey=1125416059089494&focus=photo,23.5
read-01470,42.5042433,-71.1266225,True,wood_utility,,,none,intact,near,False,1,4,1,2025-08,2025-08,https://www.mapillary.com/app/?pKey=4084284215158810&focus=photo,22.0
read-01471,42.5045,-71.12669,True,wood_utility,,,none,intact,near,False,1,3,1,2025-08,2025-08,https://www.mapillary.com/app/?pKey=1010151031142124&focus=photo,
read-01472,42.504005,-71.126495,True,wood_utility,,,none,intact,near,False,2,1,1,2025-08,2025-08,https://www.mapillary.com/app/?pKey=1510562829967305&focus=photo,8.1
read-01473,42.50483,-71.1273,True,wood_utility,lean,,moderate,none_visible,near,False,1,3,1,2025-08,2025-08,https://www.mapillary.com/app/?pKey=759747596764190&focus=photo,0.3
read-01474,42.504753,-71.12767,True,wood_utility,,,none,intact,near,False,1,3,1,2025-08,2025-08,https://www.mapillary.com/app/?pKey=1510537316758341&focus=photo,2.9
read-01475,42.50473,-71.12643,True,wood_utility,,,none,none_visible,none,False,2,3,1,2025-08,2025-08,https://www.mapillary.com/app/?pKey=2257300171401915&focus=photo,4.9
read-01476,42.504326,-71.12695,True,wood_utility,,,none,intact,near,False,1,1,1,2025-08,2025-08,https://www.mapillary.com/app/?pKey=1011383244327948&focus=photo,
read-01477,42.504874,-71.126717,False,traffic_signal,,,none,none_visible,none,False,0,6,1,2025-08,2025-08,https://www.mapillary.com/app/?pKey=673190548444756&focus=photo,
read-01478,42.5046044,-71.1267064,True,concrete_or_steel_utility,,,none,none_visible,none,False,1,5,1,2025-08,2025-08,https://www.mapillary.com/app/?pKey=1885160405549979&focus=photo,
read-01479,42.50459,-71.126305,True,concrete_or_steel_utility,,,none,none_visible,none,False,2,3,1,2025-08,2025-08,https://www.mapillary.com/app/?pKey=1010151031142124&focus=photo,15.3
read-01480,42.504513,-71.12697,True,wood_utility,,lean_slight,slight,unclear,near,False,1,3,1,2025-08,2025-08,https://www.mapillary.com/app/?pKey=1275752193655320&focus=photo,
read-01481,42.50965,-71.12289,True,wood_utility,lean;vegetation,,moderate,intact,touching,False,2,3,1,2025-10,2025-10,https://www.mapillary.com/app/?pKey=1208743901043457&focus=photo,
read-01482,42.509483,-71.123055,True,wood_utility,,,unclear,intact,unclear,False,0,3,1,2025-10,2025-10,https://www.mapillary.com/app/?pKey=818921450545460&focus=photo,
read-01483,42.50936,-71.12314,True,wood_utility,,lean_slight,slight,intact,near,False,1,3,1,2025-10,2025-10,https://www.mapillary.com/app/?pKey=1238210428218848&focus=photo,
read-01484,42.509686,-71.1231,True,wood_utility,,,none,intact,near,False,1,3,1,2025-10,2025-10,https://www.mapillary.com/app/?pKey=1208743901043457&focus=photo,
read-01485,42.510563,-71.122375,True,wood_utility,,,none,none_visible,near,False,2,3,1,2025-10,2025-10,https://www.mapillary.com/app/?pKey=1170914298434553&focus=photo,
read-01486,42.510284,-71.122505,True,wood_utility,vegetation,,unclear,none_visible,touching,False,1,3,1,2025-10,2025-10,https://www.mapillary.com/app/?pKey=2083455949148312&focus=photo,
read-01487,42.510403,-71.122475,True,wood_utility,vegetation,,none,unclear,touching,False,1,1,1,2025-10,2025-10,https://www.mapillary.com/app/?pKey=839530721939625&focus=photo,
read-01488,42.510674,-71.12236,True,wood_utility,vegetation,lean_slight,slight,none_visible,touching,False,1,1,1,2025-10,2025-10,https://www.mapillary.com/app/?pKey=1323810615957053&focus=photo,
read-01489,42.510185,-71.12259,True,wood_utility,vegetation,lean_slight,slight,unclear,touching,False,1,3,1,2025-10,2025-10,https://www.mapillary.com/app/?pKey=24532776976404226&focus=photo,
read-01490,42.50994,-71.122734,True,wood_utility,vegetation,,unclear,intact,touching,False,1,2,1,2025-10,2025-10,https://www.mapillary.com/app/?pKey=830680262852805&focus=photo,
read-01491,42.510025,-71.12266,True,wood_utility,vegetation,,unclear,unclear,touching,False,1,3,1,2025-10,2025-10,https://www.mapillary.com/app/?pKey=792950580185234&focus=photo,
read-01492,42.54381,-71.1220976,True,wood_utility,vegetation,,none,none_visible,touching,False,1,5,1,2025-10,2025-10,https://www.mapillary.com/app/?pKey=773822165653723&focus=photo,
read-01493,42.543312,-71.122986,True,wood_utility,vegetation,,none,none_visible,touching,False,0,3,1,2025-10,2025-10,https://www.mapillary.com/app/?pKey=1101391385496447&focus=photo,
read-01494,42.54232,-71.124275,True,wood_utility,,,none,none_visible,near,False,0,3,1,2025-10,2025-10,https://www.mapillary.com/app/?pKey=1096730995688189&focus=photo,
read-01495,42.543064,-71.12328,True,wood_utility,,,none,none_visible,near,False,2,3,1,2025-10,2025-10,https://www.mapillary.com/app/?pKey=838221792485379&focus=photo,
read-01496,42.542492,-71.12391,True,wood_utility,vegetation,,none,none_visible,touching,False,1,3,1,2025-10,2025-10,https://www.mapillary.com/app/?pKey=830690556217666&focus=photo,
read-01497,42.54282,-71.12357,True,wood_utility,,lean_slight,slight,intact,near,False,2,3,1,2025-10,2025-10,https://www.mapillary.com/app/?pKey=782512534584710&focus=photo,
read-01498,42.5432,-71.12317,True,wood_utility,,,none,none_visible,near,False,1,3,1,2025-10,2025-10,https://www.mapillary.com/app/?pKey=2171981493290627&focus=photo,
read-01499,42.54375,-71.122154,True,wood_utility,vegetation,,unclear,unclear,touching,False,0,2,1,2025-10,2025-10,https://www.mapillary.com/app/?pKey=31917209844592094&focus=photo,
read-01500,42.526913,-71.136086,False,other,,,none,none_visible,none,False,2,1,1,2020-11,2020-11,https://www.mapillary.com/app/?pKey=2066877293464674&focus=photo,
read-01501,42.5370572,-71.104976,True,wood_utility,vegetation,,unclear,none_visible,touching,False,0,5,1,2025-10,2025-10,https://www.mapillary.com/app/?pKey=1367299151803111&focus=photo,
read-01502,42.53676,-71.10503,True,wood_utility,vegetation,,none,none_visible,touching,False,0,3,1,2025-10,2025-10,https://www.mapillary.com/app/?pKey=1487692272446664&focus=photo,
read-01503,42.536564,-71.10506,True,wood_utility,vegetation,,unclear,none_visible,touching,False,1,3,1,2025-10,2025-10,https://www.mapillary.com/app/?pKey=823563856927778&focus=photo,
read-01504,42.536648,-71.10533,True,wood_utility,vegetation,,none,none_visible,touching,False,1,3,1,2025-10,2025-10,https://www.mapillary.com/app/?pKey=1130445182535383&focus=photo,
read-01505,42.536484,-71.10508,True,wood_utility,vegetation,lean_slight,slight,intact,touching,False,1,3,1,2025-10,2025-10,https://www.mapillary.com/app/?pKey=799594312976735&focus=photo,
read-01506,42.5379725,-71.104747,True,wood_utility,,,none,none_visible,near,False,1,6,1,2025-10,2025-10,https://www.mapillary.com/app/?pKey=1515742199663483&focus=photo,
read-01507,42.5383627,-71.10465,True,wood_utility,,,none,none_visible,near,False,1,4,1,2025-10,2025-10,https://www.mapillary.com/app/?pKey=1361381555527509&focus=photo,
read-01508,42.5380896,-71.1047076,True,wood_utility,,,none,none_visible,near,False,1,5,1,2025-10,2025-10,https://www.mapillary.com/app/?pKey=1449257382854796&focus=photo,
read-01509,42.53732,-71.10492,True,wood_utility,vegetation,,unclear,none_visible,touching,False,1,3,1,2025-10,2025-10,https://www.mapillary.com/app/?pKey=1477216806732719&focus=photo,
read-01510,42.537759,-71.1048,True,wood_utility,,lean_slight,slight,unclear,near,False,2,3,1,2025-10,2025-10,https://www.mapillary.com/app/?pKey=1175548174475788&focus=photo,
read-01511,42.5374856,-71.1048984,True,wood_utility,vegetation,,none,none_visible,touching,False,0,5,1,2025-10,2025-10,https://www.mapillary.com/app/?pKey=1147968316907378&focus=photo,
read-01512,42.5379248,-71.1047625,True,wood_utility,,,none,none_visible,none,True,2,4,1,2025-10,2025-10,https://www.mapillary.com/app/?pKey=732382166533234&focus=photo,
read-01513,42.537846,-71.10478,True,wood_utility,,,none,none_visible,near,True,1,3,1,2025-10,2025-10,https://www.mapillary.com/app/?pKey=1606612656977734&focus=photo,
read-01514,42.537853,-71.10461,True,wood_utility,,,none,intact,near,False,1,6,1,2025-10,2025-10,https://www.mapillary.com/app/?pKey=698126012772296&focus=photo,
read-01515,42.5382134,-71.104659,True,wood_utility,,,none,none_visible,near,False,2,5,1,2025-10,2025-10,https://www.mapillary.com/app/?pKey=686538890709414&focus=photo,
read-01516,42.537853,-71.10495,True,wood_utility,,lean_slight,slight,none_visible,near,False,0,1,1,2025-10,2025-10,https://www.mapillary.com/app/?pKey=1175548174475788&focus=photo,
read-01517,42.534225,-71.12466,True,wood_utility,,,none,none_visible,near,False,0,1,1,2025-10,2025-10,https://www.mapillary.com/app/?pKey=671944592657678&focus=photo,
read-01518,42.534138,-71.124504,True,wood_utility,,lean_slight,slight,unclear,near,False,0,3,1,2025-10,2025-10,https://www.mapillary.com/app/?pKey=3980385828892102&focus=photo,
read-01519,42.534164,-71.12476,True,wood_utility,,,none,none_visible,near,False,0,3,1,2025-10,2025-10,https://www.mapillary.com/app/?pKey=1339554304235302&focus=photo,
read-01520,42.53433,-71.12501,True,wood_utility,vegetation,,none,unclear,touching,False,1,1,1,2025-10,2025-10,https://www.mapillary.com/app/?pKey=1088286573172248&focus=photo,
read-01521,42.533245,-71.12282,False,unclear,,,unclear,none_visible,unclear,False,0,1,1,2025-10,2025-10,https://www.mapillary.com/app/?pKey=1033102415547241&focus=photo,
read-01522,42.5334892,-71.122799,True,wood_utility,vegetation,,none,intact,touching,False,1,4,1,2025-10,2025-10,https://www.mapillary.com/app/?pKey=1375898380720263&focus=photo,
read-01523,42.533602,-71.12332,True,wood_utility,vegetation,,none,none_visible,touching,False,1,6,1,2025-10,2025-10,https://www.mapillary.com/app/?pKey=797189889893753&focus=photo,
read-01524,42.53371,-71.12336,True,wood_utility,,lean_slight,slight,none_visible,near,False,2,3,1,2025-10,2025-10,https://www.mapillary.com/app/?pKey=797189889893753&focus=photo,
read-01525,42.533817,-71.123856,True,wood_utility,,,none,none_visible,near,False,0,3,1,2025-10,2025-10,https://www.mapillary.com/app/?pKey=1362768745462095&focus=photo,
read-01526,42.533955,-71.12399,True,wood_utility,,lean_slight,slight,none_visible,near,False,2,3,1,2025-10,2025-10,https://www.mapillary.com/app/?pKey=2961294927409823&focus=photo,
read-01527,42.534046,-71.12418,True,wood_utility,,lean_slight,slight,intact,near,False,3,3,1,2025-10,2025-10,https://www.mapillary.com/app/?pKey=824218403401904&focus=photo,
read-01528,42.53376,-71.12345,True,wood_utility,,lean_slight,slight,none_visible,near,False,2,3,1,2025-10,2025-10,https://www.mapillary.com/app/?pKey=1160331116192780&focus=photo,
read-01529,42.533825,-71.12364,True,wood_utility,vegetation,lean_slight,slight,none_visible,touching,False,2,3,1,2025-10,2025-10,https://www.mapillary.com/app/?pKey=1598961664400663&focus=photo,
read-01530,42.533897,-71.1238,True,wood_utility,,lean_slight,slight,none_visible,none,False,2,3,1,2025-10,2025-10,https://www.mapillary.com/app/?pKey=832462996105202&focus=photo,
read-01531,42.53361,-71.12303,True,wood_utility,lean,,moderate,none_visible,none,False,1,3,1,2025-10,2025-10,https://www.mapillary.com/app/?pKey=2327361564448251&focus=photo,
read-01532,42.533416,-71.122585,True,wood_utility,,,none,none_visible,near,False,1,6,1,2025-10,2025-10,https://www.mapillary.com/app/?pKey=846184414641248&focus=photo,
read-01533,42.533314,-71.122734,True,wood_utility,,,none,none_visible,none,False,1,3,1,2025-10,2025-10,https://www.mapillary.com/app/?pKey=842776428287465&focus=photo,
read-01534,42.533665,-71.12324,True,wood_utility,vegetation,lean_slight,slight,none_visible,touching,False,1,3,1,2025-10,2025-10,https://www.mapillary.com/app/?pKey=1091796176150908&focus=photo,
read-01535,42.533627,-71.12314,True,wood_utility,vegetation,,unclear,unclear,touching,False,1,2,1,2025-10,2025-10,https://www.mapillary.com/app/?pKey=837484368723637&focus=photo,
read-01536,42.53354,-71.122894,True,wood_utility,,lean_slight,slight,none_visible,near,False,1,3,1,2025-10,2025-10,https://www.mapillary.com/app/?pKey=1040369961470455&focus=photo,
read-01537,42.533478,-71.12269,True,wood_utility,,,none,none_visible,near,False,2,3,1,2025-10,2025-10,https://www.mapillary.com/app/?pKey=842776428287465&focus=photo,
read-01538,42.5410995,-71.103975,True,wood_utility,vegetation,lean_slight,slight,intact,touching,False,1,6,1,2025-10,2025-10,https://www.mapillary.com/app/?pKey=834087969104700&focus=photo,
read-01539,42.540703,-71.10405,True,wood_utility,vegetation,,none,none_visible,touching,False,2,3,1,2025-10,2025-10,https://www.mapillary.com/app/?pKey=828404589726813&focus=photo,
read-01540,42.541016,-71.10399,True,wood_utility,vegetation,,unclear,unclear,touching,False,1,1,1,2025-10,2025-10,https://www.mapillary.com/app/?pKey=1111313724089918&focus=photo,
read-01541,42.5408885,-71.104002,True,wood_utility,vegetation,,none,none_visible,touching,False,1,6,1,2025-10,2025-10,https://www.mapillary.com/app/?pKey=1112627913990297&focus=photo,
read-01542,42.541893,-71.10399,True,wood_utility,,lean_slight,slight,none_visible,near,False,1,3,1,2025-10,2025-10,https://www.mapillary.com/app/?pKey=698925809333522&focus=photo,
read-01543,42.542437,-71.104027,True,wood_utility,,,none,none_visible,near,False,1,4,1,2025-10,2025-10,https://www.mapillary.com/app/?pKey=2281223049065341&focus=photo,
read-01544,42.541622,-71.104164,True,wood_utility,,,none,none_visible,near,False,1,3,1,2025-10,2025-10,https://www.mapillary.com/app/?pKey=1414402780297441&focus=photo,
read-01545,42.541496,-71.10398,True,wood_utility,,lean_slight,slight,none_visible,unclear,False,2,3,1,2025-10,2025-10,https://www.mapillary.com/app/?pKey=1104567124849079&focus=photo,
read-01546,42.5417159,-71.1039688,True,wood_utility,,lean_slight,slight,none_visible,none,False,2,8,1,2025-10,2025-10,https://www.mapillary.com/app/?pKey=698925809333522&focus=photo,
read-01547,42.542004,-71.10399,True,wood_utility,,,none,intact,near,False,1,3,1,2025-10,2025-10,https://www.mapillary.com/app/?pKey=32295259190087472&focus=photo,
read-01548,42.541195,-71.10398,True,wood_utility,vegetation,lean_slight,slight,unclear,touching,False,1,3,1,2025-10,2025-10,https://www.mapillary.com/app/?pKey=1503245294159953&focus=photo,
read-01549,42.541985,-71.10427,True,wood_utility,,,none,none_visible,near,False,1,3,1,2025-10,2025-10,https://www.mapillary.com/app/?pKey=1512201956490598&focus=photo,
read-01550,42.542267,-71.10401,True,wood_utility,,,none,none_visible,near,False,1,3,1,2025-10,2025-10,https://www.mapillary.com/app/?pKey=1647645116212287&focus=photo,
read-01551,42.540794,-71.104095,True,wood_utility,,lean_slight,slight,none_visible,near,False,1,1,1,2025-10,2025-10,https://www.mapillary.com/app/?pKey=1514307183327400&focus=photo,
read-01552,42.540516,-71.10407,True,wood_utility,,,none,none_visible,none,True,2,3,1,2025-10,2025-10,https://www.mapillary.com/app/?pKey=1987751132001758&focus=photo,
read-01553,42.548237,-71.10426,True,wood_utility,vegetation,lean_slight,slight,unclear,touching,False,1,3,1,2025-11,2025-11,https://www.mapillary.com/app/?pKey=1885526645398737&focus=photo,
read-01554,42.54808,-71.104256,True,wood_utility,vegetation,lean_slight,slight,none_visible,touching,False,2,2,1,2025-11,2025-11,https://www.mapillary.com/app/?pKey=1397747251948328&focus=photo,
read-01555,42.549767,-71.10434,True,wood_utility,vegetation,lean_slight,slight,none_visible,touching,False,2,1,1,2025-11,2025-11,https://www.mapillary.com/app/?pKey=1130877015867440&focus=photo,
read-01556,42.502373,-71.10954,True,wood_utility,,,unclear,unclear,near,False,0,3,1,2017-10,2017-10,https://www.mapillary.com/app/?pKey=3939555449433659&focus=photo,
read-01557,42.54769,-71.1188,True,wood_utility,,,none,intact,near,False,1,3,1,2025-10,2025-10,https://www.mapillary.com/app/?pKey=1382936659860999&focus=photo,
read-01558,42.54824,-71.11829,True,wood_utility,,,none,intact,near,False,2,1,1,2025-10,2025-10,https://www.mapillary.com/app/?pKey=25369058656063651&focus=photo,
read-01559,42.548138,-71.11828,True,wood_utility,,,none,intact,near,False,2,3,1,2025-10,2025-10,https://www.mapillary.com/app/?pKey=747054268407966&focus=photo,
read-01560,42.548405,-71.11816,True,wood_utility,vegetation,,none,unclear,touching,False,1,3,1,2025-10,2025-10,https://www.mapillary.com/app/?pKey=753996527684485&focus=photo,
read-01561,42.5485501,-71.1180414,True,wood_utility,vegetation,,none,none_visible,touching,False,1,7,1,2025-10,2025-10,https://www.mapillary.com/app/?pKey=817775247310934&focus=photo,
read-01562,42.547894,-71.11847,True,wood_utility,,,none,none_visible,near,True,1,3,1,2025-10,2025-10,https://www.mapillary.com/app/?pKey=1151439973083365&focus=photo,
read-01563,42.547974,-71.118454,True,wood_utility,,,none,intact,near,False,2,3,1,2025-10,2025-10,https://www.mapillary.com/app/?pKey=1687107442653873&focus=photo,
read-01564,42.547623,-71.11866,True,wood_utility,vegetation,,none,unclear,touching,False,1,3,1,2025-10,2025-10,https://www.mapillary.com/app/?pKey=1382936659860999&focus=photo,
read-01565,42.547706,-71.11865,True,wood_utility,vegetation,,none,none_visible,touching,False,1,4,1,2025-10,2025-10,https://www.mapillary.com/app/?pKey=840398888939896&focus=photo,
read-01566,42.547756,-71.118614,True,wood_utility,vegetation,lean_slight,slight,unclear,touching,False,1,3,1,2025-10,2025-10,https://www.mapillary.com/app/?pKey=1223232839828790&focus=photo,
read-01567,42.547546,-71.11875,True,wood_utility,vegetation,,none,unclear,touching,False,1,3,1,2025-10,2025-10,https://www.mapillary.com/app/?pKey=4212349592425913&focus=photo,
read-01568,42.54892,-71.11776,True,wood_utility,,lean_slight,slight,unclear,near,False,1,1,1,2025-10,2025-10,https://www.mapillary.com/app/?pKey=25276398198667058&focus=photo,
read-01569,42.548867,-71.117855,True,wood_utility,vegetation,,none,none_visible,touching,False,1,6,1,2025-10,2025-10,https://www.mapillary.com/app/?pKey=2314829258957802&focus=photo,
read-01570,42.5490283,-71.1176301,True,wood_utility,,,none,none_visible,near,False,0,7,1,2025-10,2025-10,https://www.mapillary.com/app/?pKey=673739355790864&focus=photo,
read-01571,42.54905,-71.11753,True,wood_utility,vegetation,lean_slight,slight,none_visible,touching,False,2,3,1,2025-10,2025-10,https://www.mapillary.com/app/?pKey=1338455907875392&focus=photo,
read-01572,42.54873,-71.11795,False,unclear,vegetation,,unclear,none_visible,touching,False,0,1,1,2025-10,2025-10,https://www.mapillary.com/app/?pKey=821643090445535&focus=photo,
read-01573,42.54914,-71.117455,True,wood_utility,vegetation,,unclear,unclear,touching,False,1,2,1,2025-10,2025-10,https://www.mapillary.com/app/?pKey=714134547678528&focus=photo,
read-01574,42.549133,-71.11759,True,wood_utility,,lean_slight,slight,none_visible,none,False,0,3,1,2025-10,2025-10,https://www.mapillary.com/app/?pKey=807624478728772&focus=photo,
read-01575,42.50227,-71.10997,False,street_light,,,unclear,unclear,unclear,False,0,3,1,2017-10,2017-10,https://www.mapillary.com/app/?pKey=927451128013719&focus=photo,
read-01576,42.502132,-71.10978,True,wood_utility,,,unclear,unclear,near,False,0,3,1,2017-10,2017-10,https://www.mapillary.com/app/?pKey=3961608800600648&focus=photo,
read-01577,42.517935,-71.1098125,True,wood_utility,,,none,none_visible,near,False,2,4,1,2025-10,2025-10,https://www.mapillary.com/app/?pKey=1348137346860776&focus=photo,
read-01578,42.5182,-71.11017,True,wood_utility,vegetation,,none,none_visible,touching,False,2,3,1,2025-10,2025-10,https://www.mapillary.com/app/?pKey=1266731735498096&focus=photo,
read-01579,42.5177,-71.10966,True,wood_utility,vegetation,lean_slight,slight,none_visible,touching,False,1,3,1,2025-10,2025-10,https://www.mapillary.com/app/?pKey=1146654177604407&focus=photo,
read-01580,42.5171108,-71.1112897,True,wood_utility,vegetation,,none,none_visible,touching,False,2,4,1,2025-10,2025-10,https://www.mapillary.com/app/?pKey=1193241219366088&focus=photo,
read-01581,42.517323,-71.11082,True,wood_utility,vegetation,,none,none_visible,touching,False,1,3,1,2025-10,2025-10,https://www.mapillary.com/app/?pKey=2066165410794221&focus=photo,
read-01582,42.517555,-71.11015,True,wood_utility,,,none,none_visible,near,True,2,3,1,2025-10,2025-10,https://www.mapillary.com/app/?pKey=1183435763647784&focus=photo,
read-01583,42.517433,-71.11048,True,wood_utility,,,none,none_visible,near,False,1,3,1,2025-10,2025-10,https://www.mapillary.com/app/?pKey=1619951315867925&focus=photo,
read-01584,42.516914,-71.110794,True,wood_utility,,,none,none_visible,near,False,1,2,1,2025-10,2025-10,https://www.mapillary.com/app/?pKey=801822392713377&focus=photo,
read-01585,42.52084,-71.10536,False,traffic_signal,vegetation,,none,none_visible,touching,False,0,3,1,2025-10,2025-10,https://www.mapillary.com/app/?pKey=1917455922169017&focus=photo,
read-01586,42.521038,-71.10573,True,wood_utility,,,none,none_visible,near,False,1,1,1,2025-10,2025-10,https://www.mapillary.com/app/?pKey=3857375184563159&focus=photo,
read-01587,42.5209553,-71.1056088,True,wood_utility,,,none,none_visible,near,False,1,4,1,2025-10,2025-10,https://www.mapillary.com/app/?pKey=1355211062890045&focus=photo,
read-01588,42.52089,-71.10522,True,wood_utility,vegetation,,none,intact,touching,False,1,3,1,2025-10,2025-10,https://www.mapillary.com/app/?pKey=1284213267052368&focus=photo,
read-01589,42.521114,-71.10292,True,wood_utility,,,none,intact,near,False,2,3,1,2025-10,2025-10,https://www.mapillary.com/app/?pKey=2594908520873572&focus=photo,
read-01590,42.503088,-71.11927,True,wood_utility,,lean_slight,slight,intact,near,False,0,6,1,2017-10,2017-10,https://www.mapillary.com/app/?pKey=842183703041500&focus=photo,
read-01591,42.539913,-71.08855,True,wood_utility,,lean_slight,slight,unclear,near,False,0,3,1,2017-10,2017-10,https://www.mapillary.com/app/?pKey=288272766097770&focus=photo,
read-01592,42.540504,-71.0885,True,wood_utility,,,unclear,unclear,near,False,0,3,1,2017-10,2017-10,https://www.mapillary.com/app/?pKey=2973425472978746&focus=photo,
read-01593,42.53993,-71.08832,True,wood_utility,,lean_slight,slight,unclear,near,False,0,3,1,2017-10,2017-10,https://www.mapillary.com/app/?pKey=214095246816214&focus=photo,
read-01594,42.54019,-71.08842,True,wood_utility,lean,,moderate,none_visible,near,False,1,3,1,2017-10,2017-10,https://www.mapillary.com/app/?pKey=958296185005761&focus=photo,
read-01595,42.53962,-71.088066,True,wood_utility,lean;vegetation,,moderate,unclear,touching,False,0,3,1,2017-10,2017-10,https://www.mapillary.com/app/?pKey=785598495716845&focus=photo,
read-01596,42.539936,-71.0882,True,wood_utility,,lean_slight,slight,unclear,near,True,1,3,1,2017-10,2017-10,https://www.mapillary.com/app/?pKey=3468400039927582&focus=photo,
read-01597,42.54019,-71.08828,True,wood_utility,,lean_slight,slight,none_visible,near,False,0,3,1,2017-10,2017-10,https://www.mapillary.com/app/?pKey=296794012051220&focus=photo,
read-01598,42.540344,-71.08844,True,wood_utility,,lean_slight,slight,none_visible,near,False,1,3,1,2017-10,2017-10,https://www.mapillary.com/app/?pKey=502922797787187&focus=photo,
read-01599,42.503178,-71.12523,False,other,,,none,none_visible,near,False,0,2,2,2018-07,2018-07,https://www.mapillary.com/app/?pKey=136484015180994&focus=photo,
read-01600,42.502697,-71.12685,True,wood_utility,,,unclear,unclear,near,False,1,2,1,2018-04,2021-04,https://www.mapillary.com/app/?pKey=287431836438130&focus=photo,
read-01601,42.50278,-71.126434,True,wood_utility,vegetation,lean_slight,slight,unclear,touching,False,2,3,1,2018-09,2018-09,https://www.mapillary.com/app/?pKey=463868138018406&focus=photo,
read-01602,42.502712,-71.12664,True,wood_utility,,,none,unclear,near,False,1,1,1,2018-09,2018-09,https://www.mapillary.com/app/?pKey=4541206039227079&focus=photo,
read-01603,42.505074,-71.098526,True,wood_utility,vegetation,,none,none_visible,touching,False,1,1,1,2020-02,2020-08,https://www.mapillary.com/app/?pKey=460495798378082&focus=photo,
read-01604,42.50332,-71.12514,True,wood_utility,,lean_slight,slight,none_visible,none,False,1,3,1,2025-11,2025-11,https://www.mapillary.com/app/?pKey=1345424377049532&focus=photo,2.4
read-01605,42.527187,-71.13582,False,other,,lean_slight,slight,none_visible,near,False,2,1,1,2025-11,2025-11,https://www.mapillary.com/app/?pKey=1565763834441946&focus=photo,
read-01606,42.52724,-71.13589,False,other,,,none,none_visible,none,False,0,2,1,2025-11,2025-11,https://www.mapillary.com/app/?pKey=2000814364036948&focus=photo,
read-01607,42.55416,-71.10472,True,wood_utility,vegetation,lean_slight,slight,none_visible,touching,False,1,3,1,2017-10,2017-10,https://www.mapillary.com/app/?pKey=798572707453982&focus=photo,
read-01608,42.554077,-71.10453,True,wood_utility,vegetation,,unclear,unclear,touching,False,0,3,1,2017-10,2017-10,https://www.mapillary.com/app/?pKey=507605037060407&focus=photo,
read-01609,42.55436,-71.10516,True,wood_utility,,lean_slight,slight,unclear,near,False,0,6,1,2017-10,2017-10,https://www.mapillary.com/app/?pKey=942381009920741&focus=photo,
read-01610,42.554436,-71.105156,False,traffic_signal,,,unclear,none_visible,near,False,0,3,1,2017-10,2017-10,https://www.mapillary.com/app/?pKey=3928023150619763&focus=photo,
read-01611,42.55427,-71.105095,True,wood_utility,vegetation,lean_slight,slight,unclear,touching,False,0,3,1,2017-10,2017-10,https://www.mapillary.com/app/?pKey=465910971142083&focus=photo,
read-01612,42.532787,-71.13584,True,wood_utility,,,none,unclear,near,False,0,1,1,2020-02,2020-02,https://www.mapillary.com/app/?pKey=2927928297534818&focus=photo,
read-01613,42.55345,-71.104836,True,wood_utility,,lean_slight,slight,intact,near,True,2,3,1,2025-11,2025-11,https://www.mapillary.com/app/?pKey=1781383049175381&focus=photo,
read-01614,42.55327,-71.10486,True,wood_utility,vegetation,,none,unclear,touching,False,1,1,1,2025-11,2025-11,https://www.mapillary.com/app/?pKey=648498431675056&focus=photo,
read-01615,42.553078,-71.10478,True,wood_utility,vegetation,lean_slight,slight,intact,touching,False,1,3,1,2025-11,2025-11,https://www.mapillary.com/app/?pKey=1468098804299839&focus=photo,
read-01616,42.518475,-71.08936,True,wood_utility,vegetation,,unclear,none_visible,touching,False,0,3,1,2023-03,2023-03,https://www.mapillary.com/app/?pKey=644893054502604&focus=photo,
read-01617,42.56059,-71.106766,True,wood_utility,,lean_slight,slight,none_visible,near,False,1,3,1,2017-10,2017-10,https://www.mapillary.com/app/?pKey=152521026806169&focus=photo,
read-01618,42.561127,-71.106926,True,wood_utility,vegetation,lean_slight,slight,unclear,touching,False,1,3,1,2017-10,2017-10,https://www.mapillary.com/app/?pKey=486149792700593&focus=photo,
read-01619,42.56054,-71.10696,False,unclear,,,unclear,none_visible,unclear,False,0,3,1,2017-10,2017-10,https://www.mapillary.com/app/?pKey=529286908478616&focus=photo,
read-01620,42.560307,-71.106705,True,wood_utility,lean,,moderate,none_visible,near,False,1,3,1,2017-10,2017-10,https://www.mapillary.com/app/?pKey=858274381449264&focus=photo,
read-01621,42.560738,-71.10677,True,wood_utility,,,none,none_visible,near,False,2,3,1,2017-10,2017-10,https://www.mapillary.com/app/?pKey=529286908478616&focus=photo,
read-01622,42.50441,-71.13151,True,wood_utility,,lean_slight,slight,unclear,near,False,2,3,1,2018-09,2018-09,https://www.mapillary.com/app/?pKey=505549374128054&focus=photo,
read-01623,42.504005,-71.10208,False,other,,,none,none_visible,near,False,0,3,1,2025-11,2025-11,https://www.mapillary.com/app/?pKey=834841982239264&focus=photo,
read-01624,42.5123955,-71.1038762,True,wood_utility,,,none,none_visible,none,False,1,8,1,2025-11,2025-11,https://www.mapillary.com/app/?pKey=607824585685009&focus=photo,
read-01625,42.5125278,-71.103864,True,wood_utility,,,none,none_visible,near,False,1,5,1,2025-11,2025-11,https://www.mapillary.com/app/?pKey=1188754999793343&focus=photo,
read-01626,42.512644,-71.10385,True,wood_utility,,,none,none_visible,near,False,1,6,1,2025-11,2025-11,https://www.mapillary.com/app/?pKey=1120589736916160&focus=photo,
read-01627,42.51357,-71.10377,True,concrete_or_steel_utility,,,none,none_visible,none,False,2,3,1,2025-11,2025-11,https://www.mapillary.com/app/?pKey=773031202570940&focus=photo,
read-01628,42.51407,-71.104,True,wood_utility,,,none,none_visible,near,False,0,3,1,2025-11,2025-11,https://www.mapillary.com/app/?pKey=1529817838190128&focus=photo,
read-01629,42.5137,-71.1037475,True,wood_utility,,,none,none_visible,none,False,1,6,1,2025-11,2025-11,https://www.mapillary.com/app/?pKey=800992252812188&focus=photo,
read-01630,42.513836,-71.10375,True,wood_utility,,,none,none_visible,near,False,2,3,1,2025-11,2025-11,https://www.mapillary.com/app/?pKey=827365486335818&focus=photo,
read-01631,42.514362,-71.10371,True,concrete_or_steel_utility,,,none,none_visible,near,False,1,3,1,2025-11,2025-11,https://www.mapillary.com/app/?pKey=1367357878064506&focus=photo,
read-01632,42.51323,-71.1038,True,wood_utility,,,none,none_visible,none,False,1,3,1,2025-11,2025-11,https://www.mapillary.com/app/?pKey=810777335100333&focus=photo,
read-01633,42.513374,-71.1037762,True,wood_utility,,,none,none_visible,none,False,1,4,1,2025-11,2025-11,https://www.mapillary.com/app/?pKey=2981509942045840&focus=photo,
read-01634,42.512785,-71.103828,True,wood_utility,,,none,none_visible,none,False,1,6,1,2025-11,2025-11,https://www.mapillary.com/app/?pKey=1164708919090618&focus=photo,
read-01635,42.514698,-71.10367,True,wood_utility,,lean_slight,slight,intact,near,False,2,3,1,2025-11,2025-11,https://www.mapillary.com/app/?pKey=795611969945006&focus=photo,
read-01636,42.513084,-71.1038,True,wood_utility,,,none,intact,none,False,2,3,1,2025-11,2025-11,https://www.mapillary.com/app/?pKey=1308412064307978&focus=photo,
read-01637,42.514275,-71.103705,True,wood_utility,,,none,none_visible,near,False,2,6,1,2025-11,2025-11,https://www.mapillary.com/app/?pKey=1139730391699903&focus=photo,
read-01638,42.512955,-71.10382,True,wood_utility,,,none,none_visible,none,False,2,3,1,2025-11,2025-11,https://www.mapillary.com/app/?pKey=1355944732598844&focus=photo,
read-01639,42.5140888,-71.10373,True,wood_utility,,lean_slight,slight,none_visible,near,False,2,5,1,2025-11,2025-11,https://www.mapillary.com/app/?pKey=838219382518874&focus=photo,
read-01640,42.53791,-71.0870675,True,wood_utility,,,none,none_visible,near,False,0,6,1,2017-10,2017-10,https://www.mapillary.com/app/?pKey=289187176018499&focus=photo,
read-01641,42.538082,-71.08719,True,wood_utility,,,none,none_visible,near,True,1,3,1,2017-10,2017-10,https://www.mapillary.com/app/?pKey=600617471222553&focus=photo,
read-01642,42.5381612,-71.087243,True,wood_utility,,,none,none_visible,near,True,1,6,1,2017-10,2017-10,https://www.mapillary.com/app/?pKey=975215689914495&focus=photo,
read-01643,42.53731,-71.08663,True,wood_utility,vegetation,lean_slight,slight,none_visible,touching,False,0,3,1,2017-10,2017-10,https://www.mapillary.com/app/?pKey=612540276373298&focus=photo,
read-01644,42.537632,-71.08685,True,wood_utility,,lean_slight,slight,intact,near,False,1,3,1,2017-10,2017-10,https://www.mapillary.com/app/?pKey=942032406338401&focus=photo,
read-01645,42.53469,-71.11933,True,wood_utility,vegetation,,unclear,none_visible,touching,False,1,3,1,2025-10,2025-10,https://www.mapillary.com/app/?pKey=1787052402176441&focus=photo,
read-01646,42.53496,-71.11901,True,wood_utility,,lean_slight,slight,none_visible,near,False,1,3,1,2025-10,2025-10,https://www.mapillary.com/app/?pKey=794475283291588&focus=photo,
read-01647,42.5351722,-71.119082,True,wood_utility,vegetation,,unclear,none_visible,touching,False,1,5,1,2025-10,2025-10,https://www.mapillary.com/app/?pKey=853237443798966&focus=photo,
read-01648,42.53387,-71.1197,True,wood_utility,,,none,none_visible,near,False,1,3,1,2025-10,2025-10,https://www.mapillary.com/app/?pKey=24771023265914383&focus=photo,
read-01649,42.534096,-71.119644,True,wood_utility,,,none,none_visible,near,False,1,3,1,2025-10,2025-10,https://www.mapillary.com/app/?pKey=2042103936608825&focus=photo,
read-01650,42.534522,-71.119395,True,wood_utility,,,none,none_visible,near,False,1,9,1,2025-10,2025-10,https://www.mapillary.com/app/?pKey=857826876582071&focus=photo,
read-01651,42.534332,-71.11953,True,wood_utility,vegetation,,unclear,unclear,touching,False,0,3,1,2025-10,2025-10,https://www.mapillary.com/app/?pKey=802846565680475&focus=photo,
read-01652,42.520073,-71.103355,True,wood_utility,,,none,intact,near,False,1,3,1,2025-11,2025-11,https://www.mapillary.com/app/?pKey=1187762259890813&focus=photo,
read-01653,42.519962,-71.103165,True,wood_utility,,,none,intact,near,False,1,2,1,2025-11,2025-11,https://www.mapillary.com/app/?pKey=857663717216825&focus=photo,
read-01654,42.51982,-71.1030425,True,wood_utility,,,none,intact,near,False,1,4,1,2025-11,2025-11,https://www.mapillary.com/app/?pKey=1823214025066725&focus=photo,
read-01655,42.5200302,-71.103463,True,wood_utility,,,unclear,none_visible,near,False,1,5,1,2025-11,2025-11,https://www.mapillary.com/app/?pKey=804448495560922&focus=photo,
read-01656,42.520071,-71.103122,True,wood_utility,,lean_slight,slight,intact,near,False,1,2,1,2025-11,2025-11,https://www.mapillary.com/app/?pKey=857663717216825&focus=photo,
read-01657,42.52015,-71.10285,True,wood_utility,,,none,intact,near,False,1,2,1,2025-11,2025-11,https://www.mapillary.com/app/?pKey=1187762259890813&focus=photo,
read-01658,42.519695,-71.103355,True,wood_utility,,,none,intact,near,True,1,3,1,2025-11,2025-11,https://www.mapillary.com/app/?pKey=828978839995774&focus=photo,
read-01659,42.519913,-71.10346,False,street_light,,,none,none_visible,near,False,0,3,1,2025-11,2025-11,https://www.mapillary.com/app/?pKey=1480922153198183&focus=photo,
read-01660,42.51913,-71.10333,True,wood_utility,,,none,intact,none,False,2,1,1,2025-11,2025-11,https://www.mapillary.com/app/?pKey=1195334862462269&focus=photo,
read-01661,42.519585,-71.103264,True,wood_utility,,lean_slight,slight,intact,none,False,2,3,1,2025-11,2025-11,https://www.mapillary.com/app/?pKey=932884719898471&focus=photo,
read-01662,42.51988,-71.103134,True,wood_utility,,,none,intact,near,False,1,3,1,2025-11,2025-11,https://www.mapillary.com/app/?pKey=4376799595883712&focus=photo,
read-01663,42.5239145,-71.083682,True,wood_utility,vegetation,,unclear,none_visible,touching,False,0,6,1,2023-03,2023-03,https://www.mapillary.com/app/?pKey=840999014691581&focus=photo,
read-01664,42.536366,-71.131035,True,wood_utility,vegetation,,none,none_visible,touching,False,0,2,1,2025-10,2025-10,https://www.mapillary.com/app/?pKey=1318615632869092&focus=photo,
read-01665,42.5363465,-71.1308975,True,wood_utility,,,none,intact,near,False,1,4,1,2025-10,2025-10,https://www.mapillary.com/app/?pKey=2019066968859122&focus=photo,
read-01666,42.536613,-71.13262,True,wood_utility,,lean_slight,slight,none_visible,near,False,0,1,1,2025-10,2025-10,https://www.mapillary.com/app/?pKey=757828150605590&focus=photo,
read-01667,42.53638,-71.1312,True,wood_utility,vegetation,,unclear,unclear,touching,False,1,3,1,2025-10,2025-10,https://www.mapillary.com/app/?pKey=855939956831640&focus=photo,
read-01668,42.5368,-71.13353,True,wood_utility,,,none,none_visible,near,False,0,2,1,2025-10,2025-10,https://www.mapillary.com/app/?pKey=1590326855659554&focus=photo,
read-01669,42.5367613,-71.133292,True,wood_utility,,,none,none_visible,none,False,1,3,1,2025-10,2025-10,https://www.mapillary.com/app/?pKey=754127754309570&focus=photo,
read-01670,42.53676,-71.133156,True,wood_utility,,lean_slight,slight,none_visible,none,False,0,3,1,2025-10,2025-10,https://www.mapillary.com/app/?pKey=823882976784331&focus=photo,
read-01671,42.53673,-71.13305,True,wood_utility,,,none,none_visible,none,False,0,3,1,2025-10,2025-10,https://www.mapillary.com/app/?pKey=817493970668357&focus=photo,
read-01672,42.536587,-71.13252,True,wood_utility,,,none,none_visible,near,False,1,1,1,2025-10,2025-10,https://www.mapillary.com/app/?pKey=846530388543237&focus=photo,
read-01673,42.536407,-71.13208,False,street_light,,,none,none_visible,near,False,0,3,1,2025-10,2025-10,https://www.mapillary.com/app/?pKey=3379031565570860&focus=photo,
read-01674,42.52247,-71.084,False,street_light,,,none,none_visible,near,False,0,3,1,2023-03,2023-03,https://www.mapillary.com/app/?pKey=743112980962180&focus=photo,
read-01675,42.526154,-71.076584,False,unclear,,,unclear,none_visible,near,False,0,3,1,2023-03,2023-03,https://www.mapillary.com/app/?pKey=244441951959911&focus=photo,
read-01676,42.526863,-71.13593,False,other,,,none,none_visible,near,False,2,3,2,2018-09,2018-09,https://www.mapillary.com/app/?pKey=481626119619429&focus=photo,
read-01677,42.5270108,-71.13597,False,other,,,none,none_visible,none,False,0,5,4,2024-04,2024-04,https://www.mapillary.com/app/?pKey=979604953739065&focus=photo,
read-01678,42.5262908,-71.135822,False,other,,,none,none_visible,none,False,2,5,3,2018-09,2018-09,https://www.mapillary.com/app/?pKey=3991791054212531&focus=photo,
read-01679,42.5271795,-71.1359985,False,other,,lean_slight,slight,none_visible,none,False,1,4,4,2024-04,2024-04,https://www.mapillary.com/app/?pKey=1113071496612613&focus=photo,
read-01680,42.5257775,-71.135707,False,other,,,none,none_visible,none,False,0,6,2,2018-09,2018-09,https://www.mapillary.com/app/?pKey=2629702670656280&focus=photo,
read-01681,42.526093,-71.13578,False,other,,,none,none_visible,none,False,2,3,1,2018-09,2018-09,https://www.mapillary.com/app/?pKey=204824091471565&focus=photo,
read-01682,42.526775,-71.13595,False,other,,,none,none_visible,near,False,2,3,2,2018-09,2018-09,https://www.mapillary.com/app/?pKey=4093789750667469&focus=photo,
read-01683,42.527077,-71.13598,False,other,,,unclear,none_visible,none,False,2,3,2,2018-07,2018-09,https://www.mapillary.com/app/?pKey=295850648860133&focus=photo,
read-01684,42.526943,-71.135895,False,other,,,none,none_visible,none,False,1,2,2,2018-09,2018-09,https://www.mapillary.com/app/?pKey=1158955287887624&focus=photo,
read-01685,42.525963,-71.13574,False,other,,,none,none_visible,none,False,2,3,1,2018-08,2018-08,https://www.mapillary.com/app/?pKey=220516379571188&focus=photo,
read-01686,42.52589,-71.13569,False,other,,,none,none_visible,none,False,1,3,2,2018-08,2018-09,https://www.mapillary.com/app/?pKey=491000725313485&focus=photo,
read-01687,42.5266535,-71.1358875,False,other,,,none,none_visible,none,False,2,4,2,2024-04,2024-04,https://www.mapillary.com/app/?pKey=1097765391491389&focus=photo,
read-01688,42.539726,-71.08824,True,wood_utility,vegetation,,unclear,unclear,touching,False,0,2,1,2017-10,2017-10,https://www.mapillary.com/app/?pKey=867788037137357&focus=photo,
read-01689,42.53857,-71.08743,True,wood_utility,,,unclear,unclear,near,False,0,3,1,2017-10,2017-10,https://www.mapillary.com/app/?pKey=136453878462858&focus=photo,
read-01690,42.539616,-71.08821,True,wood_utility,vegetation,,unclear,unclear,touching,False,0,3,1,2017-10,2017-10,https://www.mapillary.com/app/?pKey=785598495716845&focus=photo,
read-01691,42.539158,-71.08786,True,wood_utility,,lean_slight,slight,none_visible,near,False,1,3,1,2017-10,2017-10,https://www.mapillary.com/app/?pKey=467884714329233&focus=photo,
read-01692,42.539,-71.08777,True,wood_utility,,lean_slight,slight,intact,near,False,1,3,1,2017-10,2017-10,https://www.mapillary.com/app/?pKey=389693282101454&focus=photo,
read-01693,42.53936,-71.08795,True,wood_utility,vegetation,,unclear,unclear,touching,False,0,3,1,2017-10,2017-10,https://www.mapillary.com/app/?pKey=1444774392522876&focus=photo,
read-01694,42.5469057,-71.0914833,True,wood_utility,,lean_slight,slight,unclear,near,False,0,9,1,2017-10,2017-10,https://www.mapillary.com/app/?pKey=293694128887818&focus=photo,
read-01695,42.502697,-71.127754,True,wood_utility,,lean_slight,slight,intact,near,False,1,1,1,2026-06,2026-06,https://www.mapillary.com/app/?pKey=2516435295539187&focus=photo,
read-01696,42.52548,-71.1357,False,other,,,unclear,none_visible,none,False,0,3,1,2018-09,2018-09,https://www.mapillary.com/app/?pKey=402558090735679&focus=photo,
read-01697,42.525562,-71.13566,False,other,,,none,none_visible,none,False,3,1,1,2018-09,2018-09,https://www.mapillary.com/app/?pKey=995556881270886&focus=photo,
read-01698,42.526157,-71.07712,True,concrete_or_steel_utility,,,unclear,unclear,near,False,0,2,1,2017-10,2017-10,https://www.mapillary.com/app/?pKey=1866596876832014&focus=photo,
read-01699,42.52698,-71.07107,True,wood_utility,,,none,none_visible,near,False,1,1,1,2018-04,2018-07,https://www.mapillary.com/app/?pKey=4101080879976153&focus=photo,
read-01700,42.511765,-71.10713,True,wood_utility,vegetation,,none,unclear,touching,False,0,2,1,2017-10,2017-10,https://www.mapillary.com/app/?pKey=949445399044480&focus=photo,
read-01701,42.51189,-71.10743,True,wood_utility,vegetation,,unclear,unclear,touching,False,0,3,1,2017-10,2017-10,https://www.mapillary.com/app/?pKey=1087038408442208&focus=photo,
read-01702,42.535027,-71.1354,True,wood_utility,vegetation,,unclear,unclear,touching,False,0,1,1,2018-08,2018-08,https://www.mapillary.com/app/?pKey=574713903499991&focus=photo,
read-01703,42.507694,-71.10418,True,wood_utility,lean,,moderate,none_visible,near,False,0,3,1,2017-10,2017-10,https://www.mapillary.com/app/?pKey=308439607472536&focus=photo,
read-01704,42.507603,-71.10455,True,wood_utility,,lean_slight,slight,none_visible,none,False,0,3,1,2017-10,2017-10,https://www.mapillary.com/app/?pKey=4034552403304705&focus=photo,
read-01705,42.50744,-71.10438,True,wood_utility,,,unclear,unclear,near,False,0,3,1,2017-10,2017-10,https://www.mapillary.com/app/?pKey=208555850869712&focus=photo,
read-01706,42.507736,-71.10447,True,wood_utility,lean,,moderate,none_visible,near,False,1,3,1,2017-10,2017-10,https://www.mapillary.com/app/?pKey=538057037580716&focus=photo,
read-01707,42.507046,-71.104256,True,wood_utility,,lean_slight,slight,none_visible,none,False,0,3,1,2017-10,2017-10,https://www.mapillary.com/app/?pKey=882329852498189&focus=photo,
read-01708,42.50764,-71.10465,True,wood_utility,,,none,intact,near,False,2,3,1,2017-10,2017-10,https://www.mapillary.com/app/?pKey=1252299891854814&focus=photo,
read-01709,42.50758,-71.1038,False,unclear,vegetation,,unclear,unclear,touching,False,0,1,1,2017-10,2017-10,https://www.mapillary.com/app/?pKey=2889126151417140&focus=photo,
read-01710,42.508106,-71.10425,True,wood_utility,,lean_slight,slight,intact,none,False,2,1,1,2020-07,2020-07,https://www.mapillary.com/app/?pKey=1242457856156945&focus=photo,
read-01711,42.527233,-71.07144,True,wood_utility,,lean_slight,slight,intact,near,False,1,1,1,2020-07,2020-07,https://www.mapillary.com/app/?pKey=480992009770291&focus=photo,
read-01712,42.559082,-71.10636,True,wood_utility,vegetation,,unclear,intact,touching,False,1,3,1,2017-10,2017-10,https://www.mapillary.com/app/?pKey=216138583248677&focus=photo,
read-01713,42.560116,-71.10663,False,unclear,,,unclear,unclear,unclear,False,0,3,1,2017-10,2017-10,https://www.mapillary.com/app/?pKey=136048868442847&focus=photo,
read-01714,42.527317,-71.072266,True,concrete_or_steel_utility,,,unclear,unclear,unclear,False,0,2,2,2020-02,2020-02,https://www.mapillary.com/app/?pKey=1149087752199430&focus=photo,
read-01715,42.50255,-71.13197,False,other,,,none,unclear,none,False,0,2,2,2018-04,2018-04,https://www.mapillary.com/app/?pKey=1658557247868657&focus=photo,
read-01716,42.529217,-71.135544,True,wood_utility,,,none,none_visible,near,False,0,1,1,2024-04,2024-04,https://www.mapillary.com/app/?pKey=1395258994460341&focus=photo,
read-01717,42.527237,-71.13599,False,other,,,none,none_visible,none,False,3,2,1,2024-04,2024-04,https://www.mapillary.com/app/?pKey=1200432377990540&focus=photo,
read-01718,42.56541,-71.108444,True,wood_utility,,,unclear,unclear,unclear,False,0,2,1,2017-10,2017-10,https://www.mapillary.com/app/?pKey=930515491137230&focus=photo,
read-01719,42.565487,-71.10808,True,wood_utility,,,none,intact,near,False,1,3,1,2017-10,2017-10,https://www.mapillary.com/app/?pKey=372281020832537&focus=photo,
read-01720,42.565563,-71.10799,True,wood_utility,,,none,none_visible,near,False,2,3,1,2017-10,2017-10,https://www.mapillary.com/app/?pKey=3932560286830704&focus=photo,
read-01721,42.504078,-71.10258,True,wood_utility,,lean_slight,slight,none_visible,near,False,1,1,1,2021-06,2021-06,https://www.mapillary.com/app/?pKey=3928715590591614&focus=photo,
read-01722,42.502926,-71.10248,False,unclear,vegetation,,unclear,unclear,touching,False,0,1,1,2021-06,2021-06,https://www.mapillary.com/app/?pKey=4261663703890298&focus=photo,
read-01723,42.50437,-71.10265,True,wood_utility,,,none,none_visible,near,False,1,1,1,2021-06,2021-06,https://www.mapillary.com/app/?pKey=3928715590591614&focus=photo,
read-01724,42.545044,-71.090096,True,wood_utility,vegetation,,unclear,unclear,touching,False,0,3,1,2017-10,2017-10,https://www.mapillary.com/app/?pKey=303243524505595&focus=photo,
read-01725,42.545456,-71.09015,True,wood_utility,vegetation,,unclear,unclear,touching,False,0,2,1,2017-10,2017-10,https://www.mapillary.com/app/?pKey=317734423063420&focus=photo,
read-01726,42.545036,-71.08991,True,wood_utility,vegetation,lean_slight,slight,intact,touching,False,0,3,1,2017-10,2017-10,https://www.mapillary.com/app/?pKey=128498782606592&focus=photo,
read-01727,42.545567,-71.09042,True,wood_utility,,lean_slight,slight,none_visible,near,False,0,3,1,2017-10,2017-10,https://www.mapillary.com/app/?pKey=307535950734853&focus=photo,
read-01728,42.52741,-71.07154,True,wood_utility,vegetation,,none,unclear,touching,False,1,3,1,2023-03,2023-03,https://www.mapillary.com/app/?pKey=2686477024835066&focus=photo,
read-01729,42.52728,-71.071976,True,wood_utility,,lean_slight,slight,intact,none,False,0,3,1,2023-03,2023-03,https://www.mapillary.com/app/?pKey=1010751650229111&focus=photo,
read-01730,42.52706,-71.072136,True,wood_utility,,,none,none_visible,none,False,1,3,1,2023-03,2023-03,https://www.mapillary.com/app/?pKey=2376310459220065&focus=photo,
read-01731,42.527004,-71.071465,True,wood_utility,vegetation,,unclear,unclear,touching,False,0,1,1,2023-03,2023-03,https://www.mapillary.com/app/?pKey=358234520023801&focus=photo,
read-01732,42.527022,-71.07181,True,wood_utility,,lean_slight,slight,none_visible,near,False,1,6,1,2023-03,2023-03,https://www.mapillary.com/app/?pKey=380100037680054&focus=photo,
read-01733,42.527008,-71.071236,True,wood_utility,vegetation,,none,none_visible,touching,False,0,3,1,2023-03,2023-03,https://www.mapillary.com/app/?pKey=6710918252364028&focus=photo,
read-01734,42.52709,-71.07109,True,wood_utility,,lean_slight,slight,none_visible,near,False,1,3,1,2023-03,2023-03,https://www.mapillary.com/app/?pKey=653288293588361&focus=photo,
read-01735,42.514305,-71.1131652,True,wood_utility,,lean_slight,slight,unclear,near,False,1,10,1,2017-10,2017-10,https://www.mapillary.com/app/?pKey=1997164903754814&focus=photo,
read-01736,42.514725,-71.11233,True,wood_utility,,,none,intact,near,False,1,3,1,2017-10,2017-10,https://www.mapillary.com/app/?pKey=950471772161538&focus=photo,
read-01737,42.51464,-71.11251,True,wood_utility,,,none,unclear,near,False,0,2,1,2017-10,2017-10,https://www.mapillary.com/app/?pKey=125988252821402&focus=photo,
read-01738,42.514565,-71.11265,True,wood_utility,vegetation,lean_slight,slight,intact,touching,False,1,3,1,2017-10,2017-10,https://www.mapillary.com/app/?pKey=197630295355310&focus=photo,

"Imagery and detections © Mapillary contributors, CC BY-SA 4.0. Derived data ODbL. Basemap © OpenStreetMap contributors. OSM pole comparison © OpenStreetMap contributors, ODbL."
