id,lat,lon,is_utility_pole,pole_type,model_flags,model_watch,lean,crossarm,vegetation,transformer,attachments_estimate,photos_assessed,capture_sequences,photo_shown_date,latest_available_photo_date,source_photo_url,nearest_osm_pole_m
gree-00000,40.736145,-73.95189,True,wood_utility,,,none,none_visible,none,False,1,3,1,2018-08,2018-08,https://www.mapillary.com/app/?pKey=228386778622108&focus=photo,
gree-00001,40.7362123,-73.95001,True,wood_utility,lean,,severe,none_visible,near,False,2,9,2,2018-08,2018-08,https://www.mapillary.com/app/?pKey=310359387326781&focus=photo,
gree-00002,40.7362,-73.95114,True,wood_utility,,lean_slight,slight,none_visible,none,False,2,3,1,2018-08,2018-08,https://www.mapillary.com/app/?pKey=2934690230110239&focus=photo,
gree-00003,40.735874,-73.95001,True,wood_utility,,lean_slight,slight,none_visible,near,False,1,3,1,2018-08,2018-08,https://www.mapillary.com/app/?pKey=578554139784568&focus=photo,
gree-00004,40.719795,-73.95294,False,other,,,none,none_visible,near,False,0,3,1,2023-09,2023-09,https://www.mapillary.com/app/?pKey=1453258705407300&focus=photo,
gree-00005,40.72016,-73.95309,False,street_light,vegetation,,unclear,none_visible,touching,False,0,1,1,2023-09,2023-09,https://www.mapillary.com/app/?pKey=699029198742272&focus=photo,
gree-00006,40.72368,-73.9413583,True,wood_utility,,lean_slight,slight,none_visible,near,False,2,9,2,2024-07,2024-07,https://www.mapillary.com/app/?pKey=1191557181983065&focus=photo,
gree-00007,40.7234372,-73.9413025,True,wood_utility,,,none,none_visible,near,False,2,12,2,2024-07,2024-07,https://www.mapillary.com/app/?pKey=3614922282145569&focus=photo,
gree-00008,40.718952,-73.95816,True,wood_utility,,,none,none_visible,near,False,2,3,1,2019-12,2019-12,https://www.mapillary.com/app/?pKey=374156083923995&focus=photo,
gree-00009,40.71901,-73.95822,True,wood_utility,,,none,none_visible,near,False,2,3,1,2019-12,2019-12,https://www.mapillary.com/app/?pKey=991557558045580&focus=photo,
gree-00010,40.7233537,-73.9413587,True,wood_utility,,lean_slight,slight,none_visible,near,False,1,9,3,2024-07,2024-07,https://www.mapillary.com/app/?pKey=1657216561693284&focus=photo,
gree-00011,40.7235147,-73.941234,True,wood_utility,,lean_slight,slight,none_visible,near,False,1,9,1,2024-07,2024-07,https://www.mapillary.com/app/?pKey=2568391936883599&focus=photo,
gree-00012,40.73312,-73.951416,True,wood_utility,,lean_slight,slight,none_visible,none,False,0,3,1,2018-08,2018-08,https://www.mapillary.com/app/?pKey=821352701805538&focus=photo,
gree-00013,40.73316,-73.95111,True,wood_utility,,lean_slight,slight,none_visible,none,False,1,3,1,2018-08,2018-08,https://www.mapillary.com/app/?pKey=1410052219356132&focus=photo,
gree-00014,40.73545,-73.958595,True,wood_utility,,,none,none_visible,near,False,2,3,1,2016-05,2016-05,https://www.mapillary.com/app/?pKey=470520857618554&focus=photo,
gree-00015,40.735638,-73.95847,False,traffic_signal,,,none,none_visible,near,False,0,3,1,2016-05,2016-05,https://www.mapillary.com/app/?pKey=470520857618554&focus=photo,
gree-00016,40.735233,-73.958565,True,wood_utility,,lean_slight,slight,none_visible,near,False,2,3,1,2016-05,2016-05,https://www.mapillary.com/app/?pKey=493400005344015&focus=photo,
gree-00017,40.7365484,-73.932394,True,wood_utility,,,none,none_visible,none,False,1,5,2,2018-09,2018-09,https://www.mapillary.com/app/?pKey=112537857580101&focus=photo,
gree-00018,40.736292,-73.93273,True,wood_utility,vegetation,lean_slight,slight,none_visible,touching,False,1,6,2,2018-05,2018-05,https://www.mapillary.com/app/?pKey=500587531155617&focus=photo,
gree-00019,40.719223,-73.94812,False,street_light,,lean_slight,slight,none_visible,near,False,0,1,1,2023-10,2023-10,https://www.mapillary.com/app/?pKey=317090727693860&focus=photo,
gree-00020,40.719265,-73.948326,False,street_light,,,none,none_visible,near,False,0,2,1,2023-10,2023-10,https://www.mapillary.com/app/?pKey=708548507426276&focus=photo,
gree-00021,40.7348534,-73.949875,True,wood_utility,vegetation,lean_slight,slight,none_visible,touching,False,1,5,3,2019-12,2019-12,https://www.mapillary.com/app/?pKey=472527564054230&focus=photo,
gree-00022,40.738964,-73.94081,True,wood_utility,,,unclear,unclear,none,False,0,3,1,2017-09,2017-09,https://www.mapillary.com/app/?pKey=370407221080784&focus=photo,
gree-00023,40.725986,-73.93035,True,concrete_or_steel_utility,,,none,none_visible,unclear,False,0,2,1,2024-04,2024-04,https://www.mapillary.com/app/?pKey=1053741389583069&focus=photo,
gree-00024,40.72337,-73.940834,False,other,,,unclear,none_visible,near,False,0,1,1,2024-07,2024-07,https://www.mapillary.com/app/?pKey=1016947216598792&focus=photo,
gree-00025,40.72469,-73.93668,True,wood_utility,lean,,severe,none_visible,none,False,0,3,1,2023-10,2023-10,https://www.mapillary.com/app/?pKey=295410283326069&focus=photo,
gree-00026,40.7343005,-73.9377775,True,wood_utility,,lean_slight,slight,none_visible,none,False,2,6,1,2018-05,2018-05,https://www.mapillary.com/app/?pKey=466095004620847&focus=photo,
gree-00027,40.734283,-73.93762,True,wood_utility,,lean_slight,slight,none_visible,none,False,1,3,1,2018-05,2018-05,https://www.mapillary.com/app/?pKey=185470246768531&focus=photo,
gree-00028,40.734545,-73.93755,True,wood_utility,,lean_slight,slight,none_visible,near,False,2,9,1,2018-05,2018-05,https://www.mapillary.com/app/?pKey=349846840041955&focus=photo,
gree-00029,40.7243195,-73.9494375,False,traffic_signal,,lean_slight,slight,none_visible,none,False,0,6,1,2016-06,2016-06,https://www.mapillary.com/app/?pKey=324446879245159&focus=photo,
gree-00030,40.725222,-73.934484,True,wood_utility,lean,,moderate,none_visible,near,False,0,5,1,2023-10,2023-10,https://www.mapillary.com/app/?pKey=278438655179364&focus=photo,
gree-00031,40.725143,-73.9349,True,wood_utility,vegetation,,none,none_visible,touching,False,0,3,1,2023-10,2023-10,https://www.mapillary.com/app/?pKey=876731293861445&focus=photo,
gree-00032,40.7252445,-73.93421,True,wood_utility,,lean_slight,slight,none_visible,near,False,0,6,1,2023-10,2023-10,https://www.mapillary.com/app/?pKey=1485072015560670&focus=photo,
gree-00033,40.725346,-73.93479,True,wood_utility,,lean_slight,slight,unclear,none,False,1,3,1,2023-10,2023-10,https://www.mapillary.com/app/?pKey=6638923529496551&focus=photo,
gree-00034,40.7250012,-73.935136,True,wood_utility,vegetation,lean_slight,slight,none_visible,touching,False,0,5,2,2023-10,2024-04,https://www.mapillary.com/app/?pKey=1019155095995823&focus=photo,
gree-00035,40.725236,-73.9343525,True,wood_utility,vegetation,lean_slight,slight,none_visible,touching,False,0,4,1,2023-10,2023-10,https://www.mapillary.com/app/?pKey=1046180886801533&focus=photo,
gree-00036,40.7252825,-73.934043,False,street_light,lean;vegetation,,moderate,none_visible,touching,False,0,4,2,2023-10,2024-04,https://www.mapillary.com/app/?pKey=1386687568950612&focus=photo,
gree-00037,40.725197,-73.9345987,True,wood_utility,,,none,none_visible,near,False,0,9,1,2023-10,2023-10,https://www.mapillary.com/app/?pKey=133899256482080&focus=photo,
gree-00038,40.725296,-73.93492,True,wood_utility,,lean_slight,slight,none_visible,none,False,1,3,1,2023-10,2023-10,https://www.mapillary.com/app/?pKey=876731293861445&focus=photo,
gree-00039,40.7251232,-73.9347,True,wood_utility,,lean_slight,slight,none_visible,none,False,1,6,2,2023-10,2023-10,https://www.mapillary.com/app/?pKey=2540405616127572&focus=photo,
gree-00040,40.725078,-73.934938,True,wood_utility,,lean_slight,slight,none_visible,near,False,0,5,1,2023-10,2023-10,https://www.mapillary.com/app/?pKey=1057351542380398&focus=photo,
gree-00041,40.7253322,-73.9338775,True,wood_utility,vegetation,lean_slight,slight,none_visible,touching,False,0,4,1,2023-10,2023-10,https://www.mapillary.com/app/?pKey=716579497011801&focus=photo,
gree-00042,40.725357,-73.93345,False,other,,,none,none_visible,none,False,0,2,1,2023-10,2023-10,https://www.mapillary.com/app/?pKey=1243870832961290&focus=photo,
gree-00043,40.7254611,-73.9333669,True,wood_utility,,lean_slight,slight,none_visible,near,False,0,8,1,2023-10,2023-10,https://www.mapillary.com/app/?pKey=1820371675112473&focus=photo,
gree-00044,40.725433,-73.9335275,False,street_light,vegetation,,none,none_visible,touching,False,0,6,1,2023-10,2023-10,https://www.mapillary.com/app/?pKey=285220047763578&focus=photo,
gree-00045,40.725365,-73.93378,False,unclear,,,unclear,none_visible,none,False,0,2,1,2023-10,2023-10,https://www.mapillary.com/app/?pKey=6846587362097492&focus=photo,
gree-00046,40.725039,-73.935015,True,wood_utility,vegetation,lean_slight,slight,none_visible,touching,False,0,6,1,2023-10,2023-10,https://www.mapillary.com/app/?pKey=1256448329088837&focus=photo,
gree-00047,40.7253908,-73.933676,True,wood_utility,vegetation,lean_slight,slight,none_visible,touching,False,0,5,2,2024-04,2024-04,https://www.mapillary.com/app/?pKey=464212909739140&focus=photo,
gree-00048,40.72581,-73.9333,True,wood_utility,,lean_slight,slight,unclear,near,False,1,2,1,2023-10,2023-10,https://www.mapillary.com/app/?pKey=339451885126634&focus=photo,
gree-00049,40.72547,-73.951645,False,traffic_signal,,,none,none_visible,none,False,0,3,1,2016-06,2016-06,https://www.mapillary.com/app/?pKey=177139687605217&focus=photo,
gree-00050,40.723545,-73.93991,True,wood_utility,lean,,moderate,none_visible,near,False,2,3,1,2024-07,2024-07,https://www.mapillary.com/app/?pKey=860937639266062&focus=photo,
gree-00051,40.73412,-73.94972,True,wood_utility,vegetation,,unclear,unclear,touching,False,1,3,1,2018-08,2018-08,https://www.mapillary.com/app/?pKey=844138953127774&focus=photo,
gree-00052,40.7335205,-73.949695,True,wood_utility,,lean_slight,slight,unclear,near,False,1,6,2,2018-08,2018-08,https://www.mapillary.com/app/?pKey=3763748427087908&focus=photo,
gree-00053,40.73347,-73.949646,True,wood_utility,,,none,none_visible,near,False,1,3,1,2018-08,2018-08,https://www.mapillary.com/app/?pKey=917979835715935&focus=photo,
gree-00054,40.734154,-73.949936,True,wood_utility,,lean_slight,slight,none_visible,none,False,1,1,1,2018-08,2018-08,https://www.mapillary.com/app/?pKey=810266139909343&focus=photo,
gree-00055,40.73309,-73.951706,True,wood_utility,,,none,none_visible,none,False,2,2,1,2018-08,2018-08,https://www.mapillary.com/app/?pKey=1692704617606263&focus=photo,
gree-00056,40.734097,-73.95204,True,wood_utility,,lean_slight,slight,none_visible,near,False,2,3,1,2020-04,2020-04,https://www.mapillary.com/app/?pKey=1194732507616259&focus=photo,
gree-00057,40.733093,-73.951904,True,wood_utility,,,unclear,unclear,none,False,1,2,1,2020-04,2020-04,https://www.mapillary.com/app/?pKey=3273890196069486&focus=photo,
gree-00058,40.732697,-73.95184,True,wood_utility,,lean_slight,slight,none_visible,none,False,0,2,1,2020-04,2020-04,https://www.mapillary.com/app/?pKey=254396539776829&focus=photo,
gree-00059,40.733273,-73.95193,True,wood_utility,,lean_slight,slight,unclear,none,False,1,2,1,2020-04,2020-04,https://www.mapillary.com/app/?pKey=957184298349161&focus=photo,
gree-00060,40.733723,-73.95201,True,wood_utility,,,unclear,none_visible,none,False,0,3,1,2020-04,2020-04,https://www.mapillary.com/app/?pKey=514805182982172&focus=photo,
gree-00061,40.7235,-73.95181,False,traffic_signal,,,none,none_visible,none,False,0,3,1,2023-07,2023-07,https://www.mapillary.com/app/?pKey=321065480260134&focus=photo,
gree-00062,40.72434,-73.949036,False,traffic_signal,,,none,none_visible,none,False,1,3,1,2023-07,2023-07,https://www.mapillary.com/app/?pKey=244345745112521&focus=photo,
gree-00063,40.72379,-73.95068,False,traffic_signal,,,none,none_visible,none,False,0,2,1,2023-07,2023-07,https://www.mapillary.com/app/?pKey=6436426953077517&focus=photo,
gree-00064,40.73327,-73.940735,False,other,,,none,none_visible,none,False,0,1,1,2018-05,2018-05,https://www.mapillary.com/app/?pKey=452230969207916&focus=photo,
gree-00065,40.7332855,-73.9503025,True,wood_utility,vegetation,lean_slight,slight,unclear,touching,False,0,6,2,2018-08,2018-08,https://www.mapillary.com/app/?pKey=1438666859806310&focus=photo,
gree-00066,40.73336,-73.94979,True,wood_utility,,lean_slight,slight,none_visible,near,False,1,3,1,2018-08,2018-08,https://www.mapillary.com/app/?pKey=522885075554389&focus=photo,
gree-00067,40.7234215,-73.941405,True,wood_utility,,lean_slight,slight,none_visible,near,False,1,6,1,2024-07,2024-07,https://www.mapillary.com/app/?pKey=356858063914380&focus=photo,
gree-00068,40.72773,-73.94961,True,wood_utility,,lean_slight,slight,none_visible,near,False,1,1,1,2024-12,2024-12,https://www.mapillary.com/app/?pKey=1239044830542774&focus=photo,
gree-00069,40.721375,-73.95224,False,street_light,,,none,none_visible,near,False,0,1,1,2023-10,2023-10,https://www.mapillary.com/app/?pKey=1844437712637248&focus=photo,
gree-00070,40.723717,-73.94342,False,unclear,,,unclear,none_visible,none,False,0,3,1,2024-03,2024-03,https://www.mapillary.com/app/?pKey=1099526954597849&focus=photo,
gree-00071,40.7236293,-73.9404967,True,wood_utility,,lean_slight,slight,none_visible,none,False,2,9,2,2024-03,2024-03,https://www.mapillary.com/app/?pKey=336667752198309&focus=photo,
gree-00072,40.734684,-73.93799,True,wood_utility,,lean_slight,slight,none_visible,none,False,2,1,1,2015-06,2015-06,https://www.mapillary.com/app/?pKey=386342332420354&focus=photo,
gree-00073,40.7355405,-73.9587525,True,wood_utility,,lean_slight,slight,none_visible,near,False,1,6,1,2023-10,2023-10,https://www.mapillary.com/app/?pKey=1407606460136487&focus=photo,
gree-00074,40.73601,-73.9587,True,wood_utility,,lean_slight,slight,none_visible,near,False,0,3,1,2023-10,2023-10,https://www.mapillary.com/app/?pKey=1433866840504940&focus=photo,
gree-00075,40.7356798,-73.95865,False,traffic_signal,vegetation,,unclear,none_visible,touching,False,0,5,2,2016-05,2023-10,https://www.mapillary.com/app/?pKey=324229709060460&focus=photo,
gree-00076,40.721878,-73.95525,True,wood_utility,,,unclear,unclear,near,False,1,1,1,2023-09,2023-09,https://www.mapillary.com/app/?pKey=175885565536804&focus=photo,
gree-00077,40.7233587,-73.9404313,True,wood_utility,,lean_slight,slight,none_visible,near,False,1,9,3,2024-07,2024-07,https://www.mapillary.com/app/?pKey=1014579613693852&focus=photo,
gree-00078,40.72349,-73.94035,True,wood_utility,,,none,none_visible,near,False,1,6,2,2024-03,2024-03,https://www.mapillary.com/app/?pKey=1473003440296079&focus=photo,
gree-00079,40.73862,-73.932175,False,street_light,,,none,none_visible,none,False,0,3,1,2018-10,2018-10,https://www.mapillary.com/app/?pKey=168766071844740&focus=photo,
gree-00080,40.725992,-73.941245,True,wood_utility,,lean_slight,slight,intact,near,True,1,6,2,2024-07,2024-07,https://www.mapillary.com/app/?pKey=1125338678574642&focus=photo,
gree-00081,40.723,-73.94418,True,wood_utility,vegetation,lean_slight,slight,unclear,touching,False,2,3,1,2023-07,2023-07,https://www.mapillary.com/app/?pKey=814249696718809&focus=photo,
gree-00082,40.72618,-73.93154,False,street_light,,,none,none_visible,none,False,0,2,1,2023-10,2023-10,https://www.mapillary.com/app/?pKey=702465008432280&focus=photo,
gree-00083,40.726112,-73.92982,True,concrete_or_steel_utility,,,none,intact,none,True,1,3,1,2023-10,2023-10,https://www.mapillary.com/app/?pKey=1967875460256530&focus=photo,
gree-00084,40.726013,-73.929756,True,wood_utility,,,none,none_visible,none,False,1,3,1,2023-10,2023-10,https://www.mapillary.com/app/?pKey=704275341587091&focus=photo,
gree-00085,40.7342,-73.95217,False,traffic_signal,,,unclear,none_visible,near,False,0,2,1,2018-09,2018-09,https://www.mapillary.com/app/?pKey=4161202627235931&focus=photo,
gree-00086,40.734814,-73.95241,True,wood_utility,,lean_slight,slight,unclear,none,False,1,1,1,2018-09,2018-09,https://www.mapillary.com/app/?pKey=379525210183503&focus=photo,
gree-00087,40.734127,-73.959885,False,street_light,,,none,none_visible,none,False,0,1,1,2022-07,2022-07,https://www.mapillary.com/app/?pKey=788635315830475&focus=photo,
gree-00088,40.7335238,-73.959782,True,wood_utility,,,none,none_visible,none,False,1,5,2,2022-07,2022-07,https://www.mapillary.com/app/?pKey=764445101352189&focus=photo,
gree-00089,40.7339417,-73.9598387,True,wood_utility,,,none,none_visible,none,False,1,3,1,2022-07,2022-07,https://www.mapillary.com/app/?pKey=438201711516032&focus=photo,
gree-00090,40.7336279,-73.9598429,True,wood_utility,,,none,none_visible,near,False,2,7,2,2022-07,2022-07,https://www.mapillary.com/app/?pKey=1010585692966585&focus=photo,
gree-00091,40.734573,-73.95995,True,wood_utility,,,none,none_visible,none,False,2,3,1,2022-07,2022-07,https://www.mapillary.com/app/?pKey=732719644646987&focus=photo,
gree-00092,40.734272,-73.959885,True,wood_utility,,lean_slight,slight,none_visible,near,False,2,3,1,2022-07,2022-07,https://www.mapillary.com/app/?pKey=572397607851636&focus=photo,
gree-00093,40.734722,-73.94985,True,concrete_or_steel_utility,vegetation,,none,unclear,touching,False,1,2,1,2018-08,2018-08,https://www.mapillary.com/app/?pKey=1401784766853235&focus=photo,
gree-00094,40.7238084,-73.940356,True,wood_utility,,lean_slight,slight,none_visible,near,False,2,7,3,2024-03,2024-03,https://www.mapillary.com/app/?pKey=1067185774580073&focus=photo,
gree-00095,40.723236,-73.95445,True,wood_utility,,lean_slight,slight,none_visible,none,False,1,3,1,2023-08,2023-08,https://www.mapillary.com/app/?pKey=226853506976356&focus=photo,
gree-00096,40.72367,-73.954704,True,wood_utility,,lean_slight,slight,unclear,none,False,1,2,1,2023-08,2023-08,https://www.mapillary.com/app/?pKey=838025600897284&focus=photo,
gree-00097,40.723423,-73.95456,True,wood_utility,,lean_slight,slight,none_visible,near,False,1,3,1,2023-08,2023-08,https://www.mapillary.com/app/?pKey=6886632291361677&focus=photo,
gree-00098,40.72294,-73.95427,False,street_light,,,none,none_visible,near,False,0,1,1,2023-08,2023-08,https://www.mapillary.com/app/?pKey=1038542980501790&focus=photo,
gree-00099,40.719383,-73.94462,True,concrete_or_steel_utility,,,none,none_visible,near,False,0,3,1,2018-08,2018-08,https://www.mapillary.com/app/?pKey=909121936538530&focus=photo,
gree-00100,40.72134,-73.948746,True,wood_utility,lean,,severe,none_visible,none,False,1,3,1,2023-10,2023-10,https://www.mapillary.com/app/?pKey=384572671177254&focus=photo,
gree-00101,40.736935,-73.94689,False,other,,,none,none_visible,none,False,1,2,1,2023-10,2023-10,https://www.mapillary.com/app/?pKey=380167511463855&focus=photo,
gree-00102,40.723663,-73.940384,True,wood_utility,lean,,moderate,none_visible,none,False,0,3,1,2024-03,2024-03,https://www.mapillary.com/app/?pKey=1130114148340062&focus=photo,
gree-00103,40.725853,-73.9407813,True,wood_utility,,lean_slight,slight,intact,near,False,2,12,1,2024-03,2024-03,https://www.mapillary.com/app/?pKey=1094997164886206&focus=photo,
gree-00104,40.72589,-73.9406859,True,wood_utility,,lean_slight,slight,none_visible,none,False,2,14,1,2024-03,2024-03,https://www.mapillary.com/app/?pKey=383076107859171&focus=photo,
gree-00105,40.7259253,-73.94084,False,street_light,,,none,none_visible,none,False,1,9,2,2024-03,2024-07,https://www.mapillary.com/app/?pKey=1127046095085971&focus=photo,
gree-00106,40.724445,-73.94024,False,unclear,vegetation,,unclear,unclear,touching,False,0,3,1,2024-03,2024-03,https://www.mapillary.com/app/?pKey=819872796633544&focus=photo,
gree-00107,40.720913,-73.95727,False,other,,,none,none_visible,none,False,0,3,1,2016-06,2016-06,https://www.mapillary.com/app/?pKey=2941039256169637&focus=photo,
gree-00108,40.720333,-73.95737,True,wood_utility,,lean_slight,slight,unclear,near,False,1,3,1,2016-06,2016-06,https://www.mapillary.com/app/?pKey=513545650011384&focus=photo,
gree-00109,40.7208,-73.956474,True,wood_utility,vegetation,,none,none_visible,touching,False,1,3,1,2016-06,2016-06,https://www.mapillary.com/app/?pKey=292110929185471&focus=photo,
gree-00110,40.720707,-73.956345,True,wood_utility,,,none,none_visible,near,False,2,3,1,2016-06,2016-06,https://www.mapillary.com/app/?pKey=273642141100458&focus=photo,
gree-00111,40.736217,-73.94829,True,wood_utility,,,none,none_visible,none,False,1,3,1,2016-07,2016-07,https://www.mapillary.com/app/?pKey=1180803669025910&focus=photo,
gree-00112,40.732628,-73.94936,True,wood_utility,,,none,none_visible,none,False,0,2,1,2019-12,2019-12,https://www.mapillary.com/app/?pKey=799961590948015&focus=photo,
gree-00113,40.735287,-73.96063,True,wood_utility,,,none,none_visible,near,False,2,1,1,2022-10,2022-10,https://www.mapillary.com/app/?pKey=615862530196835&focus=photo,
gree-00114,40.724987,-73.94058,True,wood_utility,,lean_slight,slight,none_visible,none,False,0,3,1,2024-03,2024-03,https://www.mapillary.com/app/?pKey=1570780883699885&focus=photo,
gree-00115,40.7253585,-73.94066,True,wood_utility,,lean_slight,slight,unclear,near,False,2,6,2,2024-03,2024-03,https://www.mapillary.com/app/?pKey=1132678174438662&focus=photo,
gree-00116,40.734722,-73.95147,True,wood_utility,,,none,none_visible,none,False,1,3,1,2018-08,2018-08,https://www.mapillary.com/app/?pKey=219388093022250&focus=photo,
gree-00117,40.7346745,-73.9519725,True,wood_utility,,,none,none_visible,none,False,1,6,1,2018-08,2018-08,https://www.mapillary.com/app/?pKey=2926937294260477&focus=photo,
gree-00118,40.735516,-73.952126,True,wood_utility,,lean_slight,slight,none_visible,near,False,1,3,1,2018-08,2018-08,https://www.mapillary.com/app/?pKey=392575405207956&focus=photo,
gree-00119,40.728157,-73.95004,True,wood_utility,,lean_slight,slight,unclear,near,False,1,3,1,2024-12,2024-12,https://www.mapillary.com/app/?pKey=597024816126854&focus=photo,
gree-00120,40.726944,-73.94964,False,other,,,none,none_visible,near,False,0,1,1,2024-12,2024-12,https://www.mapillary.com/app/?pKey=1076243707575801&focus=photo,
gree-00121,40.7257588,-73.9417277,True,wood_utility,,lean_slight,slight,none_visible,none,False,2,12,3,2024-07,2024-07,https://www.mapillary.com/app/?pKey=1572560669964652&focus=photo,
gree-00122,40.73535,-73.9499,True,wood_utility,vegetation,lean_slight,slight,none_visible,touching,False,1,3,1,2018-08,2018-08,https://www.mapillary.com/app/?pKey=288313252938390&focus=photo,
gree-00123,40.7357585,-73.94996,True,wood_utility,,lean_slight,slight,none_visible,near,False,2,6,1,2018-08,2018-08,https://www.mapillary.com/app/?pKey=469369744287136&focus=photo,
gree-00124,40.7364,-73.949974,True,wood_utility,vegetation,,none,none_visible,touching,False,1,3,1,2018-08,2018-08,https://www.mapillary.com/app/?pKey=927634914735086&focus=photo,
gree-00125,40.736305,-73.95003,True,wood_utility,,lean_slight,slight,none_visible,near,False,1,5,1,2018-08,2018-08,https://www.mapillary.com/app/?pKey=1185832831842174&focus=photo,
gree-00126,40.7359708,-73.9499809,True,wood_utility,,lean_slight,slight,none_visible,near,False,1,11,2,2018-08,2018-08,https://www.mapillary.com/app/?pKey=1807551982752556&focus=photo,
gree-00127,40.736084,-73.950005,True,wood_utility,,lean_slight,slight,none_visible,near,False,1,3,1,2018-08,2018-08,https://www.mapillary.com/app/?pKey=153761800093696&focus=photo,
gree-00128,40.724174,-73.94989,False,street_light,,,none,none_visible,none,False,2,3,1,2022-01,2022-01,https://www.mapillary.com/app/?pKey=5047416431970404&focus=photo,
gree-00129,40.7251565,-73.941645,True,wood_utility,vegetation,,unclear,none_visible,touching,False,0,6,1,2024-07,2024-07,https://www.mapillary.com/app/?pKey=1881839652328195&focus=photo,
gree-00130,40.72356,-73.94128,True,wood_utility,,lean_slight,slight,none_visible,near,False,2,3,1,2024-07,2024-07,https://www.mapillary.com/app/?pKey=478646944709794&focus=photo,
gree-00131,40.7234135,-73.941215,True,wood_utility,,lean_slight,slight,none_visible,near,False,2,6,2,2024-07,2024-07,https://www.mapillary.com/app/?pKey=1056358959437102&focus=photo,
gree-00132,40.7256228,-73.9406444,True,wood_utility,,lean_slight,slight,none_visible,near,False,2,5,2,2024-03,2024-03,https://www.mapillary.com/app/?pKey=1068218384478712&focus=photo,
gree-00133,40.7257862,-73.94086,True,wood_utility,,,none,none_visible,none,False,2,5,2,2024-03,2024-07,https://www.mapillary.com/app/?pKey=364841283190784&focus=photo,
gree-00134,40.7235716,-73.9403421,True,wood_utility,,lean_slight,slight,none_visible,none,False,2,8,3,2024-03,2024-03,https://www.mapillary.com/app/?pKey=3060927880705724&focus=photo,
gree-00135,40.7253975,-73.94158,True,wood_utility,,lean_slight,slight,unclear,near,False,2,6,1,2024-07,2024-07,https://www.mapillary.com/app/?pKey=1013949143773542&focus=photo,
gree-00136,40.7256409,-73.9417071,True,wood_utility,,lean_slight,slight,intact,near,False,1,7,2,2024-02,2024-07,https://www.mapillary.com/app/?pKey=422240166843822&focus=photo,
gree-00137,40.725992,-73.93014,True,wood_utility,,,none,intact,none,False,0,6,1,2023-10,2023-10,https://www.mapillary.com/app/?pKey=1325645181644518&focus=photo,
gree-00138,40.7256,-73.93157,False,other,,,unclear,none_visible,near,False,0,1,1,2023-10,2023-10,https://www.mapillary.com/app/?pKey=3606087192971175&focus=photo,
gree-00139,40.72608,-73.92992,True,wood_utility,,,none,intact,none,True,1,3,1,2023-10,2023-10,https://www.mapillary.com/app/?pKey=1325645181644518&focus=photo,
gree-00140,40.737766,-73.93078,True,wood_utility,,lean_slight,slight,none_visible,none,False,1,3,1,2018-09,2018-09,https://www.mapillary.com/app/?pKey=244411384149768&focus=photo,
gree-00141,40.737646,-73.9298836,True,wood_utility,,lean_slight,slight,none_visible,none,False,1,5,2,2018-08,2018-08,https://www.mapillary.com/app/?pKey=161476182588409&focus=photo,
gree-00142,40.737297,-73.93074,True,wood_utility,,lean_slight,slight,none_visible,none,False,0,3,1,2018-08,2018-08,https://www.mapillary.com/app/?pKey=485004385888277&focus=photo,
gree-00143,40.720715,-73.9449,False,other,,,unclear,none_visible,near,False,0,2,1,2023-10,2023-10,https://www.mapillary.com/app/?pKey=882610546372630&focus=photo,
gree-00144,40.73138,-73.9578,False,street_light,,,none,none_visible,none,False,0,3,1,2019-12,2019-12,https://www.mapillary.com/app/?pKey=498866868218416&focus=photo,
gree-00145,40.73174,-73.96,True,wood_utility,,,none,none_visible,none,False,1,3,1,2019-12,2019-12,https://www.mapillary.com/app/?pKey=326753719157521&focus=photo,
gree-00146,40.72471,-73.93289,True,wood_utility,,lean_slight,slight,none_visible,none,False,0,2,1,2023-10,2023-10,https://www.mapillary.com/app/?pKey=698652758966797&focus=photo,
gree-00147,40.724632,-73.93281,True,wood_utility,,lean_slight,slight,none_visible,none,False,0,3,1,2023-10,2023-10,https://www.mapillary.com/app/?pKey=240345692352990&focus=photo,
gree-00148,40.7253,-73.932686,False,unclear,,,unclear,none_visible,unclear,False,0,1,1,2023-10,2023-10,https://www.mapillary.com/app/?pKey=2617251691759902&focus=photo,
gree-00149,40.724854,-73.932884,True,wood_utility,,lean_slight,slight,none_visible,none,False,1,3,1,2023-10,2023-10,https://www.mapillary.com/app/?pKey=1012183073398312&focus=photo,
gree-00150,40.725246,-73.93319,False,street_light,,,none,none_visible,none,False,0,1,1,2023-10,2023-10,https://www.mapillary.com/app/?pKey=2918309021638200&focus=photo,
gree-00151,40.725155,-73.93331,False,other,,,unclear,unclear,none,False,0,2,1,2023-10,2023-10,https://www.mapillary.com/app/?pKey=289415327292944&focus=photo,
gree-00152,40.723465,-73.94082,True,wood_utility,vegetation,,none,unclear,touching,False,2,2,1,2024-07,2024-07,https://www.mapillary.com/app/?pKey=1056712189305482&focus=photo,
gree-00153,40.730194,-73.954384,True,wood_utility,,,none,none_visible,none,False,2,3,1,2018-05,2018-05,https://www.mapillary.com/app/?pKey=1173619376406293&focus=photo,
gree-00154,40.720417,-73.94275,True,wood_utility,vegetation,,unclear,unclear,touching,False,0,1,1,2018-06,2018-06,https://www.mapillary.com/app/?pKey=509510836871272&focus=photo,
gree-00155,40.7205647,-73.9427233,True,wood_utility,,,unclear,none_visible,near,False,2,3,2,2019-12,2019-12,https://www.mapillary.com/app/?pKey=371001287661030&focus=photo,
gree-00156,40.734776,-73.952156,False,street_light,,,none,none_visible,none,False,0,1,1,2024-12,2024-12,https://www.mapillary.com/app/?pKey=1984303578662989&focus=photo,
gree-00157,40.73322,-73.95065,True,wood_utility,vegetation,lean_slight,slight,none_visible,touching,False,1,3,1,2018-08,2018-08,https://www.mapillary.com/app/?pKey=743434499635854&focus=photo,
gree-00158,40.724552,-73.94865,False,street_light,vegetation,,none,none_visible,touching,False,0,3,1,2016-06,2016-06,https://www.mapillary.com/app/?pKey=862083317707949&focus=photo,
gree-00159,40.72226,-73.94982,True,wood_utility,,,unclear,unclear,near,False,1,2,1,2018-05,2018-05,https://www.mapillary.com/app/?pKey=4365597080158075&focus=photo,
gree-00160,40.722965,-73.95026,True,wood_utility,,lean_slight,slight,none_visible,none,False,1,3,1,2018-05,2018-05,https://www.mapillary.com/app/?pKey=2890219377962131&focus=photo,
gree-00161,40.7348125,-73.9505575,True,wood_utility,,lean_slight,slight,none_visible,none,False,1,4,1,2018-08,2018-08,https://www.mapillary.com/app/?pKey=471045197334534&focus=photo,
gree-00162,40.7347678,-73.9510037,True,wood_utility,,lean_slight,slight,none_visible,none,False,2,8,2,2018-08,2018-08,https://www.mapillary.com/app/?pKey=991510031662218&focus=photo,
gree-00163,40.721474,-73.958244,False,street_light,,,none,none_visible,none,False,0,3,1,2019-12,2019-12,https://www.mapillary.com/app/?pKey=218480859735158&focus=photo,
gree-00164,40.73862,-73.93468,False,street_light,,,none,none_visible,none,False,0,3,1,2018-07,2018-07,https://www.mapillary.com/app/?pKey=1428206490852836&focus=photo,
gree-00165,40.739098,-73.9346,True,wood_utility,,lean_slight,slight,none_visible,none,False,1,3,1,2018-07,2018-07,https://www.mapillary.com/app/?pKey=198625638651190&focus=photo,
gree-00166,40.7234735,-73.9406125,True,wood_utility,,lean_slight,slight,none_visible,none,False,2,6,2,2024-07,2024-07,https://www.mapillary.com/app/?pKey=1225887968576318&focus=photo,
gree-00167,40.7240255,-73.94052,True,wood_utility,,lean_slight,slight,none_visible,near,False,2,6,1,2024-03,2024-03,https://www.mapillary.com/app/?pKey=269005862919262&focus=photo,
gree-00168,40.737755,-73.930244,True,wood_utility,,,none,none_visible,none,False,2,3,1,2018-08,2018-08,https://www.mapillary.com/app/?pKey=661678231316778&focus=photo,
gree-00169,40.737663,-73.93006,True,wood_utility,,,none,none_visible,none,False,2,3,1,2018-08,2018-08,https://www.mapillary.com/app/?pKey=468140667623649&focus=photo,
gree-00170,40.737594,-73.930016,False,traffic_signal,,,none,none_visible,none,False,0,6,2,2018-08,2018-08,https://www.mapillary.com/app/?pKey=227503028728233&focus=photo,
gree-00171,40.737732,-73.9301,True,wood_utility,,,none,none_visible,none,False,2,3,1,2018-08,2018-08,https://www.mapillary.com/app/?pKey=1657765201076080&focus=photo,
gree-00172,40.721107,-73.95333,True,concrete_or_steel_utility,,,none,intact,near,False,1,1,1,2023-09,2023-09,https://www.mapillary.com/app/?pKey=822839665953637&focus=photo,
gree-00173,40.721004,-73.95369,False,street_light,,,none,none_visible,none,False,0,1,1,2023-09,2023-09,https://www.mapillary.com/app/?pKey=1276087133273878&focus=photo,
gree-00174,40.721012,-73.953476,False,street_light,,,none,none_visible,none,False,0,2,1,2023-09,2023-09,https://www.mapillary.com/app/?pKey=603171605099816&focus=photo,
gree-00175,40.73828,-73.9392,True,wood_utility,,lean_slight,slight,none_visible,none,False,1,3,1,2020-03,2020-03,https://www.mapillary.com/app/?pKey=953585425393723&focus=photo,
gree-00176,40.723965,-73.94152,False,unclear,,,unclear,none_visible,unclear,False,0,3,1,2024-07,2024-07,https://www.mapillary.com/app/?pKey=453265857558911&focus=photo,
gree-00177,40.724167,-73.94172,True,wood_utility,,lean_slight,slight,none_visible,near,False,2,3,1,2024-07,2024-07,https://www.mapillary.com/app/?pKey=1452473888966787&focus=photo,
gree-00178,40.72276,-73.954025,False,street_light,vegetation,lean_slight,slight,none_visible,touching,False,1,2,1,2023-07,2023-07,https://www.mapillary.com/app/?pKey=638361734931927&focus=photo,
gree-00179,40.7339312,-73.952115,False,traffic_signal,,,none,none_visible,none,False,1,4,2,2018-09,2022-01,https://www.mapillary.com/app/?pKey=299479908427458&focus=photo,
gree-00180,40.738358,-73.93922,False,other,,,none,none_visible,none,False,0,3,1,2018-07,2018-07,https://www.mapillary.com/app/?pKey=1274804842936120&focus=photo,
gree-00181,40.738453,-73.93916,False,other,,,none,none_visible,none,False,0,3,1,2018-07,2018-07,https://www.mapillary.com/app/?pKey=1274804842936120&focus=photo,
gree-00182,40.72946,-73.954475,False,street_light,,,none,none_visible,none,False,0,3,1,2018-11,2018-11,https://www.mapillary.com/app/?pKey=3098449287050174&focus=photo,
gree-00183,40.72874,-73.9539,False,street_light,,,none,none_visible,unclear,False,0,3,1,2018-11,2018-11,https://www.mapillary.com/app/?pKey=1452395915128579&focus=photo,
gree-00184,40.7282772,-73.9589675,True,wood_utility,,lean_slight,slight,none_visible,none,False,1,4,1,2019-12,2019-12,https://www.mapillary.com/app/?pKey=778981999395253&focus=photo,
gree-00185,40.728382,-73.959045,True,wood_utility,,lean_slight,slight,none_visible,none,False,2,3,1,2019-12,2019-12,https://www.mapillary.com/app/?pKey=292282339205041&focus=photo,
gree-00186,40.728912,-73.959206,False,street_light,,,none,none_visible,none,False,0,2,1,2019-12,2019-12,https://www.mapillary.com/app/?pKey=745155952801147&focus=photo,
gree-00187,40.7288225,-73.95916,True,wood_utility,,lean_slight,slight,none_visible,none,False,1,4,1,2019-12,2019-12,https://www.mapillary.com/app/?pKey=838077550143953&focus=photo,
gree-00188,40.7281148,-73.9589936,True,wood_utility,,,none,none_visible,none,False,1,5,1,2019-12,2019-12,https://www.mapillary.com/app/?pKey=295798352023291&focus=photo,
gree-00189,40.72867,-73.95911,True,wood_utility,,lean_slight,slight,none_visible,none,False,2,3,1,2019-12,2019-12,https://www.mapillary.com/app/?pKey=955356418564404&focus=photo,
gree-00190,40.718895,-73.945,True,wood_utility,,lean_slight,slight,none_visible,near,False,2,3,1,2020-04,2020-04,https://www.mapillary.com/app/?pKey=936738320201161&focus=photo,
gree-00191,40.72769,-73.95903,True,wood_utility,,lean_slight,slight,none_visible,none,False,1,3,1,2019-12,2019-12,https://www.mapillary.com/app/?pKey=539527660401751&focus=photo,
gree-00192,40.72694,-73.94766,True,wood_utility,,lean_slight,slight,none_visible,near,False,1,1,1,2015-06,2015-06,https://www.mapillary.com/app/?pKey=170100938236958&focus=photo,
gree-00193,40.727047,-73.94775,True,wood_utility,,,none,none_visible,none,False,1,1,1,2015-06,2015-06,https://www.mapillary.com/app/?pKey=170100938236958&focus=photo,
gree-00194,40.72501,-73.93377,False,street_light,,lean_slight,slight,none_visible,none,False,1,3,1,2018-07,2018-07,https://www.mapillary.com/app/?pKey=801540377157409&focus=photo,
gree-00195,40.725094,-73.93342,True,wood_utility,,lean_slight,slight,none_visible,none,False,0,3,1,2018-07,2018-07,https://www.mapillary.com/app/?pKey=2823435954588613&focus=photo,
gree-00196,40.736797,-73.95091,True,wood_utility,vegetation,lean_slight,slight,none_visible,touching,False,0,3,1,2018-08,2018-08,https://www.mapillary.com/app/?pKey=289142012917658&focus=photo,
gree-00197,40.72077,-73.952095,False,traffic_signal,vegetation,,unclear,unclear,touching,False,0,1,1,2023-09,2023-09,https://www.mapillary.com/app/?pKey=187648374346339&focus=photo,
gree-00198,40.728897,-73.94322,True,wood_utility,,lean_slight,slight,none_visible,none,False,1,3,1,2018-06,2018-06,https://www.mapillary.com/app/?pKey=587186752259360&focus=photo,
gree-00199,40.728592,-73.94316,False,street_light,,,none,none_visible,none,False,0,2,1,2018-06,2018-06,https://www.mapillary.com/app/?pKey=2919375641676062&focus=photo,
gree-00200,40.724464,-73.943275,False,street_light,,,none,none_visible,none,False,0,3,1,2024-03,2024-03,https://www.mapillary.com/app/?pKey=375216875426423&focus=photo,
gree-00201,40.727654,-73.95923,True,wood_utility,,,none,none_visible,none,False,0,2,1,2019-12,2019-12,https://www.mapillary.com/app/?pKey=529834688178300&focus=photo,
gree-00202,40.727566,-73.960075,True,wood_utility,,,none,none_visible,none,False,1,3,1,2019-12,2019-12,https://www.mapillary.com/app/?pKey=128955979195421&focus=photo,
gree-00203,40.72754,-73.960365,True,wood_utility,,,none,none_visible,none,False,0,3,1,2019-12,2019-12,https://www.mapillary.com/app/?pKey=153591030056607&focus=photo,
gree-00204,40.727673,-73.96031,True,wood_utility,,lean_slight,slight,unclear,none,False,1,2,1,2019-12,2019-12,https://www.mapillary.com/app/?pKey=153591030056607&focus=photo,
gree-00205,40.727444,-73.96021,True,wood_utility,,lean_slight,slight,none_visible,near,False,2,2,1,2019-12,2019-12,https://www.mapillary.com/app/?pKey=553021602769699&focus=photo,
gree-00206,40.727592,-73.959854,True,wood_utility,,,none,none_visible,none,False,1,3,1,2019-12,2019-12,https://www.mapillary.com/app/?pKey=134832961921971&focus=photo,
gree-00207,40.72755,-73.960625,True,wood_utility,,,none,none_visible,none,False,0,3,1,2019-12,2019-12,https://www.mapillary.com/app/?pKey=579822782991771&focus=photo,
gree-00208,40.72755,-73.9602,True,wood_utility,,,none,none_visible,none,False,0,3,1,2019-12,2019-12,https://www.mapillary.com/app/?pKey=738689920102997&focus=photo,
gree-00209,40.727634,-73.95946,True,wood_utility,,,none,none_visible,none,False,0,3,1,2019-12,2019-12,https://www.mapillary.com/app/?pKey=471614767424864&focus=photo,
gree-00210,40.724003,-73.94041,True,wood_utility,,lean_slight,slight,none_visible,near,False,2,3,1,2024-03,2024-03,https://www.mapillary.com/app/?pKey=621882933436348&focus=photo,
gree-00211,40.7347092,-73.951769,True,wood_utility,,,none,none_visible,none,False,1,5,2,2018-08,2018-08,https://www.mapillary.com/app/?pKey=1176808892760504&focus=photo,
gree-00212,40.7347483,-73.9515691,True,wood_utility,,lean_slight,slight,none_visible,none,False,1,7,2,2018-08,2018-08,https://www.mapillary.com/app/?pKey=2983589698580153&focus=photo,
gree-00213,40.72342,-73.940926,True,wood_utility,,lean_slight,slight,none_visible,none,False,2,3,1,2024-07,2024-07,https://www.mapillary.com/app/?pKey=514117131075938&focus=photo,
gree-00214,40.7246,-73.9414,True,wood_utility,vegetation,,unclear,unclear,touching,False,1,1,1,2024-07,2024-07,https://www.mapillary.com/app/?pKey=3585934941551735&focus=photo,
gree-00215,40.725185,-73.94034,False,unclear,,,unclear,none_visible,none,False,0,1,1,2024-07,2024-07,https://www.mapillary.com/app/?pKey=1616199218940891&focus=photo,
gree-00216,40.71998,-73.95094,False,street_light,,,none,none_visible,none,False,0,1,1,2023-09,2023-09,https://www.mapillary.com/app/?pKey=211047118639816&focus=photo,
gree-00217,40.719727,-73.9506,False,street_light,,,none,none_visible,none,False,0,1,1,2023-09,2023-09,https://www.mapillary.com/app/?pKey=839001837896089&focus=photo,
gree-00218,40.72364,-73.94146,True,wood_utility,,lean_slight,slight,none_visible,near,False,2,3,1,2024-07,2024-07,https://www.mapillary.com/app/?pKey=1011841353967743&focus=photo,
gree-00219,40.7360617,-73.9335809,True,wood_utility,,lean_slight,slight,unclear,none,False,2,9,2,2018-09,2018-09,https://www.mapillary.com/app/?pKey=459139671846682&focus=photo,
gree-00220,40.736248,-73.93315,True,wood_utility,,lean_slight,slight,unclear,none,False,2,2,1,2018-09,2018-09,https://www.mapillary.com/app/?pKey=384008629539002&focus=photo,
gree-00221,40.7221,-73.950935,False,street_light,vegetation,,none,none_visible,touching,False,1,3,1,2023-09,2023-09,https://www.mapillary.com/app/?pKey=1043731646643814&focus=photo,
gree-00222,40.721714,-73.95079,False,traffic_signal,,,none,none_visible,near,False,0,3,1,2023-09,2023-09,https://www.mapillary.com/app/?pKey=10024984847575032&focus=photo,
gree-00223,40.724113,-73.94073,True,wood_utility,,,none,none_visible,near,False,1,2,1,2024-03,2024-03,https://www.mapillary.com/app/?pKey=453478200456767&focus=photo,
gree-00224,40.72048,-73.953926,False,street_light,,,none,none_visible,none,False,0,1,1,2023-09,2023-09,https://www.mapillary.com/app/?pKey=314946774361629&focus=photo,
gree-00225,40.736847,-73.94668,False,street_light,,,none,none_visible,near,False,0,2,1,2023-08,2023-08,https://www.mapillary.com/app/?pKey=346648787697369&focus=photo,
gree-00226,40.737144,-73.93061,False,traffic_signal,,,unclear,none_visible,near,False,0,3,1,2018-08,2018-08,https://www.mapillary.com/app/?pKey=485409676112920&focus=photo,
gree-00227,40.73715,-73.93116,False,street_light,,,none,none_visible,none,False,0,3,1,2018-08,2018-08,https://www.mapillary.com/app/?pKey=501125637705943&focus=photo,
gree-00228,40.724396,-73.940445,True,wood_utility,,lean_slight,slight,none_visible,near,False,1,3,1,2024-03,2024-03,https://www.mapillary.com/app/?pKey=1471965833672351&focus=photo,
gree-00229,40.7276203,-73.9588812,True,wood_utility,,,none,none_visible,none,False,2,4,2,2019-12,2019-12,https://www.mapillary.com/app/?pKey=144434554329111&focus=photo,
gree-00230,40.72717,-73.95873,True,wood_utility,,lean_slight,slight,none_visible,none,False,1,3,1,2019-12,2019-12,https://www.mapillary.com/app/?pKey=177841167457505&focus=photo,
gree-00231,40.72688,-73.95867,True,wood_utility,,,none,none_visible,none,False,2,3,1,2019-12,2019-12,https://www.mapillary.com/app/?pKey=1152447291890495&focus=photo,
gree-00232,40.726406,-73.95856,True,wood_utility,,,none,none_visible,none,False,2,3,1,2019-12,2019-12,https://www.mapillary.com/app/?pKey=113912520754793&focus=photo,
gree-00233,40.7343536,-73.944106,True,wood_utility,,lean_slight,slight,intact,none,False,1,5,1,2023-10,2023-10,https://www.mapillary.com/app/?pKey=952480623215032&focus=photo,
gree-00234,40.734676,-73.94503,True,concrete_or_steel_utility,,,none,unclear,none,False,0,2,1,2023-10,2023-10,https://www.mapillary.com/app/?pKey=933524101780655&focus=photo,
gree-00235,40.734844,-73.94508,True,wood_utility,,,none,intact,none,False,2,3,1,2023-10,2023-10,https://www.mapillary.com/app/?pKey=1579452716241370&focus=photo,
gree-00236,40.734772,-73.9451867,True,wood_utility,,lean_slight,slight,intact,near,False,1,3,1,2023-10,2023-10,https://www.mapillary.com/app/?pKey=1364460260940099&focus=photo,
gree-00237,40.73444,-73.944725,True,wood_utility,,lean_slight,slight,none_visible,none,False,1,3,1,2023-10,2023-10,https://www.mapillary.com/app/?pKey=682324004112159&focus=photo,
gree-00238,40.7340997,-73.944145,True,wood_utility,,,none,none_visible,none,False,1,4,1,2023-10,2023-10,https://www.mapillary.com/app/?pKey=966291244863225&focus=photo,
gree-00239,40.734898,-73.94498,True,wood_utility,vegetation,lean_slight,slight,unclear,touching,False,2,1,1,2023-10,2023-10,https://www.mapillary.com/app/?pKey=402365305855254&focus=photo,
gree-00240,40.73426,-73.94443,False,street_light,,lean_slight,slight,none_visible,none,False,0,3,1,2023-10,2023-10,https://www.mapillary.com/app/?pKey=716097283722102&focus=photo,
gree-00241,40.73453,-73.9444,True,wood_utility,,lean_slight,slight,intact,none,False,1,3,1,2023-10,2023-10,https://www.mapillary.com/app/?pKey=1818689141978002&focus=photo,
gree-00242,40.7347102,-73.944754,True,wood_utility,,,none,none_visible,none,False,1,5,1,2023-10,2023-10,https://www.mapillary.com/app/?pKey=1069928910978041&focus=photo,
gree-00243,40.73392,-73.94385,True,wood_utility,,lean_slight,slight,none_visible,none,False,1,3,1,2023-10,2023-10,https://www.mapillary.com/app/?pKey=388851277234801&focus=photo,
gree-00244,40.7338,-73.9437,False,street_light,,lean_slight,slight,none_visible,none,False,0,1,1,2023-10,2023-10,https://www.mapillary.com/app/?pKey=1161533994864005&focus=photo,
gree-00245,40.733715,-73.943504,True,wood_utility,,lean_slight,slight,none_visible,none,False,0,3,1,2023-10,2023-10,https://www.mapillary.com/app/?pKey=372082408992809&focus=photo,
gree-00246,40.73379,-73.94312,True,wood_utility,lean,,severe,none_visible,none,False,1,1,1,2023-10,2023-10,https://www.mapillary.com/app/?pKey=290280510586105&focus=photo,
gree-00247,40.73423,-73.944244,True,wood_utility,,lean_slight,slight,none_visible,none,False,1,1,1,2023-10,2023-10,https://www.mapillary.com/app/?pKey=2131258603918411&focus=photo,
gree-00248,40.73443,-73.9444,True,wood_utility,,lean_slight,slight,none_visible,none,False,1,1,1,2023-10,2023-10,https://www.mapillary.com/app/?pKey=1453045705624638&focus=photo,
gree-00249,40.73475,-73.94492,True,wood_utility,,lean_slight,slight,intact,none,False,2,3,1,2023-10,2023-10,https://www.mapillary.com/app/?pKey=933524101780655&focus=photo,
gree-00250,40.721115,-73.95414,False,street_light,vegetation,lean_slight,slight,none_visible,touching,False,0,1,1,2023-09,2023-09,https://www.mapillary.com/app/?pKey=1354137775521833&focus=photo,
gree-00251,40.724914,-73.9357967,True,wood_utility,,,none,none_visible,near,False,0,9,2,2023-10,2023-10,https://www.mapillary.com/app/?pKey=276972317994482&focus=photo,
gree-00252,40.7248625,-73.93595,True,concrete_or_steel_utility,,,none,none_visible,near,False,0,4,2,2023-10,2023-10,https://www.mapillary.com/app/?pKey=344607687985679&focus=photo,
gree-00253,40.724716,-73.93619,False,street_light,lean,,severe,none_visible,none,False,0,6,2,2023-10,2023-10,https://www.mapillary.com/app/?pKey=289626377288259&focus=photo,
gree-00254,40.71882,-73.954956,True,wood_utility,,,none,none_visible,near,False,2,3,1,2016-07,2016-07,https://www.mapillary.com/app/?pKey=979609329444952&focus=photo,
gree-00255,40.719395,-73.955894,True,wood_utility,,lean_slight,slight,unclear,near,False,2,3,1,2016-07,2016-07,https://www.mapillary.com/app/?pKey=126448962812235&focus=photo,
gree-00256,40.719013,-73.95526,True,wood_utility,,lean_slight,slight,none_visible,near,False,3,3,1,2016-07,2016-07,https://www.mapillary.com/app/?pKey=1132786353889277&focus=photo,
gree-00257,40.719162,-73.955495,True,wood_utility,,,none,none_visible,none,False,2,6,1,2016-07,2016-07,https://www.mapillary.com/app/?pKey=505915154152684&focus=photo,
gree-00258,40.7193284,-73.955778,True,wood_utility,,lean_slight,slight,unclear,near,False,2,5,1,2016-07,2016-07,https://www.mapillary.com/app/?pKey=126448962812235&focus=photo,
gree-00259,40.718933,-73.95513,False,street_light,,,none,none_visible,near,False,2,3,1,2016-07,2016-07,https://www.mapillary.com/app/?pKey=285697469888580&focus=photo,
gree-00260,40.71914,-73.955414,True,wood_utility,,lean_slight,slight,none_visible,none,False,2,1,1,2016-07,2016-07,https://www.mapillary.com/app/?pKey=4756319647730790&focus=photo,
gree-00261,40.72125,-73.951935,True,wood_utility,,,none,intact,near,False,1,1,1,2023-09,2023-09,https://www.mapillary.com/app/?pKey=629584002558746&focus=photo,
gree-00262,40.72101,-73.95271,False,street_light,vegetation,,none,none_visible,touching,False,0,3,1,2023-09,2023-09,https://www.mapillary.com/app/?pKey=1470803643717071&focus=photo,
gree-00263,40.72126,-73.952385,True,wood_utility,,lean_slight,slight,unclear,near,False,0,2,1,2023-09,2023-09,https://www.mapillary.com/app/?pKey=274586648672346&focus=photo,
gree-00264,40.7355247,-73.9518433,True,wood_utility,vegetation,lean_slight,slight,none_visible,touching,False,1,9,2,2018-08,2018-08,https://www.mapillary.com/app/?pKey=222738665959015&focus=photo,
gree-00265,40.7374084,-73.93058,True,wood_utility,,lean_slight,slight,none_visible,none,False,2,5,1,2018-05,2018-05,https://www.mapillary.com/app/?pKey=336360327831482&focus=photo,
gree-00266,40.737343,-73.93063,True,wood_utility,,,none,none_visible,none,False,1,2,1,2018-05,2018-05,https://www.mapillary.com/app/?pKey=973633693373655&focus=photo,
gree-00267,40.737717,-73.92971,True,wood_utility,,lean_slight,slight,none_visible,none,False,2,4,1,2018-05,2018-05,https://www.mapillary.com/app/?pKey=1189447921492763&focus=photo,
gree-00268,40.737698,-73.92981,True,wood_utility,,,none,none_visible,none,False,2,3,1,2018-05,2018-05,https://www.mapillary.com/app/?pKey=550267709294145&focus=photo,
gree-00269,40.7368788,-73.931526,False,traffic_signal,,,none,none_visible,none,False,1,5,2,2018-08,2018-08,https://www.mapillary.com/app/?pKey=381052206522175&focus=photo,
gree-00270,40.736744,-73.931625,False,street_light,,,none,none_visible,none,False,1,3,1,2018-05,2018-05,https://www.mapillary.com/app/?pKey=490997805428857&focus=photo,
gree-00271,40.71995,-73.9446,False,unclear,,,unclear,none_visible,unclear,False,0,3,1,2023-10,2023-10,https://www.mapillary.com/app/?pKey=2060223427649769&focus=photo,
gree-00272,40.72492,-73.93307,False,other,,,none,none_visible,none,False,1,1,1,2023-10,2023-10,https://www.mapillary.com/app/?pKey=1469134933875235&focus=photo,
gree-00273,40.7247633,-73.9331775,True,wood_utility,,lean_slight,slight,none_visible,none,False,1,12,1,2023-10,2023-10,https://www.mapillary.com/app/?pKey=633885642153280&focus=photo,
gree-00274,40.724814,-73.9330275,True,wood_utility,,,unclear,none_visible,none,False,0,4,1,2023-10,2023-10,https://www.mapillary.com/app/?pKey=762592965630359&focus=photo,
gree-00275,40.7349,-73.95256,True,wood_utility,,lean_slight,slight,none_visible,none,False,0,1,1,2024-12,2024-12,https://www.mapillary.com/app/?pKey=573720615458242&focus=photo,
gree-00276,40.728367,-73.95741,False,street_light,vegetation,,none,none_visible,touching,False,2,1,1,2023-10,2023-10,https://www.mapillary.com/app/?pKey=1091436415520461&focus=photo,
gree-00277,40.724846,-73.936874,True,wood_utility,,lean_slight,slight,none_visible,none,False,2,3,1,2023-10,2023-10,https://www.mapillary.com/app/?pKey=289318720585424&focus=photo,
gree-00278,40.7242829,-73.94141,True,wood_utility,vegetation,,none,none_visible,touching,False,2,7,2,2024-07,2024-07,https://www.mapillary.com/app/?pKey=441134628897633&focus=photo,
gree-00279,40.72143,-73.94553,False,street_light,,,none,none_visible,near,False,0,3,1,2024-04,2024-04,https://www.mapillary.com/app/?pKey=861359076053203&focus=photo,
gree-00280,40.721897,-73.94633,True,wood_utility,,lean_slight,slight,none_visible,near,False,1,2,1,2020-04,2020-04,https://www.mapillary.com/app/?pKey=959406911544583&focus=photo,
gree-00281,40.7324332,-73.9438898,True,wood_utility,,,none,intact,none,False,1,10,2,2023-10,2023-10,https://www.mapillary.com/app/?pKey=760293506059821&focus=photo,
gree-00282,40.7326778,-73.9431595,True,wood_utility,,lean_slight,slight,intact,none,False,1,4,2,2023-10,2023-10,https://www.mapillary.com/app/?pKey=720673920226180&focus=photo,
gree-00283,40.732124,-73.94444,False,street_light,,,none,none_visible,none,False,0,1,1,2023-10,2023-10,https://www.mapillary.com/app/?pKey=882838166975761&focus=photo,
gree-00284,40.732372,-73.944084,True,wood_utility,,lean_slight,slight,intact,near,True,1,3,1,2023-10,2023-10,https://www.mapillary.com/app/?pKey=1032837011895749&focus=photo,
gree-00285,40.732594,-73.94346,True,wood_utility,,,none,none_visible,near,False,1,2,1,2023-10,2023-10,https://www.mapillary.com/app/?pKey=1116758156130809&focus=photo,
gree-00286,40.7323064,-73.944294,True,wood_utility,vegetation,,none,none_visible,touching,False,0,5,2,2023-10,2023-10,https://www.mapillary.com/app/?pKey=2251062558593231&focus=photo,
gree-00287,40.72514,-73.94051,True,wood_utility,,lean_slight,slight,none_visible,near,False,1,3,1,2024-03,2024-03,https://www.mapillary.com/app/?pKey=769582044803677&focus=photo,
gree-00288,40.719814,-73.95803,True,wood_utility,,,unclear,none_visible,near,False,0,3,1,2023-07,2023-07,https://www.mapillary.com/app/?pKey=953678605922795&focus=photo,
gree-00289,40.72525,-73.940785,True,wood_utility,,lean_slight,slight,unclear,near,False,1,6,2,2024-03,2024-03,https://www.mapillary.com/app/?pKey=927172042748418&focus=photo,
gree-00290,40.7259883,-73.9414025,True,wood_utility,,,none,none_visible,near,False,2,12,3,2024-07,2024-07,https://www.mapillary.com/app/?pKey=2860544850754640&focus=photo,
gree-00291,40.725556,-73.9417133,True,wood_utility,vegetation,lean_slight,slight,none_visible,touching,False,1,9,2,2024-07,2024-07,https://www.mapillary.com/app/?pKey=465940452965211&focus=photo,
gree-00292,40.7256829,-73.9417529,True,wood_utility,,lean_slight,slight,unclear,near,False,2,7,3,2024-07,2024-07,https://www.mapillary.com/app/?pKey=997122182110259&focus=photo,
gree-00293,40.73906,-73.93323,False,street_light,,,none,none_visible,none,False,0,3,1,2018-10,2018-10,https://www.mapillary.com/app/?pKey=885755661973284&focus=photo,
gree-00294,40.730927,-73.94638,True,wood_utility,,lean_slight,slight,none_visible,near,False,1,3,1,2015-06,2015-06,https://www.mapillary.com/app/?pKey=143428857796628&focus=photo,
gree-00295,40.730362,-73.94628,True,wood_utility,vegetation,,none,none_visible,touching,False,1,3,1,2015-06,2015-06,https://www.mapillary.com/app/?pKey=270746438103844&focus=photo,
gree-00296,40.72998,-73.94623,True,wood_utility,,lean_slight,slight,none_visible,near,False,1,2,1,2015-06,2015-06,https://www.mapillary.com/app/?pKey=171788784741150&focus=photo,
gree-00297,40.72953,-73.94615,True,wood_utility,vegetation,,none,none_visible,touching,False,1,2,1,2015-06,2015-06,https://www.mapillary.com/app/?pKey=290244622582316&focus=photo,
gree-00298,40.728115,-73.94594,True,wood_utility,,lean_slight,slight,none_visible,none,False,2,3,1,2015-06,2015-06,https://www.mapillary.com/app/?pKey=307540660895230&focus=photo,
gree-00299,40.730625,-73.946335,True,wood_utility,,lean_slight,slight,none_visible,none,False,1,3,1,2015-06,2015-06,https://www.mapillary.com/app/?pKey=290605162697605&focus=photo,
gree-00300,40.72881,-73.94603,False,street_light,,,none,none_visible,none,False,0,1,1,2015-06,2015-06,https://www.mapillary.com/app/?pKey=183505443636240&focus=photo,
gree-00301,40.727776,-73.94589,True,wood_utility,,,none,none_visible,near,False,2,3,1,2015-06,2015-06,https://www.mapillary.com/app/?pKey=487384585797503&focus=photo,
gree-00302,40.729767,-73.9462,True,wood_utility,,,none,none_visible,near,False,0,2,1,2015-06,2015-06,https://www.mapillary.com/app/?pKey=469277957708743&focus=photo,
gree-00303,40.728634,-73.94601,True,wood_utility,,,none,none_visible,none,False,1,2,1,2015-06,2015-06,https://www.mapillary.com/app/?pKey=464539568155672&focus=photo,
gree-00304,40.7284,-73.94598,True,wood_utility,,lean_slight,slight,none_visible,none,False,2,2,1,2015-06,2015-06,https://www.mapillary.com/app/?pKey=132894418862967&focus=photo,
gree-00305,40.72919,-73.94611,True,wood_utility,,lean_slight,slight,none_visible,none,False,1,3,1,2015-06,2015-06,https://www.mapillary.com/app/?pKey=158554359539998&focus=photo,
gree-00306,40.7258276,-73.941768,True,wood_utility,,lean_slight,slight,none_visible,none,False,2,15,5,2024-07,2024-07,https://www.mapillary.com/app/?pKey=1841921562958073&focus=photo,
gree-00307,40.724754,-73.940384,True,wood_utility,lean,,severe,none_visible,near,False,1,3,1,2024-03,2024-03,https://www.mapillary.com/app/?pKey=1521202755090923&focus=photo,
gree-00308,40.7260008,-73.9407353,True,wood_utility,,lean_slight,slight,none_visible,none,False,0,9,3,2024-07,2024-07,https://www.mapillary.com/app/?pKey=795938609376853&focus=photo,
gree-00309,40.7356915,-73.9348225,True,wood_utility,,lean_slight,slight,none_visible,none,False,2,6,1,2018-05,2018-05,https://www.mapillary.com/app/?pKey=1122347118268778&focus=photo,
gree-00310,40.735382,-73.935665,True,wood_utility,,lean_slight,slight,none_visible,near,False,2,6,2,2018-05,2018-05,https://www.mapillary.com/app/?pKey=4103557466357796&focus=photo,
gree-00311,40.73563,-73.93472,True,wood_utility,,lean_slight,slight,none_visible,near,False,1,3,1,2018-05,2018-05,https://www.mapillary.com/app/?pKey=932670150853502&focus=photo,
gree-00312,40.73612,-73.93392,True,wood_utility,,lean_slight,slight,none_visible,near,False,2,3,1,2018-05,2018-05,https://www.mapillary.com/app/?pKey=292979292537397&focus=photo,
gree-00313,40.735264,-73.936,True,wood_utility,vegetation,lean_slight,slight,none_visible,touching,False,1,2,1,2018-05,2018-05,https://www.mapillary.com/app/?pKey=497992368313575&focus=photo,
gree-00314,40.735786,-73.93466,True,wood_utility,,lean_slight,slight,none_visible,none,False,2,3,1,2018-05,2018-05,https://www.mapillary.com/app/?pKey=181733777153401&focus=photo,
gree-00315,40.735985,-73.934204,True,wood_utility,,,none,none_visible,near,False,1,2,1,2018-05,2018-05,https://www.mapillary.com/app/?pKey=504403244331132&focus=photo,
gree-00316,40.720284,-73.94508,True,wood_utility,,lean_slight,slight,none_visible,near,False,2,3,1,2024-04,2024-04,https://www.mapillary.com/app/?pKey=2262413680769284&focus=photo,
gree-00317,40.73785,-73.93063,False,other,,,none,none_visible,none,False,0,3,1,2018-08,2018-08,https://www.mapillary.com/app/?pKey=534378317561367&focus=photo,
gree-00318,40.7378405,-73.93047,True,wood_utility,,lean_slight,slight,none_visible,none,False,1,6,1,2018-08,2018-08,https://www.mapillary.com/app/?pKey=2911661389105644&focus=photo,
gree-00319,40.736217,-73.95085,True,wood_utility,,,none,none_visible,none,False,1,3,1,2018-08,2018-08,https://www.mapillary.com/app/?pKey=153963283366361&focus=photo,
gree-00320,40.736126,-73.95225,True,wood_utility,,lean_slight,slight,none_visible,near,False,1,3,1,2018-08,2018-08,https://www.mapillary.com/app/?pKey=632900764344303&focus=photo,
gree-00321,40.736694,-73.9502,True,wood_utility,,lean_slight,slight,unclear,near,False,2,3,1,2018-08,2018-08,https://www.mapillary.com/app/?pKey=1666473786878066&focus=photo,
gree-00322,40.736168,-73.95152,True,wood_utility,,,none,none_visible,none,False,2,3,1,2018-08,2018-08,https://www.mapillary.com/app/?pKey=269537828253410&focus=photo,
gree-00323,40.720596,-73.94818,False,street_light,,,none,none_visible,near,False,0,2,1,2023-10,2023-10,https://www.mapillary.com/app/?pKey=245448911860351&focus=photo,
gree-00324,40.73461,-73.952614,False,street_light,,,none,none_visible,near,False,1,3,1,2018-08,2018-08,https://www.mapillary.com/app/?pKey=2840465476176206&focus=photo,
gree-00325,40.735474,-73.95244,False,street_light,,,none,none_visible,near,False,1,3,1,2018-08,2018-08,https://www.mapillary.com/app/?pKey=1118351535331086&focus=photo,
gree-00326,40.725715,-73.94265,True,wood_utility,,lean_slight,slight,none_visible,none,False,2,6,2,2024-03,2024-03,https://www.mapillary.com/app/?pKey=6022364561221532&focus=photo,
gree-00327,40.719368,-73.95426,True,wood_utility,,lean_slight,slight,none_visible,none,False,1,3,1,2016-06,2016-06,https://www.mapillary.com/app/?pKey=791996768119109&focus=photo,
gree-00328,40.719048,-73.95379,True,wood_utility,,,none,none_visible,near,False,2,3,1,2016-06,2016-06,https://www.mapillary.com/app/?pKey=313324473517657&focus=photo,
gree-00329,40.71922,-73.954,True,wood_utility,,,none,none_visible,none,False,1,3,1,2016-06,2016-06,https://www.mapillary.com/app/?pKey=474843350512772&focus=photo,
gree-00330,40.718876,-73.95354,True,wood_utility,,,none,none_visible,near,False,2,3,1,2016-06,2016-06,https://www.mapillary.com/app/?pKey=3939546642761946&focus=photo,
gree-00331,40.725418,-73.941216,True,wood_utility,,lean_slight,slight,none_visible,none,False,2,3,1,2024-03,2024-03,https://www.mapillary.com/app/?pKey=800249205456022&focus=photo,
gree-00332,40.722477,-73.95911,True,wood_utility,,lean_slight,slight,none_visible,none,False,2,3,1,2019-12,2019-12,https://www.mapillary.com/app/?pKey=896931844205048&focus=photo,
gree-00333,40.7260868,-73.94123,False,street_light,,,none,none_visible,near,False,0,5,1,2024-07,2024-07,https://www.mapillary.com/app/?pKey=1024451745943683&focus=photo,
gree-00334,40.723919,-73.94048,True,wood_utility,,,none,none_visible,near,False,1,6,1,2024-03,2024-03,https://www.mapillary.com/app/?pKey=1154455452117589&focus=photo,
gree-00335,40.738827,-73.93246,False,other,,,unclear,none_visible,none,False,3,3,1,2018-09,2018-09,https://www.mapillary.com/app/?pKey=4634481813245298&focus=photo,
gree-00336,40.724323,-73.93748,False,street_light,,,none,none_visible,none,False,0,1,1,2020-03,2020-03,https://www.mapillary.com/app/?pKey=983464379116145&focus=photo,
gree-00337,40.7259509,-73.941335,True,wood_utility,,lean_slight,slight,none_visible,near,False,2,16,3,2024-07,2024-07,https://www.mapillary.com/app/?pKey=1638343106931031&focus=photo,
gree-00338,40.7258865,-73.941395,True,wood_utility,,lean_slight,slight,intact,near,True,2,6,1,2024-07,2024-07,https://www.mapillary.com/app/?pKey=948291397048681&focus=photo,
gree-00339,40.724686,-73.9345033,True,wood_utility,,,none,none_visible,none,False,0,3,1,2023-10,2023-10,https://www.mapillary.com/app/?pKey=653481573561172&focus=photo,
gree-00340,40.724964,-73.944336,False,street_light,,,none,none_visible,near,False,1,2,1,2023-08,2023-08,https://www.mapillary.com/app/?pKey=262374589955400&focus=photo,
gree-00341,40.7254585,-73.94064,True,wood_utility,,lean_slight,slight,unclear,none,False,2,6,2,2024-03,2024-03,https://www.mapillary.com/app/?pKey=795744505804049&focus=photo,
gree-00342,40.73689,-73.93316,True,wood_utility,,,unclear,unclear,none,False,0,1,1,2020-04,2020-04,https://www.mapillary.com/app/?pKey=528927575149992&focus=photo,
gree-00343,40.729057,-73.95865,True,wood_utility,,,none,none_visible,none,False,1,3,1,2019-12,2019-12,https://www.mapillary.com/app/?pKey=474875193841741&focus=photo,
gree-00344,40.72102,-73.96112,True,wood_utility,crossarm,lean_slight,slight,damaged,near,False,0,3,1,2019-12,2019-12,https://www.mapillary.com/app/?pKey=490745012143980&focus=photo,
gree-00345,40.72483,-73.94845,True,wood_utility,,lean_slight,slight,none_visible,none,False,1,2,1,2024-12,2024-12,https://www.mapillary.com/app/?pKey=581544311265319&focus=photo,
gree-00346,40.72529,-73.945496,False,traffic_signal,,,unclear,unclear,none,False,0,2,1,2016-02,2016-02,https://www.mapillary.com/app/?pKey=231977045385535&focus=photo,
gree-00347,40.730446,-73.95924,True,wood_utility,,,none,none_visible,none,False,1,3,1,2019-12,2019-12,https://www.mapillary.com/app/?pKey=323733655937277&focus=photo,
gree-00348,40.730278,-73.95924,True,wood_utility,,,none,none_visible,none,False,2,1,1,2019-12,2019-12,https://www.mapillary.com/app/?pKey=277439177394366&focus=photo,
gree-00349,40.73048,-73.95893,True,wood_utility,,lean_slight,slight,none_visible,none,False,2,3,1,2019-12,2019-12,https://www.mapillary.com/app/?pKey=4116060468453683&focus=photo,
gree-00350,40.725224,-73.940475,True,wood_utility,,lean_slight,slight,none_visible,near,False,2,3,1,2024-03,2024-03,https://www.mapillary.com/app/?pKey=1102570494416196&focus=photo,
gree-00351,40.725994,-73.941788,True,wood_utility,,lean_slight,slight,none_visible,none,False,2,6,2,2024-07,2024-07,https://www.mapillary.com/app/?pKey=1002875681069831&focus=photo,
gree-00352,40.724842,-73.93492,True,wood_utility,,lean_slight,slight,none_visible,none,False,1,2,1,2017-10,2017-10,https://www.mapillary.com/app/?pKey=194050155871686&focus=photo,
gree-00353,40.725018,-73.93393,False,street_light,,,none,none_visible,none,False,0,3,1,2017-10,2017-10,https://www.mapillary.com/app/?pKey=471024397527451&focus=photo,
gree-00354,40.724957,-73.934296,False,street_light,,,none,none_visible,none,False,0,2,1,2017-10,2017-10,https://www.mapillary.com/app/?pKey=794859521162892&focus=photo,
gree-00355,40.725094,-73.93354,False,street_light,,,none,none_visible,none,False,0,3,1,2017-10,2017-10,https://www.mapillary.com/app/?pKey=297102842003799&focus=photo,
gree-00356,40.720257,-73.9446,False,traffic_signal,,,none,none_visible,none,False,0,3,1,2024-12,2024-12,https://www.mapillary.com/app/?pKey=1467965230564947&focus=photo,
gree-00357,40.723875,-73.94145,True,wood_utility,,lean_slight,slight,none_visible,none,False,2,6,1,2024-07,2024-07,https://www.mapillary.com/app/?pKey=466014706291699&focus=photo,
gree-00358,40.72304,-73.93987,False,other,,,none,none_visible,none,False,1,3,1,2017-10,2017-10,https://www.mapillary.com/app/?pKey=496767801446220&focus=photo,
gree-00359,40.7261085,-73.94046,True,wood_utility,,lean_slight,slight,unclear,none,False,2,6,1,2024-03,2024-03,https://www.mapillary.com/app/?pKey=1402978040341523&focus=photo,
gree-00360,40.725918,-73.94053,False,unclear,,,unclear,none_visible,unclear,False,0,3,1,2024-03,2024-03,https://www.mapillary.com/app/?pKey=384193121112909&focus=photo,
gree-00361,40.7258963,-73.9405983,True,wood_utility,,lean_slight,slight,intact,none,False,2,9,1,2024-03,2024-03,https://www.mapillary.com/app/?pKey=2773493639456788&focus=photo,
gree-00362,40.73561,-73.9367,True,wood_utility,,lean_slight,slight,none_visible,none,False,2,3,1,2018-05,2018-05,https://www.mapillary.com/app/?pKey=868963977294175&focus=photo,
gree-00363,40.735813,-73.936833,True,wood_utility,,lean_slight,slight,none_visible,none,False,2,6,2,2018-06,2018-06,https://www.mapillary.com/app/?pKey=295124962282063&focus=photo,
gree-00364,40.735577,-73.9371,True,wood_utility,vegetation,lean_slight,slight,none_visible,touching,False,1,3,1,2018-05,2018-05,https://www.mapillary.com/app/?pKey=313155236873291&focus=photo,
gree-00365,40.734425,-73.95488,False,traffic_signal,,,unclear,none_visible,near,False,1,2,1,2018-05,2018-05,https://www.mapillary.com/app/?pKey=293222708921417&focus=photo,
gree-00366,40.729643,-73.948655,False,street_light,,,none,none_visible,none,False,2,4,1,2015-12,2015-12,https://www.mapillary.com/app/?pKey=270023684793218&focus=photo,
gree-00367,40.729263,-73.949895,True,wood_utility,,lean_slight,slight,none_visible,none,False,1,2,1,2015-12,2015-12,https://www.mapillary.com/app/?pKey=797176204256975&focus=photo,
gree-00368,40.72949,-73.949,True,wood_utility,,,none,none_visible,none,False,0,3,1,2015-12,2015-12,https://www.mapillary.com/app/?pKey=295205725469833&focus=photo,
gree-00369,40.729603,-73.94915,True,wood_utility,,,none,none_visible,none,False,1,2,1,2015-12,2015-12,https://www.mapillary.com/app/?pKey=368750071159005&focus=photo,
gree-00370,40.72983,-73.94804,True,wood_utility,,lean_slight,slight,none_visible,none,False,1,3,1,2015-12,2015-12,https://www.mapillary.com/app/?pKey=482313989638942&focus=photo,
gree-00371,40.72974,-73.94831,True,wood_utility,,,none,none_visible,none,False,0,2,1,2015-12,2015-12,https://www.mapillary.com/app/?pKey=293488035609319&focus=photo,
gree-00372,40.72787,-73.95909,True,wood_utility,,lean_slight,slight,none_visible,none,False,0,2,1,2019-12,2019-12,https://www.mapillary.com/app/?pKey=2284594085008043&focus=photo,
gree-00373,40.726814,-73.95884,False,street_light,,,none,none_visible,none,False,1,1,1,2019-12,2019-12,https://www.mapillary.com/app/?pKey=487996758979600&focus=photo,
gree-00374,40.72694,-73.958405,True,wood_utility,,,none,none_visible,near,False,2,3,1,2019-12,2019-12,https://www.mapillary.com/app/?pKey=300058571661426&focus=photo,
gree-00375,40.727486,-73.95882,True,wood_utility,,lean_slight,slight,none_visible,none,False,1,3,1,2019-12,2019-12,https://www.mapillary.com/app/?pKey=521571795676006&focus=photo,
gree-00376,40.727734,-73.958885,True,wood_utility,,lean_slight,slight,none_visible,none,False,0,3,1,2019-12,2019-12,https://www.mapillary.com/app/?pKey=302049558183337&focus=photo,
gree-00377,40.734493,-73.93786,False,street_light,,,none,none_visible,none,False,0,1,1,2018-06,2018-06,https://www.mapillary.com/app/?pKey=5511600535580349&focus=photo,
gree-00378,40.7344058,-73.937795,True,wood_utility,,lean_slight,slight,none_visible,none,False,1,5,2,2018-05,2018-06,https://www.mapillary.com/app/?pKey=341291307338594&focus=photo,
gree-00379,40.723938,-73.95111,False,street_light,,,none,none_visible,none,False,0,1,1,2016-06,2016-06,https://www.mapillary.com/app/?pKey=490217728763807&focus=photo,
gree-00380,40.734705,-73.95274,True,wood_utility,,,none,none_visible,none,False,1,6,2,2018-08,2018-08,https://www.mapillary.com/app/?pKey=869602970258286&focus=photo,
gree-00381,40.738016,-73.93091,True,wood_utility,,lean_slight,slight,none_visible,none,False,1,2,1,2018-08,2018-08,https://www.mapillary.com/app/?pKey=180614830612060&focus=photo,
gree-00382,40.721767,-73.94449,True,wood_utility,vegetation,,unclear,unclear,touching,False,1,3,1,2018-05,2018-05,https://www.mapillary.com/app/?pKey=218277633094877&focus=photo,
gree-00383,40.72181,-73.944115,True,wood_utility,,lean_slight,slight,none_visible,near,False,0,3,1,2018-05,2018-05,https://www.mapillary.com/app/?pKey=330359378718402&focus=photo,
gree-00384,40.71889,-73.95619,True,wood_utility,vegetation,,none,none_visible,touching,False,0,3,1,2016-07,2016-07,https://www.mapillary.com/app/?pKey=755717805064328&focus=photo,
gree-00385,40.718815,-73.956215,True,wood_utility,,lean_slight,slight,none_visible,near,False,2,3,1,2016-07,2016-07,https://www.mapillary.com/app/?pKey=453204585779387&focus=photo,
gree-00386,40.7191,-73.95671,True,wood_utility,,,none,none_visible,near,False,2,3,1,2016-07,2016-07,https://www.mapillary.com/app/?pKey=302156081354218&focus=photo,
gree-00387,40.71886,-73.95633,True,wood_utility,,,none,none_visible,none,False,2,3,1,2016-07,2016-07,https://www.mapillary.com/app/?pKey=165518225497269&focus=photo,
gree-00388,40.731972,-73.94461,True,wood_utility,,,unclear,unclear,none,False,0,3,2,2023-10,2023-10,https://www.mapillary.com/app/?pKey=1609864626444865&focus=photo,
gree-00389,40.73218,-73.944626,True,wood_utility,,,none,intact,near,False,2,3,1,2018-05,2018-05,https://www.mapillary.com/app/?pKey=496496471774144&focus=photo,
gree-00390,40.7320588,-73.945013,True,wood_utility,,lean_slight,slight,none_visible,none,False,0,5,1,2018-05,2018-05,https://www.mapillary.com/app/?pKey=522729512054721&focus=photo,
gree-00391,40.732273,-73.94352,True,wood_utility,,lean_slight,slight,intact,none,False,2,3,1,2018-05,2018-05,https://www.mapillary.com/app/?pKey=767216547311408&focus=photo,
gree-00392,40.732292,-73.9434,False,street_light,vegetation,,none,none_visible,touching,False,0,1,1,2018-05,2018-05,https://www.mapillary.com/app/?pKey=140461594731611&focus=photo,
gree-00393,40.732212,-73.94451,True,wood_utility,,,none,intact,none,False,0,3,1,2018-05,2018-05,https://www.mapillary.com/app/?pKey=1953266128158808&focus=photo,
gree-00394,40.7322954,-73.9435846,True,wood_utility,,lean_slight,slight,unclear,none,False,2,7,1,2018-05,2018-05,https://www.mapillary.com/app/?pKey=372258664173824&focus=photo,
gree-00395,40.73249,-73.943,True,wood_utility,,,unclear,unclear,near,False,2,1,1,2018-05,2018-05,https://www.mapillary.com/app/?pKey=321010812740329&focus=photo,
gree-00396,40.7352,-73.94992,True,wood_utility,vegetation,,none,none_visible,touching,False,0,2,1,2018-08,2018-08,https://www.mapillary.com/app/?pKey=520394805763846&focus=photo,
gree-00397,40.72245,-73.955086,True,wood_utility,,,none,none_visible,near,False,0,3,1,2023-10,2023-10,https://www.mapillary.com/app/?pKey=330894696140260&focus=photo,
gree-00398,40.719242,-73.94132,True,wood_utility,,,none,none_visible,near,False,1,3,1,2018-06,2018-06,https://www.mapillary.com/app/?pKey=2478721858939639&focus=photo,
gree-00399,40.718987,-73.94054,True,wood_utility,,,none,none_visible,near,False,2,3,1,2018-06,2018-06,https://www.mapillary.com/app/?pKey=307566014109420&focus=photo,
gree-00400,40.719303,-73.94068,True,wood_utility,,lean_slight,slight,none_visible,none,False,2,2,1,2018-06,2018-06,https://www.mapillary.com/app/?pKey=312520563803075&focus=photo,
gree-00401,40.719276,-73.94095,True,wood_utility,,lean_slight,slight,none_visible,none,False,1,3,1,2018-06,2018-06,https://www.mapillary.com/app/?pKey=318638389665855&focus=photo,
gree-00402,40.719324,-73.940596,True,wood_utility,,lean_slight,slight,none_visible,none,False,2,5,1,2018-06,2018-06,https://www.mapillary.com/app/?pKey=448097326544730&focus=photo,
gree-00403,40.719303,-73.941635,True,wood_utility,,lean_slight,slight,none_visible,near,False,0,3,1,2018-06,2018-06,https://www.mapillary.com/app/?pKey=866099497304411&focus=photo,
gree-00404,40.72212,-73.95205,False,street_light,lean,,severe,none_visible,near,False,0,3,1,2023-09,2023-09,https://www.mapillary.com/app/?pKey=322037513697585&focus=photo,
gree-00405,40.725355,-73.94166,True,wood_utility,vegetation,,none,none_visible,touching,False,2,6,2,2024-02,2024-07,https://www.mapillary.com/app/?pKey=1395719371060622&focus=photo,
gree-00406,40.73289,-73.9493207,True,concrete_or_steel_utility,,,none,none_visible,none,False,0,3,1,2019-12,2019-12,https://www.mapillary.com/app/?pKey=504732724218756&focus=photo,
gree-00407,40.7361097,-73.950226,True,wood_utility,lean,,moderate,none_visible,none,False,1,3,1,2019-12,2019-12,https://www.mapillary.com/app/?pKey=169543464977724&focus=photo,
gree-00408,40.733418,-73.94954,True,wood_utility,vegetation,lean_slight,slight,unclear,touching,False,1,3,1,2019-12,2019-12,https://www.mapillary.com/app/?pKey=298736541825290&focus=photo,
gree-00409,40.736897,-73.951096,True,wood_utility,vegetation,,unclear,unclear,touching,False,0,1,1,2019-12,2019-12,https://www.mapillary.com/app/?pKey=576304413332900&focus=photo,
gree-00410,40.73663,-73.950386,True,wood_utility,,,none,none_visible,none,False,1,2,1,2019-12,2019-12,https://www.mapillary.com/app/?pKey=189816132880012&focus=photo,
gree-00411,40.736416,-73.9502,True,wood_utility,,lean_slight,slight,none_visible,none,False,1,3,1,2019-12,2019-12,https://www.mapillary.com/app/?pKey=1921985014646190&focus=photo,
gree-00412,40.736763,-73.950714,True,wood_utility,,lean_slight,slight,none_visible,none,False,0,2,1,2019-12,2019-12,https://www.mapillary.com/app/?pKey=576304413332900&focus=photo,
gree-00413,40.735706,-73.950096,True,wood_utility,,,none,none_visible,none,False,2,1,1,2019-12,2019-12,https://www.mapillary.com/app/?pKey=1674914439364740&focus=photo,
gree-00414,40.7326992,-73.9429135,True,wood_utility,,,none,intact,none,False,2,4,2,2023-10,2023-10,https://www.mapillary.com/app/?pKey=1162009865175155&focus=photo,
gree-00415,40.72429,-73.94957,False,street_light,,,none,none_visible,none,False,0,3,1,2023-08,2023-08,https://www.mapillary.com/app/?pKey=1978614625854716&focus=photo,
gree-00416,40.724464,-73.9364,False,street_light,,,none,none_visible,none,False,0,2,1,2018-07,2018-07,https://www.mapillary.com/app/?pKey=1898443993669631&focus=photo,
gree-00417,40.725605,-73.94086,True,wood_utility,lean,,moderate,none_visible,none,False,1,3,1,2024-03,2024-03,https://www.mapillary.com/app/?pKey=2032751020431784&focus=photo,
gree-00418,40.736862,-73.9318,False,traffic_signal,,,none,none_visible,none,False,0,1,1,2018-05,2018-05,https://www.mapillary.com/app/?pKey=495137368272591&focus=photo,
gree-00419,40.73617,-73.93352,True,wood_utility,,lean_slight,slight,none_visible,none,False,2,3,1,2018-05,2018-05,https://www.mapillary.com/app/?pKey=1190342628133052&focus=photo,
gree-00420,40.736645,-73.93234,True,wood_utility,,lean_slight,slight,none_visible,near,False,2,1,1,2018-05,2018-05,https://www.mapillary.com/app/?pKey=464848011413650&focus=photo,
gree-00421,40.73652,-73.93264,True,wood_utility,,lean_slight,slight,none_visible,none,False,2,3,1,2018-05,2018-05,https://www.mapillary.com/app/?pKey=173691577989819&focus=photo,
gree-00422,40.736398,-73.9328025,True,wood_utility,,lean_slight,slight,none_visible,none,False,1,6,2,2018-09,2018-09,https://www.mapillary.com/app/?pKey=252474156447760&focus=photo,
gree-00423,40.736295,-73.933055,True,wood_utility,,lean_slight,slight,none_visible,none,False,2,6,2,2018-09,2018-09,https://www.mapillary.com/app/?pKey=191921076128094&focus=photo,
gree-00424,40.7368525,-73.93166,False,traffic_signal,,,none,none_visible,none,False,0,6,2,2018-08,2018-08,https://www.mapillary.com/app/?pKey=165189572206330&focus=photo,
gree-00425,40.7191664,-73.958319,True,wood_utility,,,none,none_visible,near,False,2,5,2,2016-06,2016-06,https://www.mapillary.com/app/?pKey=234293501827363&focus=photo,
gree-00426,40.719517,-73.95815,False,street_light,,,none,none_visible,none,False,0,3,1,2016-06,2016-06,https://www.mapillary.com/app/?pKey=1852156118277752&focus=photo,
gree-00427,40.719444,-73.958244,True,wood_utility,,lean_slight,slight,none_visible,near,False,3,3,1,2016-06,2016-06,https://www.mapillary.com/app/?pKey=251977530005002&focus=photo,
gree-00428,40.719288,-73.95841,True,wood_utility,vegetation,,none,none_visible,touching,False,2,3,1,2016-06,2016-06,https://www.mapillary.com/app/?pKey=157258106343057&focus=photo,
gree-00429,40.734196,-73.938194,False,traffic_signal,,,none,none_visible,none,False,0,3,1,2015-06,2015-06,https://www.mapillary.com/app/?pKey=952783015493284&focus=photo,
gree-00430,40.73198,-73.95962,True,wood_utility,,lean_slight,slight,none_visible,near,False,2,3,1,2019-12,2019-12,https://www.mapillary.com/app/?pKey=468616060888297&focus=photo,
gree-00431,40.731705,-73.96061,True,wood_utility,,,none,none_visible,none,False,1,3,1,2019-12,2019-12,https://www.mapillary.com/app/?pKey=480302809873578&focus=photo,
gree-00432,40.73165,-73.961044,False,street_light,,lean_slight,slight,none_visible,none,False,0,3,1,2019-12,2019-12,https://www.mapillary.com/app/?pKey=506116307244522&focus=photo,
gree-00433,40.73172,-73.960335,True,wood_utility,,,none,none_visible,none,False,1,3,1,2019-12,2019-12,https://www.mapillary.com/app/?pKey=2789921507891783&focus=photo,
gree-00434,40.73189,-73.959625,True,wood_utility,,lean_slight,slight,unclear,none,False,2,2,1,2019-12,2019-12,https://www.mapillary.com/app/?pKey=303927964631463&focus=photo,
gree-00435,40.735733,-73.936745,True,wood_utility,,lean_slight,slight,none_visible,none,False,2,1,1,2015-06,2015-06,https://www.mapillary.com/app/?pKey=1166033553848505&focus=photo,
gree-00436,40.7355,-73.93658,True,wood_utility,,,none,none_visible,none,False,2,2,1,2015-06,2015-06,https://www.mapillary.com/app/?pKey=461295601612428&focus=photo,
gree-00437,40.737137,-73.933426,False,street_light,,,none,none_visible,none,False,1,3,1,2020-03,2020-03,https://www.mapillary.com/app/?pKey=2304339483033272&focus=photo,
gree-00438,40.731335,-73.94338,True,wood_utility,,,none,none_visible,near,False,1,3,1,2018-06,2018-06,https://www.mapillary.com/app/?pKey=895174371029619&focus=photo,
gree-00439,40.731434,-73.94325,True,wood_utility,,lean_slight,slight,none_visible,none,False,1,1,1,2018-06,2018-06,https://www.mapillary.com/app/?pKey=305100841180961&focus=photo,
gree-00440,40.73162,-73.943275,True,wood_utility,,,none,none_visible,none,False,1,1,1,2018-06,2018-06,https://www.mapillary.com/app/?pKey=830591810910165&focus=photo,
gree-00441,40.739113,-73.955376,False,other,,,unclear,none_visible,none,False,0,2,1,2023-10,2023-10,https://www.mapillary.com/app/?pKey=274119402404528&focus=photo,
gree-00442,40.739124,-73.95509,False,other,,,unclear,none_visible,none,False,0,2,1,2023-10,2023-10,https://www.mapillary.com/app/?pKey=1582364389218875&focus=photo,
gree-00443,40.7256,-73.940765,True,wood_utility,,lean_slight,slight,unclear,near,False,2,1,1,2024-03,2024-03,https://www.mapillary.com/app/?pKey=1181898576307502&focus=photo,
gree-00444,40.73707,-73.932594,True,wood_utility,,lean_slight,slight,intact,none,False,1,3,1,2018-07,2018-07,https://www.mapillary.com/app/?pKey=192925052573787&focus=photo,
gree-00445,40.73724,-73.93354,False,street_light,,,none,none_visible,none,False,0,3,1,2018-07,2018-07,https://www.mapillary.com/app/?pKey=810187586276412&focus=photo,
gree-00446,40.737285,-73.933792,False,other,,lean_slight,slight,none_visible,none,False,0,6,1,2018-07,2018-07,https://www.mapillary.com/app/?pKey=282116137031697&focus=photo,
gree-00447,40.73717,-73.93315,True,wood_utility,,lean_slight,slight,none_visible,none,False,1,3,1,2018-07,2018-07,https://www.mapillary.com/app/?pKey=146092384166624&focus=photo,
gree-00448,40.7229,-73.939384,True,wood_utility,,,unclear,none_visible,none,False,2,3,1,2017-07,2017-07,https://www.mapillary.com/app/?pKey=2957682624463780&focus=photo,
gree-00449,40.737213,-73.93074,True,wood_utility,,,none,none_visible,none,False,1,3,1,2018-07,2018-07,https://www.mapillary.com/app/?pKey=559201085066477&focus=photo,
gree-00450,40.72592,-73.93184,False,other,,,unclear,none_visible,none,False,0,3,1,2018-08,2018-08,https://www.mapillary.com/app/?pKey=473790510526391&focus=photo,
gree-00451,40.721684,-73.95352,False,street_light,vegetation,,none,none_visible,touching,False,2,1,1,2023-09,2023-09,https://www.mapillary.com/app/?pKey=880132577011235&focus=photo,
gree-00452,40.737564,-73.9358,False,street_light,,,none,none_visible,none,False,0,1,1,2020-03,2020-03,https://www.mapillary.com/app/?pKey=291519889375920&focus=photo,
gree-00453,40.727264,-73.952576,False,other,,,none,none_visible,none,False,0,3,1,2016-06,2016-06,https://www.mapillary.com/app/?pKey=785079599104147&focus=photo,
gree-00454,40.7273255,-73.929845,True,wood_utility,lean;vegetation,,moderate,none_visible,touching,False,1,6,1,2023-10,2023-10,https://www.mapillary.com/app/?pKey=608752564582550&focus=photo,
gree-00455,40.7272181,-73.929795,True,wood_utility,vegetation,lean_slight,slight,none_visible,touching,False,0,8,1,2023-10,2023-10,https://www.mapillary.com/app/?pKey=347117591150666&focus=photo,
gree-00456,40.72708,-73.92998,True,wood_utility,,lean_slight,slight,none_visible,near,False,2,3,1,2023-10,2023-10,https://www.mapillary.com/app/?pKey=2384723038380797&focus=photo,
gree-00457,40.727385,-73.9297733,True,wood_utility,,lean_slight,slight,none_visible,near,False,0,9,2,2024-04,2024-04,https://www.mapillary.com/app/?pKey=1202184310915262&focus=photo,
gree-00458,40.72746,-73.92972,True,wood_utility,,lean_slight,slight,none_visible,near,False,1,3,1,2023-10,2023-10,https://www.mapillary.com/app/?pKey=1934844356911344&focus=photo,
gree-00459,40.727062,-73.92981,True,wood_utility,,,unclear,none_visible,near,False,1,3,1,2023-10,2023-10,https://www.mapillary.com/app/?pKey=374096571609715&focus=photo,
gree-00460,40.7271425,-73.92995,True,wood_utility,,lean_slight,slight,none_visible,near,False,1,6,1,2023-10,2023-10,https://www.mapillary.com/app/?pKey=226957603497950&focus=photo,
gree-00461,40.7272605,-73.929905,True,wood_utility,vegetation,lean_slight,slight,none_visible,touching,False,0,6,1,2023-10,2023-10,https://www.mapillary.com/app/?pKey=860359902336482&focus=photo,
gree-00462,40.73247,-73.94373,True,wood_utility,,,unclear,intact,near,False,2,3,1,2018-06,2018-06,https://www.mapillary.com/app/?pKey=171136528222630&focus=photo,
gree-00463,40.732536,-73.9436,True,wood_utility,,,none,none_visible,none,False,0,3,1,2018-06,2018-06,https://www.mapillary.com/app/?pKey=293594585676613&focus=photo,
gree-00464,40.732574,-73.94231,True,wood_utility,,lean_slight,slight,none_visible,near,False,0,3,1,2018-06,2018-06,https://www.mapillary.com/app/?pKey=753362658616113&focus=photo,
gree-00465,40.737354,-73.932434,False,street_light,,,none,none_visible,none,False,0,2,1,2020-03,2020-03,https://www.mapillary.com/app/?pKey=1390608581309243&focus=photo,
gree-00466,40.72181,-73.95061,False,street_light,,,none,none_visible,near,False,1,3,1,2023-07,2023-07,https://www.mapillary.com/app/?pKey=811778267260317&focus=photo,
gree-00467,40.721924,-73.95022,False,street_light,,,none,none_visible,near,False,0,2,1,2023-07,2023-07,https://www.mapillary.com/app/?pKey=210623398642504&focus=photo,
gree-00468,40.727245,-73.92968,True,wood_utility,,lean_slight,slight,none_visible,near,False,1,1,1,2023-10,2023-10,https://www.mapillary.com/app/?pKey=812274937259280&focus=photo,
gree-00469,40.724808,-73.93445,False,street_light,,,none,none_visible,none,False,0,2,1,2017-11,2017-11,https://www.mapillary.com/app/?pKey=3033017576933634&focus=photo,
gree-00470,40.72481,-73.935074,True,wood_utility,lean,,moderate,none_visible,none,False,1,3,1,2017-11,2017-11,https://www.mapillary.com/app/?pKey=746083116064662&focus=photo,
gree-00471,40.724804,-73.934814,False,street_light,,lean_slight,slight,none_visible,none,False,0,2,1,2017-11,2017-11,https://www.mapillary.com/app/?pKey=829232764695764&focus=photo,
gree-00472,40.725456,-73.95587,True,wood_utility,,lean_slight,slight,none_visible,none,False,2,3,1,2023-10,2023-10,https://www.mapillary.com/app/?pKey=431190926022272&focus=photo,
gree-00473,40.724316,-73.95503,False,street_light,,,none,none_visible,none,False,0,3,1,2023-10,2023-10,https://www.mapillary.com/app/?pKey=1110691513607160&focus=photo,
gree-00474,40.72481,-73.95535,False,street_light,,,none,none_visible,none,False,0,2,1,2023-10,2023-10,https://www.mapillary.com/app/?pKey=294933083411707&focus=photo,
gree-00475,40.72359,-73.95467,False,street_light,,,none,none_visible,near,False,0,1,1,2023-10,2023-10,https://www.mapillary.com/app/?pKey=793145449323155&focus=photo,
gree-00476,40.724117,-73.954956,True,wood_utility,,lean_slight,slight,none_visible,none,False,2,3,1,2023-10,2023-10,https://www.mapillary.com/app/?pKey=7449311208439546&focus=photo,
gree-00477,40.724556,-73.95521,True,wood_utility,,lean_slight,slight,none_visible,near,False,1,3,1,2023-10,2023-10,https://www.mapillary.com/app/?pKey=447084804413692&focus=photo,
gree-00478,40.725754,-73.95604,True,wood_utility,,lean_slight,slight,none_visible,none,False,2,3,1,2023-10,2023-10,https://www.mapillary.com/app/?pKey=940741487780610&focus=photo,
gree-00479,40.72505,-73.95565,True,wood_utility,,,none,none_visible,near,False,2,3,1,2023-10,2023-10,https://www.mapillary.com/app/?pKey=270315869352951&focus=photo,
gree-00480,40.725163,-73.9557,False,street_light,,,none,none_visible,none,False,0,3,1,2023-10,2023-10,https://www.mapillary.com/app/?pKey=919281619648041&focus=photo,
gree-00481,40.725933,-73.95598,True,wood_utility,,lean_slight,slight,none_visible,none,False,1,3,1,2023-10,2023-10,https://www.mapillary.com/app/?pKey=1621420028614647&focus=photo,
gree-00482,40.725918,-73.956184,False,street_light,,lean_slight,slight,none_visible,none,False,0,1,1,2023-10,2023-10,https://www.mapillary.com/app/?pKey=1184036799244811&focus=photo,
gree-00483,40.72474,-73.95546,True,wood_utility,,lean_slight,slight,none_visible,none,False,2,3,1,2023-10,2023-10,https://www.mapillary.com/app/?pKey=1352416058792993&focus=photo,
gree-00484,40.734383,-73.9377,True,wood_utility,,lean_slight,slight,unclear,none,False,1,2,1,2015-06,2015-06,https://www.mapillary.com/app/?pKey=1061938954335290&focus=photo,
gree-00485,40.72153,-73.96159,False,street_light,vegetation,,unclear,none_visible,touching,False,0,3,1,2023-10,2023-10,https://www.mapillary.com/app/?pKey=1490386014868364&focus=photo,
gree-00486,40.721394,-73.9616,False,street_light,,,unclear,none_visible,near,False,0,1,1,2023-10,2023-10,https://www.mapillary.com/app/?pKey=688483766265599&focus=photo,
gree-00487,40.736763,-73.95029,True,wood_utility,vegetation,lean_slight,slight,none_visible,touching,False,1,3,1,2018-08,2018-08,https://www.mapillary.com/app/?pKey=846605649271994&focus=photo,
gree-00488,40.725197,-73.94545,True,wood_utility,,,none,none_visible,none,False,2,3,1,2020-04,2020-04,https://www.mapillary.com/app/?pKey=3736143286514388&focus=photo,
gree-00489,40.72359,-73.94385,False,unclear,,,unclear,none_visible,unclear,False,0,2,1,2024-03,2024-03,https://www.mapillary.com/app/?pKey=1084388879976296&focus=photo,
gree-00490,40.735596,-73.95889,False,street_light,vegetation,lean_slight,slight,none_visible,touching,False,0,3,1,2023-10,2023-10,https://www.mapillary.com/app/?pKey=321209780612105&focus=photo,
gree-00491,40.735563,-73.959395,False,unclear,,,unclear,none_visible,unclear,False,0,2,1,2023-10,2023-10,https://www.mapillary.com/app/?pKey=648602347255749&focus=photo,
gree-00492,40.73548,-73.95908,False,unclear,,,unclear,none_visible,unclear,False,0,3,1,2023-10,2023-10,https://www.mapillary.com/app/?pKey=2618986338261502&focus=photo,
gree-00493,40.735775,-73.95958,False,street_light,,,none,none_visible,near,False,0,1,1,2023-10,2023-10,https://www.mapillary.com/app/?pKey=1289231618435077&focus=photo,
gree-00494,40.737114,-73.93329,False,street_light,vegetation,,none,none_visible,touching,False,0,3,1,2018-08,2018-08,https://www.mapillary.com/app/?pKey=220288586247479&focus=photo,
gree-00495,40.737114,-73.93277,False,other,,,none,none_visible,none,False,0,2,1,2018-08,2018-08,https://www.mapillary.com/app/?pKey=511361623330998&focus=photo,
gree-00496,40.72569,-73.94295,True,wood_utility,lean,,severe,none_visible,near,False,0,3,1,2024-03,2024-03,https://www.mapillary.com/app/?pKey=1438441943745319&focus=photo,
gree-00497,40.725563,-73.942825,True,wood_utility,,,none,unclear,near,False,2,3,1,2024-03,2024-03,https://www.mapillary.com/app/?pKey=1252305765541683&focus=photo,
gree-00498,40.72809,-73.95325,False,traffic_signal,,,none,none_visible,none,False,0,3,1,2016-06,2016-06,https://www.mapillary.com/app/?pKey=358187759026768&focus=photo,
gree-00499,40.733795,-73.952095,False,street_light,,,none,none_visible,none,False,2,3,1,2018-08,2018-08,https://www.mapillary.com/app/?pKey=284079943430379&focus=photo,
gree-00500,40.733467,-73.952126,True,wood_utility,,lean_slight,slight,unclear,none,False,2,2,1,2018-08,2018-08,https://www.mapillary.com/app/?pKey=307715834180065&focus=photo,
gree-00501,40.7195,-73.956055,True,wood_utility,vegetation,lean_slight,slight,none_visible,touching,False,2,3,1,2016-07,2016-07,https://www.mapillary.com/app/?pKey=279401070500778&focus=photo,
gree-00502,40.7248135,-73.9405375,True,wood_utility,,lean_slight,slight,none_visible,near,False,1,6,2,2024-03,2024-03,https://www.mapillary.com/app/?pKey=1574517950004457&focus=photo,
gree-00503,40.720802,-73.96088,True,wood_utility,,lean_slight,slight,none_visible,near,False,1,3,1,2019-12,2019-12,https://www.mapillary.com/app/?pKey=219964499932797&focus=photo,
gree-00504,40.719902,-73.9533,False,traffic_signal,,,none,none_visible,near,False,0,3,1,2023-09,2023-09,https://www.mapillary.com/app/?pKey=234624966203719&focus=photo,
gree-00505,40.719223,-73.951546,False,street_light,,,none,none_visible,near,False,0,3,1,2023-09,2023-09,https://www.mapillary.com/app/?pKey=615336750800766&focus=photo,
gree-00506,40.719353,-73.95147,False,street_light,,,none,none_visible,near,False,0,1,1,2023-09,2023-09,https://www.mapillary.com/app/?pKey=2016616338700549&focus=photo,
gree-00507,40.734455,-73.93829,True,wood_utility,,lean_slight,slight,none_visible,none,False,2,3,1,2018-05,2018-05,https://www.mapillary.com/app/?pKey=921543975296761&focus=photo,
gree-00508,40.734812,-73.937866,True,wood_utility,,lean_slight,slight,none_visible,none,False,2,5,2,2018-05,2018-05,https://www.mapillary.com/app/?pKey=888611188382563&focus=photo,
gree-00509,40.7346035,-73.93809,True,wood_utility,,,none,none_visible,none,False,2,6,1,2018-05,2018-05,https://www.mapillary.com/app/?pKey=1520473621624445&focus=photo,
gree-00510,40.7256788,-73.935185,True,wood_utility,,lean_slight,slight,intact,none,False,1,4,1,2023-10,2023-10,https://www.mapillary.com/app/?pKey=630273629181351&focus=photo,
gree-00511,40.7362825,-73.948517,False,street_light,,,none,none_visible,none,False,0,6,2,2023-08,2023-08,https://www.mapillary.com/app/?pKey=1300450760833598&focus=photo,
gree-00512,40.73624,-73.948395,True,wood_utility,,,none,none_visible,none,False,0,2,1,2016-07,2016-07,https://www.mapillary.com/app/?pKey=930451167718540&focus=photo,
gree-00513,40.736702,-73.95301,False,other,,lean_slight,slight,none_visible,none,False,1,3,1,2016-05,2016-05,https://www.mapillary.com/app/?pKey=889188655145951&focus=photo,
gree-00514,40.722324,-73.94697,True,wood_utility,,lean_slight,slight,none_visible,none,False,2,2,1,2020-04,2020-04,https://www.mapillary.com/app/?pKey=498906008203126&focus=photo,
gree-00515,40.7364225,-73.9354312,True,wood_utility,,lean_slight,slight,unclear,near,False,2,4,1,2018-06,2018-06,https://www.mapillary.com/app/?pKey=842751679922636&focus=photo,
gree-00516,40.736787,-73.9359219,True,wood_utility,,lean_slight,slight,none_visible,none,False,1,8,1,2018-06,2018-06,https://www.mapillary.com/app/?pKey=362301551878050&focus=photo,
gree-00517,40.73664,-73.935555,True,wood_utility,lean,,severe,none_visible,near,False,1,3,1,2018-06,2018-06,https://www.mapillary.com/app/?pKey=842751679922636&focus=photo,
gree-00518,40.7365965,-73.93627,True,wood_utility,,lean_slight,slight,none_visible,none,False,0,2,1,2018-06,2018-06,https://www.mapillary.com/app/?pKey=1359698161052010&focus=photo,
gree-00519,40.736782,-73.93558,False,street_light,,,none,none_visible,none,False,0,3,1,2018-06,2018-06,https://www.mapillary.com/app/?pKey=907665763406758&focus=photo,
gree-00520,40.736496,-73.93666,True,wood_utility,,lean_slight,slight,none_visible,none,False,1,2,1,2018-06,2018-06,https://www.mapillary.com/app/?pKey=480552693093312&focus=photo,
gree-00521,40.736504,-73.93617,True,wood_utility,,lean_slight,slight,none_visible,near,False,1,3,1,2018-06,2018-06,https://www.mapillary.com/app/?pKey=293778905525030&focus=photo,
gree-00522,40.736687,-73.93616,True,wood_utility,,lean_slight,slight,none_visible,none,False,0,3,1,2018-06,2018-06,https://www.mapillary.com/app/?pKey=3599806126911585&focus=photo,
gree-00523,40.7229,-73.95677,False,street_light,,,none,none_visible,none,False,1,3,1,2019-12,2019-12,https://www.mapillary.com/app/?pKey=297843401955585&focus=photo,
gree-00524,40.73745,-73.93311,False,street_light,,,none,none_visible,none,False,0,3,1,2018-10,2018-10,https://www.mapillary.com/app/?pKey=857610861498096&focus=photo,
gree-00525,40.737354,-73.933205,False,unclear,,,unclear,unclear,unclear,False,0,2,1,2018-10,2018-10,https://www.mapillary.com/app/?pKey=5461824950556198&focus=photo,
gree-00526,40.72941,-73.94933,True,wood_utility,,lean_slight,slight,none_visible,none,False,1,3,1,2016-02,2016-02,https://www.mapillary.com/app/?pKey=369209487812298&focus=photo,
gree-00527,40.72946,-73.94925,False,street_light,,,none,none_visible,none,False,0,1,1,2016-02,2016-02,https://www.mapillary.com/app/?pKey=2751810258276350&focus=photo,
gree-00528,40.737034,-73.95149,True,wood_utility,,lean_slight,slight,none_visible,none,False,0,3,1,2019-12,2019-12,https://www.mapillary.com/app/?pKey=479704346817610&focus=photo,
gree-00529,40.737247,-73.95218,False,street_light,,,none,none_visible,none,False,0,1,1,2019-12,2019-12,https://www.mapillary.com/app/?pKey=323830189262445&focus=photo,
gree-00530,40.73738,-73.952545,True,wood_utility,,,none,none_visible,none,False,1,2,1,2019-12,2019-12,https://www.mapillary.com/app/?pKey=164971022127444&focus=photo,
gree-00531,40.71999,-73.959564,True,wood_utility,,lean_slight,slight,none_visible,near,False,2,3,1,2019-12,2019-12,https://www.mapillary.com/app/?pKey=495612735220777&focus=photo,
gree-00532,40.73671,-73.931984,True,wood_utility,,,none,none_visible,none,False,1,3,1,2018-09,2018-09,https://www.mapillary.com/app/?pKey=331072228358394&focus=photo,
gree-00533,40.7366525,-73.93207,True,wood_utility,,,none,unclear,none,False,1,6,1,2018-09,2018-09,https://www.mapillary.com/app/?pKey=112537857580101&focus=photo,
gree-00534,40.736404,-73.932655,True,wood_utility,,lean_slight,slight,none_visible,none,False,2,1,1,2018-09,2018-09,https://www.mapillary.com/app/?pKey=148963147211001&focus=photo,
gree-00535,40.735744,-73.93694,True,wood_utility,vegetation,lean_slight,slight,none_visible,touching,False,1,3,1,2018-06,2018-06,https://www.mapillary.com/app/?pKey=146877594064566&focus=photo,
gree-00536,40.735687,-73.93651,True,wood_utility,vegetation,lean_slight,slight,none_visible,touching,False,1,3,1,2018-06,2018-06,https://www.mapillary.com/app/?pKey=151640250234685&focus=photo,
gree-00537,40.723392,-73.93739,True,wood_utility,,,none,none_visible,none,False,1,2,1,2023-10,2023-10,https://www.mapillary.com/app/?pKey=349026030920875&focus=photo,
gree-00538,40.723454,-73.93704,True,wood_utility,,,unclear,intact,near,True,0,3,1,2023-10,2023-10,https://www.mapillary.com/app/?pKey=252028917424566&focus=photo,
gree-00539,40.7235064,-73.93721,True,wood_utility,,lean_slight,slight,none_visible,near,False,1,5,1,2023-10,2023-10,https://www.mapillary.com/app/?pKey=234892852618190&focus=photo,
gree-00540,40.7235602,-73.9371276,True,wood_utility,,lean_slight,slight,none_visible,near,False,0,5,1,2023-10,2023-10,https://www.mapillary.com/app/?pKey=774537014476417&focus=photo,
gree-00541,40.7235435,-73.9366455,True,wood_utility,,lean_slight,slight,intact,near,False,0,6,2,2023-10,2023-10,https://www.mapillary.com/app/?pKey=317132434352790&focus=photo,
gree-00542,40.725105,-73.9467,False,street_light,,,none,none_visible,none,False,0,3,1,2022-01,2022-01,https://www.mapillary.com/app/?pKey=1600818563585583&focus=photo,
gree-00543,40.725025,-73.94759,True,wood_utility,,lean_slight,slight,none_visible,none,False,3,3,1,2022-01,2022-01,https://www.mapillary.com/app/?pKey=141635731637330&focus=photo,
gree-00544,40.727215,-73.95269,False,traffic_signal,,,none,none_visible,none,False,0,3,1,2016-06,2016-06,https://www.mapillary.com/app/?pKey=1401412643551975&focus=photo,
gree-00545,40.73586,-73.93434,True,wood_utility,,lean_slight,slight,unclear,none,False,2,2,1,2015-06,2015-06,https://www.mapillary.com/app/?pKey=125368316216369&focus=photo,
gree-00546,40.73724,-73.95533,True,wood_utility,,,none,unclear,near,False,1,2,1,2018-11,2018-11,https://www.mapillary.com/app/?pKey=884775572391437&focus=photo,
gree-00547,40.735012,-73.937675,True,wood_utility,,,none,none_visible,near,False,0,1,1,2018-05,2018-05,https://www.mapillary.com/app/?pKey=384536806052152&focus=photo,
gree-00548,40.733147,-73.95209,True,wood_utility,,lean_slight,slight,none_visible,near,False,1,3,1,2020-05,2020-05,https://www.mapillary.com/app/?pKey=175638407808027&focus=photo,
gree-00549,40.7330425,-73.95202,True,wood_utility,,,none,none_visible,none,False,2,4,2,2018-08,2020-05,https://www.mapillary.com/app/?pKey=280432627134814&focus=photo,
gree-00550,40.733185,-73.95184,True,wood_utility,,,unclear,unclear,none,False,1,1,1,2020-05,2020-05,https://www.mapillary.com/app/?pKey=1069290583595302&focus=photo,
gree-00551,40.724453,-73.94913,True,wood_utility,,lean_slight,slight,none_visible,near,False,2,3,1,2016-06,2016-06,https://www.mapillary.com/app/?pKey=4298668733511174&focus=photo,
gree-00552,40.72522,-73.94064,True,wood_utility,,lean_slight,slight,none_visible,none,False,2,1,1,2024-03,2024-03,https://www.mapillary.com/app/?pKey=1081439053158802&focus=photo,
gree-00553,40.733143,-73.94034,False,other,,,none,none_visible,none,False,0,3,1,2018-05,2018-05,https://www.mapillary.com/app/?pKey=1038340270325669&focus=photo,
gree-00554,40.71964,-73.95884,True,concrete_or_steel_utility,,,none,none_visible,near,False,1,2,1,2019-12,2019-12,https://www.mapillary.com/app/?pKey=168028211907706&focus=photo,
gree-00555,40.720062,-73.95991,False,street_light,,,none,none_visible,none,False,1,3,1,2019-12,2019-12,https://www.mapillary.com/app/?pKey=2917934201772115&focus=photo,
gree-00556,40.736656,-73.95049,True,wood_utility,,,none,none_visible,near,False,0,3,1,2018-08,2018-08,https://www.mapillary.com/app/?pKey=839210620281444&focus=photo,
gree-00557,40.72764,-73.95714,True,wood_utility,,,none,none_visible,near,False,2,3,1,2019-12,2019-12,https://www.mapillary.com/app/?pKey=295542772052914&focus=photo,
gree-00558,40.72925,-73.9576,False,traffic_signal,,,none,none_visible,near,False,0,3,1,2019-12,2019-12,https://www.mapillary.com/app/?pKey=492287672109631&focus=photo,
gree-00559,40.728832,-73.95867,True,wood_utility,,lean_slight,slight,none_visible,none,False,1,3,1,2019-12,2019-12,https://www.mapillary.com/app/?pKey=2855450758054263&focus=photo,
gree-00560,40.728706,-73.9589,True,wood_utility,,,none,none_visible,none,False,1,3,1,2019-12,2019-12,https://www.mapillary.com/app/?pKey=568219904150110&focus=photo,
gree-00561,40.736557,-73.95016,True,wood_utility,vegetation,,none,none_visible,touching,False,2,3,1,2018-08,2018-08,https://www.mapillary.com/app/?pKey=493641731687427&focus=photo,
gree-00562,40.72895,-73.94607,True,wood_utility,,lean_slight,slight,none_visible,none,False,1,3,1,2016-02,2016-02,https://www.mapillary.com/app/?pKey=842515279942962&focus=photo,
gree-00563,40.737473,-73.930176,True,wood_utility,,lean_slight,slight,none_visible,none,False,2,1,1,2018-08,2018-08,https://www.mapillary.com/app/?pKey=318784369758279&focus=photo,
gree-00564,40.7245035,-73.941471,False,street_light,,,none,none_visible,near,False,0,4,1,2024-07,2024-07,https://www.mapillary.com/app/?pKey=857978622907787&focus=photo,
gree-00565,40.724402,-73.9414725,False,street_light,vegetation,lean_slight,slight,none_visible,touching,False,0,6,2,2024-07,2024-07,https://www.mapillary.com/app/?pKey=1394056097956462&focus=photo,
gree-00566,40.724854,-73.9332,False,street_light,,,none,none_visible,none,False,1,3,1,2018-09,2018-09,https://www.mapillary.com/app/?pKey=763207627730842&focus=photo,
gree-00567,40.7257597,-73.9424983,True,wood_utility,,lean_slight,slight,intact,none,False,2,18,3,2023-10,2024-03,https://www.mapillary.com/app/?pKey=692690472582901&focus=photo,
gree-00568,40.735523,-73.9353,True,wood_utility,,,none,none_visible,near,False,2,3,1,2015-06,2015-06,https://www.mapillary.com/app/?pKey=367145054948119&focus=photo,
gree-00569,40.7261,-73.94056,True,wood_utility,,lean_slight,slight,none_visible,none,False,1,3,1,2024-03,2024-03,https://www.mapillary.com/app/?pKey=947614773434726&focus=photo,
gree-00570,40.724255,-73.94053,False,unclear,vegetation,,unclear,none_visible,touching,False,0,1,1,2024-03,2024-03,https://www.mapillary.com/app/?pKey=269669479515387&focus=photo,
gree-00571,40.7233742,-73.941094,True,wood_utility,,lean_slight,slight,none_visible,near,False,2,5,2,2024-07,2024-07,https://www.mapillary.com/app/?pKey=462296706645957&focus=photo,
gree-00572,40.72529,-73.94056,True,wood_utility,,lean_slight,slight,unclear,near,False,2,3,1,2024-03,2024-03,https://www.mapillary.com/app/?pKey=942344340918798&focus=photo,
gree-00573,40.7202555,-73.957365,True,wood_utility,lean,,severe,none_visible,none,False,1,4,2,2023-10,2023-10,https://www.mapillary.com/app/?pKey=747718870887264&focus=photo,
gree-00574,40.731439,-73.9428075,True,wood_utility,,lean_slight,slight,none_visible,none,False,1,6,1,2023-10,2023-10,https://www.mapillary.com/app/?pKey=7408946135818598&focus=photo,
gree-00575,40.731903,-73.94274,True,wood_utility,,,none,intact,none,False,2,2,1,2023-10,2023-10,https://www.mapillary.com/app/?pKey=1716677082473541&focus=photo,
gree-00576,40.731745,-73.942715,True,wood_utility,,,none,intact,none,False,0,4,1,2023-10,2023-10,https://www.mapillary.com/app/?pKey=1444085976484637&focus=photo,
gree-00577,40.73225,-73.94281,True,wood_utility,,lean_slight,slight,none_visible,none,False,2,3,1,2023-10,2023-10,https://www.mapillary.com/app/?pKey=837571078136088&focus=photo,
gree-00578,40.73199,-73.94278,True,wood_utility,,,none,intact,none,False,2,3,1,2023-10,2023-10,https://www.mapillary.com/app/?pKey=1052360945828532&focus=photo,
gree-00579,40.7330985,-73.94299,True,wood_utility,,lean_slight,slight,intact,none,False,1,4,1,2023-10,2023-10,https://www.mapillary.com/app/?pKey=1095206785076866&focus=photo,
gree-00580,40.7324,-73.942894,False,street_light,,lean_slight,slight,none_visible,none,False,0,2,1,2023-10,2023-10,https://www.mapillary.com/app/?pKey=346023991759425&focus=photo,
gree-00581,40.73151,-73.9426775,True,wood_utility,,lean_slight,slight,intact,none,True,2,6,1,2023-10,2023-10,https://www.mapillary.com/app/?pKey=784007396959162&focus=photo,
gree-00582,40.7327906,-73.942955,True,wood_utility,,lean_slight,slight,none_visible,near,False,2,8,1,2023-10,2023-10,https://www.mapillary.com/app/?pKey=1622960075224963&focus=photo,
gree-00583,40.732589,-73.942862,True,wood_utility,,lean_slight,slight,intact,none,False,1,6,1,2023-10,2023-10,https://www.mapillary.com/app/?pKey=360792706932370&focus=photo,
gree-00584,40.731453,-73.94297,True,wood_utility,,lean_slight,slight,none_visible,none,False,1,1,1,2023-10,2023-10,https://www.mapillary.com/app/?pKey=3810276322533776&focus=photo,
gree-00585,40.731205,-73.9426,True,concrete_or_steel_utility,,,unclear,none_visible,none,False,1,2,1,2023-10,2023-10,https://www.mapillary.com/app/?pKey=1085530019350882&focus=photo,
gree-00586,40.732113,-73.94254,True,wood_utility,,lean_slight,slight,unclear,near,False,1,2,1,2023-10,2023-10,https://www.mapillary.com/app/?pKey=800597408771053&focus=photo,
gree-00587,40.7321423,-73.9427775,True,wood_utility,,,none,intact,near,False,0,4,1,2023-10,2023-10,https://www.mapillary.com/app/?pKey=1136991364142126&focus=photo,
gree-00588,40.73165,-73.94269,True,wood_utility,,lean_slight,slight,intact,none,False,2,3,1,2023-10,2023-10,https://www.mapillary.com/app/?pKey=2713698765454802&focus=photo,
gree-00589,40.7333185,-73.943018,True,wood_utility,,lean_slight,slight,intact,none,False,2,6,1,2023-10,2023-10,https://www.mapillary.com/app/?pKey=774593797520350&focus=photo,
gree-00590,40.7329994,-73.9428081,True,wood_utility,,lean_slight,slight,none_visible,none,False,1,8,1,2023-10,2023-10,https://www.mapillary.com/app/?pKey=428740246316983&focus=photo,
gree-00591,40.731655,-73.94293,False,street_light,,,none,none_visible,none,False,0,3,1,2023-10,2023-10,https://www.mapillary.com/app/?pKey=873868231158857&focus=photo,
gree-00592,40.732334,-73.94281,True,wood_utility,,lean_slight,slight,intact,near,False,1,3,1,2023-10,2023-10,https://www.mapillary.com/app/?pKey=816169980342621&focus=photo,
gree-00593,40.732853,-73.942665,True,wood_utility,,lean_slight,slight,none_visible,none,False,0,3,1,2023-10,2023-10,https://www.mapillary.com/app/?pKey=1620915891979321&focus=photo,
gree-00594,40.73248,-73.942856,True,wood_utility,,,none,intact,none,False,1,3,1,2023-10,2023-10,https://www.mapillary.com/app/?pKey=451102023938261&focus=photo,
gree-00595,40.7329467,-73.942955,True,wood_utility,,lean_slight,slight,intact,none,False,2,8,1,2023-10,2023-10,https://www.mapillary.com/app/?pKey=1086540862653374&focus=photo,
gree-00596,40.732853,-73.94293,True,wood_utility,vegetation,,none,none_visible,touching,False,2,1,1,2023-10,2023-10,https://www.mapillary.com/app/?pKey=1328922931104670&focus=photo,
gree-00597,40.733463,-73.943085,True,wood_utility,,,none,intact,near,False,3,3,1,2023-10,2023-10,https://www.mapillary.com/app/?pKey=1936380283458390&focus=photo,
gree-00598,40.733105,-73.94281,True,wood_utility,,lean_slight,slight,intact,none,False,1,3,1,2023-10,2023-10,https://www.mapillary.com/app/?pKey=427615516347861&focus=photo,
gree-00599,40.7332135,-73.943,True,wood_utility,,lean_slight,slight,intact,near,False,2,6,1,2023-10,2023-10,https://www.mapillary.com/app/?pKey=431806302553428&focus=photo,
gree-00600,40.7234452,-73.940452,True,wood_utility,,lean_slight,slight,none_visible,near,False,2,5,2,2024-07,2024-07,https://www.mapillary.com/app/?pKey=1522121531737240&focus=photo,
gree-00601,40.725735,-73.94063,True,wood_utility,,,none,unclear,near,False,1,2,1,2024-03,2024-03,https://www.mapillary.com/app/?pKey=748522647348918&focus=photo,
gree-00602,40.725677,-73.9407,True,wood_utility,,lean_slight,slight,none_visible,near,False,0,3,1,2024-03,2024-03,https://www.mapillary.com/app/?pKey=748522647348918&focus=photo,
gree-00603,40.723526,-73.943756,False,unclear,,,unclear,none_visible,unclear,False,0,3,1,2024-03,2024-03,https://www.mapillary.com/app/?pKey=421959630368844&focus=photo,
gree-00604,40.72552,-73.940745,True,wood_utility,,lean_slight,slight,none_visible,near,False,0,6,2,2024-03,2024-03,https://www.mapillary.com/app/?pKey=1475986746688583&focus=photo,
gree-00605,40.725784,-73.9424,True,wood_utility,,lean_slight,slight,none_visible,none,False,2,3,1,2024-03,2024-03,https://www.mapillary.com/app/?pKey=373851008895894&focus=photo,
gree-00606,40.7258924,-73.9484957,True,wood_utility,,lean_slight,slight,none_visible,near,False,0,7,1,2022-01,2022-01,https://www.mapillary.com/app/?pKey=2309554472536931&focus=photo,
gree-00607,40.725792,-73.940994,True,concrete_or_steel_utility,,,none,intact,near,False,2,3,1,2024-03,2024-03,https://www.mapillary.com/app/?pKey=245810041861163&focus=photo,
gree-00608,40.723896,-73.95079,False,street_light,,,none,none_visible,none,False,0,2,1,2022-01,2022-01,https://www.mapillary.com/app/?pKey=1034124970652819&focus=photo,
gree-00609,40.7257065,-73.9407995,False,street_light,,lean_slight,slight,none_visible,none,False,0,6,2,2024-03,2024-03,https://www.mapillary.com/app/?pKey=724224833219987&focus=photo,
gree-00610,40.7259142,-73.9417282,True,wood_utility,,,none,none_visible,near,False,0,11,2,2024-07,2024-07,https://www.mapillary.com/app/?pKey=371587219371360&focus=photo,
gree-00611,40.723545,-73.940155,True,wood_utility,,lean_slight,slight,none_visible,none,False,2,3,1,2024-03,2024-03,https://www.mapillary.com/app/?pKey=721754893450611&focus=photo,
gree-00612,40.730762,-73.9494,False,street_light,vegetation,,none,none_visible,touching,False,1,3,1,2023-10,2023-10,https://www.mapillary.com/app/?pKey=920094106272161&focus=photo,
gree-00613,40.73089,-73.94862,True,wood_utility,vegetation,lean_slight,slight,unclear,touching,False,1,2,1,2023-10,2023-10,https://www.mapillary.com/app/?pKey=1116694623090521&focus=photo,
gree-00614,40.730724,-73.94979,False,street_light,,lean_slight,slight,none_visible,none,False,0,3,1,2023-10,2023-10,https://www.mapillary.com/app/?pKey=1564476274367160&focus=photo,
gree-00615,40.730904,-73.94843,True,wood_utility,,lean_slight,slight,none_visible,near,False,0,1,1,2023-10,2023-10,https://www.mapillary.com/app/?pKey=284301644699344&focus=photo,
gree-00616,40.730938,-73.9482,True,wood_utility,vegetation,lean_slight,slight,none_visible,touching,False,0,2,1,2023-10,2023-10,https://www.mapillary.com/app/?pKey=321946020471797&focus=photo,
gree-00617,40.731007,-73.94922,True,concrete_or_steel_utility,vegetation,lean_slight,slight,none_visible,touching,False,1,3,1,2023-10,2023-10,https://www.mapillary.com/app/?pKey=3607503072795563&focus=photo,
gree-00618,40.71905,-73.95866,False,unclear,,,unclear,none_visible,unclear,False,0,3,1,2023-10,2023-10,https://www.mapillary.com/app/?pKey=2363594260511461&focus=photo,
gree-00619,40.719162,-73.958534,False,street_light,,,unclear,none_visible,unclear,False,0,3,1,2023-10,2023-10,https://www.mapillary.com/app/?pKey=923384009441556&focus=photo,
gree-00620,40.724422,-73.9421,True,wood_utility,,,unclear,unclear,near,False,0,1,1,2024-07,2024-07,https://www.mapillary.com/app/?pKey=492395263204194&focus=photo,
gree-00621,40.725647,-73.94265,True,wood_utility,vegetation,lean_slight,slight,unclear,touching,False,2,3,1,2024-07,2024-07,https://www.mapillary.com/app/?pKey=441462848862787&focus=photo,
gree-00622,40.723812,-73.94139,True,wood_utility,,,unclear,none_visible,none,False,2,3,1,2024-07,2024-07,https://www.mapillary.com/app/?pKey=2604570626394070&focus=photo,
gree-00623,40.72377,-73.94133,True,wood_utility,vegetation,lean_slight,slight,unclear,touching,False,2,4,2,2024-07,2024-07,https://www.mapillary.com/app/?pKey=1537732743766205&focus=photo,
gree-00624,40.72605,-73.93182,True,wood_utility,,lean_slight,slight,none_visible,near,False,1,3,1,2024-04,2024-04,https://www.mapillary.com/app/?pKey=1601205213758922&focus=photo,
gree-00625,40.726196,-73.931816,True,wood_utility,,lean_slight,slight,intact,none,True,2,3,1,2024-04,2024-04,https://www.mapillary.com/app/?pKey=440552255646756&focus=photo,
gree-00626,40.72451,-73.94045,False,other,,,unclear,none_visible,none,False,3,3,1,2024-03,2024-03,https://www.mapillary.com/app/?pKey=1578861085988358&focus=photo,
gree-00627,40.723576,-73.94078,True,wood_utility,vegetation,lean_slight,slight,none_visible,touching,False,2,3,1,2024-07,2024-07,https://www.mapillary.com/app/?pKey=1009402124526762&focus=photo,
gree-00628,40.7259439,-73.9416191,True,wood_utility,,,none,none_visible,none,False,0,16,3,2024-07,2024-07,https://www.mapillary.com/app/?pKey=3762737007387482&focus=photo,
gree-00629,40.725075,-73.941734,True,wood_utility,vegetation,,none,none_visible,touching,False,2,3,1,2024-07,2024-07,https://www.mapillary.com/app/?pKey=462645189728602&focus=photo,
gree-00630,40.7259103,-73.9415311,True,wood_utility,,lean_slight,slight,none_visible,near,False,2,10,4,2024-07,2024-07,https://www.mapillary.com/app/?pKey=843701417674361&focus=photo,
gree-00631,40.734253,-73.95237,False,street_light,,,none,none_visible,none,False,0,2,1,2022-01,2022-01,https://www.mapillary.com/app/?pKey=674994633877451&focus=photo,
gree-00632,40.720913,-73.9534,False,street_light,,,none,none_visible,none,False,0,6,1,2024-05,2024-05,https://www.mapillary.com/app/?pKey=1550105302604615&focus=photo,
gree-00633,40.720695,-73.95347,False,street_light,,,none,none_visible,none,False,0,3,1,2024-05,2024-05,https://www.mapillary.com/app/?pKey=797901872127637&focus=photo,
gree-00634,40.7247,-73.94155,True,wood_utility,vegetation,,none,none_visible,touching,False,2,3,1,2024-07,2024-07,https://www.mapillary.com/app/?pKey=784735227197523&focus=photo,
gree-00635,40.72882,-73.94202,True,wood_utility,,lean_slight,slight,none_visible,near,False,2,1,1,2023-10,2023-10,https://www.mapillary.com/app/?pKey=918792149732337&focus=photo,
gree-00636,40.726624,-73.94189,False,street_light,vegetation,,unclear,none_visible,touching,False,0,3,1,2023-10,2023-10,https://www.mapillary.com/app/?pKey=1092367612091935&focus=photo,
gree-00637,40.728592,-73.94215,True,wood_utility,,lean_slight,slight,intact,none,False,2,1,1,2023-10,2023-10,https://www.mapillary.com/app/?pKey=1457912045139810&focus=photo,
gree-00638,40.72675,-73.94191,True,wood_utility,vegetation,,none,intact,touching,False,1,3,1,2023-10,2023-10,https://www.mapillary.com/app/?pKey=1353044135654200&focus=photo,
gree-00639,40.726986,-73.941956,True,wood_utility,,,unclear,intact,none,True,2,3,1,2023-10,2023-10,https://www.mapillary.com/app/?pKey=7000948443350085&focus=photo,
gree-00640,40.7275235,-73.9420202,True,wood_utility,,lean_slight,slight,intact,none,False,2,8,1,2023-10,2023-10,https://www.mapillary.com/app/?pKey=3856833357878713&focus=photo,
gree-00641,40.727673,-73.94203,True,wood_utility,,lean_slight,slight,intact,near,False,1,3,1,2023-10,2023-10,https://www.mapillary.com/app/?pKey=747682540674125&focus=photo,
gree-00642,40.72587,-73.94195,True,wood_utility,,lean_slight,slight,intact,near,False,3,1,1,2023-10,2023-10,https://www.mapillary.com/app/?pKey=422613883640612&focus=photo,
gree-00643,40.7258,-73.942116,True,wood_utility,,lean_slight,slight,intact,none,True,3,3,1,2023-10,2023-10,https://www.mapillary.com/app/?pKey=420457523724425&focus=photo,
gree-00644,40.726475,-73.941864,True,wood_utility,vegetation,,unclear,intact,touching,False,2,3,1,2023-10,2023-10,https://www.mapillary.com/app/?pKey=392550110181076&focus=photo,
gree-00645,40.72779,-73.9420625,True,wood_utility,,lean_slight,slight,intact,near,False,2,6,1,2023-10,2023-10,https://www.mapillary.com/app/?pKey=773728408031104&focus=photo,
gree-00646,40.727924,-73.942055,True,wood_utility,,lean_slight,slight,intact,near,False,2,3,1,2023-10,2023-10,https://www.mapillary.com/app/?pKey=1121287975579293&focus=photo,
gree-00647,40.7280182,-73.942068,True,wood_utility,,,none,intact,near,False,2,5,1,2023-10,2023-10,https://www.mapillary.com/app/?pKey=425985219879783&focus=photo,
gree-00648,40.728416,-73.94196,True,wood_utility,vegetation,lean_slight,slight,none_visible,touching,False,1,3,1,2023-10,2023-10,https://www.mapillary.com/app/?pKey=939498254020561&focus=photo,
gree-00649,40.7286922,-73.942176,True,wood_utility,,lean_slight,slight,intact,none,False,2,5,1,2023-10,2023-10,https://www.mapillary.com/app/?pKey=918792149732337&focus=photo,
gree-00650,40.7281253,-73.9421133,True,wood_utility,,lean_slight,slight,none_visible,none,False,2,9,1,2023-10,2023-10,https://www.mapillary.com/app/?pKey=294831970099826&focus=photo,
gree-00651,40.728468,-73.942188,True,wood_utility,,lean_slight,slight,none_visible,none,False,2,5,1,2023-10,2023-10,https://www.mapillary.com/app/?pKey=1457912045139810&focus=photo,
gree-00652,40.727827,-73.941885,True,wood_utility,,lean_slight,slight,intact,none,False,1,6,1,2023-10,2023-10,https://www.mapillary.com/app/?pKey=805995428238987&focus=photo,
gree-00653,40.727314,-73.942,True,wood_utility,,lean_slight,slight,intact,none,False,2,3,1,2023-10,2023-10,https://www.mapillary.com/app/?pKey=950235256766490&focus=photo,
gree-00654,40.7258165,-73.942193,False,street_light,,lean_slight,slight,none_visible,none,False,0,4,2,2023-10,2023-10,https://www.mapillary.com/app/?pKey=776344554224545&focus=photo,
gree-00655,40.7276884,-73.941916,True,wood_utility,,lean_slight,slight,none_visible,none,False,2,5,1,2023-10,2023-10,https://www.mapillary.com/app/?pKey=1787567425052378&focus=photo,
gree-00656,40.72622,-73.941795,True,wood_utility,,,unclear,intact,near,False,3,3,1,2023-10,2023-10,https://www.mapillary.com/app/?pKey=785852156214503&focus=photo,
gree-00657,40.728264,-73.94211,True,wood_utility,,,none,none_visible,none,False,2,2,1,2023-10,2023-10,https://www.mapillary.com/app/?pKey=2769280366580954&focus=photo,
gree-00658,40.728386,-73.94212,True,wood_utility,,lean_slight,slight,intact,none,False,2,1,1,2023-10,2023-10,https://www.mapillary.com/app/?pKey=797604622212665&focus=photo,
gree-00659,40.725365,-73.94629,False,street_light,,,none,none_visible,near,False,0,2,1,2022-01,2022-01,https://www.mapillary.com/app/?pKey=255837640010739&focus=photo,
gree-00660,40.725895,-73.941834,True,wood_utility,,,none,intact,near,False,2,7,2,2024-07,2024-07,https://www.mapillary.com/app/?pKey=8740372305990649&focus=photo,
gree-00661,40.72465,-73.93686,False,street_light,,,none,none_visible,none,False,0,2,1,2024-04,2024-04,https://www.mapillary.com/app/?pKey=8104436916313996&focus=photo,
gree-00662,40.72318,-73.941414,True,wood_utility,,lean_slight,slight,unclear,near,False,1,3,1,2024-07,2024-07,https://www.mapillary.com/app/?pKey=503773202123854&focus=photo,
gree-00663,40.72415,-73.94163,True,wood_utility,vegetation,lean_slight,slight,none_visible,touching,False,2,3,1,2024-07,2024-07,https://www.mapillary.com/app/?pKey=2817461678418765&focus=photo,
gree-00664,40.723484,-73.94149,True,wood_utility,,lean_slight,slight,none_visible,near,False,2,3,1,2024-07,2024-07,https://www.mapillary.com/app/?pKey=763097979170943&focus=photo,
gree-00665,40.72328,-73.94141,True,wood_utility,,lean_slight,slight,none_visible,near,False,1,3,1,2024-07,2024-07,https://www.mapillary.com/app/?pKey=1522366002037770&focus=photo,
gree-00666,40.72625,-73.94201,True,wood_utility,,lean_slight,slight,intact,none,False,1,3,1,2024-07,2024-07,https://www.mapillary.com/app/?pKey=1162439005002115&focus=photo,
gree-00667,40.72612,-73.94186,True,wood_utility,,lean_slight,slight,none_visible,none,False,3,3,1,2024-07,2024-07,https://www.mapillary.com/app/?pKey=1392317761463090&focus=photo,
gree-00668,40.725851,-73.9416675,True,wood_utility,,lean_slight,slight,intact,none,True,1,4,2,2024-07,2024-07,https://www.mapillary.com/app/?pKey=483439341038493&focus=photo,
gree-00669,40.7296792,-73.958518,True,wood_utility,,lean_slight,slight,none_visible,none,False,2,5,1,2019-12,2019-12,https://www.mapillary.com/app/?pKey=551244719370807&focus=photo,
gree-00670,40.7295135,-73.958435,True,wood_utility,,lean_slight,slight,none_visible,none,False,2,6,1,2019-12,2019-12,https://www.mapillary.com/app/?pKey=489862145773838&focus=photo,
gree-00671,40.732857,-73.94278,True,wood_utility,,lean_slight,slight,unclear,none,False,1,3,1,2015-06,2015-06,https://www.mapillary.com/app/?pKey=299363701647447&focus=photo,
gree-00672,40.733227,-73.95963,True,wood_utility,,,none,none_visible,none,False,2,3,1,2019-12,2019-12,https://www.mapillary.com/app/?pKey=514600626360716&focus=photo,
gree-00673,40.732983,-73.959724,True,wood_utility,,lean_slight,slight,none_visible,near,False,2,1,1,2019-12,2019-12,https://www.mapillary.com/app/?pKey=814501482810748&focus=photo,
gree-00674,40.72516,-73.948654,True,wood_utility,,lean_slight,slight,none_visible,near,False,1,1,1,2024-12,2024-12,https://www.mapillary.com/app/?pKey=948843763962466&focus=photo,
gree-00675,40.728508,-73.95732,False,traffic_signal,,,none,none_visible,none,False,0,3,1,2024-02,2024-02,https://www.mapillary.com/app/?pKey=909392857312139&focus=photo,
gree-00676,40.721397,-73.96137,False,unclear,,,unclear,none_visible,near,False,0,2,1,2023-10,2023-10,https://www.mapillary.com/app/?pKey=1870200623377051&focus=photo,
gree-00677,40.738987,-73.93438,True,wood_utility,,lean_slight,slight,none_visible,none,False,1,2,1,2018-09,2018-09,https://www.mapillary.com/app/?pKey=212765170449135&focus=photo,
gree-00678,40.737473,-73.93031,True,wood_utility,,lean_slight,slight,unclear,none,False,2,1,1,2018-08,2018-08,https://www.mapillary.com/app/?pKey=5483652791676455&focus=photo,
gree-00679,40.7336695,-73.952103,False,street_light,,,none,none_visible,none,False,2,6,1,2018-08,2018-08,https://www.mapillary.com/app/?pKey=251834910062851&focus=photo,
gree-00680,40.71993,-73.943855,True,wood_utility,,lean_slight,slight,none_visible,near,False,1,1,1,2020-04,2020-04,https://www.mapillary.com/app/?pKey=338302410966395&focus=photo,
gree-00681,40.725346,-73.951775,False,traffic_signal,,,none,none_visible,none,False,0,3,1,2022-01,2022-01,https://www.mapillary.com/app/?pKey=614745792951874&focus=photo,
gree-00682,40.725464,-73.95151,True,wood_utility,vegetation,lean_slight,slight,none_visible,touching,False,0,3,1,2022-01,2022-01,https://www.mapillary.com/app/?pKey=3154007151540701&focus=photo,
gree-00683,40.73175,-73.94584,True,concrete_or_steel_utility,,,none,none_visible,near,False,1,2,1,2018-05,2018-05,https://www.mapillary.com/app/?pKey=129235945916149&focus=photo,
gree-00684,40.735615,-73.9508,True,wood_utility,,,none,none_visible,none,False,1,3,1,2018-08,2018-08,https://www.mapillary.com/app/?pKey=507537190396662&focus=photo,
gree-00685,40.73559,-73.951065,True,wood_utility,,,none,none_visible,none,False,1,3,1,2018-08,2018-08,https://www.mapillary.com/app/?pKey=599401621453274&focus=photo,
gree-00686,40.735558,-73.95143,True,wood_utility,,lean_slight,slight,none_visible,none,False,1,3,1,2018-08,2018-08,https://www.mapillary.com/app/?pKey=301019468227078&focus=photo,
gree-00687,40.722652,-73.95786,False,street_light,,,none,none_visible,none,False,0,3,1,2019-12,2019-12,https://www.mapillary.com/app/?pKey=469176140960280&focus=photo,
gree-00688,40.727886,-73.95325,False,street_light,,,none,none_visible,none,False,0,3,1,2016-06,2016-06,https://www.mapillary.com/app/?pKey=484161032632082&focus=photo,
gree-00689,40.728233,-73.95324,False,traffic_signal,,,none,none_visible,none,False,0,3,1,2016-06,2016-06,https://www.mapillary.com/app/?pKey=287238619614039&focus=photo,
gree-00690,40.727993,-73.9533,False,street_light,,,none,none_visible,none,False,0,3,1,2016-06,2016-06,https://www.mapillary.com/app/?pKey=463563868250883&focus=photo,
gree-00691,40.725082,-73.95152,False,street_light,,,none,none_visible,none,False,0,1,1,2022-01,2022-01,https://www.mapillary.com/app/?pKey=717713402487233&focus=photo,
gree-00692,40.72362,-73.95163,False,street_light,,,none,none_visible,none,False,0,3,1,2022-01,2022-01,https://www.mapillary.com/app/?pKey=332867205423775&focus=photo,
gree-00693,40.724776,-73.936803,True,wood_utility,,lean_slight,slight,none_visible,none,False,2,2,1,2023-10,2023-10,https://www.mapillary.com/app/?pKey=844703220647681&focus=photo,
gree-00694,40.724937,-73.935524,False,street_light,,,none,none_visible,near,False,0,3,1,2023-10,2023-10,https://www.mapillary.com/app/?pKey=869041497680311&focus=photo,
gree-00695,40.724953,-73.93533,False,street_light,vegetation,,none,none_visible,touching,False,0,3,1,2023-10,2023-10,https://www.mapillary.com/app/?pKey=800238211790188&focus=photo,
gree-00696,40.724842,-73.93604,True,wood_utility,,lean_slight,slight,none_visible,near,False,0,3,1,2023-10,2023-10,https://www.mapillary.com/app/?pKey=1040972667051845&focus=photo,
gree-00697,40.724758,-73.936105,False,street_light,lean,,moderate,none_visible,near,False,0,6,1,2023-10,2023-10,https://www.mapillary.com/app/?pKey=2441684736032355&focus=photo,
gree-00698,40.72486,-73.93677,True,wood_utility,,lean_slight,slight,none_visible,near,False,2,2,1,2023-10,2023-10,https://www.mapillary.com/app/?pKey=873029314533611&focus=photo,
gree-00699,40.7188965,-73.937185,True,wood_utility,,lean_slight,slight,none_visible,near,False,1,6,1,2023-10,2023-10,https://www.mapillary.com/app/?pKey=289264110675239&focus=photo,
gree-00700,40.71959,-73.93752,True,wood_utility,,lean_slight,slight,none_visible,none,False,1,3,1,2023-10,2023-10,https://www.mapillary.com/app/?pKey=317558954224748&focus=photo,
gree-00701,40.7194187,-73.9374467,True,wood_utility,,,none,none_visible,none,False,0,3,1,2023-10,2023-10,https://www.mapillary.com/app/?pKey=1197949738189269&focus=photo,
gree-00702,40.71891,-73.93702,False,street_light,,,unclear,unclear,near,False,0,2,1,2023-10,2023-10,https://www.mapillary.com/app/?pKey=882546882855116&focus=photo,
gree-00703,40.7192,-73.93735,False,street_light,,lean_slight,slight,none_visible,none,False,0,3,1,2023-10,2023-10,https://www.mapillary.com/app/?pKey=347186361118323&focus=photo,
gree-00704,40.719505,-73.958336,True,wood_utility,,lean_slight,slight,none_visible,none,True,2,3,1,2015-03,2015-03,https://www.mapillary.com/app/?pKey=144296924327444&focus=photo,
gree-00705,40.735268,-73.937645,True,wood_utility,,lean_slight,slight,none_visible,near,False,2,3,1,2015-06,2015-06,https://www.mapillary.com/app/?pKey=494158255333727&focus=photo,
gree-00706,40.735275,-73.937416,True,wood_utility,,lean_slight,slight,none_visible,none,False,1,3,1,2015-06,2015-06,https://www.mapillary.com/app/?pKey=494158255333727&focus=photo,
gree-00707,40.73517,-73.93747,True,wood_utility,,,none,none_visible,near,False,1,1,1,2015-06,2015-06,https://www.mapillary.com/app/?pKey=494158255333727&focus=photo,
gree-00708,40.734848,-73.95226,True,wood_utility,,lean_slight,slight,none_visible,none,False,1,3,1,2018-08,2018-08,https://www.mapillary.com/app/?pKey=869602970258286&focus=photo,
gree-00709,40.734547,-73.95222,True,wood_utility,,,unclear,none_visible,none,False,0,3,1,2018-08,2018-08,https://www.mapillary.com/app/?pKey=2854523871481186&focus=photo,
gree-00710,40.725056,-73.941505,True,wood_utility,,lean_slight,slight,none_visible,near,False,1,2,1,2024-02,2024-02,https://www.mapillary.com/app/?pKey=1439354193643948&focus=photo,
gree-00711,40.7248,-73.94151,True,wood_utility,,,none,none_visible,near,False,1,2,1,2024-02,2024-02,https://www.mapillary.com/app/?pKey=6968941353203423&focus=photo,
gree-00712,40.724476,-73.941635,True,wood_utility,,,unclear,none_visible,near,False,0,3,1,2024-02,2024-02,https://www.mapillary.com/app/?pKey=1454807611737558&focus=photo,
gree-00713,40.724243,-73.94169,True,wood_utility,,,none,none_visible,near,False,3,3,1,2024-02,2024-02,https://www.mapillary.com/app/?pKey=1345223856177626&focus=photo,
gree-00714,40.723927,-73.94175,True,wood_utility,,,none,none_visible,none,False,0,3,1,2024-02,2024-02,https://www.mapillary.com/app/?pKey=931265615152589&focus=photo,
gree-00715,40.72306,-73.95338,True,wood_utility,,lean_slight,slight,none_visible,none,False,2,3,1,2022-01,2022-01,https://www.mapillary.com/app/?pKey=1089866245122773&focus=photo,
gree-00716,40.72592,-73.941216,True,wood_utility,,,none,intact,near,False,1,3,1,2023-10,2023-10,https://www.mapillary.com/app/?pKey=698801662374767&focus=photo,
gree-00717,40.72606,-73.94018,True,wood_utility,,,none,intact,near,False,2,2,1,2023-10,2023-10,https://www.mapillary.com/app/?pKey=2004708259907588&focus=photo,
gree-00718,40.72605,-73.939964,True,wood_utility,,lean_slight,slight,none_visible,none,False,2,3,1,2023-10,2023-10,https://www.mapillary.com/app/?pKey=327159233350938&focus=photo,
gree-00719,40.72599,-73.94065,True,wood_utility,,lean_slight,slight,intact,near,True,3,3,1,2023-10,2023-10,https://www.mapillary.com/app/?pKey=1543205383166716&focus=photo,
gree-00720,40.726112,-73.939588,True,wood_utility,,lean_slight,slight,unclear,none,False,1,6,1,2023-10,2023-10,https://www.mapillary.com/app/?pKey=1520586025355098&focus=photo,
gree-00721,40.72602,-73.94029,True,wood_utility,,lean_slight,slight,intact,none,True,2,3,1,2023-10,2023-10,https://www.mapillary.com/app/?pKey=1003626320749321&focus=photo,
gree-00722,40.725937,-73.94103,True,wood_utility,,,none,intact,none,True,2,3,1,2023-10,2023-10,https://www.mapillary.com/app/?pKey=1729453484198882&focus=photo,
gree-00723,40.726124,-73.94075,True,wood_utility,,,unclear,none_visible,near,False,1,3,1,2023-10,2023-10,https://www.mapillary.com/app/?pKey=722676613061436&focus=photo,
gree-00724,40.726166,-73.93911,True,wood_utility,,,none,intact,near,False,3,1,1,2023-10,2023-10,https://www.mapillary.com/app/?pKey=712727677546833&focus=photo,
gree-00725,40.726076,-73.93982,True,wood_utility,,lean_slight,slight,none_visible,none,False,2,6,1,2023-10,2023-10,https://www.mapillary.com/app/?pKey=658526376465318&focus=photo,
gree-00726,40.72612,-73.93926,True,wood_utility,,,none,intact,none,False,2,3,1,2023-10,2023-10,https://www.mapillary.com/app/?pKey=712727677546833&focus=photo,
gree-00727,40.72614,-73.9393516,True,wood_utility,,lean_slight,slight,intact,none,False,1,5,1,2023-10,2023-10,https://www.mapillary.com/app/?pKey=345681278044292&focus=photo,
gree-00728,40.72593,-73.939766,True,wood_utility,,lean_slight,slight,none_visible,none,False,0,3,1,2023-10,2023-10,https://www.mapillary.com/app/?pKey=658526376465318&focus=photo,
gree-00729,40.727768,-73.942894,True,wood_utility,,lean_slight,slight,unclear,none,False,0,2,1,2018-06,2018-06,https://www.mapillary.com/app/?pKey=2869607186631255&focus=photo,
gree-00730,40.7198712,-73.95502,True,wood_utility,,,none,none_visible,near,False,2,4,1,2016-06,2016-06,https://www.mapillary.com/app/?pKey=531040371240136&focus=photo,
gree-00731,40.7200568,-73.955256,True,wood_utility,,lean_slight,slight,none_visible,near,False,2,5,2,2024-03,2024-03,https://www.mapillary.com/app/?pKey=430836726000741&focus=photo,
gree-00732,40.719948,-73.95513,True,wood_utility,,lean_slight,slight,none_visible,none,False,2,2,1,2016-06,2016-06,https://www.mapillary.com/app/?pKey=328864711920573&focus=photo,
gree-00733,40.719445,-73.954372,True,wood_utility,,,none,none_visible,none,False,1,6,1,2016-06,2016-06,https://www.mapillary.com/app/?pKey=153612650030790&focus=photo,
gree-00734,40.72016,-73.94305,True,wood_utility,,lean_slight,slight,none_visible,near,False,3,3,1,2019-12,2019-12,https://www.mapillary.com/app/?pKey=374642897230504&focus=photo,
gree-00735,40.72071,-73.9427,False,street_light,,,none,none_visible,near,False,0,3,1,2019-12,2019-12,https://www.mapillary.com/app/?pKey=745118486162285&focus=photo,
gree-00736,40.72016,-73.942726,True,wood_utility,,lean_slight,slight,unclear,near,False,1,3,1,2019-12,2019-12,https://www.mapillary.com/app/?pKey=3463532873876476&focus=photo,
gree-00737,40.7203065,-73.942775,True,wood_utility,,lean_slight,slight,none_visible,none,False,1,6,1,2019-12,2019-12,https://www.mapillary.com/app/?pKey=207381404331864&focus=photo,
gree-00738,40.71993,-73.94347,True,wood_utility,,lean_slight,slight,none_visible,near,False,2,3,1,2019-12,2019-12,https://www.mapillary.com/app/?pKey=448853606437794&focus=photo,
gree-00739,40.72001,-73.94333,True,wood_utility,,lean_slight,slight,none_visible,near,False,2,3,1,2019-12,2019-12,https://www.mapillary.com/app/?pKey=166611638728709&focus=photo,
gree-00740,40.738964,-73.94065,False,other,,,none,none_visible,none,False,0,3,1,2018-08,2018-08,https://www.mapillary.com/app/?pKey=311412230486068&focus=photo,
gree-00741,40.72886,-73.95076,False,street_light,,,none,none_visible,none,False,1,3,1,2018-09,2018-09,https://www.mapillary.com/app/?pKey=479539153264760&focus=photo,
gree-00742,40.7255243,-73.941572,False,street_light,vegetation,,none,none_visible,touching,False,1,10,1,2024-07,2024-07,https://www.mapillary.com/app/?pKey=511102391255049&focus=photo,
gree-00743,40.73749,-73.92987,False,traffic_signal,,,none,none_visible,near,False,0,3,1,2018-10,2018-10,https://www.mapillary.com/app/?pKey=156505983149943&focus=photo,
gree-00744,40.737576,-73.929825,True,wood_utility,,,none,none_visible,none,False,2,3,1,2018-10,2018-10,https://www.mapillary.com/app/?pKey=156505983149943&focus=photo,
gree-00745,40.720173,-73.95012,False,street_light,,,unclear,none_visible,near,False,0,2,1,2023-09,2023-09,https://www.mapillary.com/app/?pKey=6794258840639407&focus=photo,
gree-00746,40.72074,-73.950554,False,street_light,vegetation,,none,none_visible,touching,False,0,3,1,2023-09,2023-09,https://www.mapillary.com/app/?pKey=1749764102128663&focus=photo,
gree-00747,40.727478,-73.94489,True,wood_utility,,lean_slight,slight,none_visible,none,False,2,3,1,2018-05,2018-05,https://www.mapillary.com/app/?pKey=135292641956757&focus=photo,
gree-00748,40.71887,-73.9589,True,wood_utility,vegetation,,none,none_visible,touching,False,1,3,1,2016-06,2016-06,https://www.mapillary.com/app/?pKey=470578044203192&focus=photo,
gree-00749,40.73443,-73.96176,False,other,,lean_slight,slight,none_visible,none,False,0,2,1,2023-10,2023-10,https://www.mapillary.com/app/?pKey=1687275865084080&focus=photo,
gree-00750,40.729053,-73.94674,True,wood_utility,,lean_slight,slight,none_visible,none,False,0,1,1,2015-06,2015-06,https://www.mapillary.com/app/?pKey=2660738100891201&focus=photo,
gree-00751,40.72906,-73.946594,True,wood_utility,,lean_slight,slight,none_visible,none,False,1,3,1,2015-06,2015-06,https://www.mapillary.com/app/?pKey=427596095330211&focus=photo,
gree-00752,40.735065,-73.936424,True,wood_utility,,lean_slight,slight,none_visible,near,False,2,3,1,2018-05,2018-05,https://www.mapillary.com/app/?pKey=366972171420643&focus=photo,
gree-00753,40.721992,-73.96227,False,street_light,,,none,none_visible,near,False,0,1,1,2023-10,2023-10,https://www.mapillary.com/app/?pKey=672041548217063&focus=photo,
gree-00754,40.722897,-73.95032,True,wood_utility,,,none,none_visible,none,False,2,3,1,2016-06,2016-06,https://www.mapillary.com/app/?pKey=882427798971955&focus=photo,
gree-00755,40.722942,-73.950676,False,other,,,unclear,none_visible,none,False,0,3,1,2016-06,2016-06,https://www.mapillary.com/app/?pKey=1751134538380944&focus=photo,
gree-00756,40.72365,-73.9508,False,traffic_signal,,,none,none_visible,none,False,0,3,1,2016-06,2016-06,https://www.mapillary.com/app/?pKey=216365576603107&focus=photo,
gree-00757,40.73307,-73.95978,True,wood_utility,,,none,none_visible,none,False,0,3,1,2019-12,2019-12,https://www.mapillary.com/app/?pKey=469070327757131&focus=photo,
gree-00758,40.733315,-73.95983,False,street_light,,lean_slight,slight,none_visible,none,False,0,1,1,2019-12,2019-12,https://www.mapillary.com/app/?pKey=1210838669355669&focus=photo,
gree-00759,40.734505,-73.95991,True,wood_utility,,,none,none_visible,none,False,2,3,1,2019-12,2019-12,https://www.mapillary.com/app/?pKey=307087097690439&focus=photo,
gree-00760,40.7272,-73.9299,True,wood_utility,,lean_slight,slight,none_visible,none,False,1,2,1,2024-04,2024-04,https://www.mapillary.com/app/?pKey=1009881573843935&focus=photo,
gree-00761,40.732788,-73.95193,True,wood_utility,,,none,none_visible,none,False,0,2,1,2023-10,2023-10,https://www.mapillary.com/app/?pKey=1847201989053001&focus=photo,
gree-00762,40.7384,-73.93959,True,wood_utility,,lean_slight,slight,none_visible,none,False,1,3,1,2020-03,2020-03,https://www.mapillary.com/app/?pKey=394090641692269&focus=photo,
gree-00763,40.73848,-73.939384,True,concrete_or_steel_utility,,,none,none_visible,none,False,0,3,1,2018-08,2018-08,https://www.mapillary.com/app/?pKey=481624309724196&focus=photo,
gree-00764,40.719055,-73.956825,True,wood_utility,,,unclear,unclear,near,False,1,1,1,2024-03,2024-03,https://www.mapillary.com/app/?pKey=418586060861870&focus=photo,
gree-00765,40.719017,-73.95639,False,unclear,,,unclear,unclear,unclear,False,0,1,1,2024-03,2024-03,https://www.mapillary.com/app/?pKey=274513929033907&focus=photo,
gree-00766,40.73042,-73.95276,False,other,,,unclear,none_visible,near,False,0,2,1,2023-10,2023-10,https://www.mapillary.com/app/?pKey=3593366610977465&focus=photo,
gree-00767,40.720383,-73.95583,True,wood_utility,vegetation,,none,none_visible,touching,False,2,3,1,2016-06,2016-06,https://www.mapillary.com/app/?pKey=1662327687300602&focus=photo,
gree-00768,40.720158,-73.95545,True,wood_utility,,,none,none_visible,near,False,1,3,1,2016-06,2016-06,https://www.mapillary.com/app/?pKey=155002076562546&focus=photo,
gree-00769,40.72061,-73.95618,True,wood_utility,,lean_slight,slight,none_visible,near,False,2,3,1,2016-06,2016-06,https://www.mapillary.com/app/?pKey=221929102601471&focus=photo,
gree-00770,40.72051,-73.956024,True,wood_utility,,lean_slight,slight,none_visible,near,False,2,3,1,2016-06,2016-06,https://www.mapillary.com/app/?pKey=469294534336525&focus=photo,
gree-00771,40.72032,-73.95574,True,wood_utility,,,none,none_visible,near,False,2,3,1,2016-06,2016-06,https://www.mapillary.com/app/?pKey=908523229692387&focus=photo,
gree-00772,40.72377,-73.93779,False,traffic_signal,,,none,none_visible,none,False,0,1,1,2020-03,2020-03,https://www.mapillary.com/app/?pKey=195389395744161&focus=photo,
gree-00773,40.723476,-73.937294,True,wood_utility,,,none,none_visible,near,True,1,3,1,2020-03,2020-03,https://www.mapillary.com/app/?pKey=205849291173892&focus=photo,
gree-00774,40.72629,-73.94029,False,other,,,unclear,unclear,none,False,0,3,1,2024-03,2024-03,https://www.mapillary.com/app/?pKey=694737205963918&focus=photo,
gree-00775,40.732056,-73.9446,True,wood_utility,,lean_slight,slight,intact,none,False,1,3,1,2023-10,2023-10,https://www.mapillary.com/app/?pKey=939539394288898&focus=photo,
gree-00776,40.732122,-73.944775,False,street_light,vegetation,,none,none_visible,touching,False,0,6,1,2023-10,2023-10,https://www.mapillary.com/app/?pKey=1121512972376500&focus=photo,
gree-00777,40.732094,-73.94487,True,wood_utility,vegetation,lean_slight,slight,intact,touching,False,1,3,1,2023-10,2023-10,https://www.mapillary.com/app/?pKey=1385745455403630&focus=photo,
gree-00778,40.731182,-73.94693,False,street_light,,,none,none_visible,near,False,0,1,1,2023-10,2023-10,https://www.mapillary.com/app/?pKey=927724532398710&focus=photo,
gree-00779,40.731798,-73.945665,False,street_light,,,none,none_visible,none,False,0,6,1,2023-10,2023-10,https://www.mapillary.com/app/?pKey=214519155056238&focus=photo,
gree-00780,40.7319983,-73.945125,True,wood_utility,,lean_slight,slight,none_visible,none,False,1,4,1,2023-10,2023-10,https://www.mapillary.com/app/?pKey=735826638332753&focus=photo,
gree-00781,40.731743,-73.945404,False,street_light,,,unclear,none_visible,none,False,0,3,1,2023-10,2023-10,https://www.mapillary.com/app/?pKey=880841493726606&focus=photo,
gree-00782,40.72387,-73.94023,True,wood_utility,,,none,none_visible,none,False,1,3,1,2024-03,2024-03,https://www.mapillary.com/app/?pKey=3730276037218314&focus=photo,
gree-00783,40.723644,-73.94018,True,wood_utility,,,none,none_visible,near,False,2,3,1,2024-03,2024-03,https://www.mapillary.com/app/?pKey=1136175317424439&focus=photo,
gree-00784,40.723614,-73.93652,True,wood_utility,,lean_slight,slight,intact,near,False,1,1,1,2023-10,2023-10,https://www.mapillary.com/app/?pKey=1703799570095589&focus=photo,
gree-00785,40.7236523,-73.93625,True,wood_utility,,,none,none_visible,none,False,1,12,2,2023-10,2023-10,https://www.mapillary.com/app/?pKey=865367601603124&focus=photo,
gree-00786,40.723608,-73.93641,False,street_light,,,none,none_visible,none,False,0,6,2,2023-10,2023-10,https://www.mapillary.com/app/?pKey=339913161875254&focus=photo,
gree-00787,40.71958,-73.95298,False,unclear,,,unclear,none_visible,unclear,False,0,2,1,2023-09,2023-09,https://www.mapillary.com/app/?pKey=1525682841572926&focus=photo,
gree-00788,40.719772,-73.953224,False,traffic_signal,,,none,none_visible,near,False,0,1,1,2023-09,2023-09,https://www.mapillary.com/app/?pKey=843444107136566&focus=photo,
gree-00789,40.72606,-73.94102,True,wood_utility,lean,,moderate,none_visible,near,False,0,3,1,2024-07,2024-07,https://www.mapillary.com/app/?pKey=965484851980526&focus=photo,
gree-00790,40.726063,-73.94066,True,wood_utility,lean,,severe,none_visible,none,False,0,3,1,2024-03,2024-03,https://www.mapillary.com/app/?pKey=3796072557336482&focus=photo,
gree-00791,40.725937,-73.94021,True,wood_utility,,lean_slight,slight,none_visible,none,True,3,3,1,2024-03,2024-03,https://www.mapillary.com/app/?pKey=410424511584483&focus=photo,
gree-00792,40.72577,-73.94032,False,unclear,,,unclear,none_visible,unclear,False,0,2,1,2024-03,2024-03,https://www.mapillary.com/app/?pKey=1470644337206718&focus=photo,
gree-00793,40.72618,-73.94035,True,wood_utility,,lean_slight,slight,intact,near,False,2,3,1,2024-03,2024-03,https://www.mapillary.com/app/?pKey=378421091742583&focus=photo,
gree-00794,40.726467,-73.93957,True,wood_utility,,lean_slight,slight,unclear,near,False,2,3,1,2024-03,2024-03,https://www.mapillary.com/app/?pKey=760376972861302&focus=photo,
gree-00795,40.73445,-73.952207,True,wood_utility,,lean_slight,slight,none_visible,none,False,2,6,2,2018-08,2018-08,https://www.mapillary.com/app/?pKey=184550863437646&focus=photo,
gree-00796,40.736286,-73.93716,True,wood_utility,,,none,none_visible,near,False,2,3,1,2018-06,2018-06,https://www.mapillary.com/app/?pKey=296500498791139&focus=photo,
gree-00797,40.736385,-73.936935,True,wood_utility,,lean_slight,slight,none_visible,none,False,1,1,1,2018-06,2018-06,https://www.mapillary.com/app/?pKey=1376431502741074&focus=photo,
gree-00798,40.733177,-73.951996,True,wood_utility,,,none,none_visible,none,False,1,2,1,2018-09,2018-09,https://www.mapillary.com/app/?pKey=749769952325744&focus=photo,
gree-00799,40.73417,-73.952324,True,wood_utility,,lean_slight,slight,none_visible,none,False,2,1,1,2018-09,2018-09,https://www.mapillary.com/app/?pKey=1115087085634750&focus=photo,
gree-00800,40.718987,-73.94335,True,wood_utility,,,none,none_visible,near,False,2,3,1,2024-02,2024-02,https://www.mapillary.com/app/?pKey=314313151237042&focus=photo,
gree-00801,40.719498,-73.94375,True,wood_utility,,lean_slight,slight,none_visible,near,False,2,3,1,2024-02,2024-02,https://www.mapillary.com/app/?pKey=1119495649060045&focus=photo,
gree-00802,40.719257,-73.943665,True,wood_utility,,,none,none_visible,near,False,1,1,1,2024-02,2024-02,https://www.mapillary.com/app/?pKey=1045747233179222&focus=photo,
gree-00803,40.724487,-73.94065,True,wood_utility,,lean_slight,slight,none_visible,near,False,1,3,1,2024-03,2024-03,https://www.mapillary.com/app/?pKey=1126644691800718&focus=photo,
gree-00804,40.723743,-73.95991,True,wood_utility,,lean_slight,slight,none_visible,near,False,2,3,1,2023-10,2023-10,https://www.mapillary.com/app/?pKey=1312348932987281&focus=photo,
gree-00805,40.72367,-73.941124,True,wood_utility,,lean_slight,slight,none_visible,near,False,1,3,1,2024-07,2024-07,https://www.mapillary.com/app/?pKey=956695482874712&focus=photo,
gree-00806,40.72037,-73.95721,False,street_light,,,none,none_visible,none,False,0,2,1,2023-07,2023-07,https://www.mapillary.com/app/?pKey=830065748849788&focus=photo,
gree-00807,40.724277,-73.941864,True,wood_utility,,lean_slight,slight,none_visible,near,False,2,3,1,2024-07,2024-07,https://www.mapillary.com/app/?pKey=811219320761434&focus=photo,
gree-00808,40.724422,-73.9418,False,unclear,,,unclear,none_visible,unclear,False,0,3,1,2024-07,2024-07,https://www.mapillary.com/app/?pKey=992336875880854&focus=photo,
gree-00809,40.721786,-73.95218,False,street_light,,,none,none_visible,none,False,0,3,1,2023-09,2023-09,https://www.mapillary.com/app/?pKey=652830863486114&focus=photo,
gree-00810,40.72574,-73.94257,True,wood_utility,,lean_slight,slight,intact,near,False,2,3,1,2024-03,2024-03,https://www.mapillary.com/app/?pKey=1085988946008803&focus=photo,
gree-00811,40.72314,-73.94122,True,wood_utility,vegetation,lean_slight,slight,none_visible,touching,False,2,3,1,2024-07,2024-07,https://www.mapillary.com/app/?pKey=987417466418970&focus=photo,
gree-00812,40.7249402,-73.940502,True,wood_utility,,lean_slight,slight,none_visible,near,False,0,5,2,2024-03,2024-03,https://www.mapillary.com/app/?pKey=3582993485345077&focus=photo,
gree-00813,40.7252776,-73.941596,True,wood_utility,,lean_slight,slight,none_visible,near,False,0,5,1,2024-07,2024-07,https://www.mapillary.com/app/?pKey=1007218491095985&focus=photo,
gree-00814,40.723907,-73.94136,True,wood_utility,,,unclear,none_visible,near,False,0,3,1,2024-07,2024-07,https://www.mapillary.com/app/?pKey=1154326485680936&focus=photo,
gree-00815,40.72597,-73.94149,False,other,,,unclear,none_visible,none,False,0,3,1,2024-07,2024-07,https://www.mapillary.com/app/?pKey=1325956842125206&focus=photo,
gree-00816,40.729294,-73.948875,True,wood_utility,,lean_slight,slight,none_visible,none,False,1,3,1,2023-10,2023-10,https://www.mapillary.com/app/?pKey=736091288591600&focus=photo,
gree-00817,40.72965,-73.94905,True,wood_utility,,lean_slight,slight,none_visible,none,False,0,3,1,2023-10,2023-10,https://www.mapillary.com/app/?pKey=3344803782484707&focus=photo,
gree-00818,40.729053,-73.94875,True,wood_utility,,,unclear,none_visible,none,False,2,3,1,2023-10,2023-10,https://www.mapillary.com/app/?pKey=944232397206675&focus=photo,
gree-00819,40.729553,-73.94895,False,street_light,,,none,none_visible,none,False,0,3,1,2023-10,2023-10,https://www.mapillary.com/app/?pKey=2096976320657022&focus=photo,
gree-00820,40.719646,-73.95474,True,wood_utility,,lean_slight,slight,none_visible,none,False,2,3,1,2015-03,2015-03,https://www.mapillary.com/app/?pKey=4604614152888932&focus=photo,
gree-00821,40.72621,-73.9402,True,wood_utility,,,none,none_visible,near,False,1,2,1,2024-07,2024-07,https://www.mapillary.com/app/?pKey=1021513799565044&focus=photo,
gree-00822,40.72555,-73.95732,True,wood_utility,,lean_slight,slight,unclear,none,False,1,3,1,2023-10,2023-10,https://www.mapillary.com/app/?pKey=270316652683149&focus=photo,
gree-00823,40.72615,-73.95747,False,street_light,,,none,none_visible,near,False,0,1,1,2023-10,2023-10,https://www.mapillary.com/app/?pKey=341074281698668&focus=photo,
gree-00824,40.735207,-73.955315,True,wood_utility,vegetation,lean_slight,slight,none_visible,touching,False,2,3,1,2023-10,2023-10,https://www.mapillary.com/app/?pKey=437740258683780&focus=photo,
gree-00825,40.735245,-73.9552,False,street_light,,,none,none_visible,near,False,0,1,1,2023-10,2023-10,https://www.mapillary.com/app/?pKey=1852368135206355&focus=photo,
gree-00826,40.7344125,-73.955095,True,wood_utility,,lean_slight,slight,none_visible,near,False,2,6,1,2023-10,2023-10,https://www.mapillary.com/app/?pKey=376752175256684&focus=photo,
gree-00827,40.73564,-73.95047,True,wood_utility,,,none,none_visible,near,False,0,3,1,2018-08,2018-08,https://www.mapillary.com/app/?pKey=874723923250799&focus=photo,
gree-00828,40.727375,-73.9571,False,street_light,,,none,none_visible,near,False,0,3,1,2019-12,2019-12,https://www.mapillary.com/app/?pKey=2977059949196177&focus=photo,
gree-00829,40.727,-73.95758,True,wood_utility,,lean_slight,slight,none_visible,near,False,2,3,1,2019-12,2019-12,https://www.mapillary.com/app/?pKey=822180878694607&focus=photo,
gree-00830,40.73676,-73.93191,False,street_light,,lean_slight,slight,none_visible,none,False,0,3,1,2018-05,2018-05,https://www.mapillary.com/app/?pKey=787550731945399&focus=photo,
gree-00831,40.737087,-73.93043,True,wood_utility,,,unclear,unclear,none,False,1,1,1,2018-05,2018-05,https://www.mapillary.com/app/?pKey=282020600298812&focus=photo,
gree-00832,40.736927,-73.93118,False,street_light,,,none,none_visible,none,False,0,1,1,2018-05,2018-05,https://www.mapillary.com/app/?pKey=803534727257320&focus=photo,
gree-00833,40.7234863,-73.9368747,True,wood_utility,,,none,intact,near,True,1,9,1,2023-10,2023-10,https://www.mapillary.com/app/?pKey=235087756229765&focus=photo,
gree-00834,40.723293,-73.93727,False,street_light,,,none,none_visible,none,False,0,3,1,2023-10,2023-10,https://www.mapillary.com/app/?pKey=1009288173612793&focus=photo,
gree-00835,40.72386,-73.935974,True,wood_utility,,,none,intact,near,False,2,3,1,2023-10,2023-10,https://www.mapillary.com/app/?pKey=834037248270969&focus=photo,
gree-00836,40.723793,-73.93729,False,traffic_signal,,,none,none_visible,none,False,0,2,1,2023-10,2023-10,https://www.mapillary.com/app/?pKey=255890177423169&focus=photo,
gree-00837,40.7237674,-73.935894,True,wood_utility,,lean_slight,slight,none_visible,near,False,2,5,1,2023-10,2023-10,https://www.mapillary.com/app/?pKey=199090056467843&focus=photo,
gree-00838,40.7237206,-73.9360008,False,street_light,,,none,none_visible,none,False,0,5,1,2023-10,2023-10,https://www.mapillary.com/app/?pKey=264093589433534&focus=photo,
gree-00839,40.723553,-73.93586,True,wood_utility,,lean_slight,slight,intact,none,False,2,2,1,2023-10,2023-10,https://www.mapillary.com/app/?pKey=332896452663742&focus=photo,
gree-00840,40.7250767,-73.9348456,True,wood_utility,,lean_slight,slight,none_visible,near,False,0,8,1,2024-04,2024-04,https://www.mapillary.com/app/?pKey=514534554430186&focus=photo,
gree-00841,40.736656,-73.93224,True,concrete_or_steel_utility,,,none,none_visible,none,False,2,2,1,2015-06,2015-06,https://www.mapillary.com/app/?pKey=296684085405631&focus=photo,
gree-00842,40.736565,-73.932495,True,wood_utility,,lean_slight,slight,unclear,none,False,2,2,1,2015-06,2015-06,https://www.mapillary.com/app/?pKey=296684085405631&focus=photo,
gree-00843,40.722523,-73.95949,False,street_light,,,none,none_visible,near,False,0,3,1,2023-10,2023-10,https://www.mapillary.com/app/?pKey=296221626498505&focus=photo,
gree-00844,40.739132,-73.96005,False,street_light,,lean_slight,slight,none_visible,none,False,1,1,1,2019-12,2019-12,https://www.mapillary.com/app/?pKey=291049425940049&focus=photo,
gree-00845,40.736137,-73.935265,True,wood_utility,,,none,unclear,none,False,2,3,1,2018-09,2018-09,https://www.mapillary.com/app/?pKey=217903566532468&focus=photo,
gree-00846,40.736202,-73.9352,True,wood_utility,,,none,none_visible,near,False,1,2,1,2018-09,2018-09,https://www.mapillary.com/app/?pKey=814848179150358&focus=photo,
gree-00847,40.73622,-73.9351,True,wood_utility,,,none,none_visible,near,False,2,3,1,2018-09,2018-09,https://www.mapillary.com/app/?pKey=814848179150358&focus=photo,
gree-00848,40.735912,-73.93511,True,wood_utility,,lean_slight,slight,none_visible,near,False,2,3,1,2018-09,2018-09,https://www.mapillary.com/app/?pKey=180779193957186&focus=photo,
gree-00849,40.735832,-73.93509,True,wood_utility,,lean_slight,slight,none_visible,near,False,1,3,1,2018-09,2018-09,https://www.mapillary.com/app/?pKey=2865447267048168&focus=photo,
gree-00850,40.73569,-73.93495,True,wood_utility,vegetation,,unclear,intact,touching,False,2,3,1,2018-09,2018-09,https://www.mapillary.com/app/?pKey=1072169363306787&focus=photo,
gree-00851,40.720943,-73.96138,True,wood_utility,,lean_slight,slight,none_visible,none,False,0,2,1,2015-03,2015-03,https://www.mapillary.com/app/?pKey=467624917775155&focus=photo,
gree-00852,40.729893,-73.95763,False,traffic_signal,,,none,none_visible,none,False,0,1,1,2024-02,2024-02,https://www.mapillary.com/app/?pKey=414029511150082&focus=photo,
gree-00853,40.729774,-73.95765,False,street_light,,,none,none_visible,none,False,1,3,1,2024-02,2024-02,https://www.mapillary.com/app/?pKey=1095998855183914&focus=photo,
gree-00854,40.729984,-73.95754,False,street_light,,,none,none_visible,none,False,0,3,1,2024-02,2024-02,https://www.mapillary.com/app/?pKey=350468127798567&focus=photo,
gree-00855,40.731293,-73.95777,False,traffic_signal,,,none,none_visible,none,False,0,3,1,2024-02,2024-02,https://www.mapillary.com/app/?pKey=1558936878188844&focus=photo,
gree-00856,40.7240735,-73.941475,True,wood_utility,,,unclear,none_visible,near,False,2,6,1,2024-07,2024-07,https://www.mapillary.com/app/?pKey=2847213018766896&focus=photo,
gree-00857,40.724182,-73.94147,False,unclear,,,unclear,none_visible,unclear,False,0,3,1,2024-07,2024-07,https://www.mapillary.com/app/?pKey=500516682438993&focus=photo,
gree-00858,40.725178,-73.934814,True,wood_utility,,,unclear,unclear,none,False,1,1,1,2024-04,2024-04,https://www.mapillary.com/app/?pKey=406160585264657&focus=photo,
gree-00859,40.719376,-73.94721,False,street_light,,,none,none_visible,none,False,0,3,1,2016-06,2016-06,https://www.mapillary.com/app/?pKey=137099545097746&focus=photo,
gree-00860,40.71988,-73.943954,True,wood_utility,vegetation,lean_slight,slight,none_visible,touching,False,2,3,1,2020-05,2020-05,https://www.mapillary.com/app/?pKey=193496199294334&focus=photo,
gree-00861,40.72326,-73.952515,False,street_light,,,none,none_visible,near,False,0,3,1,2016-06,2016-06,https://www.mapillary.com/app/?pKey=780650215924571&focus=photo,
gree-00862,40.72329,-73.952,False,street_light,,,unclear,unclear,near,False,0,2,1,2016-06,2016-06,https://www.mapillary.com/app/?pKey=501557400867748&focus=photo,
gree-00863,40.7257995,-73.9414517,True,wood_utility,,lean_slight,slight,intact,near,True,2,4,1,2024-07,2024-07,https://www.mapillary.com/app/?pKey=817126943938799&focus=photo,
gree-00864,40.72579,-73.941605,True,wood_utility,,lean_slight,slight,intact,none,True,1,3,1,2024-07,2024-07,https://www.mapillary.com/app/?pKey=1000906081479938&focus=photo,
gree-00865,40.734386,-73.949776,True,wood_utility,,,none,none_visible,near,False,2,3,1,2018-08,2018-08,https://www.mapillary.com/app/?pKey=189085632962275&focus=photo,
gree-00866,40.734226,-73.94995,True,wood_utility,,,none,none_visible,none,False,1,2,1,2018-08,2018-08,https://www.mapillary.com/app/?pKey=175850921126895&focus=photo,
gree-00867,40.7346165,-73.949817,True,wood_utility,,,none,none_visible,near,False,1,6,1,2018-08,2018-08,https://www.mapillary.com/app/?pKey=472705627295170&focus=photo,
gree-00868,40.736465,-73.949905,True,wood_utility,,,none,none_visible,near,False,0,3,1,2018-08,2018-08,https://www.mapillary.com/app/?pKey=1456044001396288&focus=photo,
gree-00869,40.73558,-73.9501,True,wood_utility,,,none,none_visible,none,False,0,3,1,2018-08,2018-08,https://www.mapillary.com/app/?pKey=855803195142943&focus=photo,
gree-00870,40.73271,-73.95194,True,wood_utility,,lean_slight,slight,none_visible,near,False,1,3,1,2018-08,2018-08,https://www.mapillary.com/app/?pKey=2089093474562647&focus=photo,
gree-00871,40.733288,-73.95204,True,wood_utility,,lean_slight,slight,none_visible,near,False,1,3,1,2018-08,2018-08,https://www.mapillary.com/app/?pKey=2930749017209956&focus=photo,
gree-00872,40.73474,-73.95232,True,wood_utility,,,none,none_visible,none,False,0,1,1,2018-08,2018-08,https://www.mapillary.com/app/?pKey=2889047274683842&focus=photo,
gree-00873,40.734035,-73.952156,True,wood_utility,,lean_slight,slight,none_visible,none,False,2,3,1,2018-08,2018-08,https://www.mapillary.com/app/?pKey=2919650511581339&focus=photo,
gree-00874,40.73644,-73.958145,False,street_light,,,none,none_visible,near,False,0,3,1,2016-05,2016-05,https://www.mapillary.com/app/?pKey=481926253233062&focus=photo,
gree-00875,40.719505,-73.94702,False,street_light,,,none,none_visible,near,False,0,2,1,2023-10,2023-10,https://www.mapillary.com/app/?pKey=1043364760137559&focus=photo,
gree-00876,40.720093,-73.94767,False,unclear,,,unclear,none_visible,unclear,False,0,1,1,2023-10,2023-10,https://www.mapillary.com/app/?pKey=863889021975417&focus=photo,
gree-00877,40.7203,-73.94784,False,other,,,none,none_visible,none,False,0,2,1,2023-10,2023-10,https://www.mapillary.com/app/?pKey=3445829345727188&focus=photo,
gree-00878,40.72006,-73.94758,False,other,vegetation,,none,none_visible,touching,False,0,2,1,2023-10,2023-10,https://www.mapillary.com/app/?pKey=1022932758925219&focus=photo,
gree-00879,40.73083,-73.947754,False,street_light,,,none,none_visible,near,False,0,3,1,2015-06,2015-06,https://www.mapillary.com/app/?pKey=791451274821710&focus=photo,
gree-00880,40.730724,-73.947754,True,wood_utility,,,none,none_visible,near,False,0,3,1,2015-06,2015-06,https://www.mapillary.com/app/?pKey=474395463844720&focus=photo,
gree-00881,40.733368,-73.95198,False,street_light,,,none,none_visible,none,False,1,1,1,2019-12,2019-12,https://www.mapillary.com/app/?pKey=3281934985243512&focus=photo,
gree-00882,40.733467,-73.95203,True,wood_utility,,lean_slight,slight,none_visible,near,False,1,2,1,2019-12,2019-12,https://www.mapillary.com/app/?pKey=3281934985243512&focus=photo,
gree-00883,40.7236013,-73.93913,True,wood_utility,,lean_slight,slight,none_visible,none,False,2,4,1,2023-10,2023-10,https://www.mapillary.com/app/?pKey=1044701830019262&focus=photo,
gree-00884,40.7236715,-73.93895,True,wood_utility,,lean_slight,slight,none_visible,near,False,1,6,1,2023-10,2023-10,https://www.mapillary.com/app/?pKey=826995502489839&focus=photo,
gree-00885,40.729282,-73.946106,True,wood_utility,vegetation,lean_slight,slight,none_visible,touching,False,1,3,1,2015-06,2015-06,https://www.mapillary.com/app/?pKey=155730789731047&focus=photo,
gree-00886,40.729355,-73.94609,True,wood_utility,,lean_slight,slight,unclear,none,False,1,2,1,2015-06,2015-06,https://www.mapillary.com/app/?pKey=486082189259199&focus=photo,
gree-00887,40.73845,-73.93991,True,wood_utility,,lean_slight,slight,none_visible,none,False,1,3,1,2020-03,2020-03,https://www.mapillary.com/app/?pKey=2844860289099155&focus=photo,
gree-00888,40.73866,-73.9403,True,wood_utility,,,none,none_visible,near,False,1,2,1,2020-03,2020-03,https://www.mapillary.com/app/?pKey=913706369503204&focus=photo,
gree-00889,40.73547,-73.9348225,True,wood_utility,,,unclear,unclear,near,False,1,6,1,2015-06,2015-06,https://www.mapillary.com/app/?pKey=527072512003823&focus=photo,
gree-00890,40.735573,-73.93482,True,wood_utility,,lean_slight,slight,unclear,near,False,2,3,1,2015-06,2015-06,https://www.mapillary.com/app/?pKey=527072512003823&focus=photo,
gree-00891,40.71964,-73.95777,True,wood_utility,,lean_slight,slight,none_visible,near,False,2,3,1,2016-06,2016-06,https://www.mapillary.com/app/?pKey=2996953520568625&focus=photo,
gree-00892,40.71972,-73.95794,False,street_light,,,none,none_visible,near,False,2,3,1,2016-06,2016-06,https://www.mapillary.com/app/?pKey=2897495200499247&focus=photo,
gree-00893,40.735565,-73.93493,True,wood_utility,,lean_slight,slight,none_visible,none,False,2,3,1,2018-05,2018-05,https://www.mapillary.com/app/?pKey=522784199104773&focus=photo,
gree-00894,40.73587,-73.934135,True,wood_utility,,lean_slight,slight,none_visible,none,False,0,2,1,2018-05,2018-05,https://www.mapillary.com/app/?pKey=511755673182992&focus=photo,
gree-00895,40.735435,-73.9352675,True,wood_utility,,lean_slight,slight,none_visible,none,False,2,4,1,2018-05,2018-05,https://www.mapillary.com/app/?pKey=752827558724533&focus=photo,
gree-00896,40.7353,-73.93541,True,wood_utility,,lean_slight,slight,none_visible,none,False,1,1,1,2018-05,2018-05,https://www.mapillary.com/app/?pKey=752827558724533&focus=photo,
gree-00897,40.735943,-73.933945,True,wood_utility,,,unclear,none_visible,none,False,0,3,1,2018-05,2018-05,https://www.mapillary.com/app/?pKey=1667565350119709&focus=photo,
gree-00898,40.735721,-73.934458,True,wood_utility,,lean_slight,slight,none_visible,none,False,0,5,1,2018-05,2018-05,https://www.mapillary.com/app/?pKey=744549046235091&focus=photo,
gree-00899,40.73575,-73.934296,True,wood_utility,,lean_slight,slight,none_visible,near,False,1,2,1,2018-05,2018-05,https://www.mapillary.com/app/?pKey=744549046235091&focus=photo,
gree-00900,40.735264,-73.9357,True,wood_utility,,,none,none_visible,none,False,2,3,1,2018-05,2018-05,https://www.mapillary.com/app/?pKey=533445941018079&focus=photo,
gree-00901,40.734734,-73.95255,False,traffic_signal,,,none,none_visible,none,False,0,3,1,2024-12,2024-12,https://www.mapillary.com/app/?pKey=600230759327972&focus=photo,
gree-00902,40.725147,-73.9407,True,wood_utility,,lean_slight,slight,none_visible,near,False,2,3,1,2024-03,2024-03,https://www.mapillary.com/app/?pKey=728189196157901&focus=photo,
gree-00903,40.725853,-73.9409,True,wood_utility,,,unclear,unclear,none,False,1,2,1,2024-03,2024-03,https://www.mapillary.com/app/?pKey=759059612983810&focus=photo,
gree-00904,40.72725,-73.94787,True,concrete_or_steel_utility,vegetation,,none,none_visible,touching,False,1,2,1,2023-10,2023-10,https://www.mapillary.com/app/?pKey=935032304686953&focus=photo,
gree-00905,40.727375,-73.947945,True,wood_utility,,lean_slight,slight,none_visible,none,False,0,3,1,2023-10,2023-10,https://www.mapillary.com/app/?pKey=935032304686953&focus=photo,
gree-00906,40.72791,-73.94824,True,wood_utility,,lean_slight,slight,none_visible,near,False,1,3,1,2023-10,2023-10,https://www.mapillary.com/app/?pKey=1208627356784138&focus=photo,
gree-00907,40.727688,-73.94811,True,wood_utility,,lean_slight,slight,none_visible,none,False,2,3,1,2023-10,2023-10,https://www.mapillary.com/app/?pKey=819558483270239&focus=photo,
gree-00908,40.728775,-73.94862,False,street_light,,lean_slight,slight,none_visible,none,False,0,1,1,2023-10,2023-10,https://www.mapillary.com/app/?pKey=1454498238782689&focus=photo,
gree-00909,40.728153,-73.94837,False,street_light,,lean_slight,slight,none_visible,none,False,2,3,1,2023-10,2023-10,https://www.mapillary.com/app/?pKey=438166275220417&focus=photo,
gree-00910,40.7284775,-73.9484075,True,wood_utility,,lean_slight,slight,none_visible,near,False,2,4,1,2023-10,2023-10,https://www.mapillary.com/app/?pKey=396235446380863&focus=photo,
gree-00911,40.7286,-73.94862,True,wood_utility,lean,,moderate,none_visible,none,False,2,3,1,2023-10,2023-10,https://www.mapillary.com/app/?pKey=1102189384446954&focus=photo,
gree-00912,40.728344,-73.94849,True,wood_utility,,,unclear,none_visible,none,False,2,3,1,2023-10,2023-10,https://www.mapillary.com/app/?pKey=431829869202442&focus=photo,
gree-00913,40.724953,-73.952995,False,street_light,,,none,none_visible,near,False,0,3,1,2022-01,2022-01,https://www.mapillary.com/app/?pKey=634489727602360&focus=photo,
gree-00914,40.723404,-73.940735,False,street_light,,,none,none_visible,near,False,0,3,1,2024-03,2024-03,https://www.mapillary.com/app/?pKey=1986752041726637&focus=photo,
gree-00915,40.726209,-73.93868,True,wood_utility,,,none,intact,none,False,2,4,1,2023-10,2023-10,https://www.mapillary.com/app/?pKey=372609745120836&focus=photo,
gree-00916,40.7262143,-73.9385533,True,wood_utility,,lean_slight,slight,intact,none,False,1,3,1,2023-10,2023-10,https://www.mapillary.com/app/?pKey=1425401314689742&focus=photo,
gree-00917,40.724613,-73.93776,True,wood_utility,vegetation,lean_slight,slight,none_visible,touching,False,2,3,1,2023-10,2023-10,https://www.mapillary.com/app/?pKey=272410659129074&focus=photo,
gree-00918,40.726185,-73.9389,True,wood_utility,,,none,intact,none,False,2,2,1,2023-10,2023-10,https://www.mapillary.com/app/?pKey=1036578190989310&focus=photo,
gree-00919,40.726242,-73.93809,True,wood_utility,,lean_slight,slight,intact,none,False,2,3,1,2023-10,2023-10,https://www.mapillary.com/app/?pKey=675972110978522&focus=photo,
gree-00920,40.7262564,-73.9379304,True,wood_utility,,,none,unclear,none,False,1,5,1,2023-10,2023-10,https://www.mapillary.com/app/?pKey=717554017069099&focus=photo,
gree-00921,40.726003,-73.9379575,True,wood_utility,,,none,intact,near,False,2,6,1,2023-10,2023-10,https://www.mapillary.com/app/?pKey=1037297924249643&focus=photo,
gree-00922,40.72567,-73.937935,True,wood_utility,,lean_slight,slight,none_visible,near,False,1,3,1,2023-10,2023-10,https://www.mapillary.com/app/?pKey=264801332791620&focus=photo,
gree-00923,40.725895,-73.93797,True,wood_utility,,,unclear,intact,none,True,1,3,1,2023-10,2023-10,https://www.mapillary.com/app/?pKey=1614440532678079&focus=photo,
gree-00924,40.724888,-73.93781,True,wood_utility,,lean_slight,slight,none_visible,near,False,2,3,1,2023-10,2023-10,https://www.mapillary.com/app/?pKey=1012712869989039&focus=photo,
gree-00925,40.725148,-73.937845,True,wood_utility,,lean_slight,slight,none_visible,near,False,2,6,1,2023-10,2023-10,https://www.mapillary.com/app/?pKey=732487678763014&focus=photo,
gree-00926,40.725414,-73.93789,True,wood_utility,,lean_slight,slight,none_visible,none,False,2,3,1,2023-10,2023-10,https://www.mapillary.com/app/?pKey=360627859758973&focus=photo,
gree-00927,40.7248,-73.93419,True,concrete_or_steel_utility,,,none,intact,none,False,0,1,1,2018-08,2018-08,https://www.mapillary.com/app/?pKey=754715135088523&focus=photo,
gree-00928,40.722958,-73.94354,False,street_light,,,none,none_visible,near,False,0,3,1,2024-03,2024-03,https://www.mapillary.com/app/?pKey=2728083064035200&focus=photo,
gree-00929,40.7293412,-73.942304,True,wood_utility,,lean_slight,slight,intact,none,False,2,8,1,2023-10,2023-10,https://www.mapillary.com/app/?pKey=1056121042352843&focus=photo,
gree-00930,40.728908,-73.9422043,True,wood_utility,,lean_slight,slight,intact,none,False,2,7,1,2023-10,2023-10,https://www.mapillary.com/app/?pKey=738704384698695&focus=photo,
gree-00931,40.7292342,-73.942073,False,street_light,,lean_slight,slight,none_visible,none,False,0,5,1,2023-10,2023-10,https://www.mapillary.com/app/?pKey=783079636553392&focus=photo,
gree-00932,40.7287816,-73.9422035,True,wood_utility,,lean_slight,slight,intact,none,False,2,8,1,2023-10,2023-10,https://www.mapillary.com/app/?pKey=1441517773138188&focus=photo,
gree-00933,40.7296315,-73.942155,True,wood_utility,,lean_slight,slight,none_visible,none,False,1,6,1,2023-10,2023-10,https://www.mapillary.com/app/?pKey=782623047093340&focus=photo,
gree-00934,40.729557,-73.94229,True,wood_utility,,lean_slight,slight,unclear,none,False,2,3,1,2023-10,2023-10,https://www.mapillary.com/app/?pKey=430143496068895&focus=photo,
gree-00935,40.729141,-73.9422525,True,wood_utility,,lean_slight,slight,intact,none,False,2,6,1,2023-10,2023-10,https://www.mapillary.com/app/?pKey=2231478393900541&focus=photo,
gree-00936,40.72922,-73.9423,True,wood_utility,,lean_slight,slight,none_visible,none,False,1,3,1,2023-10,2023-10,https://www.mapillary.com/app/?pKey=774886504520905&focus=photo,
gree-00937,40.72944,-73.94213,True,wood_utility,lean,,severe,none_visible,none,False,0,3,1,2023-10,2023-10,https://www.mapillary.com/app/?pKey=1124869048545315&focus=photo,
gree-00938,40.7299298,-73.942438,True,wood_utility,,,none,none_visible,none,False,1,5,1,2023-10,2023-10,https://www.mapillary.com/app/?pKey=1640171420057717&focus=photo,
gree-00939,40.729443,-73.942314,True,wood_utility,,lean_slight,slight,intact,none,False,2,3,1,2023-10,2023-10,https://www.mapillary.com/app/?pKey=775764867404207&focus=photo,
gree-00940,40.730456,-73.9425038,True,wood_utility,,,none,intact,none,False,0,4,1,2023-10,2023-10,https://www.mapillary.com/app/?pKey=1403859193668701&focus=photo,
gree-00941,40.730663,-73.942535,True,wood_utility,,,none,intact,none,False,3,3,1,2023-10,2023-10,https://www.mapillary.com/app/?pKey=845222347412559&focus=photo,
gree-00942,40.72885,-73.94219,True,wood_utility,,lean_slight,slight,intact,none,False,2,1,1,2023-10,2023-10,https://www.mapillary.com/app/?pKey=1441517773138188&focus=photo,
gree-00943,40.7290075,-73.9422225,True,wood_utility,,lean_slight,slight,intact,none,False,2,6,1,2023-10,2023-10,https://www.mapillary.com/app/?pKey=1091985052523101&focus=photo,
gree-00944,40.7296892,-73.9423625,True,wood_utility,,lean_slight,slight,none_visible,none,False,2,4,1,2023-10,2023-10,https://www.mapillary.com/app/?pKey=1457907678435912&focus=photo,
gree-00945,40.7302055,-73.94245,True,wood_utility,,lean_slight,slight,none_visible,none,False,2,4,1,2023-10,2023-10,https://www.mapillary.com/app/?pKey=383776614406547&focus=photo,
gree-00946,40.730915,-73.9426,True,wood_utility,,,none,intact,none,False,1,3,1,2023-10,2023-10,https://www.mapillary.com/app/?pKey=1578652396041097&focus=photo,
gree-00947,40.725048,-73.940636,True,wood_utility,,lean_slight,slight,none_visible,none,False,2,3,1,2024-03,2024-03,https://www.mapillary.com/app/?pKey=785292350136529&focus=photo,
gree-00948,40.725025,-73.94047,True,wood_utility,,,none,none_visible,none,False,1,3,1,2024-03,2024-03,https://www.mapillary.com/app/?pKey=935927351358117&focus=photo,
gree-00949,40.726074,-73.94958,False,street_light,,,none,none_visible,none,False,0,3,1,2022-01,2022-01,https://www.mapillary.com/app/?pKey=275970747934445&focus=photo,
gree-00950,40.732662,-73.9424,True,wood_utility,,lean_slight,slight,intact,none,False,1,3,1,2018-05,2018-05,https://www.mapillary.com/app/?pKey=1736126763215682&focus=photo,
gree-00951,40.73259,-73.94244,True,wood_utility,,,none,none_visible,none,False,1,2,1,2018-05,2018-05,https://www.mapillary.com/app/?pKey=1736126763215682&focus=photo,
gree-00952,40.72163,-73.95298,False,street_light,,,none,none_visible,near,False,0,3,1,2023-09,2023-09,https://www.mapillary.com/app/?pKey=6800335856700637&focus=photo,
gree-00953,40.7337,-73.94286,True,wood_utility,lean,,moderate,none_visible,none,False,0,1,1,2023-10,2023-10,https://www.mapillary.com/app/?pKey=1808534039568913&focus=photo,
gree-00954,40.7336975,-73.943235,True,wood_utility,,,none,none_visible,none,False,2,2,1,2023-10,2023-10,https://www.mapillary.com/app/?pKey=3840122599584951&focus=photo,
gree-00955,40.733532,-73.943146,True,wood_utility,,lean_slight,slight,none_visible,none,False,0,3,1,2023-10,2023-10,https://www.mapillary.com/app/?pKey=1808534039568913&focus=photo,
gree-00956,40.733692,-73.94311,True,wood_utility,,lean_slight,slight,none_visible,none,False,1,2,1,2023-10,2023-10,https://www.mapillary.com/app/?pKey=1808534039568913&focus=photo,
gree-00957,40.72033,-73.95609,True,wood_utility,,lean_slight,slight,unclear,none,False,2,2,1,2015-03,2015-03,https://www.mapillary.com/app/?pKey=295290425396935&focus=photo,
gree-00958,40.731834,-73.95203,False,traffic_signal,,,none,none_visible,none,False,0,3,1,2018-08,2018-08,https://www.mapillary.com/app/?pKey=319791129558902&focus=photo,
gree-00959,40.72072,-73.959076,False,street_light,,,none,none_visible,none,False,0,2,1,2019-12,2019-12,https://www.mapillary.com/app/?pKey=802080100718620&focus=photo,
gree-00960,40.719772,-73.94454,True,wood_utility,vegetation,,unclear,none_visible,touching,False,0,3,1,2018-08,2018-08,https://www.mapillary.com/app/?pKey=909352726585192&focus=photo,
gree-00961,40.732536,-73.9427,True,wood_utility,,lean_slight,slight,unclear,near,False,0,3,1,2018-05,2018-05,https://www.mapillary.com/app/?pKey=1025610074921598&focus=photo,

"Imagery and detections © Mapillary contributors, CC BY-SA 4.0. Derived data ODbL. Basemap © OpenStreetMap contributors. OSM pole comparison © OpenStreetMap contributors, ODbL."
