{"type": "FeatureCollection", "license": "ODbL 1.0", "attribution": "Imagery and detections \u00a9 Mapillary contributors, CC BY-SA 4.0. Derived data ODbL. Basemap \u00a9 OpenStreetMap contributors. OSM pole comparison \u00a9 OpenStreetMap contributors, ODbL.", "features": [{"type": "Feature", "geometry": {"type": "Point", "coordinates": [-73.95189, 40.736145]}, "properties": {"id": "gree-00000", "is_utility_pole": true, "pole_type": "wood_utility", "model_flags": [], "model_watch": [], "lean": "none", "crossarm": "none_visible", "vegetation": "none", "transformer": false, "attachments_estimate": 1, "photos_assessed": 3, "capture_sequences": 1, "photo_shown_date": "2018-08", "latest_available_photo_date": "2018-08", "source_photo_url": "https://www.mapillary.com/app/?pKey=228386778622108&focus=photo", "nearest_osm_pole_m": null}}, {"type": "Feature", "geometry": {"type": "Point", "coordinates": [-73.95001, 40.7362123]}, "properties": {"id": "gree-00001", "is_utility_pole": true, "pole_type": "wood_utility", "model_flags": ["lean"], "model_watch": [], "lean": "severe", "crossarm": "none_visible", "vegetation": "near", "transformer": false, "attachments_estimate": 2, "photos_assessed": 9, "capture_sequences": 2, "photo_shown_date": "2018-08", "latest_available_photo_date": "2018-08", "source_photo_url": "https://www.mapillary.com/app/?pKey=310359387326781&focus=photo", "nearest_osm_pole_m": null}}, {"type": "Feature", "geometry": {"type": "Point", "coordinates": [-73.95114, 40.7362]}, "properties": {"id": "gree-00002", "is_utility_pole": true, "pole_type": "wood_utility", "model_flags": [], "model_watch": ["lean_slight"], "lean": "slight", "crossarm": "none_visible", "vegetation": "none", "transformer": false, "attachments_estimate": 2, "photos_assessed": 3, "capture_sequences": 1, "photo_shown_date": "2018-08", "latest_available_photo_date": "2018-08", "source_photo_url": "https://www.mapillary.com/app/?pKey=2934690230110239&focus=photo", "nearest_osm_pole_m": null}}, {"type": "Feature", "geometry": {"type": "Point", "coordinates": [-73.95001, 40.735874]}, "properties": {"id": "gree-00003", "is_utility_pole": true, "pole_type": "wood_utility", "model_flags": [], "model_watch": ["lean_slight"], "lean": "slight", "crossarm": "none_visible", "vegetation": "near", "transformer": false, "attachments_estimate": 1, "photos_assessed": 3, "capture_sequences": 1, "photo_shown_date": "2018-08", "latest_available_photo_date": "2018-08", "source_photo_url": "https://www.mapillary.com/app/?pKey=578554139784568&focus=photo", "nearest_osm_pole_m": null}}, {"type": "Feature", "geometry": {"type": "Point", "coordinates": [-73.95294, 40.719795]}, "properties": {"id": "gree-00004", "is_utility_pole": false, "pole_type": "other", "model_flags": [], "model_watch": [], "lean": "none", "crossarm": "none_visible", "vegetation": "near", "transformer": false, "attachments_estimate": 0, "photos_assessed": 3, "capture_sequences": 1, "photo_shown_date": "2023-09", "latest_available_photo_date": "2023-09", "source_photo_url": "https://www.mapillary.com/app/?pKey=1453258705407300&focus=photo", "nearest_osm_pole_m": null}}, {"type": "Feature", "geometry": {"type": "Point", "coordinates": [-73.95309, 40.72016]}, "properties": {"id": "gree-00005", "is_utility_pole": false, "pole_type": "street_light", "model_flags": ["vegetation"], "model_watch": [], "lean": "unclear", "crossarm": "none_visible", "vegetation": "touching", "transformer": false, "attachments_estimate": 0, "photos_assessed": 1, "capture_sequences": 1, "photo_shown_date": "2023-09", "latest_available_photo_date": "2023-09", "source_photo_url": "https://www.mapillary.com/app/?pKey=699029198742272&focus=photo", "nearest_osm_pole_m": null}}, {"type": "Feature", "geometry": {"type": "Point", "coordinates": [-73.9413583, 40.72368]}, "properties": {"id": "gree-00006", "is_utility_pole": true, "pole_type": "wood_utility", "model_flags": [], "model_watch": ["lean_slight"], "lean": "slight", "crossarm": "none_visible", "vegetation": "near", "transformer": false, "attachments_estimate": 2, "photos_assessed": 9, "capture_sequences": 2, "photo_shown_date": "2024-07", "latest_available_photo_date": "2024-07", "source_photo_url": "https://www.mapillary.com/app/?pKey=1191557181983065&focus=photo", "nearest_osm_pole_m": null}}, {"type": "Feature", "geometry": {"type": "Point", "coordinates": [-73.9413025, 40.7234372]}, "properties": {"id": "gree-00007", "is_utility_pole": true, "pole_type": "wood_utility", "model_flags": [], "model_watch": [], "lean": "none", "crossarm": "none_visible", "vegetation": "near", "transformer": false, "attachments_estimate": 2, "photos_assessed": 12, "capture_sequences": 2, "photo_shown_date": "2024-07", "latest_available_photo_date": "2024-07", "source_photo_url": "https://www.mapillary.com/app/?pKey=3614922282145569&focus=photo", "nearest_osm_pole_m": null}}, {"type": "Feature", "geometry": {"type": "Point", "coordinates": [-73.95816, 40.718952]}, "properties": {"id": "gree-00008", "is_utility_pole": true, "pole_type": "wood_utility", "model_flags": [], "model_watch": [], "lean": "none", "crossarm": "none_visible", "vegetation": "near", "transformer": false, "attachments_estimate": 2, "photos_assessed": 3, "capture_sequences": 1, "photo_shown_date": "2019-12", "latest_available_photo_date": "2019-12", "source_photo_url": "https://www.mapillary.com/app/?pKey=374156083923995&focus=photo", "nearest_osm_pole_m": null}}, {"type": "Feature", "geometry": {"type": "Point", "coordinates": [-73.95822, 40.71901]}, "properties": {"id": "gree-00009", "is_utility_pole": true, "pole_type": "wood_utility", "model_flags": [], "model_watch": [], "lean": "none", "crossarm": "none_visible", "vegetation": "near", "transformer": false, "attachments_estimate": 2, "photos_assessed": 3, "capture_sequences": 1, "photo_shown_date": "2019-12", "latest_available_photo_date": "2019-12", "source_photo_url": "https://www.mapillary.com/app/?pKey=991557558045580&focus=photo", "nearest_osm_pole_m": null}}, {"type": "Feature", "geometry": {"type": "Point", "coordinates": [-73.9413587, 40.7233537]}, "properties": {"id": "gree-00010", "is_utility_pole": true, "pole_type": "wood_utility", "model_flags": [], "model_watch": ["lean_slight"], "lean": "slight", "crossarm": "none_visible", "vegetation": "near", "transformer": false, "attachments_estimate": 1, "photos_assessed": 9, "capture_sequences": 3, "photo_shown_date": "2024-07", "latest_available_photo_date": "2024-07", "source_photo_url": "https://www.mapillary.com/app/?pKey=1657216561693284&focus=photo", "nearest_osm_pole_m": null}}, {"type": "Feature", "geometry": {"type": "Point", "coordinates": [-73.941234, 40.7235147]}, "properties": {"id": "gree-00011", "is_utility_pole": true, "pole_type": "wood_utility", "model_flags": [], "model_watch": ["lean_slight"], "lean": "slight", "crossarm": "none_visible", "vegetation": "near", "transformer": false, "attachments_estimate": 1, "photos_assessed": 9, "capture_sequences": 1, "photo_shown_date": "2024-07", "latest_available_photo_date": "2024-07", "source_photo_url": "https://www.mapillary.com/app/?pKey=2568391936883599&focus=photo", "nearest_osm_pole_m": null}}, {"type": "Feature", "geometry": {"type": "Point", "coordinates": [-73.951416, 40.73312]}, "properties": {"id": "gree-00012", "is_utility_pole": true, "pole_type": "wood_utility", "model_flags": [], "model_watch": ["lean_slight"], "lean": "slight", "crossarm": "none_visible", "vegetation": "none", "transformer": false, "attachments_estimate": 0, "photos_assessed": 3, "capture_sequences": 1, "photo_shown_date": "2018-08", "latest_available_photo_date": "2018-08", "source_photo_url": "https://www.mapillary.com/app/?pKey=821352701805538&focus=photo", "nearest_osm_pole_m": null}}, {"type": "Feature", "geometry": {"type": "Point", "coordinates": [-73.95111, 40.73316]}, "properties": {"id": "gree-00013", "is_utility_pole": true, "pole_type": "wood_utility", "model_flags": [], "model_watch": ["lean_slight"], "lean": "slight", "crossarm": "none_visible", "vegetation": "none", "transformer": false, "attachments_estimate": 1, "photos_assessed": 3, "capture_sequences": 1, "photo_shown_date": "2018-08", "latest_available_photo_date": "2018-08", "source_photo_url": "https://www.mapillary.com/app/?pKey=1410052219356132&focus=photo", "nearest_osm_pole_m": null}}, {"type": "Feature", "geometry": {"type": "Point", "coordinates": [-73.958595, 40.73545]}, "properties": {"id": "gree-00014", "is_utility_pole": true, "pole_type": "wood_utility", "model_flags": [], "model_watch": [], "lean": "none", "crossarm": "none_visible", "vegetation": "near", "transformer": false, "attachments_estimate": 2, "photos_assessed": 3, "capture_sequences": 1, "photo_shown_date": "2016-05", "latest_available_photo_date": "2016-05", "source_photo_url": "https://www.mapillary.com/app/?pKey=470520857618554&focus=photo", "nearest_osm_pole_m": null}}, {"type": "Feature", "geometry": {"type": "Point", "coordinates": [-73.95847, 40.735638]}, "properties": {"id": "gree-00015", "is_utility_pole": false, "pole_type": "traffic_signal", "model_flags": [], "model_watch": [], "lean": "none", "crossarm": "none_visible", "vegetation": "near", "transformer": false, "attachments_estimate": 0, "photos_assessed": 3, "capture_sequences": 1, "photo_shown_date": "2016-05", "latest_available_photo_date": "2016-05", "source_photo_url": "https://www.mapillary.com/app/?pKey=470520857618554&focus=photo", "nearest_osm_pole_m": null}}, {"type": "Feature", "geometry": {"type": "Point", "coordinates": [-73.958565, 40.735233]}, "properties": {"id": "gree-00016", "is_utility_pole": true, "pole_type": "wood_utility", "model_flags": [], "model_watch": ["lean_slight"], "lean": "slight", "crossarm": "none_visible", "vegetation": "near", "transformer": false, "attachments_estimate": 2, "photos_assessed": 3, "capture_sequences": 1, "photo_shown_date": "2016-05", "latest_available_photo_date": "2016-05", "source_photo_url": "https://www.mapillary.com/app/?pKey=493400005344015&focus=photo", "nearest_osm_pole_m": null}}, {"type": "Feature", "geometry": {"type": "Point", "coordinates": [-73.932394, 40.7365484]}, "properties": {"id": "gree-00017", "is_utility_pole": true, "pole_type": "wood_utility", "model_flags": [], "model_watch": [], "lean": "none", "crossarm": "none_visible", "vegetation": "none", "transformer": false, "attachments_estimate": 1, "photos_assessed": 5, "capture_sequences": 2, "photo_shown_date": "2018-09", "latest_available_photo_date": "2018-09", "source_photo_url": "https://www.mapillary.com/app/?pKey=112537857580101&focus=photo", "nearest_osm_pole_m": null}}, {"type": "Feature", "geometry": {"type": "Point", "coordinates": [-73.93273, 40.736292]}, "properties": {"id": "gree-00018", "is_utility_pole": true, "pole_type": "wood_utility", "model_flags": ["vegetation"], "model_watch": ["lean_slight"], "lean": "slight", "crossarm": "none_visible", "vegetation": "touching", "transformer": false, "attachments_estimate": 1, "photos_assessed": 6, "capture_sequences": 2, "photo_shown_date": "2018-05", "latest_available_photo_date": "2018-05", "source_photo_url": "https://www.mapillary.com/app/?pKey=500587531155617&focus=photo", "nearest_osm_pole_m": null}}, {"type": "Feature", "geometry": {"type": "Point", "coordinates": [-73.94812, 40.719223]}, "properties": {"id": "gree-00019", "is_utility_pole": false, "pole_type": "street_light", "model_flags": [], "model_watch": ["lean_slight"], "lean": "slight", "crossarm": "none_visible", "vegetation": "near", "transformer": false, "attachments_estimate": 0, "photos_assessed": 1, "capture_sequences": 1, "photo_shown_date": "2023-10", "latest_available_photo_date": "2023-10", "source_photo_url": "https://www.mapillary.com/app/?pKey=317090727693860&focus=photo", "nearest_osm_pole_m": null}}, {"type": "Feature", "geometry": {"type": "Point", "coordinates": [-73.948326, 40.719265]}, "properties": {"id": "gree-00020", "is_utility_pole": false, "pole_type": "street_light", "model_flags": [], "model_watch": [], "lean": "none", "crossarm": "none_visible", "vegetation": "near", "transformer": false, "attachments_estimate": 0, "photos_assessed": 2, "capture_sequences": 1, "photo_shown_date": "2023-10", "latest_available_photo_date": "2023-10", "source_photo_url": "https://www.mapillary.com/app/?pKey=708548507426276&focus=photo", "nearest_osm_pole_m": null}}, {"type": "Feature", "geometry": {"type": "Point", "coordinates": [-73.949875, 40.7348534]}, "properties": {"id": "gree-00021", "is_utility_pole": true, "pole_type": "wood_utility", "model_flags": ["vegetation"], "model_watch": ["lean_slight"], "lean": "slight", "crossarm": "none_visible", "vegetation": "touching", "transformer": false, "attachments_estimate": 1, "photos_assessed": 5, "capture_sequences": 3, "photo_shown_date": "2019-12", "latest_available_photo_date": "2019-12", "source_photo_url": "https://www.mapillary.com/app/?pKey=472527564054230&focus=photo", "nearest_osm_pole_m": null}}, {"type": "Feature", "geometry": {"type": "Point", "coordinates": [-73.94081, 40.738964]}, "properties": {"id": "gree-00022", "is_utility_pole": true, "pole_type": "wood_utility", "model_flags": [], "model_watch": [], "lean": "unclear", "crossarm": "unclear", "vegetation": "none", "transformer": false, "attachments_estimate": 0, "photos_assessed": 3, "capture_sequences": 1, "photo_shown_date": "2017-09", "latest_available_photo_date": "2017-09", "source_photo_url": "https://www.mapillary.com/app/?pKey=370407221080784&focus=photo", "nearest_osm_pole_m": null}}, {"type": "Feature", "geometry": {"type": "Point", "coordinates": [-73.93035, 40.725986]}, "properties": {"id": "gree-00023", "is_utility_pole": true, "pole_type": "concrete_or_steel_utility", "model_flags": [], "model_watch": [], "lean": "none", "crossarm": "none_visible", "vegetation": "unclear", "transformer": false, "attachments_estimate": 0, "photos_assessed": 2, "capture_sequences": 1, "photo_shown_date": "2024-04", "latest_available_photo_date": "2024-04", "source_photo_url": "https://www.mapillary.com/app/?pKey=1053741389583069&focus=photo", "nearest_osm_pole_m": null}}, {"type": "Feature", "geometry": {"type": "Point", "coordinates": [-73.940834, 40.72337]}, "properties": {"id": "gree-00024", "is_utility_pole": false, "pole_type": "other", "model_flags": [], "model_watch": [], "lean": "unclear", "crossarm": "none_visible", "vegetation": "near", "transformer": false, "attachments_estimate": 0, "photos_assessed": 1, "capture_sequences": 1, "photo_shown_date": "2024-07", "latest_available_photo_date": "2024-07", "source_photo_url": "https://www.mapillary.com/app/?pKey=1016947216598792&focus=photo", "nearest_osm_pole_m": null}}, {"type": "Feature", "geometry": {"type": "Point", "coordinates": [-73.93668, 40.72469]}, "properties": {"id": "gree-00025", "is_utility_pole": true, "pole_type": "wood_utility", "model_flags": ["lean"], "model_watch": [], "lean": "severe", "crossarm": "none_visible", "vegetation": "none", "transformer": false, "attachments_estimate": 0, "photos_assessed": 3, "capture_sequences": 1, "photo_shown_date": "2023-10", "latest_available_photo_date": "2023-10", "source_photo_url": "https://www.mapillary.com/app/?pKey=295410283326069&focus=photo", "nearest_osm_pole_m": null}}, {"type": "Feature", "geometry": {"type": "Point", "coordinates": [-73.9377775, 40.7343005]}, "properties": {"id": "gree-00026", "is_utility_pole": true, "pole_type": "wood_utility", "model_flags": [], "model_watch": ["lean_slight"], "lean": "slight", "crossarm": "none_visible", "vegetation": "none", "transformer": false, "attachments_estimate": 2, "photos_assessed": 6, "capture_sequences": 1, "photo_shown_date": "2018-05", "latest_available_photo_date": "2018-05", "source_photo_url": "https://www.mapillary.com/app/?pKey=466095004620847&focus=photo", "nearest_osm_pole_m": null}}, {"type": "Feature", "geometry": {"type": "Point", "coordinates": [-73.93762, 40.734283]}, "properties": {"id": "gree-00027", "is_utility_pole": true, "pole_type": "wood_utility", "model_flags": [], "model_watch": ["lean_slight"], "lean": "slight", "crossarm": "none_visible", "vegetation": "none", "transformer": false, "attachments_estimate": 1, "photos_assessed": 3, "capture_sequences": 1, "photo_shown_date": "2018-05", "latest_available_photo_date": "2018-05", "source_photo_url": "https://www.mapillary.com/app/?pKey=185470246768531&focus=photo", "nearest_osm_pole_m": null}}, {"type": "Feature", "geometry": {"type": "Point", "coordinates": [-73.93755, 40.734545]}, "properties": {"id": "gree-00028", "is_utility_pole": true, "pole_type": "wood_utility", "model_flags": [], "model_watch": ["lean_slight"], "lean": "slight", "crossarm": "none_visible", "vegetation": "near", "transformer": false, "attachments_estimate": 2, "photos_assessed": 9, "capture_sequences": 1, "photo_shown_date": "2018-05", "latest_available_photo_date": "2018-05", "source_photo_url": "https://www.mapillary.com/app/?pKey=349846840041955&focus=photo", "nearest_osm_pole_m": null}}, {"type": "Feature", "geometry": {"type": "Point", "coordinates": [-73.9494375, 40.7243195]}, "properties": {"id": "gree-00029", "is_utility_pole": false, "pole_type": "traffic_signal", "model_flags": [], "model_watch": ["lean_slight"], "lean": "slight", "crossarm": "none_visible", "vegetation": "none", "transformer": false, "attachments_estimate": 0, "photos_assessed": 6, "capture_sequences": 1, "photo_shown_date": "2016-06", "latest_available_photo_date": "2016-06", "source_photo_url": "https://www.mapillary.com/app/?pKey=324446879245159&focus=photo", "nearest_osm_pole_m": null}}, {"type": "Feature", "geometry": {"type": "Point", "coordinates": [-73.934484, 40.725222]}, "properties": {"id": "gree-00030", "is_utility_pole": true, "pole_type": "wood_utility", "model_flags": ["lean"], "model_watch": [], "lean": "moderate", "crossarm": "none_visible", "vegetation": "near", "transformer": false, "attachments_estimate": 0, "photos_assessed": 5, "capture_sequences": 1, "photo_shown_date": "2023-10", "latest_available_photo_date": "2023-10", "source_photo_url": "https://www.mapillary.com/app/?pKey=278438655179364&focus=photo", "nearest_osm_pole_m": null}}, {"type": "Feature", "geometry": {"type": "Point", "coordinates": [-73.9349, 40.725143]}, "properties": {"id": "gree-00031", "is_utility_pole": true, "pole_type": "wood_utility", "model_flags": ["vegetation"], "model_watch": [], "lean": "none", "crossarm": "none_visible", "vegetation": "touching", "transformer": false, "attachments_estimate": 0, "photos_assessed": 3, "capture_sequences": 1, "photo_shown_date": "2023-10", "latest_available_photo_date": "2023-10", "source_photo_url": "https://www.mapillary.com/app/?pKey=876731293861445&focus=photo", "nearest_osm_pole_m": null}}, {"type": "Feature", "geometry": {"type": "Point", "coordinates": [-73.93421, 40.7252445]}, "properties": {"id": "gree-00032", "is_utility_pole": true, "pole_type": "wood_utility", "model_flags": [], "model_watch": ["lean_slight"], "lean": "slight", "crossarm": "none_visible", "vegetation": "near", "transformer": false, "attachments_estimate": 0, "photos_assessed": 6, "capture_sequences": 1, "photo_shown_date": "2023-10", "latest_available_photo_date": "2023-10", "source_photo_url": "https://www.mapillary.com/app/?pKey=1485072015560670&focus=photo", "nearest_osm_pole_m": null}}, {"type": "Feature", "geometry": {"type": "Point", "coordinates": [-73.93479, 40.725346]}, "properties": {"id": "gree-00033", "is_utility_pole": true, "pole_type": "wood_utility", "model_flags": [], "model_watch": ["lean_slight"], "lean": "slight", "crossarm": "unclear", "vegetation": "none", "transformer": false, "attachments_estimate": 1, "photos_assessed": 3, "capture_sequences": 1, "photo_shown_date": "2023-10", "latest_available_photo_date": "2023-10", "source_photo_url": "https://www.mapillary.com/app/?pKey=6638923529496551&focus=photo", "nearest_osm_pole_m": null}}, {"type": "Feature", "geometry": {"type": "Point", "coordinates": [-73.935136, 40.7250012]}, "properties": {"id": "gree-00034", "is_utility_pole": true, "pole_type": "wood_utility", "model_flags": ["vegetation"], "model_watch": ["lean_slight"], "lean": "slight", "crossarm": "none_visible", "vegetation": "touching", "transformer": false, "attachments_estimate": 0, "photos_assessed": 5, "capture_sequences": 2, "photo_shown_date": "2023-10", "latest_available_photo_date": "2024-04", "source_photo_url": "https://www.mapillary.com/app/?pKey=1019155095995823&focus=photo", "nearest_osm_pole_m": null}}, {"type": "Feature", "geometry": {"type": "Point", "coordinates": [-73.9343525, 40.725236]}, "properties": {"id": "gree-00035", "is_utility_pole": true, "pole_type": "wood_utility", "model_flags": ["vegetation"], "model_watch": ["lean_slight"], "lean": "slight", "crossarm": "none_visible", "vegetation": "touching", "transformer": false, "attachments_estimate": 0, "photos_assessed": 4, "capture_sequences": 1, "photo_shown_date": "2023-10", "latest_available_photo_date": "2023-10", "source_photo_url": "https://www.mapillary.com/app/?pKey=1046180886801533&focus=photo", "nearest_osm_pole_m": null}}, {"type": "Feature", "geometry": {"type": "Point", "coordinates": [-73.934043, 40.7252825]}, "properties": {"id": "gree-00036", "is_utility_pole": false, "pole_type": "street_light", "model_flags": ["lean", "vegetation"], "model_watch": [], "lean": "moderate", "crossarm": "none_visible", "vegetation": "touching", "transformer": false, "attachments_estimate": 0, "photos_assessed": 4, "capture_sequences": 2, "photo_shown_date": "2023-10", "latest_available_photo_date": "2024-04", "source_photo_url": "https://www.mapillary.com/app/?pKey=1386687568950612&focus=photo", "nearest_osm_pole_m": null}}, {"type": "Feature", "geometry": {"type": "Point", "coordinates": [-73.9345987, 40.725197]}, "properties": {"id": "gree-00037", "is_utility_pole": true, "pole_type": "wood_utility", "model_flags": [], "model_watch": [], "lean": "none", "crossarm": "none_visible", "vegetation": "near", "transformer": false, "attachments_estimate": 0, "photos_assessed": 9, "capture_sequences": 1, "photo_shown_date": "2023-10", "latest_available_photo_date": "2023-10", "source_photo_url": "https://www.mapillary.com/app/?pKey=133899256482080&focus=photo", "nearest_osm_pole_m": null}}, {"type": "Feature", "geometry": {"type": "Point", "coordinates": [-73.93492, 40.725296]}, "properties": {"id": "gree-00038", "is_utility_pole": true, "pole_type": "wood_utility", "model_flags": [], "model_watch": ["lean_slight"], "lean": "slight", "crossarm": "none_visible", "vegetation": "none", "transformer": false, "attachments_estimate": 1, "photos_assessed": 3, "capture_sequences": 1, "photo_shown_date": "2023-10", "latest_available_photo_date": "2023-10", "source_photo_url": "https://www.mapillary.com/app/?pKey=876731293861445&focus=photo", "nearest_osm_pole_m": null}}, {"type": "Feature", "geometry": {"type": "Point", "coordinates": [-73.9347, 40.7251232]}, "properties": {"id": "gree-00039", "is_utility_pole": true, "pole_type": "wood_utility", "model_flags": [], "model_watch": ["lean_slight"], "lean": "slight", "crossarm": "none_visible", "vegetation": "none", "transformer": false, "attachments_estimate": 1, "photos_assessed": 6, "capture_sequences": 2, "photo_shown_date": "2023-10", "latest_available_photo_date": "2023-10", "source_photo_url": "https://www.mapillary.com/app/?pKey=2540405616127572&focus=photo", "nearest_osm_pole_m": null}}, {"type": "Feature", "geometry": {"type": "Point", "coordinates": [-73.934938, 40.725078]}, "properties": {"id": "gree-00040", "is_utility_pole": true, "pole_type": "wood_utility", "model_flags": [], "model_watch": ["lean_slight"], "lean": "slight", "crossarm": "none_visible", "vegetation": "near", "transformer": false, "attachments_estimate": 0, "photos_assessed": 5, "capture_sequences": 1, "photo_shown_date": "2023-10", "latest_available_photo_date": "2023-10", "source_photo_url": "https://www.mapillary.com/app/?pKey=1057351542380398&focus=photo", "nearest_osm_pole_m": null}}, {"type": "Feature", "geometry": {"type": "Point", "coordinates": [-73.9338775, 40.7253322]}, "properties": {"id": "gree-00041", "is_utility_pole": true, "pole_type": "wood_utility", "model_flags": ["vegetation"], "model_watch": ["lean_slight"], "lean": "slight", "crossarm": "none_visible", "vegetation": "touching", "transformer": false, "attachments_estimate": 0, "photos_assessed": 4, "capture_sequences": 1, "photo_shown_date": "2023-10", "latest_available_photo_date": "2023-10", "source_photo_url": "https://www.mapillary.com/app/?pKey=716579497011801&focus=photo", "nearest_osm_pole_m": null}}, {"type": "Feature", "geometry": {"type": "Point", "coordinates": [-73.93345, 40.725357]}, "properties": {"id": "gree-00042", "is_utility_pole": false, "pole_type": "other", "model_flags": [], "model_watch": [], "lean": "none", "crossarm": "none_visible", "vegetation": "none", "transformer": false, "attachments_estimate": 0, "photos_assessed": 2, "capture_sequences": 1, "photo_shown_date": "2023-10", "latest_available_photo_date": "2023-10", "source_photo_url": "https://www.mapillary.com/app/?pKey=1243870832961290&focus=photo", "nearest_osm_pole_m": null}}, {"type": "Feature", "geometry": {"type": "Point", "coordinates": [-73.9333669, 40.7254611]}, "properties": {"id": "gree-00043", "is_utility_pole": true, "pole_type": "wood_utility", "model_flags": [], "model_watch": ["lean_slight"], "lean": "slight", "crossarm": "none_visible", "vegetation": "near", "transformer": false, "attachments_estimate": 0, "photos_assessed": 8, "capture_sequences": 1, "photo_shown_date": "2023-10", "latest_available_photo_date": "2023-10", "source_photo_url": "https://www.mapillary.com/app/?pKey=1820371675112473&focus=photo", "nearest_osm_pole_m": null}}, {"type": "Feature", "geometry": {"type": "Point", "coordinates": [-73.9335275, 40.725433]}, "properties": {"id": "gree-00044", "is_utility_pole": false, "pole_type": "street_light", "model_flags": ["vegetation"], "model_watch": [], "lean": "none", "crossarm": "none_visible", "vegetation": "touching", "transformer": false, "attachments_estimate": 0, "photos_assessed": 6, "capture_sequences": 1, "photo_shown_date": "2023-10", "latest_available_photo_date": "2023-10", "source_photo_url": "https://www.mapillary.com/app/?pKey=285220047763578&focus=photo", "nearest_osm_pole_m": null}}, {"type": "Feature", "geometry": {"type": "Point", "coordinates": [-73.93378, 40.725365]}, "properties": {"id": "gree-00045", "is_utility_pole": false, "pole_type": "unclear", "model_flags": [], "model_watch": [], "lean": "unclear", "crossarm": "none_visible", "vegetation": "none", "transformer": false, "attachments_estimate": 0, "photos_assessed": 2, "capture_sequences": 1, "photo_shown_date": "2023-10", "latest_available_photo_date": "2023-10", "source_photo_url": "https://www.mapillary.com/app/?pKey=6846587362097492&focus=photo", "nearest_osm_pole_m": null}}, {"type": "Feature", "geometry": {"type": "Point", "coordinates": [-73.935015, 40.725039]}, "properties": {"id": "gree-00046", "is_utility_pole": true, "pole_type": "wood_utility", "model_flags": ["vegetation"], "model_watch": ["lean_slight"], "lean": "slight", "crossarm": "none_visible", "vegetation": "touching", "transformer": false, "attachments_estimate": 0, "photos_assessed": 6, "capture_sequences": 1, "photo_shown_date": "2023-10", "latest_available_photo_date": "2023-10", "source_photo_url": "https://www.mapillary.com/app/?pKey=1256448329088837&focus=photo", "nearest_osm_pole_m": null}}, {"type": "Feature", "geometry": {"type": "Point", "coordinates": [-73.933676, 40.7253908]}, "properties": {"id": "gree-00047", "is_utility_pole": true, "pole_type": "wood_utility", "model_flags": ["vegetation"], "model_watch": ["lean_slight"], "lean": "slight", "crossarm": "none_visible", "vegetation": "touching", "transformer": false, "attachments_estimate": 0, "photos_assessed": 5, "capture_sequences": 2, "photo_shown_date": "2024-04", "latest_available_photo_date": "2024-04", "source_photo_url": "https://www.mapillary.com/app/?pKey=464212909739140&focus=photo", "nearest_osm_pole_m": null}}, {"type": "Feature", "geometry": {"type": "Point", "coordinates": [-73.9333, 40.72581]}, "properties": {"id": "gree-00048", "is_utility_pole": true, "pole_type": "wood_utility", "model_flags": [], "model_watch": ["lean_slight"], "lean": "slight", "crossarm": "unclear", "vegetation": "near", "transformer": false, "attachments_estimate": 1, "photos_assessed": 2, "capture_sequences": 1, "photo_shown_date": "2023-10", "latest_available_photo_date": "2023-10", "source_photo_url": "https://www.mapillary.com/app/?pKey=339451885126634&focus=photo", "nearest_osm_pole_m": null}}, {"type": "Feature", "geometry": {"type": "Point", "coordinates": [-73.951645, 40.72547]}, "properties": {"id": "gree-00049", "is_utility_pole": false, "pole_type": "traffic_signal", "model_flags": [], "model_watch": [], "lean": "none", "crossarm": "none_visible", "vegetation": "none", "transformer": false, "attachments_estimate": 0, "photos_assessed": 3, "capture_sequences": 1, "photo_shown_date": "2016-06", "latest_available_photo_date": "2016-06", "source_photo_url": "https://www.mapillary.com/app/?pKey=177139687605217&focus=photo", "nearest_osm_pole_m": null}}, {"type": "Feature", "geometry": {"type": "Point", "coordinates": [-73.93991, 40.723545]}, "properties": {"id": "gree-00050", "is_utility_pole": true, "pole_type": "wood_utility", "model_flags": ["lean"], "model_watch": [], "lean": "moderate", "crossarm": "none_visible", "vegetation": "near", "transformer": false, "attachments_estimate": 2, "photos_assessed": 3, "capture_sequences": 1, "photo_shown_date": "2024-07", "latest_available_photo_date": "2024-07", "source_photo_url": "https://www.mapillary.com/app/?pKey=860937639266062&focus=photo", "nearest_osm_pole_m": null}}, {"type": "Feature", "geometry": {"type": "Point", "coordinates": [-73.94972, 40.73412]}, "properties": {"id": "gree-00051", "is_utility_pole": true, "pole_type": "wood_utility", "model_flags": ["vegetation"], "model_watch": [], "lean": "unclear", "crossarm": "unclear", "vegetation": "touching", "transformer": false, "attachments_estimate": 1, "photos_assessed": 3, "capture_sequences": 1, "photo_shown_date": "2018-08", "latest_available_photo_date": "2018-08", "source_photo_url": "https://www.mapillary.com/app/?pKey=844138953127774&focus=photo", "nearest_osm_pole_m": null}}, {"type": "Feature", "geometry": {"type": "Point", "coordinates": [-73.949695, 40.7335205]}, "properties": {"id": "gree-00052", "is_utility_pole": true, "pole_type": "wood_utility", "model_flags": [], "model_watch": ["lean_slight"], "lean": "slight", "crossarm": "unclear", "vegetation": "near", "transformer": false, "attachments_estimate": 1, "photos_assessed": 6, "capture_sequences": 2, "photo_shown_date": "2018-08", "latest_available_photo_date": "2018-08", "source_photo_url": "https://www.mapillary.com/app/?pKey=3763748427087908&focus=photo", "nearest_osm_pole_m": null}}, {"type": "Feature", "geometry": {"type": "Point", "coordinates": [-73.949646, 40.73347]}, "properties": {"id": "gree-00053", "is_utility_pole": true, "pole_type": "wood_utility", "model_flags": [], "model_watch": [], "lean": "none", "crossarm": "none_visible", "vegetation": "near", "transformer": false, "attachments_estimate": 1, "photos_assessed": 3, "capture_sequences": 1, "photo_shown_date": "2018-08", "latest_available_photo_date": "2018-08", "source_photo_url": "https://www.mapillary.com/app/?pKey=917979835715935&focus=photo", "nearest_osm_pole_m": null}}, {"type": "Feature", "geometry": {"type": "Point", "coordinates": [-73.949936, 40.734154]}, "properties": {"id": "gree-00054", "is_utility_pole": true, "pole_type": "wood_utility", "model_flags": [], "model_watch": ["lean_slight"], "lean": "slight", "crossarm": "none_visible", "vegetation": "none", "transformer": false, "attachments_estimate": 1, "photos_assessed": 1, "capture_sequences": 1, "photo_shown_date": "2018-08", "latest_available_photo_date": "2018-08", "source_photo_url": "https://www.mapillary.com/app/?pKey=810266139909343&focus=photo", "nearest_osm_pole_m": null}}, {"type": "Feature", "geometry": {"type": "Point", "coordinates": [-73.951706, 40.73309]}, "properties": {"id": "gree-00055", "is_utility_pole": true, "pole_type": "wood_utility", "model_flags": [], "model_watch": [], "lean": "none", "crossarm": "none_visible", "vegetation": "none", "transformer": false, "attachments_estimate": 2, "photos_assessed": 2, "capture_sequences": 1, "photo_shown_date": "2018-08", "latest_available_photo_date": "2018-08", "source_photo_url": "https://www.mapillary.com/app/?pKey=1692704617606263&focus=photo", "nearest_osm_pole_m": null}}, {"type": "Feature", "geometry": {"type": "Point", "coordinates": [-73.95204, 40.734097]}, "properties": {"id": "gree-00056", "is_utility_pole": true, "pole_type": "wood_utility", "model_flags": [], "model_watch": ["lean_slight"], "lean": "slight", "crossarm": "none_visible", "vegetation": "near", "transformer": false, "attachments_estimate": 2, "photos_assessed": 3, "capture_sequences": 1, "photo_shown_date": "2020-04", "latest_available_photo_date": "2020-04", "source_photo_url": "https://www.mapillary.com/app/?pKey=1194732507616259&focus=photo", "nearest_osm_pole_m": null}}, {"type": "Feature", "geometry": {"type": "Point", "coordinates": [-73.951904, 40.733093]}, "properties": {"id": "gree-00057", "is_utility_pole": true, "pole_type": "wood_utility", "model_flags": [], "model_watch": [], "lean": "unclear", "crossarm": "unclear", "vegetation": "none", "transformer": false, "attachments_estimate": 1, "photos_assessed": 2, "capture_sequences": 1, "photo_shown_date": "2020-04", "latest_available_photo_date": "2020-04", "source_photo_url": "https://www.mapillary.com/app/?pKey=3273890196069486&focus=photo", "nearest_osm_pole_m": null}}, {"type": "Feature", "geometry": {"type": "Point", "coordinates": [-73.95184, 40.732697]}, "properties": {"id": "gree-00058", "is_utility_pole": true, "pole_type": "wood_utility", "model_flags": [], "model_watch": ["lean_slight"], "lean": "slight", "crossarm": "none_visible", "vegetation": "none", "transformer": false, "attachments_estimate": 0, "photos_assessed": 2, "capture_sequences": 1, "photo_shown_date": "2020-04", "latest_available_photo_date": "2020-04", "source_photo_url": "https://www.mapillary.com/app/?pKey=254396539776829&focus=photo", "nearest_osm_pole_m": null}}, {"type": "Feature", "geometry": {"type": "Point", "coordinates": [-73.95193, 40.733273]}, "properties": {"id": "gree-00059", "is_utility_pole": true, "pole_type": "wood_utility", "model_flags": [], "model_watch": ["lean_slight"], "lean": "slight", "crossarm": "unclear", "vegetation": "none", "transformer": false, "attachments_estimate": 1, "photos_assessed": 2, "capture_sequences": 1, "photo_shown_date": "2020-04", "latest_available_photo_date": "2020-04", "source_photo_url": "https://www.mapillary.com/app/?pKey=957184298349161&focus=photo", "nearest_osm_pole_m": null}}, {"type": "Feature", "geometry": {"type": "Point", "coordinates": [-73.95201, 40.733723]}, "properties": {"id": "gree-00060", "is_utility_pole": true, "pole_type": "wood_utility", "model_flags": [], "model_watch": [], "lean": "unclear", "crossarm": "none_visible", "vegetation": "none", "transformer": false, "attachments_estimate": 0, "photos_assessed": 3, "capture_sequences": 1, "photo_shown_date": "2020-04", "latest_available_photo_date": "2020-04", "source_photo_url": "https://www.mapillary.com/app/?pKey=514805182982172&focus=photo", "nearest_osm_pole_m": null}}, {"type": "Feature", "geometry": {"type": "Point", "coordinates": [-73.95181, 40.7235]}, "properties": {"id": "gree-00061", "is_utility_pole": false, "pole_type": "traffic_signal", "model_flags": [], "model_watch": [], "lean": "none", "crossarm": "none_visible", "vegetation": "none", "transformer": false, "attachments_estimate": 0, "photos_assessed": 3, "capture_sequences": 1, "photo_shown_date": "2023-07", "latest_available_photo_date": "2023-07", "source_photo_url": "https://www.mapillary.com/app/?pKey=321065480260134&focus=photo", "nearest_osm_pole_m": null}}, {"type": "Feature", "geometry": {"type": "Point", "coordinates": [-73.949036, 40.72434]}, "properties": {"id": "gree-00062", "is_utility_pole": false, "pole_type": "traffic_signal", "model_flags": [], "model_watch": [], "lean": "none", "crossarm": "none_visible", "vegetation": "none", "transformer": false, "attachments_estimate": 1, "photos_assessed": 3, "capture_sequences": 1, "photo_shown_date": "2023-07", "latest_available_photo_date": "2023-07", "source_photo_url": "https://www.mapillary.com/app/?pKey=244345745112521&focus=photo", "nearest_osm_pole_m": null}}, {"type": "Feature", "geometry": {"type": "Point", "coordinates": [-73.95068, 40.72379]}, "properties": {"id": "gree-00063", "is_utility_pole": false, "pole_type": "traffic_signal", "model_flags": [], "model_watch": [], "lean": "none", "crossarm": "none_visible", "vegetation": "none", "transformer": false, "attachments_estimate": 0, "photos_assessed": 2, "capture_sequences": 1, "photo_shown_date": "2023-07", "latest_available_photo_date": "2023-07", "source_photo_url": "https://www.mapillary.com/app/?pKey=6436426953077517&focus=photo", "nearest_osm_pole_m": null}}, {"type": "Feature", "geometry": {"type": "Point", "coordinates": [-73.940735, 40.73327]}, "properties": {"id": "gree-00064", "is_utility_pole": false, "pole_type": "other", "model_flags": [], "model_watch": [], "lean": "none", "crossarm": "none_visible", "vegetation": "none", "transformer": false, "attachments_estimate": 0, "photos_assessed": 1, "capture_sequences": 1, "photo_shown_date": "2018-05", "latest_available_photo_date": "2018-05", "source_photo_url": "https://www.mapillary.com/app/?pKey=452230969207916&focus=photo", "nearest_osm_pole_m": null}}, {"type": "Feature", "geometry": {"type": "Point", "coordinates": [-73.9503025, 40.7332855]}, "properties": {"id": "gree-00065", "is_utility_pole": true, "pole_type": "wood_utility", "model_flags": ["vegetation"], "model_watch": ["lean_slight"], "lean": "slight", "crossarm": "unclear", "vegetation": "touching", "transformer": false, "attachments_estimate": 0, "photos_assessed": 6, "capture_sequences": 2, "photo_shown_date": "2018-08", "latest_available_photo_date": "2018-08", "source_photo_url": "https://www.mapillary.com/app/?pKey=1438666859806310&focus=photo", "nearest_osm_pole_m": null}}, {"type": "Feature", "geometry": {"type": "Point", "coordinates": [-73.94979, 40.73336]}, "properties": {"id": "gree-00066", "is_utility_pole": true, "pole_type": "wood_utility", "model_flags": [], "model_watch": ["lean_slight"], "lean": "slight", "crossarm": "none_visible", "vegetation": "near", "transformer": false, "attachments_estimate": 1, "photos_assessed": 3, "capture_sequences": 1, "photo_shown_date": "2018-08", "latest_available_photo_date": "2018-08", "source_photo_url": "https://www.mapillary.com/app/?pKey=522885075554389&focus=photo", "nearest_osm_pole_m": null}}, {"type": "Feature", "geometry": {"type": "Point", "coordinates": [-73.941405, 40.7234215]}, "properties": {"id": "gree-00067", "is_utility_pole": true, "pole_type": "wood_utility", "model_flags": [], "model_watch": ["lean_slight"], "lean": "slight", "crossarm": "none_visible", "vegetation": "near", "transformer": false, "attachments_estimate": 1, "photos_assessed": 6, "capture_sequences": 1, "photo_shown_date": "2024-07", "latest_available_photo_date": "2024-07", "source_photo_url": "https://www.mapillary.com/app/?pKey=356858063914380&focus=photo", "nearest_osm_pole_m": null}}, {"type": "Feature", "geometry": {"type": "Point", "coordinates": [-73.94961, 40.72773]}, "properties": {"id": "gree-00068", "is_utility_pole": true, "pole_type": "wood_utility", "model_flags": [], "model_watch": ["lean_slight"], "lean": "slight", "crossarm": "none_visible", "vegetation": "near", "transformer": false, "attachments_estimate": 1, "photos_assessed": 1, "capture_sequences": 1, "photo_shown_date": "2024-12", "latest_available_photo_date": "2024-12", "source_photo_url": "https://www.mapillary.com/app/?pKey=1239044830542774&focus=photo", "nearest_osm_pole_m": null}}, {"type": "Feature", "geometry": {"type": "Point", "coordinates": [-73.95224, 40.721375]}, "properties": {"id": "gree-00069", "is_utility_pole": false, "pole_type": "street_light", "model_flags": [], "model_watch": [], "lean": "none", "crossarm": "none_visible", "vegetation": "near", "transformer": false, "attachments_estimate": 0, "photos_assessed": 1, "capture_sequences": 1, "photo_shown_date": "2023-10", "latest_available_photo_date": "2023-10", "source_photo_url": "https://www.mapillary.com/app/?pKey=1844437712637248&focus=photo", "nearest_osm_pole_m": null}}, {"type": "Feature", "geometry": {"type": "Point", "coordinates": [-73.94342, 40.723717]}, "properties": {"id": "gree-00070", "is_utility_pole": false, "pole_type": "unclear", "model_flags": [], "model_watch": [], "lean": "unclear", "crossarm": "none_visible", "vegetation": "none", "transformer": false, "attachments_estimate": 0, "photos_assessed": 3, "capture_sequences": 1, "photo_shown_date": "2024-03", "latest_available_photo_date": "2024-03", "source_photo_url": "https://www.mapillary.com/app/?pKey=1099526954597849&focus=photo", "nearest_osm_pole_m": null}}, {"type": "Feature", "geometry": {"type": "Point", "coordinates": [-73.9404967, 40.7236293]}, "properties": {"id": "gree-00071", "is_utility_pole": true, "pole_type": "wood_utility", "model_flags": [], "model_watch": ["lean_slight"], "lean": "slight", "crossarm": "none_visible", "vegetation": "none", "transformer": false, "attachments_estimate": 2, "photos_assessed": 9, "capture_sequences": 2, "photo_shown_date": "2024-03", "latest_available_photo_date": "2024-03", "source_photo_url": "https://www.mapillary.com/app/?pKey=336667752198309&focus=photo", "nearest_osm_pole_m": null}}, {"type": "Feature", "geometry": {"type": "Point", "coordinates": [-73.93799, 40.734684]}, "properties": {"id": "gree-00072", "is_utility_pole": true, "pole_type": "wood_utility", "model_flags": [], "model_watch": ["lean_slight"], "lean": "slight", "crossarm": "none_visible", "vegetation": "none", "transformer": false, "attachments_estimate": 2, "photos_assessed": 1, "capture_sequences": 1, "photo_shown_date": "2015-06", "latest_available_photo_date": "2015-06", "source_photo_url": "https://www.mapillary.com/app/?pKey=386342332420354&focus=photo", "nearest_osm_pole_m": null}}, {"type": "Feature", "geometry": {"type": "Point", "coordinates": [-73.9587525, 40.7355405]}, "properties": {"id": "gree-00073", "is_utility_pole": true, "pole_type": "wood_utility", "model_flags": [], "model_watch": ["lean_slight"], "lean": "slight", "crossarm": "none_visible", "vegetation": "near", "transformer": false, "attachments_estimate": 1, "photos_assessed": 6, "capture_sequences": 1, "photo_shown_date": "2023-10", "latest_available_photo_date": "2023-10", "source_photo_url": "https://www.mapillary.com/app/?pKey=1407606460136487&focus=photo", "nearest_osm_pole_m": null}}, {"type": "Feature", "geometry": {"type": "Point", "coordinates": [-73.9587, 40.73601]}, "properties": {"id": "gree-00074", "is_utility_pole": true, "pole_type": "wood_utility", "model_flags": [], "model_watch": ["lean_slight"], "lean": "slight", "crossarm": "none_visible", "vegetation": "near", "transformer": false, "attachments_estimate": 0, "photos_assessed": 3, "capture_sequences": 1, "photo_shown_date": "2023-10", "latest_available_photo_date": "2023-10", "source_photo_url": "https://www.mapillary.com/app/?pKey=1433866840504940&focus=photo", "nearest_osm_pole_m": null}}, {"type": "Feature", "geometry": {"type": "Point", "coordinates": [-73.95865, 40.7356798]}, "properties": {"id": "gree-00075", "is_utility_pole": false, "pole_type": "traffic_signal", "model_flags": ["vegetation"], "model_watch": [], "lean": "unclear", "crossarm": "none_visible", "vegetation": "touching", "transformer": false, "attachments_estimate": 0, "photos_assessed": 5, "capture_sequences": 2, "photo_shown_date": "2016-05", "latest_available_photo_date": "2023-10", "source_photo_url": "https://www.mapillary.com/app/?pKey=324229709060460&focus=photo", "nearest_osm_pole_m": null}}, {"type": "Feature", "geometry": {"type": "Point", "coordinates": [-73.95525, 40.721878]}, "properties": {"id": "gree-00076", "is_utility_pole": true, "pole_type": "wood_utility", "model_flags": [], "model_watch": [], "lean": "unclear", "crossarm": "unclear", "vegetation": "near", "transformer": false, "attachments_estimate": 1, "photos_assessed": 1, "capture_sequences": 1, "photo_shown_date": "2023-09", "latest_available_photo_date": "2023-09", "source_photo_url": "https://www.mapillary.com/app/?pKey=175885565536804&focus=photo", "nearest_osm_pole_m": null}}, {"type": "Feature", "geometry": {"type": "Point", "coordinates": [-73.9404313, 40.7233587]}, "properties": {"id": "gree-00077", "is_utility_pole": true, "pole_type": "wood_utility", "model_flags": [], "model_watch": ["lean_slight"], "lean": "slight", "crossarm": "none_visible", "vegetation": "near", "transformer": false, "attachments_estimate": 1, "photos_assessed": 9, "capture_sequences": 3, "photo_shown_date": "2024-07", "latest_available_photo_date": "2024-07", "source_photo_url": "https://www.mapillary.com/app/?pKey=1014579613693852&focus=photo", "nearest_osm_pole_m": null}}, {"type": "Feature", "geometry": {"type": "Point", "coordinates": [-73.94035, 40.72349]}, "properties": {"id": "gree-00078", "is_utility_pole": true, "pole_type": "wood_utility", "model_flags": [], "model_watch": [], "lean": "none", "crossarm": "none_visible", "vegetation": "near", "transformer": false, "attachments_estimate": 1, "photos_assessed": 6, "capture_sequences": 2, "photo_shown_date": "2024-03", "latest_available_photo_date": "2024-03", "source_photo_url": "https://www.mapillary.com/app/?pKey=1473003440296079&focus=photo", "nearest_osm_pole_m": null}}, {"type": "Feature", "geometry": {"type": "Point", "coordinates": [-73.932175, 40.73862]}, "properties": {"id": "gree-00079", "is_utility_pole": false, "pole_type": "street_light", "model_flags": [], "model_watch": [], "lean": "none", "crossarm": "none_visible", "vegetation": "none", "transformer": false, "attachments_estimate": 0, "photos_assessed": 3, "capture_sequences": 1, "photo_shown_date": "2018-10", "latest_available_photo_date": "2018-10", "source_photo_url": "https://www.mapillary.com/app/?pKey=168766071844740&focus=photo", "nearest_osm_pole_m": null}}, {"type": "Feature", "geometry": {"type": "Point", "coordinates": [-73.941245, 40.725992]}, "properties": {"id": "gree-00080", "is_utility_pole": true, "pole_type": "wood_utility", "model_flags": [], "model_watch": ["lean_slight"], "lean": "slight", "crossarm": "intact", "vegetation": "near", "transformer": true, "attachments_estimate": 1, "photos_assessed": 6, "capture_sequences": 2, "photo_shown_date": "2024-07", "latest_available_photo_date": "2024-07", "source_photo_url": "https://www.mapillary.com/app/?pKey=1125338678574642&focus=photo", "nearest_osm_pole_m": null}}, {"type": "Feature", "geometry": {"type": "Point", "coordinates": [-73.94418, 40.723]}, "properties": {"id": "gree-00081", "is_utility_pole": true, "pole_type": "wood_utility", "model_flags": ["vegetation"], "model_watch": ["lean_slight"], "lean": "slight", "crossarm": "unclear", "vegetation": "touching", "transformer": false, "attachments_estimate": 2, "photos_assessed": 3, "capture_sequences": 1, "photo_shown_date": "2023-07", "latest_available_photo_date": "2023-07", "source_photo_url": "https://www.mapillary.com/app/?pKey=814249696718809&focus=photo", "nearest_osm_pole_m": null}}, {"type": "Feature", "geometry": {"type": "Point", "coordinates": [-73.93154, 40.72618]}, "properties": {"id": "gree-00082", "is_utility_pole": false, "pole_type": "street_light", "model_flags": [], "model_watch": [], "lean": "none", "crossarm": "none_visible", "vegetation": "none", "transformer": false, "attachments_estimate": 0, "photos_assessed": 2, "capture_sequences": 1, "photo_shown_date": "2023-10", "latest_available_photo_date": "2023-10", "source_photo_url": "https://www.mapillary.com/app/?pKey=702465008432280&focus=photo", "nearest_osm_pole_m": null}}, {"type": "Feature", "geometry": {"type": "Point", "coordinates": [-73.92982, 40.726112]}, "properties": {"id": "gree-00083", "is_utility_pole": true, "pole_type": "concrete_or_steel_utility", "model_flags": [], "model_watch": [], "lean": "none", "crossarm": "intact", "vegetation": "none", "transformer": true, "attachments_estimate": 1, "photos_assessed": 3, "capture_sequences": 1, "photo_shown_date": "2023-10", "latest_available_photo_date": "2023-10", "source_photo_url": "https://www.mapillary.com/app/?pKey=1967875460256530&focus=photo", "nearest_osm_pole_m": null}}, {"type": "Feature", "geometry": {"type": "Point", "coordinates": [-73.929756, 40.726013]}, "properties": {"id": "gree-00084", "is_utility_pole": true, "pole_type": "wood_utility", "model_flags": [], "model_watch": [], "lean": "none", "crossarm": "none_visible", "vegetation": "none", "transformer": false, "attachments_estimate": 1, "photos_assessed": 3, "capture_sequences": 1, "photo_shown_date": "2023-10", "latest_available_photo_date": "2023-10", "source_photo_url": "https://www.mapillary.com/app/?pKey=704275341587091&focus=photo", "nearest_osm_pole_m": null}}, {"type": "Feature", "geometry": {"type": "Point", "coordinates": [-73.95217, 40.7342]}, "properties": {"id": "gree-00085", "is_utility_pole": false, "pole_type": "traffic_signal", "model_flags": [], "model_watch": [], "lean": "unclear", "crossarm": "none_visible", "vegetation": "near", "transformer": false, "attachments_estimate": 0, "photos_assessed": 2, "capture_sequences": 1, "photo_shown_date": "2018-09", "latest_available_photo_date": "2018-09", "source_photo_url": "https://www.mapillary.com/app/?pKey=4161202627235931&focus=photo", "nearest_osm_pole_m": null}}, {"type": "Feature", "geometry": {"type": "Point", "coordinates": [-73.95241, 40.734814]}, "properties": {"id": "gree-00086", "is_utility_pole": true, "pole_type": "wood_utility", "model_flags": [], "model_watch": ["lean_slight"], "lean": "slight", "crossarm": "unclear", "vegetation": "none", "transformer": false, "attachments_estimate": 1, "photos_assessed": 1, "capture_sequences": 1, "photo_shown_date": "2018-09", "latest_available_photo_date": "2018-09", "source_photo_url": "https://www.mapillary.com/app/?pKey=379525210183503&focus=photo", "nearest_osm_pole_m": null}}, {"type": "Feature", "geometry": {"type": "Point", "coordinates": [-73.959885, 40.734127]}, "properties": {"id": "gree-00087", "is_utility_pole": false, "pole_type": "street_light", "model_flags": [], "model_watch": [], "lean": "none", "crossarm": "none_visible", "vegetation": "none", "transformer": false, "attachments_estimate": 0, "photos_assessed": 1, "capture_sequences": 1, "photo_shown_date": "2022-07", "latest_available_photo_date": "2022-07", "source_photo_url": "https://www.mapillary.com/app/?pKey=788635315830475&focus=photo", "nearest_osm_pole_m": null}}, {"type": "Feature", "geometry": {"type": "Point", "coordinates": [-73.959782, 40.7335238]}, "properties": {"id": "gree-00088", "is_utility_pole": true, "pole_type": "wood_utility", "model_flags": [], "model_watch": [], "lean": "none", "crossarm": "none_visible", "vegetation": "none", "transformer": false, "attachments_estimate": 1, "photos_assessed": 5, "capture_sequences": 2, "photo_shown_date": "2022-07", "latest_available_photo_date": "2022-07", "source_photo_url": "https://www.mapillary.com/app/?pKey=764445101352189&focus=photo", "nearest_osm_pole_m": null}}, {"type": "Feature", "geometry": {"type": "Point", "coordinates": [-73.9598387, 40.7339417]}, "properties": {"id": "gree-00089", "is_utility_pole": true, "pole_type": "wood_utility", "model_flags": [], "model_watch": [], "lean": "none", "crossarm": "none_visible", "vegetation": "none", "transformer": false, "attachments_estimate": 1, "photos_assessed": 3, "capture_sequences": 1, "photo_shown_date": "2022-07", "latest_available_photo_date": "2022-07", "source_photo_url": "https://www.mapillary.com/app/?pKey=438201711516032&focus=photo", "nearest_osm_pole_m": null}}, {"type": "Feature", "geometry": {"type": "Point", "coordinates": [-73.9598429, 40.7336279]}, "properties": {"id": "gree-00090", "is_utility_pole": true, "pole_type": "wood_utility", "model_flags": [], "model_watch": [], "lean": "none", "crossarm": "none_visible", "vegetation": "near", "transformer": false, "attachments_estimate": 2, "photos_assessed": 7, "capture_sequences": 2, "photo_shown_date": "2022-07", "latest_available_photo_date": "2022-07", "source_photo_url": "https://www.mapillary.com/app/?pKey=1010585692966585&focus=photo", "nearest_osm_pole_m": null}}, {"type": "Feature", "geometry": {"type": "Point", "coordinates": [-73.95995, 40.734573]}, "properties": {"id": "gree-00091", "is_utility_pole": true, "pole_type": "wood_utility", "model_flags": [], "model_watch": [], "lean": "none", "crossarm": "none_visible", "vegetation": "none", "transformer": false, "attachments_estimate": 2, "photos_assessed": 3, "capture_sequences": 1, "photo_shown_date": "2022-07", "latest_available_photo_date": "2022-07", "source_photo_url": "https://www.mapillary.com/app/?pKey=732719644646987&focus=photo", "nearest_osm_pole_m": null}}, {"type": "Feature", "geometry": {"type": "Point", "coordinates": [-73.959885, 40.734272]}, "properties": {"id": "gree-00092", "is_utility_pole": true, "pole_type": "wood_utility", "model_flags": [], "model_watch": ["lean_slight"], "lean": "slight", "crossarm": "none_visible", "vegetation": "near", "transformer": false, "attachments_estimate": 2, "photos_assessed": 3, "capture_sequences": 1, "photo_shown_date": "2022-07", "latest_available_photo_date": "2022-07", "source_photo_url": "https://www.mapillary.com/app/?pKey=572397607851636&focus=photo", "nearest_osm_pole_m": null}}, {"type": "Feature", "geometry": {"type": "Point", "coordinates": [-73.94985, 40.734722]}, "properties": {"id": "gree-00093", "is_utility_pole": true, "pole_type": "concrete_or_steel_utility", "model_flags": ["vegetation"], "model_watch": [], "lean": "none", "crossarm": "unclear", "vegetation": "touching", "transformer": false, "attachments_estimate": 1, "photos_assessed": 2, "capture_sequences": 1, "photo_shown_date": "2018-08", "latest_available_photo_date": "2018-08", "source_photo_url": "https://www.mapillary.com/app/?pKey=1401784766853235&focus=photo", "nearest_osm_pole_m": null}}, {"type": "Feature", "geometry": {"type": "Point", "coordinates": [-73.940356, 40.7238084]}, "properties": {"id": "gree-00094", "is_utility_pole": true, "pole_type": "wood_utility", "model_flags": [], "model_watch": ["lean_slight"], "lean": "slight", "crossarm": "none_visible", "vegetation": "near", "transformer": false, "attachments_estimate": 2, "photos_assessed": 7, "capture_sequences": 3, "photo_shown_date": "2024-03", "latest_available_photo_date": "2024-03", "source_photo_url": "https://www.mapillary.com/app/?pKey=1067185774580073&focus=photo", "nearest_osm_pole_m": null}}, {"type": "Feature", "geometry": {"type": "Point", "coordinates": [-73.95445, 40.723236]}, "properties": {"id": "gree-00095", "is_utility_pole": true, "pole_type": "wood_utility", "model_flags": [], "model_watch": ["lean_slight"], "lean": "slight", "crossarm": "none_visible", "vegetation": "none", "transformer": false, "attachments_estimate": 1, "photos_assessed": 3, "capture_sequences": 1, "photo_shown_date": "2023-08", "latest_available_photo_date": "2023-08", "source_photo_url": "https://www.mapillary.com/app/?pKey=226853506976356&focus=photo", "nearest_osm_pole_m": null}}, {"type": "Feature", "geometry": {"type": "Point", "coordinates": [-73.954704, 40.72367]}, "properties": {"id": "gree-00096", "is_utility_pole": true, "pole_type": "wood_utility", "model_flags": [], "model_watch": ["lean_slight"], "lean": "slight", "crossarm": "unclear", "vegetation": "none", "transformer": false, "attachments_estimate": 1, "photos_assessed": 2, "capture_sequences": 1, "photo_shown_date": "2023-08", "latest_available_photo_date": "2023-08", "source_photo_url": "https://www.mapillary.com/app/?pKey=838025600897284&focus=photo", "nearest_osm_pole_m": null}}, {"type": "Feature", "geometry": {"type": "Point", "coordinates": [-73.95456, 40.723423]}, "properties": {"id": "gree-00097", "is_utility_pole": true, "pole_type": "wood_utility", "model_flags": [], "model_watch": ["lean_slight"], "lean": "slight", "crossarm": "none_visible", "vegetation": "near", "transformer": false, "attachments_estimate": 1, "photos_assessed": 3, "capture_sequences": 1, "photo_shown_date": "2023-08", "latest_available_photo_date": "2023-08", "source_photo_url": "https://www.mapillary.com/app/?pKey=6886632291361677&focus=photo", "nearest_osm_pole_m": null}}, {"type": "Feature", "geometry": {"type": "Point", "coordinates": [-73.95427, 40.72294]}, "properties": {"id": "gree-00098", "is_utility_pole": false, "pole_type": "street_light", "model_flags": [], "model_watch": [], "lean": "none", "crossarm": "none_visible", "vegetation": "near", "transformer": false, "attachments_estimate": 0, "photos_assessed": 1, "capture_sequences": 1, "photo_shown_date": "2023-08", "latest_available_photo_date": "2023-08", "source_photo_url": "https://www.mapillary.com/app/?pKey=1038542980501790&focus=photo", "nearest_osm_pole_m": null}}, {"type": "Feature", "geometry": {"type": "Point", "coordinates": [-73.94462, 40.719383]}, "properties": {"id": "gree-00099", "is_utility_pole": true, "pole_type": "concrete_or_steel_utility", "model_flags": [], "model_watch": [], "lean": "none", "crossarm": "none_visible", "vegetation": "near", "transformer": false, "attachments_estimate": 0, "photos_assessed": 3, "capture_sequences": 1, "photo_shown_date": "2018-08", "latest_available_photo_date": "2018-08", "source_photo_url": "https://www.mapillary.com/app/?pKey=909121936538530&focus=photo", "nearest_osm_pole_m": null}}, {"type": "Feature", "geometry": {"type": "Point", "coordinates": [-73.948746, 40.72134]}, "properties": {"id": "gree-00100", "is_utility_pole": true, "pole_type": "wood_utility", "model_flags": ["lean"], "model_watch": [], "lean": "severe", "crossarm": "none_visible", "vegetation": "none", "transformer": false, "attachments_estimate": 1, "photos_assessed": 3, "capture_sequences": 1, "photo_shown_date": "2023-10", "latest_available_photo_date": "2023-10", "source_photo_url": "https://www.mapillary.com/app/?pKey=384572671177254&focus=photo", "nearest_osm_pole_m": null}}, {"type": "Feature", "geometry": {"type": "Point", "coordinates": [-73.94689, 40.736935]}, "properties": {"id": "gree-00101", "is_utility_pole": false, "pole_type": "other", "model_flags": [], "model_watch": [], "lean": "none", "crossarm": "none_visible", "vegetation": "none", "transformer": false, "attachments_estimate": 1, "photos_assessed": 2, "capture_sequences": 1, "photo_shown_date": "2023-10", "latest_available_photo_date": "2023-10", "source_photo_url": "https://www.mapillary.com/app/?pKey=380167511463855&focus=photo", "nearest_osm_pole_m": null}}, {"type": "Feature", "geometry": {"type": "Point", "coordinates": [-73.940384, 40.723663]}, "properties": {"id": "gree-00102", "is_utility_pole": true, "pole_type": "wood_utility", "model_flags": ["lean"], "model_watch": [], "lean": "moderate", "crossarm": "none_visible", "vegetation": "none", "transformer": false, "attachments_estimate": 0, "photos_assessed": 3, "capture_sequences": 1, "photo_shown_date": "2024-03", "latest_available_photo_date": "2024-03", "source_photo_url": "https://www.mapillary.com/app/?pKey=1130114148340062&focus=photo", "nearest_osm_pole_m": null}}, {"type": "Feature", "geometry": {"type": "Point", "coordinates": [-73.9407813, 40.725853]}, "properties": {"id": "gree-00103", "is_utility_pole": true, "pole_type": "wood_utility", "model_flags": [], "model_watch": ["lean_slight"], "lean": "slight", "crossarm": "intact", "vegetation": "near", "transformer": false, "attachments_estimate": 2, "photos_assessed": 12, "capture_sequences": 1, "photo_shown_date": "2024-03", "latest_available_photo_date": "2024-03", "source_photo_url": "https://www.mapillary.com/app/?pKey=1094997164886206&focus=photo", "nearest_osm_pole_m": null}}, {"type": "Feature", "geometry": {"type": "Point", "coordinates": [-73.9406859, 40.72589]}, "properties": {"id": "gree-00104", "is_utility_pole": true, "pole_type": "wood_utility", "model_flags": [], "model_watch": ["lean_slight"], "lean": "slight", "crossarm": "none_visible", "vegetation": "none", "transformer": false, "attachments_estimate": 2, "photos_assessed": 14, "capture_sequences": 1, "photo_shown_date": "2024-03", "latest_available_photo_date": "2024-03", "source_photo_url": "https://www.mapillary.com/app/?pKey=383076107859171&focus=photo", "nearest_osm_pole_m": null}}, {"type": "Feature", "geometry": {"type": "Point", "coordinates": [-73.94084, 40.7259253]}, "properties": {"id": "gree-00105", "is_utility_pole": false, "pole_type": "street_light", "model_flags": [], "model_watch": [], "lean": "none", "crossarm": "none_visible", "vegetation": "none", "transformer": false, "attachments_estimate": 1, "photos_assessed": 9, "capture_sequences": 2, "photo_shown_date": "2024-03", "latest_available_photo_date": "2024-07", "source_photo_url": "https://www.mapillary.com/app/?pKey=1127046095085971&focus=photo", "nearest_osm_pole_m": null}}, {"type": "Feature", "geometry": {"type": "Point", "coordinates": [-73.94024, 40.724445]}, "properties": {"id": "gree-00106", "is_utility_pole": false, "pole_type": "unclear", "model_flags": ["vegetation"], "model_watch": [], "lean": "unclear", "crossarm": "unclear", "vegetation": "touching", "transformer": false, "attachments_estimate": 0, "photos_assessed": 3, "capture_sequences": 1, "photo_shown_date": "2024-03", "latest_available_photo_date": "2024-03", "source_photo_url": "https://www.mapillary.com/app/?pKey=819872796633544&focus=photo", "nearest_osm_pole_m": null}}, {"type": "Feature", "geometry": {"type": "Point", "coordinates": [-73.95727, 40.720913]}, "properties": {"id": "gree-00107", "is_utility_pole": false, "pole_type": "other", "model_flags": [], "model_watch": [], "lean": "none", "crossarm": "none_visible", "vegetation": "none", "transformer": false, "attachments_estimate": 0, "photos_assessed": 3, "capture_sequences": 1, "photo_shown_date": "2016-06", "latest_available_photo_date": "2016-06", "source_photo_url": "https://www.mapillary.com/app/?pKey=2941039256169637&focus=photo", "nearest_osm_pole_m": null}}, {"type": "Feature", "geometry": {"type": "Point", "coordinates": [-73.95737, 40.720333]}, "properties": {"id": "gree-00108", "is_utility_pole": true, "pole_type": "wood_utility", "model_flags": [], "model_watch": ["lean_slight"], "lean": "slight", "crossarm": "unclear", "vegetation": "near", "transformer": false, "attachments_estimate": 1, "photos_assessed": 3, "capture_sequences": 1, "photo_shown_date": "2016-06", "latest_available_photo_date": "2016-06", "source_photo_url": "https://www.mapillary.com/app/?pKey=513545650011384&focus=photo", "nearest_osm_pole_m": null}}, {"type": "Feature", "geometry": {"type": "Point", "coordinates": [-73.956474, 40.7208]}, "properties": {"id": "gree-00109", "is_utility_pole": true, "pole_type": "wood_utility", "model_flags": ["vegetation"], "model_watch": [], "lean": "none", "crossarm": "none_visible", "vegetation": "touching", "transformer": false, "attachments_estimate": 1, "photos_assessed": 3, "capture_sequences": 1, "photo_shown_date": "2016-06", "latest_available_photo_date": "2016-06", "source_photo_url": "https://www.mapillary.com/app/?pKey=292110929185471&focus=photo", "nearest_osm_pole_m": null}}, {"type": "Feature", "geometry": {"type": "Point", "coordinates": [-73.956345, 40.720707]}, "properties": {"id": "gree-00110", "is_utility_pole": true, "pole_type": "wood_utility", "model_flags": [], "model_watch": [], "lean": "none", "crossarm": "none_visible", "vegetation": "near", "transformer": false, "attachments_estimate": 2, "photos_assessed": 3, "capture_sequences": 1, "photo_shown_date": "2016-06", "latest_available_photo_date": "2016-06", "source_photo_url": "https://www.mapillary.com/app/?pKey=273642141100458&focus=photo", "nearest_osm_pole_m": null}}, {"type": "Feature", "geometry": {"type": "Point", "coordinates": [-73.94829, 40.736217]}, "properties": {"id": "gree-00111", "is_utility_pole": true, "pole_type": "wood_utility", "model_flags": [], "model_watch": [], "lean": "none", "crossarm": "none_visible", "vegetation": "none", "transformer": false, "attachments_estimate": 1, "photos_assessed": 3, "capture_sequences": 1, "photo_shown_date": "2016-07", "latest_available_photo_date": "2016-07", "source_photo_url": "https://www.mapillary.com/app/?pKey=1180803669025910&focus=photo", "nearest_osm_pole_m": null}}, {"type": "Feature", "geometry": {"type": "Point", "coordinates": [-73.94936, 40.732628]}, "properties": {"id": "gree-00112", "is_utility_pole": true, "pole_type": "wood_utility", "model_flags": [], "model_watch": [], "lean": "none", "crossarm": "none_visible", "vegetation": "none", "transformer": false, "attachments_estimate": 0, "photos_assessed": 2, "capture_sequences": 1, "photo_shown_date": "2019-12", "latest_available_photo_date": "2019-12", "source_photo_url": "https://www.mapillary.com/app/?pKey=799961590948015&focus=photo", "nearest_osm_pole_m": null}}, {"type": "Feature", "geometry": {"type": "Point", "coordinates": [-73.96063, 40.735287]}, "properties": {"id": "gree-00113", "is_utility_pole": true, "pole_type": "wood_utility", "model_flags": [], "model_watch": [], "lean": "none", "crossarm": "none_visible", "vegetation": "near", "transformer": false, "attachments_estimate": 2, "photos_assessed": 1, "capture_sequences": 1, "photo_shown_date": "2022-10", "latest_available_photo_date": "2022-10", "source_photo_url": "https://www.mapillary.com/app/?pKey=615862530196835&focus=photo", "nearest_osm_pole_m": null}}, {"type": "Feature", "geometry": {"type": "Point", "coordinates": [-73.94058, 40.724987]}, "properties": {"id": "gree-00114", "is_utility_pole": true, "pole_type": "wood_utility", "model_flags": [], "model_watch": ["lean_slight"], "lean": "slight", "crossarm": "none_visible", "vegetation": "none", "transformer": false, "attachments_estimate": 0, "photos_assessed": 3, "capture_sequences": 1, "photo_shown_date": "2024-03", "latest_available_photo_date": "2024-03", "source_photo_url": "https://www.mapillary.com/app/?pKey=1570780883699885&focus=photo", "nearest_osm_pole_m": null}}, {"type": "Feature", "geometry": {"type": "Point", "coordinates": [-73.94066, 40.7253585]}, "properties": {"id": "gree-00115", "is_utility_pole": true, "pole_type": "wood_utility", "model_flags": [], "model_watch": ["lean_slight"], "lean": "slight", "crossarm": "unclear", "vegetation": "near", "transformer": false, "attachments_estimate": 2, "photos_assessed": 6, "capture_sequences": 2, "photo_shown_date": "2024-03", "latest_available_photo_date": "2024-03", "source_photo_url": "https://www.mapillary.com/app/?pKey=1132678174438662&focus=photo", "nearest_osm_pole_m": null}}, {"type": "Feature", "geometry": {"type": "Point", "coordinates": [-73.95147, 40.734722]}, "properties": {"id": "gree-00116", "is_utility_pole": true, "pole_type": "wood_utility", "model_flags": [], "model_watch": [], "lean": "none", "crossarm": "none_visible", "vegetation": "none", "transformer": false, "attachments_estimate": 1, "photos_assessed": 3, "capture_sequences": 1, "photo_shown_date": "2018-08", "latest_available_photo_date": "2018-08", "source_photo_url": "https://www.mapillary.com/app/?pKey=219388093022250&focus=photo", "nearest_osm_pole_m": null}}, {"type": "Feature", "geometry": {"type": "Point", "coordinates": [-73.9519725, 40.7346745]}, "properties": {"id": "gree-00117", "is_utility_pole": true, "pole_type": "wood_utility", "model_flags": [], "model_watch": [], "lean": "none", "crossarm": "none_visible", "vegetation": "none", "transformer": false, "attachments_estimate": 1, "photos_assessed": 6, "capture_sequences": 1, "photo_shown_date": "2018-08", "latest_available_photo_date": "2018-08", "source_photo_url": "https://www.mapillary.com/app/?pKey=2926937294260477&focus=photo", "nearest_osm_pole_m": null}}, {"type": "Feature", "geometry": {"type": "Point", "coordinates": [-73.952126, 40.735516]}, "properties": {"id": "gree-00118", "is_utility_pole": true, "pole_type": "wood_utility", "model_flags": [], "model_watch": ["lean_slight"], "lean": "slight", "crossarm": "none_visible", "vegetation": "near", "transformer": false, "attachments_estimate": 1, "photos_assessed": 3, "capture_sequences": 1, "photo_shown_date": "2018-08", "latest_available_photo_date": "2018-08", "source_photo_url": "https://www.mapillary.com/app/?pKey=392575405207956&focus=photo", "nearest_osm_pole_m": null}}, {"type": "Feature", "geometry": {"type": "Point", "coordinates": [-73.95004, 40.728157]}, "properties": {"id": "gree-00119", "is_utility_pole": true, "pole_type": "wood_utility", "model_flags": [], "model_watch": ["lean_slight"], "lean": "slight", "crossarm": "unclear", "vegetation": "near", "transformer": false, "attachments_estimate": 1, "photos_assessed": 3, "capture_sequences": 1, "photo_shown_date": "2024-12", "latest_available_photo_date": "2024-12", "source_photo_url": "https://www.mapillary.com/app/?pKey=597024816126854&focus=photo", "nearest_osm_pole_m": null}}, {"type": "Feature", "geometry": {"type": "Point", "coordinates": [-73.94964, 40.726944]}, "properties": {"id": "gree-00120", "is_utility_pole": false, "pole_type": "other", "model_flags": [], "model_watch": [], "lean": "none", "crossarm": "none_visible", "vegetation": "near", "transformer": false, "attachments_estimate": 0, "photos_assessed": 1, "capture_sequences": 1, "photo_shown_date": "2024-12", "latest_available_photo_date": "2024-12", "source_photo_url": "https://www.mapillary.com/app/?pKey=1076243707575801&focus=photo", "nearest_osm_pole_m": null}}, {"type": "Feature", "geometry": {"type": "Point", "coordinates": [-73.9417277, 40.7257588]}, "properties": {"id": "gree-00121", "is_utility_pole": true, "pole_type": "wood_utility", "model_flags": [], "model_watch": ["lean_slight"], "lean": "slight", "crossarm": "none_visible", "vegetation": "none", "transformer": false, "attachments_estimate": 2, "photos_assessed": 12, "capture_sequences": 3, "photo_shown_date": "2024-07", "latest_available_photo_date": "2024-07", "source_photo_url": "https://www.mapillary.com/app/?pKey=1572560669964652&focus=photo", "nearest_osm_pole_m": null}}, {"type": "Feature", "geometry": {"type": "Point", "coordinates": [-73.9499, 40.73535]}, "properties": {"id": "gree-00122", "is_utility_pole": true, "pole_type": "wood_utility", "model_flags": ["vegetation"], "model_watch": ["lean_slight"], "lean": "slight", "crossarm": "none_visible", "vegetation": "touching", "transformer": false, "attachments_estimate": 1, "photos_assessed": 3, "capture_sequences": 1, "photo_shown_date": "2018-08", "latest_available_photo_date": "2018-08", "source_photo_url": "https://www.mapillary.com/app/?pKey=288313252938390&focus=photo", "nearest_osm_pole_m": null}}, {"type": "Feature", "geometry": {"type": "Point", "coordinates": [-73.94996, 40.7357585]}, "properties": {"id": "gree-00123", "is_utility_pole": true, "pole_type": "wood_utility", "model_flags": [], "model_watch": ["lean_slight"], "lean": "slight", "crossarm": "none_visible", "vegetation": "near", "transformer": false, "attachments_estimate": 2, "photos_assessed": 6, "capture_sequences": 1, "photo_shown_date": "2018-08", "latest_available_photo_date": "2018-08", "source_photo_url": "https://www.mapillary.com/app/?pKey=469369744287136&focus=photo", "nearest_osm_pole_m": null}}, {"type": "Feature", "geometry": {"type": "Point", "coordinates": [-73.949974, 40.7364]}, "properties": {"id": "gree-00124", "is_utility_pole": true, "pole_type": "wood_utility", "model_flags": ["vegetation"], "model_watch": [], "lean": "none", "crossarm": "none_visible", "vegetation": "touching", "transformer": false, "attachments_estimate": 1, "photos_assessed": 3, "capture_sequences": 1, "photo_shown_date": "2018-08", "latest_available_photo_date": "2018-08", "source_photo_url": "https://www.mapillary.com/app/?pKey=927634914735086&focus=photo", "nearest_osm_pole_m": null}}, {"type": "Feature", "geometry": {"type": "Point", "coordinates": [-73.95003, 40.736305]}, "properties": {"id": "gree-00125", "is_utility_pole": true, "pole_type": "wood_utility", "model_flags": [], "model_watch": ["lean_slight"], "lean": "slight", "crossarm": "none_visible", "vegetation": "near", "transformer": false, "attachments_estimate": 1, "photos_assessed": 5, "capture_sequences": 1, "photo_shown_date": "2018-08", "latest_available_photo_date": "2018-08", "source_photo_url": "https://www.mapillary.com/app/?pKey=1185832831842174&focus=photo", "nearest_osm_pole_m": null}}, {"type": "Feature", "geometry": {"type": "Point", "coordinates": [-73.9499809, 40.7359708]}, "properties": {"id": "gree-00126", "is_utility_pole": true, "pole_type": "wood_utility", "model_flags": [], "model_watch": ["lean_slight"], "lean": "slight", "crossarm": "none_visible", "vegetation": "near", "transformer": false, "attachments_estimate": 1, "photos_assessed": 11, "capture_sequences": 2, "photo_shown_date": "2018-08", "latest_available_photo_date": "2018-08", "source_photo_url": "https://www.mapillary.com/app/?pKey=1807551982752556&focus=photo", "nearest_osm_pole_m": null}}, {"type": "Feature", "geometry": {"type": "Point", "coordinates": [-73.950005, 40.736084]}, "properties": {"id": "gree-00127", "is_utility_pole": true, "pole_type": "wood_utility", "model_flags": [], "model_watch": ["lean_slight"], "lean": "slight", "crossarm": "none_visible", "vegetation": "near", "transformer": false, "attachments_estimate": 1, "photos_assessed": 3, "capture_sequences": 1, "photo_shown_date": "2018-08", "latest_available_photo_date": "2018-08", "source_photo_url": "https://www.mapillary.com/app/?pKey=153761800093696&focus=photo", "nearest_osm_pole_m": null}}, {"type": "Feature", "geometry": {"type": "Point", "coordinates": [-73.94989, 40.724174]}, "properties": {"id": "gree-00128", "is_utility_pole": false, "pole_type": "street_light", "model_flags": [], "model_watch": [], "lean": "none", "crossarm": "none_visible", "vegetation": "none", "transformer": false, "attachments_estimate": 2, "photos_assessed": 3, "capture_sequences": 1, "photo_shown_date": "2022-01", "latest_available_photo_date": "2022-01", "source_photo_url": "https://www.mapillary.com/app/?pKey=5047416431970404&focus=photo", "nearest_osm_pole_m": null}}, {"type": "Feature", "geometry": {"type": "Point", "coordinates": [-73.941645, 40.7251565]}, "properties": {"id": "gree-00129", "is_utility_pole": true, "pole_type": "wood_utility", "model_flags": ["vegetation"], "model_watch": [], "lean": "unclear", "crossarm": "none_visible", "vegetation": "touching", "transformer": false, "attachments_estimate": 0, "photos_assessed": 6, "capture_sequences": 1, "photo_shown_date": "2024-07", "latest_available_photo_date": "2024-07", "source_photo_url": "https://www.mapillary.com/app/?pKey=1881839652328195&focus=photo", "nearest_osm_pole_m": null}}, {"type": "Feature", "geometry": {"type": "Point", "coordinates": [-73.94128, 40.72356]}, "properties": {"id": "gree-00130", "is_utility_pole": true, "pole_type": "wood_utility", "model_flags": [], "model_watch": ["lean_slight"], "lean": "slight", "crossarm": "none_visible", "vegetation": "near", "transformer": false, "attachments_estimate": 2, "photos_assessed": 3, "capture_sequences": 1, "photo_shown_date": "2024-07", "latest_available_photo_date": "2024-07", "source_photo_url": "https://www.mapillary.com/app/?pKey=478646944709794&focus=photo", "nearest_osm_pole_m": null}}, {"type": "Feature", "geometry": {"type": "Point", "coordinates": [-73.941215, 40.7234135]}, "properties": {"id": "gree-00131", "is_utility_pole": true, "pole_type": "wood_utility", "model_flags": [], "model_watch": ["lean_slight"], "lean": "slight", "crossarm": "none_visible", "vegetation": "near", "transformer": false, "attachments_estimate": 2, "photos_assessed": 6, "capture_sequences": 2, "photo_shown_date": "2024-07", "latest_available_photo_date": "2024-07", "source_photo_url": "https://www.mapillary.com/app/?pKey=1056358959437102&focus=photo", "nearest_osm_pole_m": null}}, {"type": "Feature", "geometry": {"type": "Point", "coordinates": [-73.9406444, 40.7256228]}, "properties": {"id": "gree-00132", "is_utility_pole": true, "pole_type": "wood_utility", "model_flags": [], "model_watch": ["lean_slight"], "lean": "slight", "crossarm": "none_visible", "vegetation": "near", "transformer": false, "attachments_estimate": 2, "photos_assessed": 5, "capture_sequences": 2, "photo_shown_date": "2024-03", "latest_available_photo_date": "2024-03", "source_photo_url": "https://www.mapillary.com/app/?pKey=1068218384478712&focus=photo", "nearest_osm_pole_m": null}}, {"type": "Feature", "geometry": {"type": "Point", "coordinates": [-73.94086, 40.7257862]}, "properties": {"id": "gree-00133", "is_utility_pole": true, "pole_type": "wood_utility", "model_flags": [], "model_watch": [], "lean": "none", "crossarm": "none_visible", "vegetation": "none", "transformer": false, "attachments_estimate": 2, "photos_assessed": 5, "capture_sequences": 2, "photo_shown_date": "2024-03", "latest_available_photo_date": "2024-07", "source_photo_url": "https://www.mapillary.com/app/?pKey=364841283190784&focus=photo", "nearest_osm_pole_m": null}}, {"type": "Feature", "geometry": {"type": "Point", "coordinates": [-73.9403421, 40.7235716]}, "properties": {"id": "gree-00134", "is_utility_pole": true, "pole_type": "wood_utility", "model_flags": [], "model_watch": ["lean_slight"], "lean": "slight", "crossarm": "none_visible", "vegetation": "none", "transformer": false, "attachments_estimate": 2, "photos_assessed": 8, "capture_sequences": 3, "photo_shown_date": "2024-03", "latest_available_photo_date": "2024-03", "source_photo_url": "https://www.mapillary.com/app/?pKey=3060927880705724&focus=photo", "nearest_osm_pole_m": null}}, {"type": "Feature", "geometry": {"type": "Point", "coordinates": [-73.94158, 40.7253975]}, "properties": {"id": "gree-00135", "is_utility_pole": true, "pole_type": "wood_utility", "model_flags": [], "model_watch": ["lean_slight"], "lean": "slight", "crossarm": "unclear", "vegetation": "near", "transformer": false, "attachments_estimate": 2, "photos_assessed": 6, "capture_sequences": 1, "photo_shown_date": "2024-07", "latest_available_photo_date": "2024-07", "source_photo_url": "https://www.mapillary.com/app/?pKey=1013949143773542&focus=photo", "nearest_osm_pole_m": null}}, {"type": "Feature", "geometry": {"type": "Point", "coordinates": [-73.9417071, 40.7256409]}, "properties": {"id": "gree-00136", "is_utility_pole": true, "pole_type": "wood_utility", "model_flags": [], "model_watch": ["lean_slight"], "lean": "slight", "crossarm": "intact", "vegetation": "near", "transformer": false, "attachments_estimate": 1, "photos_assessed": 7, "capture_sequences": 2, "photo_shown_date": "2024-02", "latest_available_photo_date": "2024-07", "source_photo_url": "https://www.mapillary.com/app/?pKey=422240166843822&focus=photo", "nearest_osm_pole_m": null}}, {"type": "Feature", "geometry": {"type": "Point", "coordinates": [-73.93014, 40.725992]}, "properties": {"id": "gree-00137", "is_utility_pole": true, "pole_type": "wood_utility", "model_flags": [], "model_watch": [], "lean": "none", "crossarm": "intact", "vegetation": "none", "transformer": false, "attachments_estimate": 0, "photos_assessed": 6, "capture_sequences": 1, "photo_shown_date": "2023-10", "latest_available_photo_date": "2023-10", "source_photo_url": "https://www.mapillary.com/app/?pKey=1325645181644518&focus=photo", "nearest_osm_pole_m": null}}, {"type": "Feature", "geometry": {"type": "Point", "coordinates": [-73.93157, 40.7256]}, "properties": {"id": "gree-00138", "is_utility_pole": false, "pole_type": "other", "model_flags": [], "model_watch": [], "lean": "unclear", "crossarm": "none_visible", "vegetation": "near", "transformer": false, "attachments_estimate": 0, "photos_assessed": 1, "capture_sequences": 1, "photo_shown_date": "2023-10", "latest_available_photo_date": "2023-10", "source_photo_url": "https://www.mapillary.com/app/?pKey=3606087192971175&focus=photo", "nearest_osm_pole_m": null}}, {"type": "Feature", "geometry": {"type": "Point", "coordinates": [-73.92992, 40.72608]}, "properties": {"id": "gree-00139", "is_utility_pole": true, "pole_type": "wood_utility", "model_flags": [], "model_watch": [], "lean": "none", "crossarm": "intact", "vegetation": "none", "transformer": true, "attachments_estimate": 1, "photos_assessed": 3, "capture_sequences": 1, "photo_shown_date": "2023-10", "latest_available_photo_date": "2023-10", "source_photo_url": "https://www.mapillary.com/app/?pKey=1325645181644518&focus=photo", "nearest_osm_pole_m": null}}, {"type": "Feature", "geometry": {"type": "Point", "coordinates": [-73.93078, 40.737766]}, "properties": {"id": "gree-00140", "is_utility_pole": true, "pole_type": "wood_utility", "model_flags": [], "model_watch": ["lean_slight"], "lean": "slight", "crossarm": "none_visible", "vegetation": "none", "transformer": false, "attachments_estimate": 1, "photos_assessed": 3, "capture_sequences": 1, "photo_shown_date": "2018-09", "latest_available_photo_date": "2018-09", "source_photo_url": "https://www.mapillary.com/app/?pKey=244411384149768&focus=photo", "nearest_osm_pole_m": null}}, {"type": "Feature", "geometry": {"type": "Point", "coordinates": [-73.9298836, 40.737646]}, "properties": {"id": "gree-00141", "is_utility_pole": true, "pole_type": "wood_utility", "model_flags": [], "model_watch": ["lean_slight"], "lean": "slight", "crossarm": "none_visible", "vegetation": "none", "transformer": false, "attachments_estimate": 1, "photos_assessed": 5, "capture_sequences": 2, "photo_shown_date": "2018-08", "latest_available_photo_date": "2018-08", "source_photo_url": "https://www.mapillary.com/app/?pKey=161476182588409&focus=photo", "nearest_osm_pole_m": null}}, {"type": "Feature", "geometry": {"type": "Point", "coordinates": [-73.93074, 40.737297]}, "properties": {"id": "gree-00142", "is_utility_pole": true, "pole_type": "wood_utility", "model_flags": [], "model_watch": ["lean_slight"], "lean": "slight", "crossarm": "none_visible", "vegetation": "none", "transformer": false, "attachments_estimate": 0, "photos_assessed": 3, "capture_sequences": 1, "photo_shown_date": "2018-08", "latest_available_photo_date": "2018-08", "source_photo_url": "https://www.mapillary.com/app/?pKey=485004385888277&focus=photo", "nearest_osm_pole_m": null}}, {"type": "Feature", "geometry": {"type": "Point", "coordinates": [-73.9449, 40.720715]}, "properties": {"id": "gree-00143", "is_utility_pole": false, "pole_type": "other", "model_flags": [], "model_watch": [], "lean": "unclear", "crossarm": "none_visible", "vegetation": "near", "transformer": false, "attachments_estimate": 0, "photos_assessed": 2, "capture_sequences": 1, "photo_shown_date": "2023-10", "latest_available_photo_date": "2023-10", "source_photo_url": "https://www.mapillary.com/app/?pKey=882610546372630&focus=photo", "nearest_osm_pole_m": null}}, {"type": "Feature", "geometry": {"type": "Point", "coordinates": [-73.9578, 40.73138]}, "properties": {"id": "gree-00144", "is_utility_pole": false, "pole_type": "street_light", "model_flags": [], "model_watch": [], "lean": "none", "crossarm": "none_visible", "vegetation": "none", "transformer": false, "attachments_estimate": 0, "photos_assessed": 3, "capture_sequences": 1, "photo_shown_date": "2019-12", "latest_available_photo_date": "2019-12", "source_photo_url": "https://www.mapillary.com/app/?pKey=498866868218416&focus=photo", "nearest_osm_pole_m": null}}, {"type": "Feature", "geometry": {"type": "Point", "coordinates": [-73.96, 40.73174]}, "properties": {"id": "gree-00145", "is_utility_pole": true, "pole_type": "wood_utility", "model_flags": [], "model_watch": [], "lean": "none", "crossarm": "none_visible", "vegetation": "none", "transformer": false, "attachments_estimate": 1, "photos_assessed": 3, "capture_sequences": 1, "photo_shown_date": "2019-12", "latest_available_photo_date": "2019-12", "source_photo_url": "https://www.mapillary.com/app/?pKey=326753719157521&focus=photo", "nearest_osm_pole_m": null}}, {"type": "Feature", "geometry": {"type": "Point", "coordinates": [-73.93289, 40.72471]}, "properties": {"id": "gree-00146", "is_utility_pole": true, "pole_type": "wood_utility", "model_flags": [], "model_watch": ["lean_slight"], "lean": "slight", "crossarm": "none_visible", "vegetation": "none", "transformer": false, "attachments_estimate": 0, "photos_assessed": 2, "capture_sequences": 1, "photo_shown_date": "2023-10", "latest_available_photo_date": "2023-10", "source_photo_url": "https://www.mapillary.com/app/?pKey=698652758966797&focus=photo", "nearest_osm_pole_m": null}}, {"type": "Feature", "geometry": {"type": "Point", "coordinates": [-73.93281, 40.724632]}, "properties": {"id": "gree-00147", "is_utility_pole": true, "pole_type": "wood_utility", "model_flags": [], "model_watch": ["lean_slight"], "lean": "slight", "crossarm": "none_visible", "vegetation": "none", "transformer": false, "attachments_estimate": 0, "photos_assessed": 3, "capture_sequences": 1, "photo_shown_date": "2023-10", "latest_available_photo_date": "2023-10", "source_photo_url": "https://www.mapillary.com/app/?pKey=240345692352990&focus=photo", "nearest_osm_pole_m": null}}, {"type": "Feature", "geometry": {"type": "Point", "coordinates": [-73.932686, 40.7253]}, "properties": {"id": "gree-00148", "is_utility_pole": false, "pole_type": "unclear", "model_flags": [], "model_watch": [], "lean": "unclear", "crossarm": "none_visible", "vegetation": "unclear", "transformer": false, "attachments_estimate": 0, "photos_assessed": 1, "capture_sequences": 1, "photo_shown_date": "2023-10", "latest_available_photo_date": "2023-10", "source_photo_url": "https://www.mapillary.com/app/?pKey=2617251691759902&focus=photo", "nearest_osm_pole_m": null}}, {"type": "Feature", "geometry": {"type": "Point", "coordinates": [-73.932884, 40.724854]}, "properties": {"id": "gree-00149", "is_utility_pole": true, "pole_type": "wood_utility", "model_flags": [], "model_watch": ["lean_slight"], "lean": "slight", "crossarm": "none_visible", "vegetation": "none", "transformer": false, "attachments_estimate": 1, "photos_assessed": 3, "capture_sequences": 1, "photo_shown_date": "2023-10", "latest_available_photo_date": "2023-10", "source_photo_url": "https://www.mapillary.com/app/?pKey=1012183073398312&focus=photo", "nearest_osm_pole_m": null}}, {"type": "Feature", "geometry": {"type": "Point", "coordinates": [-73.93319, 40.725246]}, "properties": {"id": "gree-00150", "is_utility_pole": false, "pole_type": "street_light", "model_flags": [], "model_watch": [], "lean": "none", "crossarm": "none_visible", "vegetation": "none", "transformer": false, "attachments_estimate": 0, "photos_assessed": 1, "capture_sequences": 1, "photo_shown_date": "2023-10", "latest_available_photo_date": "2023-10", "source_photo_url": "https://www.mapillary.com/app/?pKey=2918309021638200&focus=photo", "nearest_osm_pole_m": null}}, {"type": "Feature", "geometry": {"type": "Point", "coordinates": [-73.93331, 40.725155]}, "properties": {"id": "gree-00151", "is_utility_pole": false, "pole_type": "other", "model_flags": [], "model_watch": [], "lean": "unclear", "crossarm": "unclear", "vegetation": "none", "transformer": false, "attachments_estimate": 0, "photos_assessed": 2, "capture_sequences": 1, "photo_shown_date": "2023-10", "latest_available_photo_date": "2023-10", "source_photo_url": "https://www.mapillary.com/app/?pKey=289415327292944&focus=photo", "nearest_osm_pole_m": null}}, {"type": "Feature", "geometry": {"type": "Point", "coordinates": [-73.94082, 40.723465]}, "properties": {"id": "gree-00152", "is_utility_pole": true, "pole_type": "wood_utility", "model_flags": ["vegetation"], "model_watch": [], "lean": "none", "crossarm": "unclear", "vegetation": "touching", "transformer": false, "attachments_estimate": 2, "photos_assessed": 2, "capture_sequences": 1, "photo_shown_date": "2024-07", "latest_available_photo_date": "2024-07", "source_photo_url": "https://www.mapillary.com/app/?pKey=1056712189305482&focus=photo", "nearest_osm_pole_m": null}}, {"type": "Feature", "geometry": {"type": "Point", "coordinates": [-73.954384, 40.730194]}, "properties": {"id": "gree-00153", "is_utility_pole": true, "pole_type": "wood_utility", "model_flags": [], "model_watch": [], "lean": "none", "crossarm": "none_visible", "vegetation": "none", "transformer": false, "attachments_estimate": 2, "photos_assessed": 3, "capture_sequences": 1, "photo_shown_date": "2018-05", "latest_available_photo_date": "2018-05", "source_photo_url": "https://www.mapillary.com/app/?pKey=1173619376406293&focus=photo", "nearest_osm_pole_m": null}}, {"type": "Feature", "geometry": {"type": "Point", "coordinates": [-73.94275, 40.720417]}, "properties": {"id": "gree-00154", "is_utility_pole": true, "pole_type": "wood_utility", "model_flags": ["vegetation"], "model_watch": [], "lean": "unclear", "crossarm": "unclear", "vegetation": "touching", "transformer": false, "attachments_estimate": 0, "photos_assessed": 1, "capture_sequences": 1, "photo_shown_date": "2018-06", "latest_available_photo_date": "2018-06", "source_photo_url": "https://www.mapillary.com/app/?pKey=509510836871272&focus=photo", "nearest_osm_pole_m": null}}, {"type": "Feature", "geometry": {"type": "Point", "coordinates": [-73.9427233, 40.7205647]}, "properties": {"id": "gree-00155", "is_utility_pole": true, "pole_type": "wood_utility", "model_flags": [], "model_watch": [], "lean": "unclear", "crossarm": "none_visible", "vegetation": "near", "transformer": false, "attachments_estimate": 2, "photos_assessed": 3, "capture_sequences": 2, "photo_shown_date": "2019-12", "latest_available_photo_date": "2019-12", "source_photo_url": "https://www.mapillary.com/app/?pKey=371001287661030&focus=photo", "nearest_osm_pole_m": null}}, {"type": "Feature", "geometry": {"type": "Point", "coordinates": [-73.952156, 40.734776]}, "properties": {"id": "gree-00156", "is_utility_pole": false, "pole_type": "street_light", "model_flags": [], "model_watch": [], "lean": "none", "crossarm": "none_visible", "vegetation": "none", "transformer": false, "attachments_estimate": 0, "photos_assessed": 1, "capture_sequences": 1, "photo_shown_date": "2024-12", "latest_available_photo_date": "2024-12", "source_photo_url": "https://www.mapillary.com/app/?pKey=1984303578662989&focus=photo", "nearest_osm_pole_m": null}}, {"type": "Feature", "geometry": {"type": "Point", "coordinates": [-73.95065, 40.73322]}, "properties": {"id": "gree-00157", "is_utility_pole": true, "pole_type": "wood_utility", "model_flags": ["vegetation"], "model_watch": ["lean_slight"], "lean": "slight", "crossarm": "none_visible", "vegetation": "touching", "transformer": false, "attachments_estimate": 1, "photos_assessed": 3, "capture_sequences": 1, "photo_shown_date": "2018-08", "latest_available_photo_date": "2018-08", "source_photo_url": "https://www.mapillary.com/app/?pKey=743434499635854&focus=photo", "nearest_osm_pole_m": null}}, {"type": "Feature", "geometry": {"type": "Point", "coordinates": [-73.94865, 40.724552]}, "properties": {"id": "gree-00158", "is_utility_pole": false, "pole_type": "street_light", "model_flags": ["vegetation"], "model_watch": [], "lean": "none", "crossarm": "none_visible", "vegetation": "touching", "transformer": false, "attachments_estimate": 0, "photos_assessed": 3, "capture_sequences": 1, "photo_shown_date": "2016-06", "latest_available_photo_date": "2016-06", "source_photo_url": "https://www.mapillary.com/app/?pKey=862083317707949&focus=photo", "nearest_osm_pole_m": null}}, {"type": "Feature", "geometry": {"type": "Point", "coordinates": [-73.94982, 40.72226]}, "properties": {"id": "gree-00159", "is_utility_pole": true, "pole_type": "wood_utility", "model_flags": [], "model_watch": [], "lean": "unclear", "crossarm": "unclear", "vegetation": "near", "transformer": false, "attachments_estimate": 1, "photos_assessed": 2, "capture_sequences": 1, "photo_shown_date": "2018-05", "latest_available_photo_date": "2018-05", "source_photo_url": "https://www.mapillary.com/app/?pKey=4365597080158075&focus=photo", "nearest_osm_pole_m": null}}, {"type": "Feature", "geometry": {"type": "Point", "coordinates": [-73.95026, 40.722965]}, "properties": {"id": "gree-00160", "is_utility_pole": true, "pole_type": "wood_utility", "model_flags": [], "model_watch": ["lean_slight"], "lean": "slight", "crossarm": "none_visible", "vegetation": "none", "transformer": false, "attachments_estimate": 1, "photos_assessed": 3, "capture_sequences": 1, "photo_shown_date": "2018-05", "latest_available_photo_date": "2018-05", "source_photo_url": "https://www.mapillary.com/app/?pKey=2890219377962131&focus=photo", "nearest_osm_pole_m": null}}, {"type": "Feature", "geometry": {"type": "Point", "coordinates": [-73.9505575, 40.7348125]}, "properties": {"id": "gree-00161", "is_utility_pole": true, "pole_type": "wood_utility", "model_flags": [], "model_watch": ["lean_slight"], "lean": "slight", "crossarm": "none_visible", "vegetation": "none", "transformer": false, "attachments_estimate": 1, "photos_assessed": 4, "capture_sequences": 1, "photo_shown_date": "2018-08", "latest_available_photo_date": "2018-08", "source_photo_url": "https://www.mapillary.com/app/?pKey=471045197334534&focus=photo", "nearest_osm_pole_m": null}}, {"type": "Feature", "geometry": {"type": "Point", "coordinates": [-73.9510037, 40.7347678]}, "properties": {"id": "gree-00162", "is_utility_pole": true, "pole_type": "wood_utility", "model_flags": [], "model_watch": ["lean_slight"], "lean": "slight", "crossarm": "none_visible", "vegetation": "none", "transformer": false, "attachments_estimate": 2, "photos_assessed": 8, "capture_sequences": 2, "photo_shown_date": "2018-08", "latest_available_photo_date": "2018-08", "source_photo_url": "https://www.mapillary.com/app/?pKey=991510031662218&focus=photo", "nearest_osm_pole_m": null}}, {"type": "Feature", "geometry": {"type": "Point", "coordinates": [-73.958244, 40.721474]}, "properties": {"id": "gree-00163", "is_utility_pole": false, "pole_type": "street_light", "model_flags": [], "model_watch": [], "lean": "none", "crossarm": "none_visible", "vegetation": "none", "transformer": false, "attachments_estimate": 0, "photos_assessed": 3, "capture_sequences": 1, "photo_shown_date": "2019-12", "latest_available_photo_date": "2019-12", "source_photo_url": "https://www.mapillary.com/app/?pKey=218480859735158&focus=photo", "nearest_osm_pole_m": null}}, {"type": "Feature", "geometry": {"type": "Point", "coordinates": [-73.93468, 40.73862]}, "properties": {"id": "gree-00164", "is_utility_pole": false, "pole_type": "street_light", "model_flags": [], "model_watch": [], "lean": "none", "crossarm": "none_visible", "vegetation": "none", "transformer": false, "attachments_estimate": 0, "photos_assessed": 3, "capture_sequences": 1, "photo_shown_date": "2018-07", "latest_available_photo_date": "2018-07", "source_photo_url": "https://www.mapillary.com/app/?pKey=1428206490852836&focus=photo", "nearest_osm_pole_m": null}}, {"type": "Feature", "geometry": {"type": "Point", "coordinates": [-73.9346, 40.739098]}, "properties": {"id": "gree-00165", "is_utility_pole": true, "pole_type": "wood_utility", "model_flags": [], "model_watch": ["lean_slight"], "lean": "slight", "crossarm": "none_visible", "vegetation": "none", "transformer": false, "attachments_estimate": 1, "photos_assessed": 3, "capture_sequences": 1, "photo_shown_date": "2018-07", "latest_available_photo_date": "2018-07", "source_photo_url": "https://www.mapillary.com/app/?pKey=198625638651190&focus=photo", "nearest_osm_pole_m": null}}, {"type": "Feature", "geometry": {"type": "Point", "coordinates": [-73.9406125, 40.7234735]}, "properties": {"id": "gree-00166", "is_utility_pole": true, "pole_type": "wood_utility", "model_flags": [], "model_watch": ["lean_slight"], "lean": "slight", "crossarm": "none_visible", "vegetation": "none", "transformer": false, "attachments_estimate": 2, "photos_assessed": 6, "capture_sequences": 2, "photo_shown_date": "2024-07", "latest_available_photo_date": "2024-07", "source_photo_url": "https://www.mapillary.com/app/?pKey=1225887968576318&focus=photo", "nearest_osm_pole_m": null}}, {"type": "Feature", "geometry": {"type": "Point", "coordinates": [-73.94052, 40.7240255]}, "properties": {"id": "gree-00167", "is_utility_pole": true, "pole_type": "wood_utility", "model_flags": [], "model_watch": ["lean_slight"], "lean": "slight", "crossarm": "none_visible", "vegetation": "near", "transformer": false, "attachments_estimate": 2, "photos_assessed": 6, "capture_sequences": 1, "photo_shown_date": "2024-03", "latest_available_photo_date": "2024-03", "source_photo_url": "https://www.mapillary.com/app/?pKey=269005862919262&focus=photo", "nearest_osm_pole_m": null}}, {"type": "Feature", "geometry": {"type": "Point", "coordinates": [-73.930244, 40.737755]}, "properties": {"id": "gree-00168", "is_utility_pole": true, "pole_type": "wood_utility", "model_flags": [], "model_watch": [], "lean": "none", "crossarm": "none_visible", "vegetation": "none", "transformer": false, "attachments_estimate": 2, "photos_assessed": 3, "capture_sequences": 1, "photo_shown_date": "2018-08", "latest_available_photo_date": "2018-08", "source_photo_url": "https://www.mapillary.com/app/?pKey=661678231316778&focus=photo", "nearest_osm_pole_m": null}}, {"type": "Feature", "geometry": {"type": "Point", "coordinates": [-73.93006, 40.737663]}, "properties": {"id": "gree-00169", "is_utility_pole": true, "pole_type": "wood_utility", "model_flags": [], "model_watch": [], "lean": "none", "crossarm": "none_visible", "vegetation": "none", "transformer": false, "attachments_estimate": 2, "photos_assessed": 3, "capture_sequences": 1, "photo_shown_date": "2018-08", "latest_available_photo_date": "2018-08", "source_photo_url": "https://www.mapillary.com/app/?pKey=468140667623649&focus=photo", "nearest_osm_pole_m": null}}, {"type": "Feature", "geometry": {"type": "Point", "coordinates": [-73.930016, 40.737594]}, "properties": {"id": "gree-00170", "is_utility_pole": false, "pole_type": "traffic_signal", "model_flags": [], "model_watch": [], "lean": "none", "crossarm": "none_visible", "vegetation": "none", "transformer": false, "attachments_estimate": 0, "photos_assessed": 6, "capture_sequences": 2, "photo_shown_date": "2018-08", "latest_available_photo_date": "2018-08", "source_photo_url": "https://www.mapillary.com/app/?pKey=227503028728233&focus=photo", "nearest_osm_pole_m": null}}, {"type": "Feature", "geometry": {"type": "Point", "coordinates": [-73.9301, 40.737732]}, "properties": {"id": "gree-00171", "is_utility_pole": true, "pole_type": "wood_utility", "model_flags": [], "model_watch": [], "lean": "none", "crossarm": "none_visible", "vegetation": "none", "transformer": false, "attachments_estimate": 2, "photos_assessed": 3, "capture_sequences": 1, "photo_shown_date": "2018-08", "latest_available_photo_date": "2018-08", "source_photo_url": "https://www.mapillary.com/app/?pKey=1657765201076080&focus=photo", "nearest_osm_pole_m": null}}, {"type": "Feature", "geometry": {"type": "Point", "coordinates": [-73.95333, 40.721107]}, "properties": {"id": "gree-00172", "is_utility_pole": true, "pole_type": "concrete_or_steel_utility", "model_flags": [], "model_watch": [], "lean": "none", "crossarm": "intact", "vegetation": "near", "transformer": false, "attachments_estimate": 1, "photos_assessed": 1, "capture_sequences": 1, "photo_shown_date": "2023-09", "latest_available_photo_date": "2023-09", "source_photo_url": "https://www.mapillary.com/app/?pKey=822839665953637&focus=photo", "nearest_osm_pole_m": null}}, {"type": "Feature", "geometry": {"type": "Point", "coordinates": [-73.95369, 40.721004]}, "properties": {"id": "gree-00173", "is_utility_pole": false, "pole_type": "street_light", "model_flags": [], "model_watch": [], "lean": "none", "crossarm": "none_visible", "vegetation": "none", "transformer": false, "attachments_estimate": 0, "photos_assessed": 1, "capture_sequences": 1, "photo_shown_date": "2023-09", "latest_available_photo_date": "2023-09", "source_photo_url": "https://www.mapillary.com/app/?pKey=1276087133273878&focus=photo", "nearest_osm_pole_m": null}}, {"type": "Feature", "geometry": {"type": "Point", "coordinates": [-73.953476, 40.721012]}, "properties": {"id": "gree-00174", "is_utility_pole": false, "pole_type": "street_light", "model_flags": [], "model_watch": [], "lean": "none", "crossarm": "none_visible", "vegetation": "none", "transformer": false, "attachments_estimate": 0, "photos_assessed": 2, "capture_sequences": 1, "photo_shown_date": "2023-09", "latest_available_photo_date": "2023-09", "source_photo_url": "https://www.mapillary.com/app/?pKey=603171605099816&focus=photo", "nearest_osm_pole_m": null}}, {"type": "Feature", "geometry": {"type": "Point", "coordinates": [-73.9392, 40.73828]}, "properties": {"id": "gree-00175", "is_utility_pole": true, "pole_type": "wood_utility", "model_flags": [], "model_watch": ["lean_slight"], "lean": "slight", "crossarm": "none_visible", "vegetation": "none", "transformer": false, "attachments_estimate": 1, "photos_assessed": 3, "capture_sequences": 1, "photo_shown_date": "2020-03", "latest_available_photo_date": "2020-03", "source_photo_url": "https://www.mapillary.com/app/?pKey=953585425393723&focus=photo", "nearest_osm_pole_m": null}}, {"type": "Feature", "geometry": {"type": "Point", "coordinates": [-73.94152, 40.723965]}, "properties": {"id": "gree-00176", "is_utility_pole": false, "pole_type": "unclear", "model_flags": [], "model_watch": [], "lean": "unclear", "crossarm": "none_visible", "vegetation": "unclear", "transformer": false, "attachments_estimate": 0, "photos_assessed": 3, "capture_sequences": 1, "photo_shown_date": "2024-07", "latest_available_photo_date": "2024-07", "source_photo_url": "https://www.mapillary.com/app/?pKey=453265857558911&focus=photo", "nearest_osm_pole_m": null}}, {"type": "Feature", "geometry": {"type": "Point", "coordinates": [-73.94172, 40.724167]}, "properties": {"id": "gree-00177", "is_utility_pole": true, "pole_type": "wood_utility", "model_flags": [], "model_watch": ["lean_slight"], "lean": "slight", "crossarm": "none_visible", "vegetation": "near", "transformer": false, "attachments_estimate": 2, "photos_assessed": 3, "capture_sequences": 1, "photo_shown_date": "2024-07", "latest_available_photo_date": "2024-07", "source_photo_url": "https://www.mapillary.com/app/?pKey=1452473888966787&focus=photo", "nearest_osm_pole_m": null}}, {"type": "Feature", "geometry": {"type": "Point", "coordinates": [-73.954025, 40.72276]}, "properties": {"id": "gree-00178", "is_utility_pole": false, "pole_type": "street_light", "model_flags": ["vegetation"], "model_watch": ["lean_slight"], "lean": "slight", "crossarm": "none_visible", "vegetation": "touching", "transformer": false, "attachments_estimate": 1, "photos_assessed": 2, "capture_sequences": 1, "photo_shown_date": "2023-07", "latest_available_photo_date": "2023-07", "source_photo_url": "https://www.mapillary.com/app/?pKey=638361734931927&focus=photo", "nearest_osm_pole_m": null}}, {"type": "Feature", "geometry": {"type": "Point", "coordinates": [-73.952115, 40.7339312]}, "properties": {"id": "gree-00179", "is_utility_pole": false, "pole_type": "traffic_signal", "model_flags": [], "model_watch": [], "lean": "none", "crossarm": "none_visible", "vegetation": "none", "transformer": false, "attachments_estimate": 1, "photos_assessed": 4, "capture_sequences": 2, "photo_shown_date": "2018-09", "latest_available_photo_date": "2022-01", "source_photo_url": "https://www.mapillary.com/app/?pKey=299479908427458&focus=photo", "nearest_osm_pole_m": null}}, {"type": "Feature", "geometry": {"type": "Point", "coordinates": [-73.93922, 40.738358]}, "properties": {"id": "gree-00180", "is_utility_pole": false, "pole_type": "other", "model_flags": [], "model_watch": [], "lean": "none", "crossarm": "none_visible", "vegetation": "none", "transformer": false, "attachments_estimate": 0, "photos_assessed": 3, "capture_sequences": 1, "photo_shown_date": "2018-07", "latest_available_photo_date": "2018-07", "source_photo_url": "https://www.mapillary.com/app/?pKey=1274804842936120&focus=photo", "nearest_osm_pole_m": null}}, {"type": "Feature", "geometry": {"type": "Point", "coordinates": [-73.93916, 40.738453]}, "properties": {"id": "gree-00181", "is_utility_pole": false, "pole_type": "other", "model_flags": [], "model_watch": [], "lean": "none", "crossarm": "none_visible", "vegetation": "none", "transformer": false, "attachments_estimate": 0, "photos_assessed": 3, "capture_sequences": 1, "photo_shown_date": "2018-07", "latest_available_photo_date": "2018-07", "source_photo_url": "https://www.mapillary.com/app/?pKey=1274804842936120&focus=photo", "nearest_osm_pole_m": null}}, {"type": "Feature", "geometry": {"type": "Point", "coordinates": [-73.954475, 40.72946]}, "properties": {"id": "gree-00182", "is_utility_pole": false, "pole_type": "street_light", "model_flags": [], "model_watch": [], "lean": "none", "crossarm": "none_visible", "vegetation": "none", "transformer": false, "attachments_estimate": 0, "photos_assessed": 3, "capture_sequences": 1, "photo_shown_date": "2018-11", "latest_available_photo_date": "2018-11", "source_photo_url": "https://www.mapillary.com/app/?pKey=3098449287050174&focus=photo", "nearest_osm_pole_m": null}}, {"type": "Feature", "geometry": {"type": "Point", "coordinates": [-73.9539, 40.72874]}, "properties": {"id": "gree-00183", "is_utility_pole": false, "pole_type": "street_light", "model_flags": [], "model_watch": [], "lean": "none", "crossarm": "none_visible", "vegetation": "unclear", "transformer": false, "attachments_estimate": 0, "photos_assessed": 3, "capture_sequences": 1, "photo_shown_date": "2018-11", "latest_available_photo_date": "2018-11", "source_photo_url": "https://www.mapillary.com/app/?pKey=1452395915128579&focus=photo", "nearest_osm_pole_m": null}}, {"type": "Feature", "geometry": {"type": "Point", "coordinates": [-73.9589675, 40.7282772]}, "properties": {"id": "gree-00184", "is_utility_pole": true, "pole_type": "wood_utility", "model_flags": [], "model_watch": ["lean_slight"], "lean": "slight", "crossarm": "none_visible", "vegetation": "none", "transformer": false, "attachments_estimate": 1, "photos_assessed": 4, "capture_sequences": 1, "photo_shown_date": "2019-12", "latest_available_photo_date": "2019-12", "source_photo_url": "https://www.mapillary.com/app/?pKey=778981999395253&focus=photo", "nearest_osm_pole_m": null}}, {"type": "Feature", "geometry": {"type": "Point", "coordinates": [-73.959045, 40.728382]}, "properties": {"id": "gree-00185", "is_utility_pole": true, "pole_type": "wood_utility", "model_flags": [], "model_watch": ["lean_slight"], "lean": "slight", "crossarm": "none_visible", "vegetation": "none", "transformer": false, "attachments_estimate": 2, "photos_assessed": 3, "capture_sequences": 1, "photo_shown_date": "2019-12", "latest_available_photo_date": "2019-12", "source_photo_url": "https://www.mapillary.com/app/?pKey=292282339205041&focus=photo", "nearest_osm_pole_m": null}}, {"type": "Feature", "geometry": {"type": "Point", "coordinates": [-73.959206, 40.728912]}, "properties": {"id": "gree-00186", "is_utility_pole": false, "pole_type": "street_light", "model_flags": [], "model_watch": [], "lean": "none", "crossarm": "none_visible", "vegetation": "none", "transformer": false, "attachments_estimate": 0, "photos_assessed": 2, "capture_sequences": 1, "photo_shown_date": "2019-12", "latest_available_photo_date": "2019-12", "source_photo_url": "https://www.mapillary.com/app/?pKey=745155952801147&focus=photo", "nearest_osm_pole_m": null}}, {"type": "Feature", "geometry": {"type": "Point", "coordinates": [-73.95916, 40.7288225]}, "properties": {"id": "gree-00187", "is_utility_pole": true, "pole_type": "wood_utility", "model_flags": [], "model_watch": ["lean_slight"], "lean": "slight", "crossarm": "none_visible", "vegetation": "none", "transformer": false, "attachments_estimate": 1, "photos_assessed": 4, "capture_sequences": 1, "photo_shown_date": "2019-12", "latest_available_photo_date": "2019-12", "source_photo_url": "https://www.mapillary.com/app/?pKey=838077550143953&focus=photo", "nearest_osm_pole_m": null}}, {"type": "Feature", "geometry": {"type": "Point", "coordinates": [-73.9589936, 40.7281148]}, "properties": {"id": "gree-00188", "is_utility_pole": true, "pole_type": "wood_utility", "model_flags": [], "model_watch": [], "lean": "none", "crossarm": "none_visible", "vegetation": "none", "transformer": false, "attachments_estimate": 1, "photos_assessed": 5, "capture_sequences": 1, "photo_shown_date": "2019-12", "latest_available_photo_date": "2019-12", "source_photo_url": "https://www.mapillary.com/app/?pKey=295798352023291&focus=photo", "nearest_osm_pole_m": null}}, {"type": "Feature", "geometry": {"type": "Point", "coordinates": [-73.95911, 40.72867]}, "properties": {"id": "gree-00189", "is_utility_pole": true, "pole_type": "wood_utility", "model_flags": [], "model_watch": ["lean_slight"], "lean": "slight", "crossarm": "none_visible", "vegetation": "none", "transformer": false, "attachments_estimate": 2, "photos_assessed": 3, "capture_sequences": 1, "photo_shown_date": "2019-12", "latest_available_photo_date": "2019-12", "source_photo_url": "https://www.mapillary.com/app/?pKey=955356418564404&focus=photo", "nearest_osm_pole_m": null}}, {"type": "Feature", "geometry": {"type": "Point", "coordinates": [-73.945, 40.718895]}, "properties": {"id": "gree-00190", "is_utility_pole": true, "pole_type": "wood_utility", "model_flags": [], "model_watch": ["lean_slight"], "lean": "slight", "crossarm": "none_visible", "vegetation": "near", "transformer": false, "attachments_estimate": 2, "photos_assessed": 3, "capture_sequences": 1, "photo_shown_date": "2020-04", "latest_available_photo_date": "2020-04", "source_photo_url": "https://www.mapillary.com/app/?pKey=936738320201161&focus=photo", "nearest_osm_pole_m": null}}, {"type": "Feature", "geometry": {"type": "Point", "coordinates": [-73.95903, 40.72769]}, "properties": {"id": "gree-00191", "is_utility_pole": true, "pole_type": "wood_utility", "model_flags": [], "model_watch": ["lean_slight"], "lean": "slight", "crossarm": "none_visible", "vegetation": "none", "transformer": false, "attachments_estimate": 1, "photos_assessed": 3, "capture_sequences": 1, "photo_shown_date": "2019-12", "latest_available_photo_date": "2019-12", "source_photo_url": "https://www.mapillary.com/app/?pKey=539527660401751&focus=photo", "nearest_osm_pole_m": null}}, {"type": "Feature", "geometry": {"type": "Point", "coordinates": [-73.94766, 40.72694]}, "properties": {"id": "gree-00192", "is_utility_pole": true, "pole_type": "wood_utility", "model_flags": [], "model_watch": ["lean_slight"], "lean": "slight", "crossarm": "none_visible", "vegetation": "near", "transformer": false, "attachments_estimate": 1, "photos_assessed": 1, "capture_sequences": 1, "photo_shown_date": "2015-06", "latest_available_photo_date": "2015-06", "source_photo_url": "https://www.mapillary.com/app/?pKey=170100938236958&focus=photo", "nearest_osm_pole_m": null}}, {"type": "Feature", "geometry": {"type": "Point", "coordinates": [-73.94775, 40.727047]}, "properties": {"id": "gree-00193", "is_utility_pole": true, "pole_type": "wood_utility", "model_flags": [], "model_watch": [], "lean": "none", "crossarm": "none_visible", "vegetation": "none", "transformer": false, "attachments_estimate": 1, "photos_assessed": 1, "capture_sequences": 1, "photo_shown_date": "2015-06", "latest_available_photo_date": "2015-06", "source_photo_url": "https://www.mapillary.com/app/?pKey=170100938236958&focus=photo", "nearest_osm_pole_m": null}}, {"type": "Feature", "geometry": {"type": "Point", "coordinates": [-73.93377, 40.72501]}, "properties": {"id": "gree-00194", "is_utility_pole": false, "pole_type": "street_light", "model_flags": [], "model_watch": ["lean_slight"], "lean": "slight", "crossarm": "none_visible", "vegetation": "none", "transformer": false, "attachments_estimate": 1, "photos_assessed": 3, "capture_sequences": 1, "photo_shown_date": "2018-07", "latest_available_photo_date": "2018-07", "source_photo_url": "https://www.mapillary.com/app/?pKey=801540377157409&focus=photo", "nearest_osm_pole_m": null}}, {"type": "Feature", "geometry": {"type": "Point", "coordinates": [-73.93342, 40.725094]}, "properties": {"id": "gree-00195", "is_utility_pole": true, "pole_type": "wood_utility", "model_flags": [], "model_watch": ["lean_slight"], "lean": "slight", "crossarm": "none_visible", "vegetation": "none", "transformer": false, "attachments_estimate": 0, "photos_assessed": 3, "capture_sequences": 1, "photo_shown_date": "2018-07", "latest_available_photo_date": "2018-07", "source_photo_url": "https://www.mapillary.com/app/?pKey=2823435954588613&focus=photo", "nearest_osm_pole_m": null}}, {"type": "Feature", "geometry": {"type": "Point", "coordinates": [-73.95091, 40.736797]}, "properties": {"id": "gree-00196", "is_utility_pole": true, "pole_type": "wood_utility", "model_flags": ["vegetation"], "model_watch": ["lean_slight"], "lean": "slight", "crossarm": "none_visible", "vegetation": "touching", "transformer": false, "attachments_estimate": 0, "photos_assessed": 3, "capture_sequences": 1, "photo_shown_date": "2018-08", "latest_available_photo_date": "2018-08", "source_photo_url": "https://www.mapillary.com/app/?pKey=289142012917658&focus=photo", "nearest_osm_pole_m": null}}, {"type": "Feature", "geometry": {"type": "Point", "coordinates": [-73.952095, 40.72077]}, "properties": {"id": "gree-00197", "is_utility_pole": false, "pole_type": "traffic_signal", "model_flags": ["vegetation"], "model_watch": [], "lean": "unclear", "crossarm": "unclear", "vegetation": "touching", "transformer": false, "attachments_estimate": 0, "photos_assessed": 1, "capture_sequences": 1, "photo_shown_date": "2023-09", "latest_available_photo_date": "2023-09", "source_photo_url": "https://www.mapillary.com/app/?pKey=187648374346339&focus=photo", "nearest_osm_pole_m": null}}, {"type": "Feature", "geometry": {"type": "Point", "coordinates": [-73.94322, 40.728897]}, "properties": {"id": "gree-00198", "is_utility_pole": true, "pole_type": "wood_utility", "model_flags": [], "model_watch": ["lean_slight"], "lean": "slight", "crossarm": "none_visible", "vegetation": "none", "transformer": false, "attachments_estimate": 1, "photos_assessed": 3, "capture_sequences": 1, "photo_shown_date": "2018-06", "latest_available_photo_date": "2018-06", "source_photo_url": "https://www.mapillary.com/app/?pKey=587186752259360&focus=photo", "nearest_osm_pole_m": null}}, {"type": "Feature", "geometry": {"type": "Point", "coordinates": [-73.94316, 40.728592]}, "properties": {"id": "gree-00199", "is_utility_pole": false, "pole_type": "street_light", "model_flags": [], "model_watch": [], "lean": "none", "crossarm": "none_visible", "vegetation": "none", "transformer": false, "attachments_estimate": 0, "photos_assessed": 2, "capture_sequences": 1, "photo_shown_date": "2018-06", "latest_available_photo_date": "2018-06", "source_photo_url": "https://www.mapillary.com/app/?pKey=2919375641676062&focus=photo", "nearest_osm_pole_m": null}}, {"type": "Feature", "geometry": {"type": "Point", "coordinates": [-73.943275, 40.724464]}, "properties": {"id": "gree-00200", "is_utility_pole": false, "pole_type": "street_light", "model_flags": [], "model_watch": [], "lean": "none", "crossarm": "none_visible", "vegetation": "none", "transformer": false, "attachments_estimate": 0, "photos_assessed": 3, "capture_sequences": 1, "photo_shown_date": "2024-03", "latest_available_photo_date": "2024-03", "source_photo_url": "https://www.mapillary.com/app/?pKey=375216875426423&focus=photo", "nearest_osm_pole_m": null}}, {"type": "Feature", "geometry": {"type": "Point", "coordinates": [-73.95923, 40.727654]}, "properties": {"id": "gree-00201", "is_utility_pole": true, "pole_type": "wood_utility", "model_flags": [], "model_watch": [], "lean": "none", "crossarm": "none_visible", "vegetation": "none", "transformer": false, "attachments_estimate": 0, "photos_assessed": 2, "capture_sequences": 1, "photo_shown_date": "2019-12", "latest_available_photo_date": "2019-12", "source_photo_url": "https://www.mapillary.com/app/?pKey=529834688178300&focus=photo", "nearest_osm_pole_m": null}}, {"type": "Feature", "geometry": {"type": "Point", "coordinates": [-73.960075, 40.727566]}, "properties": {"id": "gree-00202", "is_utility_pole": true, "pole_type": "wood_utility", "model_flags": [], "model_watch": [], "lean": "none", "crossarm": "none_visible", "vegetation": "none", "transformer": false, "attachments_estimate": 1, "photos_assessed": 3, "capture_sequences": 1, "photo_shown_date": "2019-12", "latest_available_photo_date": "2019-12", "source_photo_url": "https://www.mapillary.com/app/?pKey=128955979195421&focus=photo", "nearest_osm_pole_m": null}}, {"type": "Feature", "geometry": {"type": "Point", "coordinates": [-73.960365, 40.72754]}, "properties": {"id": "gree-00203", "is_utility_pole": true, "pole_type": "wood_utility", "model_flags": [], "model_watch": [], "lean": "none", "crossarm": "none_visible", "vegetation": "none", "transformer": false, "attachments_estimate": 0, "photos_assessed": 3, "capture_sequences": 1, "photo_shown_date": "2019-12", "latest_available_photo_date": "2019-12", "source_photo_url": "https://www.mapillary.com/app/?pKey=153591030056607&focus=photo", "nearest_osm_pole_m": null}}, {"type": "Feature", "geometry": {"type": "Point", "coordinates": [-73.96031, 40.727673]}, "properties": {"id": "gree-00204", "is_utility_pole": true, "pole_type": "wood_utility", "model_flags": [], "model_watch": ["lean_slight"], "lean": "slight", "crossarm": "unclear", "vegetation": "none", "transformer": false, "attachments_estimate": 1, "photos_assessed": 2, "capture_sequences": 1, "photo_shown_date": "2019-12", "latest_available_photo_date": "2019-12", "source_photo_url": "https://www.mapillary.com/app/?pKey=153591030056607&focus=photo", "nearest_osm_pole_m": null}}, {"type": "Feature", "geometry": {"type": "Point", "coordinates": [-73.96021, 40.727444]}, "properties": {"id": "gree-00205", "is_utility_pole": true, "pole_type": "wood_utility", "model_flags": [], "model_watch": ["lean_slight"], "lean": "slight", "crossarm": "none_visible", "vegetation": "near", "transformer": false, "attachments_estimate": 2, "photos_assessed": 2, "capture_sequences": 1, "photo_shown_date": "2019-12", "latest_available_photo_date": "2019-12", "source_photo_url": "https://www.mapillary.com/app/?pKey=553021602769699&focus=photo", "nearest_osm_pole_m": null}}, {"type": "Feature", "geometry": {"type": "Point", "coordinates": [-73.959854, 40.727592]}, "properties": {"id": "gree-00206", "is_utility_pole": true, "pole_type": "wood_utility", "model_flags": [], "model_watch": [], "lean": "none", "crossarm": "none_visible", "vegetation": "none", "transformer": false, "attachments_estimate": 1, "photos_assessed": 3, "capture_sequences": 1, "photo_shown_date": "2019-12", "latest_available_photo_date": "2019-12", "source_photo_url": "https://www.mapillary.com/app/?pKey=134832961921971&focus=photo", "nearest_osm_pole_m": null}}, {"type": "Feature", "geometry": {"type": "Point", "coordinates": [-73.960625, 40.72755]}, "properties": {"id": "gree-00207", "is_utility_pole": true, "pole_type": "wood_utility", "model_flags": [], "model_watch": [], "lean": "none", "crossarm": "none_visible", "vegetation": "none", "transformer": false, "attachments_estimate": 0, "photos_assessed": 3, "capture_sequences": 1, "photo_shown_date": "2019-12", "latest_available_photo_date": "2019-12", "source_photo_url": "https://www.mapillary.com/app/?pKey=579822782991771&focus=photo", "nearest_osm_pole_m": null}}, {"type": "Feature", "geometry": {"type": "Point", "coordinates": [-73.9602, 40.72755]}, "properties": {"id": "gree-00208", "is_utility_pole": true, "pole_type": "wood_utility", "model_flags": [], "model_watch": [], "lean": "none", "crossarm": "none_visible", "vegetation": "none", "transformer": false, "attachments_estimate": 0, "photos_assessed": 3, "capture_sequences": 1, "photo_shown_date": "2019-12", "latest_available_photo_date": "2019-12", "source_photo_url": "https://www.mapillary.com/app/?pKey=738689920102997&focus=photo", "nearest_osm_pole_m": null}}, {"type": "Feature", "geometry": {"type": "Point", "coordinates": [-73.95946, 40.727634]}, "properties": {"id": "gree-00209", "is_utility_pole": true, "pole_type": "wood_utility", "model_flags": [], "model_watch": [], "lean": "none", "crossarm": "none_visible", "vegetation": "none", "transformer": false, "attachments_estimate": 0, "photos_assessed": 3, "capture_sequences": 1, "photo_shown_date": "2019-12", "latest_available_photo_date": "2019-12", "source_photo_url": "https://www.mapillary.com/app/?pKey=471614767424864&focus=photo", "nearest_osm_pole_m": null}}, {"type": "Feature", "geometry": {"type": "Point", "coordinates": [-73.94041, 40.724003]}, "properties": {"id": "gree-00210", "is_utility_pole": true, "pole_type": "wood_utility", "model_flags": [], "model_watch": ["lean_slight"], "lean": "slight", "crossarm": "none_visible", "vegetation": "near", "transformer": false, "attachments_estimate": 2, "photos_assessed": 3, "capture_sequences": 1, "photo_shown_date": "2024-03", "latest_available_photo_date": "2024-03", "source_photo_url": "https://www.mapillary.com/app/?pKey=621882933436348&focus=photo", "nearest_osm_pole_m": null}}, {"type": "Feature", "geometry": {"type": "Point", "coordinates": [-73.951769, 40.7347092]}, "properties": {"id": "gree-00211", "is_utility_pole": true, "pole_type": "wood_utility", "model_flags": [], "model_watch": [], "lean": "none", "crossarm": "none_visible", "vegetation": "none", "transformer": false, "attachments_estimate": 1, "photos_assessed": 5, "capture_sequences": 2, "photo_shown_date": "2018-08", "latest_available_photo_date": "2018-08", "source_photo_url": "https://www.mapillary.com/app/?pKey=1176808892760504&focus=photo", "nearest_osm_pole_m": null}}, {"type": "Feature", "geometry": {"type": "Point", "coordinates": [-73.9515691, 40.7347483]}, "properties": {"id": "gree-00212", "is_utility_pole": true, "pole_type": "wood_utility", "model_flags": [], "model_watch": ["lean_slight"], "lean": "slight", "crossarm": "none_visible", "vegetation": "none", "transformer": false, "attachments_estimate": 1, "photos_assessed": 7, "capture_sequences": 2, "photo_shown_date": "2018-08", "latest_available_photo_date": "2018-08", "source_photo_url": "https://www.mapillary.com/app/?pKey=2983589698580153&focus=photo", "nearest_osm_pole_m": null}}, {"type": "Feature", "geometry": {"type": "Point", "coordinates": [-73.940926, 40.72342]}, "properties": {"id": "gree-00213", "is_utility_pole": true, "pole_type": "wood_utility", "model_flags": [], "model_watch": ["lean_slight"], "lean": "slight", "crossarm": "none_visible", "vegetation": "none", "transformer": false, "attachments_estimate": 2, "photos_assessed": 3, "capture_sequences": 1, "photo_shown_date": "2024-07", "latest_available_photo_date": "2024-07", "source_photo_url": "https://www.mapillary.com/app/?pKey=514117131075938&focus=photo", "nearest_osm_pole_m": null}}, {"type": "Feature", "geometry": {"type": "Point", "coordinates": [-73.9414, 40.7246]}, "properties": {"id": "gree-00214", "is_utility_pole": true, "pole_type": "wood_utility", "model_flags": ["vegetation"], "model_watch": [], "lean": "unclear", "crossarm": "unclear", "vegetation": "touching", "transformer": false, "attachments_estimate": 1, "photos_assessed": 1, "capture_sequences": 1, "photo_shown_date": "2024-07", "latest_available_photo_date": "2024-07", "source_photo_url": "https://www.mapillary.com/app/?pKey=3585934941551735&focus=photo", "nearest_osm_pole_m": null}}, {"type": "Feature", "geometry": {"type": "Point", "coordinates": [-73.94034, 40.725185]}, "properties": {"id": "gree-00215", "is_utility_pole": false, "pole_type": "unclear", "model_flags": [], "model_watch": [], "lean": "unclear", "crossarm": "none_visible", "vegetation": "none", "transformer": false, "attachments_estimate": 0, "photos_assessed": 1, "capture_sequences": 1, "photo_shown_date": "2024-07", "latest_available_photo_date": "2024-07", "source_photo_url": "https://www.mapillary.com/app/?pKey=1616199218940891&focus=photo", "nearest_osm_pole_m": null}}, {"type": "Feature", "geometry": {"type": "Point", "coordinates": [-73.95094, 40.71998]}, "properties": {"id": "gree-00216", "is_utility_pole": false, "pole_type": "street_light", "model_flags": [], "model_watch": [], "lean": "none", "crossarm": "none_visible", "vegetation": "none", "transformer": false, "attachments_estimate": 0, "photos_assessed": 1, "capture_sequences": 1, "photo_shown_date": "2023-09", "latest_available_photo_date": "2023-09", "source_photo_url": "https://www.mapillary.com/app/?pKey=211047118639816&focus=photo", "nearest_osm_pole_m": null}}, {"type": "Feature", "geometry": {"type": "Point", "coordinates": [-73.9506, 40.719727]}, "properties": {"id": "gree-00217", "is_utility_pole": false, "pole_type": "street_light", "model_flags": [], "model_watch": [], "lean": "none", "crossarm": "none_visible", "vegetation": "none", "transformer": false, "attachments_estimate": 0, "photos_assessed": 1, "capture_sequences": 1, "photo_shown_date": "2023-09", "latest_available_photo_date": "2023-09", "source_photo_url": "https://www.mapillary.com/app/?pKey=839001837896089&focus=photo", "nearest_osm_pole_m": null}}, {"type": "Feature", "geometry": {"type": "Point", "coordinates": [-73.94146, 40.72364]}, "properties": {"id": "gree-00218", "is_utility_pole": true, "pole_type": "wood_utility", "model_flags": [], "model_watch": ["lean_slight"], "lean": "slight", "crossarm": "none_visible", "vegetation": "near", "transformer": false, "attachments_estimate": 2, "photos_assessed": 3, "capture_sequences": 1, "photo_shown_date": "2024-07", "latest_available_photo_date": "2024-07", "source_photo_url": "https://www.mapillary.com/app/?pKey=1011841353967743&focus=photo", "nearest_osm_pole_m": null}}, {"type": "Feature", "geometry": {"type": "Point", "coordinates": [-73.9335809, 40.7360617]}, "properties": {"id": "gree-00219", "is_utility_pole": true, "pole_type": "wood_utility", "model_flags": [], "model_watch": ["lean_slight"], "lean": "slight", "crossarm": "unclear", "vegetation": "none", "transformer": false, "attachments_estimate": 2, "photos_assessed": 9, "capture_sequences": 2, "photo_shown_date": "2018-09", "latest_available_photo_date": "2018-09", "source_photo_url": "https://www.mapillary.com/app/?pKey=459139671846682&focus=photo", "nearest_osm_pole_m": null}}, {"type": "Feature", "geometry": {"type": "Point", "coordinates": [-73.93315, 40.736248]}, "properties": {"id": "gree-00220", "is_utility_pole": true, "pole_type": "wood_utility", "model_flags": [], "model_watch": ["lean_slight"], "lean": "slight", "crossarm": "unclear", "vegetation": "none", "transformer": false, "attachments_estimate": 2, "photos_assessed": 2, "capture_sequences": 1, "photo_shown_date": "2018-09", "latest_available_photo_date": "2018-09", "source_photo_url": "https://www.mapillary.com/app/?pKey=384008629539002&focus=photo", "nearest_osm_pole_m": null}}, {"type": "Feature", "geometry": {"type": "Point", "coordinates": [-73.950935, 40.7221]}, "properties": {"id": "gree-00221", "is_utility_pole": false, "pole_type": "street_light", "model_flags": ["vegetation"], "model_watch": [], "lean": "none", "crossarm": "none_visible", "vegetation": "touching", "transformer": false, "attachments_estimate": 1, "photos_assessed": 3, "capture_sequences": 1, "photo_shown_date": "2023-09", "latest_available_photo_date": "2023-09", "source_photo_url": "https://www.mapillary.com/app/?pKey=1043731646643814&focus=photo", "nearest_osm_pole_m": null}}, {"type": "Feature", "geometry": {"type": "Point", "coordinates": [-73.95079, 40.721714]}, "properties": {"id": "gree-00222", "is_utility_pole": false, "pole_type": "traffic_signal", "model_flags": [], "model_watch": [], "lean": "none", "crossarm": "none_visible", "vegetation": "near", "transformer": false, "attachments_estimate": 0, "photos_assessed": 3, "capture_sequences": 1, "photo_shown_date": "2023-09", "latest_available_photo_date": "2023-09", "source_photo_url": "https://www.mapillary.com/app/?pKey=10024984847575032&focus=photo", "nearest_osm_pole_m": null}}, {"type": "Feature", "geometry": {"type": "Point", "coordinates": [-73.94073, 40.724113]}, "properties": {"id": "gree-00223", "is_utility_pole": true, "pole_type": "wood_utility", "model_flags": [], "model_watch": [], "lean": "none", "crossarm": "none_visible", "vegetation": "near", "transformer": false, "attachments_estimate": 1, "photos_assessed": 2, "capture_sequences": 1, "photo_shown_date": "2024-03", "latest_available_photo_date": "2024-03", "source_photo_url": "https://www.mapillary.com/app/?pKey=453478200456767&focus=photo", "nearest_osm_pole_m": null}}, {"type": "Feature", "geometry": {"type": "Point", "coordinates": [-73.953926, 40.72048]}, "properties": {"id": "gree-00224", "is_utility_pole": false, "pole_type": "street_light", "model_flags": [], "model_watch": [], "lean": "none", "crossarm": "none_visible", "vegetation": "none", "transformer": false, "attachments_estimate": 0, "photos_assessed": 1, "capture_sequences": 1, "photo_shown_date": "2023-09", "latest_available_photo_date": "2023-09", "source_photo_url": "https://www.mapillary.com/app/?pKey=314946774361629&focus=photo", "nearest_osm_pole_m": null}}, {"type": "Feature", "geometry": {"type": "Point", "coordinates": [-73.94668, 40.736847]}, "properties": {"id": "gree-00225", "is_utility_pole": false, "pole_type": "street_light", "model_flags": [], "model_watch": [], "lean": "none", "crossarm": "none_visible", "vegetation": "near", "transformer": false, "attachments_estimate": 0, "photos_assessed": 2, "capture_sequences": 1, "photo_shown_date": "2023-08", "latest_available_photo_date": "2023-08", "source_photo_url": "https://www.mapillary.com/app/?pKey=346648787697369&focus=photo", "nearest_osm_pole_m": null}}, {"type": "Feature", "geometry": {"type": "Point", "coordinates": [-73.93061, 40.737144]}, "properties": {"id": "gree-00226", "is_utility_pole": false, "pole_type": "traffic_signal", "model_flags": [], "model_watch": [], "lean": "unclear", "crossarm": "none_visible", "vegetation": "near", "transformer": false, "attachments_estimate": 0, "photos_assessed": 3, "capture_sequences": 1, "photo_shown_date": "2018-08", "latest_available_photo_date": "2018-08", "source_photo_url": "https://www.mapillary.com/app/?pKey=485409676112920&focus=photo", "nearest_osm_pole_m": null}}, {"type": "Feature", "geometry": {"type": "Point", "coordinates": [-73.93116, 40.73715]}, "properties": {"id": "gree-00227", "is_utility_pole": false, "pole_type": "street_light", "model_flags": [], "model_watch": [], "lean": "none", "crossarm": "none_visible", "vegetation": "none", "transformer": false, "attachments_estimate": 0, "photos_assessed": 3, "capture_sequences": 1, "photo_shown_date": "2018-08", "latest_available_photo_date": "2018-08", "source_photo_url": "https://www.mapillary.com/app/?pKey=501125637705943&focus=photo", "nearest_osm_pole_m": null}}, {"type": "Feature", "geometry": {"type": "Point", "coordinates": [-73.940445, 40.724396]}, "properties": {"id": "gree-00228", "is_utility_pole": true, "pole_type": "wood_utility", "model_flags": [], "model_watch": ["lean_slight"], "lean": "slight", "crossarm": "none_visible", "vegetation": "near", "transformer": false, "attachments_estimate": 1, "photos_assessed": 3, "capture_sequences": 1, "photo_shown_date": "2024-03", "latest_available_photo_date": "2024-03", "source_photo_url": "https://www.mapillary.com/app/?pKey=1471965833672351&focus=photo", "nearest_osm_pole_m": null}}, {"type": "Feature", "geometry": {"type": "Point", "coordinates": [-73.9588812, 40.7276203]}, "properties": {"id": "gree-00229", "is_utility_pole": true, "pole_type": "wood_utility", "model_flags": [], "model_watch": [], "lean": "none", "crossarm": "none_visible", "vegetation": "none", "transformer": false, "attachments_estimate": 2, "photos_assessed": 4, "capture_sequences": 2, "photo_shown_date": "2019-12", "latest_available_photo_date": "2019-12", "source_photo_url": "https://www.mapillary.com/app/?pKey=144434554329111&focus=photo", "nearest_osm_pole_m": null}}, {"type": "Feature", "geometry": {"type": "Point", "coordinates": [-73.95873, 40.72717]}, "properties": {"id": "gree-00230", "is_utility_pole": true, "pole_type": "wood_utility", "model_flags": [], "model_watch": ["lean_slight"], "lean": "slight", "crossarm": "none_visible", "vegetation": "none", "transformer": false, "attachments_estimate": 1, "photos_assessed": 3, "capture_sequences": 1, "photo_shown_date": "2019-12", "latest_available_photo_date": "2019-12", "source_photo_url": "https://www.mapillary.com/app/?pKey=177841167457505&focus=photo", "nearest_osm_pole_m": null}}, {"type": "Feature", "geometry": {"type": "Point", "coordinates": [-73.95867, 40.72688]}, "properties": {"id": "gree-00231", "is_utility_pole": true, "pole_type": "wood_utility", "model_flags": [], "model_watch": [], "lean": "none", "crossarm": "none_visible", "vegetation": "none", "transformer": false, "attachments_estimate": 2, "photos_assessed": 3, "capture_sequences": 1, "photo_shown_date": "2019-12", "latest_available_photo_date": "2019-12", "source_photo_url": "https://www.mapillary.com/app/?pKey=1152447291890495&focus=photo", "nearest_osm_pole_m": null}}, {"type": "Feature", "geometry": {"type": "Point", "coordinates": [-73.95856, 40.726406]}, "properties": {"id": "gree-00232", "is_utility_pole": true, "pole_type": "wood_utility", "model_flags": [], "model_watch": [], "lean": "none", "crossarm": "none_visible", "vegetation": "none", "transformer": false, "attachments_estimate": 2, "photos_assessed": 3, "capture_sequences": 1, "photo_shown_date": "2019-12", "latest_available_photo_date": "2019-12", "source_photo_url": "https://www.mapillary.com/app/?pKey=113912520754793&focus=photo", "nearest_osm_pole_m": null}}, {"type": "Feature", "geometry": {"type": "Point", "coordinates": [-73.944106, 40.7343536]}, "properties": {"id": "gree-00233", "is_utility_pole": true, "pole_type": "wood_utility", "model_flags": [], "model_watch": ["lean_slight"], "lean": "slight", "crossarm": "intact", "vegetation": "none", "transformer": false, "attachments_estimate": 1, "photos_assessed": 5, "capture_sequences": 1, "photo_shown_date": "2023-10", "latest_available_photo_date": "2023-10", "source_photo_url": "https://www.mapillary.com/app/?pKey=952480623215032&focus=photo", "nearest_osm_pole_m": null}}, {"type": "Feature", "geometry": {"type": "Point", "coordinates": [-73.94503, 40.734676]}, "properties": {"id": "gree-00234", "is_utility_pole": true, "pole_type": "concrete_or_steel_utility", "model_flags": [], "model_watch": [], "lean": "none", "crossarm": "unclear", "vegetation": "none", "transformer": false, "attachments_estimate": 0, "photos_assessed": 2, "capture_sequences": 1, "photo_shown_date": "2023-10", "latest_available_photo_date": "2023-10", "source_photo_url": "https://www.mapillary.com/app/?pKey=933524101780655&focus=photo", "nearest_osm_pole_m": null}}, {"type": "Feature", "geometry": {"type": "Point", "coordinates": [-73.94508, 40.734844]}, "properties": {"id": "gree-00235", "is_utility_pole": true, "pole_type": "wood_utility", "model_flags": [], "model_watch": [], "lean": "none", "crossarm": "intact", "vegetation": "none", "transformer": false, "attachments_estimate": 2, "photos_assessed": 3, "capture_sequences": 1, "photo_shown_date": "2023-10", "latest_available_photo_date": "2023-10", "source_photo_url": "https://www.mapillary.com/app/?pKey=1579452716241370&focus=photo", "nearest_osm_pole_m": null}}, {"type": "Feature", "geometry": {"type": "Point", "coordinates": [-73.9451867, 40.734772]}, "properties": {"id": "gree-00236", "is_utility_pole": true, "pole_type": "wood_utility", "model_flags": [], "model_watch": ["lean_slight"], "lean": "slight", "crossarm": "intact", "vegetation": "near", "transformer": false, "attachments_estimate": 1, "photos_assessed": 3, "capture_sequences": 1, "photo_shown_date": "2023-10", "latest_available_photo_date": "2023-10", "source_photo_url": "https://www.mapillary.com/app/?pKey=1364460260940099&focus=photo", "nearest_osm_pole_m": null}}, {"type": "Feature", "geometry": {"type": "Point", "coordinates": [-73.944725, 40.73444]}, "properties": {"id": "gree-00237", "is_utility_pole": true, "pole_type": "wood_utility", "model_flags": [], "model_watch": ["lean_slight"], "lean": "slight", "crossarm": "none_visible", "vegetation": "none", "transformer": false, "attachments_estimate": 1, "photos_assessed": 3, "capture_sequences": 1, "photo_shown_date": "2023-10", "latest_available_photo_date": "2023-10", "source_photo_url": "https://www.mapillary.com/app/?pKey=682324004112159&focus=photo", "nearest_osm_pole_m": null}}, {"type": "Feature", "geometry": {"type": "Point", "coordinates": [-73.944145, 40.7340997]}, "properties": {"id": "gree-00238", "is_utility_pole": true, "pole_type": "wood_utility", "model_flags": [], "model_watch": [], "lean": "none", "crossarm": "none_visible", "vegetation": "none", "transformer": false, "attachments_estimate": 1, "photos_assessed": 4, "capture_sequences": 1, "photo_shown_date": "2023-10", "latest_available_photo_date": "2023-10", "source_photo_url": "https://www.mapillary.com/app/?pKey=966291244863225&focus=photo", "nearest_osm_pole_m": null}}, {"type": "Feature", "geometry": {"type": "Point", "coordinates": [-73.94498, 40.734898]}, "properties": {"id": "gree-00239", "is_utility_pole": true, "pole_type": "wood_utility", "model_flags": ["vegetation"], "model_watch": ["lean_slight"], "lean": "slight", "crossarm": "unclear", "vegetation": "touching", "transformer": false, "attachments_estimate": 2, "photos_assessed": 1, "capture_sequences": 1, "photo_shown_date": "2023-10", "latest_available_photo_date": "2023-10", "source_photo_url": "https://www.mapillary.com/app/?pKey=402365305855254&focus=photo", "nearest_osm_pole_m": null}}, {"type": "Feature", "geometry": {"type": "Point", "coordinates": [-73.94443, 40.73426]}, "properties": {"id": "gree-00240", "is_utility_pole": false, "pole_type": "street_light", "model_flags": [], "model_watch": ["lean_slight"], "lean": "slight", "crossarm": "none_visible", "vegetation": "none", "transformer": false, "attachments_estimate": 0, "photos_assessed": 3, "capture_sequences": 1, "photo_shown_date": "2023-10", "latest_available_photo_date": "2023-10", "source_photo_url": "https://www.mapillary.com/app/?pKey=716097283722102&focus=photo", "nearest_osm_pole_m": null}}, {"type": "Feature", "geometry": {"type": "Point", "coordinates": [-73.9444, 40.73453]}, "properties": {"id": "gree-00241", "is_utility_pole": true, "pole_type": "wood_utility", "model_flags": [], "model_watch": ["lean_slight"], "lean": "slight", "crossarm": "intact", "vegetation": "none", "transformer": false, "attachments_estimate": 1, "photos_assessed": 3, "capture_sequences": 1, "photo_shown_date": "2023-10", "latest_available_photo_date": "2023-10", "source_photo_url": "https://www.mapillary.com/app/?pKey=1818689141978002&focus=photo", "nearest_osm_pole_m": null}}, {"type": "Feature", "geometry": {"type": "Point", "coordinates": [-73.944754, 40.7347102]}, "properties": {"id": "gree-00242", "is_utility_pole": true, "pole_type": "wood_utility", "model_flags": [], "model_watch": [], "lean": "none", "crossarm": "none_visible", "vegetation": "none", "transformer": false, "attachments_estimate": 1, "photos_assessed": 5, "capture_sequences": 1, "photo_shown_date": "2023-10", "latest_available_photo_date": "2023-10", "source_photo_url": "https://www.mapillary.com/app/?pKey=1069928910978041&focus=photo", "nearest_osm_pole_m": null}}, {"type": "Feature", "geometry": {"type": "Point", "coordinates": [-73.94385, 40.73392]}, "properties": {"id": "gree-00243", "is_utility_pole": true, "pole_type": "wood_utility", "model_flags": [], "model_watch": ["lean_slight"], "lean": "slight", "crossarm": "none_visible", "vegetation": "none", "transformer": false, "attachments_estimate": 1, "photos_assessed": 3, "capture_sequences": 1, "photo_shown_date": "2023-10", "latest_available_photo_date": "2023-10", "source_photo_url": "https://www.mapillary.com/app/?pKey=388851277234801&focus=photo", "nearest_osm_pole_m": null}}, {"type": "Feature", "geometry": {"type": "Point", "coordinates": [-73.9437, 40.7338]}, "properties": {"id": "gree-00244", "is_utility_pole": false, "pole_type": "street_light", "model_flags": [], "model_watch": ["lean_slight"], "lean": "slight", "crossarm": "none_visible", "vegetation": "none", "transformer": false, "attachments_estimate": 0, "photos_assessed": 1, "capture_sequences": 1, "photo_shown_date": "2023-10", "latest_available_photo_date": "2023-10", "source_photo_url": "https://www.mapillary.com/app/?pKey=1161533994864005&focus=photo", "nearest_osm_pole_m": null}}, {"type": "Feature", "geometry": {"type": "Point", "coordinates": [-73.943504, 40.733715]}, "properties": {"id": "gree-00245", "is_utility_pole": true, "pole_type": "wood_utility", "model_flags": [], "model_watch": ["lean_slight"], "lean": "slight", "crossarm": "none_visible", "vegetation": "none", "transformer": false, "attachments_estimate": 0, "photos_assessed": 3, "capture_sequences": 1, "photo_shown_date": "2023-10", "latest_available_photo_date": "2023-10", "source_photo_url": "https://www.mapillary.com/app/?pKey=372082408992809&focus=photo", "nearest_osm_pole_m": null}}, {"type": "Feature", "geometry": {"type": "Point", "coordinates": [-73.94312, 40.73379]}, "properties": {"id": "gree-00246", "is_utility_pole": true, "pole_type": "wood_utility", "model_flags": ["lean"], "model_watch": [], "lean": "severe", "crossarm": "none_visible", "vegetation": "none", "transformer": false, "attachments_estimate": 1, "photos_assessed": 1, "capture_sequences": 1, "photo_shown_date": "2023-10", "latest_available_photo_date": "2023-10", "source_photo_url": "https://www.mapillary.com/app/?pKey=290280510586105&focus=photo", "nearest_osm_pole_m": null}}, {"type": "Feature", "geometry": {"type": "Point", "coordinates": [-73.944244, 40.73423]}, "properties": {"id": "gree-00247", "is_utility_pole": true, "pole_type": "wood_utility", "model_flags": [], "model_watch": ["lean_slight"], "lean": "slight", "crossarm": "none_visible", "vegetation": "none", "transformer": false, "attachments_estimate": 1, "photos_assessed": 1, "capture_sequences": 1, "photo_shown_date": "2023-10", "latest_available_photo_date": "2023-10", "source_photo_url": "https://www.mapillary.com/app/?pKey=2131258603918411&focus=photo", "nearest_osm_pole_m": null}}, {"type": "Feature", "geometry": {"type": "Point", "coordinates": [-73.9444, 40.73443]}, "properties": {"id": "gree-00248", "is_utility_pole": true, "pole_type": "wood_utility", "model_flags": [], "model_watch": ["lean_slight"], "lean": "slight", "crossarm": "none_visible", "vegetation": "none", "transformer": false, "attachments_estimate": 1, "photos_assessed": 1, "capture_sequences": 1, "photo_shown_date": "2023-10", "latest_available_photo_date": "2023-10", "source_photo_url": "https://www.mapillary.com/app/?pKey=1453045705624638&focus=photo", "nearest_osm_pole_m": null}}, {"type": "Feature", "geometry": {"type": "Point", "coordinates": [-73.94492, 40.73475]}, "properties": {"id": "gree-00249", "is_utility_pole": true, "pole_type": "wood_utility", "model_flags": [], "model_watch": ["lean_slight"], "lean": "slight", "crossarm": "intact", "vegetation": "none", "transformer": false, "attachments_estimate": 2, "photos_assessed": 3, "capture_sequences": 1, "photo_shown_date": "2023-10", "latest_available_photo_date": "2023-10", "source_photo_url": "https://www.mapillary.com/app/?pKey=933524101780655&focus=photo", "nearest_osm_pole_m": null}}, {"type": "Feature", "geometry": {"type": "Point", "coordinates": [-73.95414, 40.721115]}, "properties": {"id": "gree-00250", "is_utility_pole": false, "pole_type": "street_light", "model_flags": ["vegetation"], "model_watch": ["lean_slight"], "lean": "slight", "crossarm": "none_visible", "vegetation": "touching", "transformer": false, "attachments_estimate": 0, "photos_assessed": 1, "capture_sequences": 1, "photo_shown_date": "2023-09", "latest_available_photo_date": "2023-09", "source_photo_url": "https://www.mapillary.com/app/?pKey=1354137775521833&focus=photo", "nearest_osm_pole_m": null}}, {"type": "Feature", "geometry": {"type": "Point", "coordinates": [-73.9357967, 40.724914]}, "properties": {"id": "gree-00251", "is_utility_pole": true, "pole_type": "wood_utility", "model_flags": [], "model_watch": [], "lean": "none", "crossarm": "none_visible", "vegetation": "near", "transformer": false, "attachments_estimate": 0, "photos_assessed": 9, "capture_sequences": 2, "photo_shown_date": "2023-10", "latest_available_photo_date": "2023-10", "source_photo_url": "https://www.mapillary.com/app/?pKey=276972317994482&focus=photo", "nearest_osm_pole_m": null}}, {"type": "Feature", "geometry": {"type": "Point", "coordinates": [-73.93595, 40.7248625]}, "properties": {"id": "gree-00252", "is_utility_pole": true, "pole_type": "concrete_or_steel_utility", "model_flags": [], "model_watch": [], "lean": "none", "crossarm": "none_visible", "vegetation": "near", "transformer": false, "attachments_estimate": 0, "photos_assessed": 4, "capture_sequences": 2, "photo_shown_date": "2023-10", "latest_available_photo_date": "2023-10", "source_photo_url": "https://www.mapillary.com/app/?pKey=344607687985679&focus=photo", "nearest_osm_pole_m": null}}, {"type": "Feature", "geometry": {"type": "Point", "coordinates": [-73.93619, 40.724716]}, "properties": {"id": "gree-00253", "is_utility_pole": false, "pole_type": "street_light", "model_flags": ["lean"], "model_watch": [], "lean": "severe", "crossarm": "none_visible", "vegetation": "none", "transformer": false, "attachments_estimate": 0, "photos_assessed": 6, "capture_sequences": 2, "photo_shown_date": "2023-10", "latest_available_photo_date": "2023-10", "source_photo_url": "https://www.mapillary.com/app/?pKey=289626377288259&focus=photo", "nearest_osm_pole_m": null}}, {"type": "Feature", "geometry": {"type": "Point", "coordinates": [-73.954956, 40.71882]}, "properties": {"id": "gree-00254", "is_utility_pole": true, "pole_type": "wood_utility", "model_flags": [], "model_watch": [], "lean": "none", "crossarm": "none_visible", "vegetation": "near", "transformer": false, "attachments_estimate": 2, "photos_assessed": 3, "capture_sequences": 1, "photo_shown_date": "2016-07", "latest_available_photo_date": "2016-07", "source_photo_url": "https://www.mapillary.com/app/?pKey=979609329444952&focus=photo", "nearest_osm_pole_m": null}}, {"type": "Feature", "geometry": {"type": "Point", "coordinates": [-73.955894, 40.719395]}, "properties": {"id": "gree-00255", "is_utility_pole": true, "pole_type": "wood_utility", "model_flags": [], "model_watch": ["lean_slight"], "lean": "slight", "crossarm": "unclear", "vegetation": "near", "transformer": false, "attachments_estimate": 2, "photos_assessed": 3, "capture_sequences": 1, "photo_shown_date": "2016-07", "latest_available_photo_date": "2016-07", "source_photo_url": "https://www.mapillary.com/app/?pKey=126448962812235&focus=photo", "nearest_osm_pole_m": null}}, {"type": "Feature", "geometry": {"type": "Point", "coordinates": [-73.95526, 40.719013]}, "properties": {"id": "gree-00256", "is_utility_pole": true, "pole_type": "wood_utility", "model_flags": [], "model_watch": ["lean_slight"], "lean": "slight", "crossarm": "none_visible", "vegetation": "near", "transformer": false, "attachments_estimate": 3, "photos_assessed": 3, "capture_sequences": 1, "photo_shown_date": "2016-07", "latest_available_photo_date": "2016-07", "source_photo_url": "https://www.mapillary.com/app/?pKey=1132786353889277&focus=photo", "nearest_osm_pole_m": null}}, {"type": "Feature", "geometry": {"type": "Point", "coordinates": [-73.955495, 40.719162]}, "properties": {"id": "gree-00257", "is_utility_pole": true, "pole_type": "wood_utility", "model_flags": [], "model_watch": [], "lean": "none", "crossarm": "none_visible", "vegetation": "none", "transformer": false, "attachments_estimate": 2, "photos_assessed": 6, "capture_sequences": 1, "photo_shown_date": "2016-07", "latest_available_photo_date": "2016-07", "source_photo_url": "https://www.mapillary.com/app/?pKey=505915154152684&focus=photo", "nearest_osm_pole_m": null}}, {"type": "Feature", "geometry": {"type": "Point", "coordinates": [-73.955778, 40.7193284]}, "properties": {"id": "gree-00258", "is_utility_pole": true, "pole_type": "wood_utility", "model_flags": [], "model_watch": ["lean_slight"], "lean": "slight", "crossarm": "unclear", "vegetation": "near", "transformer": false, "attachments_estimate": 2, "photos_assessed": 5, "capture_sequences": 1, "photo_shown_date": "2016-07", "latest_available_photo_date": "2016-07", "source_photo_url": "https://www.mapillary.com/app/?pKey=126448962812235&focus=photo", "nearest_osm_pole_m": null}}, {"type": "Feature", "geometry": {"type": "Point", "coordinates": [-73.95513, 40.718933]}, "properties": {"id": "gree-00259", "is_utility_pole": false, "pole_type": "street_light", "model_flags": [], "model_watch": [], "lean": "none", "crossarm": "none_visible", "vegetation": "near", "transformer": false, "attachments_estimate": 2, "photos_assessed": 3, "capture_sequences": 1, "photo_shown_date": "2016-07", "latest_available_photo_date": "2016-07", "source_photo_url": "https://www.mapillary.com/app/?pKey=285697469888580&focus=photo", "nearest_osm_pole_m": null}}, {"type": "Feature", "geometry": {"type": "Point", "coordinates": [-73.955414, 40.71914]}, "properties": {"id": "gree-00260", "is_utility_pole": true, "pole_type": "wood_utility", "model_flags": [], "model_watch": ["lean_slight"], "lean": "slight", "crossarm": "none_visible", "vegetation": "none", "transformer": false, "attachments_estimate": 2, "photos_assessed": 1, "capture_sequences": 1, "photo_shown_date": "2016-07", "latest_available_photo_date": "2016-07", "source_photo_url": "https://www.mapillary.com/app/?pKey=4756319647730790&focus=photo", "nearest_osm_pole_m": null}}, {"type": "Feature", "geometry": {"type": "Point", "coordinates": [-73.951935, 40.72125]}, "properties": {"id": "gree-00261", "is_utility_pole": true, "pole_type": "wood_utility", "model_flags": [], "model_watch": [], "lean": "none", "crossarm": "intact", "vegetation": "near", "transformer": false, "attachments_estimate": 1, "photos_assessed": 1, "capture_sequences": 1, "photo_shown_date": "2023-09", "latest_available_photo_date": "2023-09", "source_photo_url": "https://www.mapillary.com/app/?pKey=629584002558746&focus=photo", "nearest_osm_pole_m": null}}, {"type": "Feature", "geometry": {"type": "Point", "coordinates": [-73.95271, 40.72101]}, "properties": {"id": "gree-00262", "is_utility_pole": false, "pole_type": "street_light", "model_flags": ["vegetation"], "model_watch": [], "lean": "none", "crossarm": "none_visible", "vegetation": "touching", "transformer": false, "attachments_estimate": 0, "photos_assessed": 3, "capture_sequences": 1, "photo_shown_date": "2023-09", "latest_available_photo_date": "2023-09", "source_photo_url": "https://www.mapillary.com/app/?pKey=1470803643717071&focus=photo", "nearest_osm_pole_m": null}}, {"type": "Feature", "geometry": {"type": "Point", "coordinates": [-73.952385, 40.72126]}, "properties": {"id": "gree-00263", "is_utility_pole": true, "pole_type": "wood_utility", "model_flags": [], "model_watch": ["lean_slight"], "lean": "slight", "crossarm": "unclear", "vegetation": "near", "transformer": false, "attachments_estimate": 0, "photos_assessed": 2, "capture_sequences": 1, "photo_shown_date": "2023-09", "latest_available_photo_date": "2023-09", "source_photo_url": "https://www.mapillary.com/app/?pKey=274586648672346&focus=photo", "nearest_osm_pole_m": null}}, {"type": "Feature", "geometry": {"type": "Point", "coordinates": [-73.9518433, 40.7355247]}, "properties": {"id": "gree-00264", "is_utility_pole": true, "pole_type": "wood_utility", "model_flags": ["vegetation"], "model_watch": ["lean_slight"], "lean": "slight", "crossarm": "none_visible", "vegetation": "touching", "transformer": false, "attachments_estimate": 1, "photos_assessed": 9, "capture_sequences": 2, "photo_shown_date": "2018-08", "latest_available_photo_date": "2018-08", "source_photo_url": "https://www.mapillary.com/app/?pKey=222738665959015&focus=photo", "nearest_osm_pole_m": null}}, {"type": "Feature", "geometry": {"type": "Point", "coordinates": [-73.93058, 40.7374084]}, "properties": {"id": "gree-00265", "is_utility_pole": true, "pole_type": "wood_utility", "model_flags": [], "model_watch": ["lean_slight"], "lean": "slight", "crossarm": "none_visible", "vegetation": "none", "transformer": false, "attachments_estimate": 2, "photos_assessed": 5, "capture_sequences": 1, "photo_shown_date": "2018-05", "latest_available_photo_date": "2018-05", "source_photo_url": "https://www.mapillary.com/app/?pKey=336360327831482&focus=photo", "nearest_osm_pole_m": null}}, {"type": "Feature", "geometry": {"type": "Point", "coordinates": [-73.93063, 40.737343]}, "properties": {"id": "gree-00266", "is_utility_pole": true, "pole_type": "wood_utility", "model_flags": [], "model_watch": [], "lean": "none", "crossarm": "none_visible", "vegetation": "none", "transformer": false, "attachments_estimate": 1, "photos_assessed": 2, "capture_sequences": 1, "photo_shown_date": "2018-05", "latest_available_photo_date": "2018-05", "source_photo_url": "https://www.mapillary.com/app/?pKey=973633693373655&focus=photo", "nearest_osm_pole_m": null}}, {"type": "Feature", "geometry": {"type": "Point", "coordinates": [-73.92971, 40.737717]}, "properties": {"id": "gree-00267", "is_utility_pole": true, "pole_type": "wood_utility", "model_flags": [], "model_watch": ["lean_slight"], "lean": "slight", "crossarm": "none_visible", "vegetation": "none", "transformer": false, "attachments_estimate": 2, "photos_assessed": 4, "capture_sequences": 1, "photo_shown_date": "2018-05", "latest_available_photo_date": "2018-05", "source_photo_url": "https://www.mapillary.com/app/?pKey=1189447921492763&focus=photo", "nearest_osm_pole_m": null}}, {"type": "Feature", "geometry": {"type": "Point", "coordinates": [-73.92981, 40.737698]}, "properties": {"id": "gree-00268", "is_utility_pole": true, "pole_type": "wood_utility", "model_flags": [], "model_watch": [], "lean": "none", "crossarm": "none_visible", "vegetation": "none", "transformer": false, "attachments_estimate": 2, "photos_assessed": 3, "capture_sequences": 1, "photo_shown_date": "2018-05", "latest_available_photo_date": "2018-05", "source_photo_url": "https://www.mapillary.com/app/?pKey=550267709294145&focus=photo", "nearest_osm_pole_m": null}}, {"type": "Feature", "geometry": {"type": "Point", "coordinates": [-73.931526, 40.7368788]}, "properties": {"id": "gree-00269", "is_utility_pole": false, "pole_type": "traffic_signal", "model_flags": [], "model_watch": [], "lean": "none", "crossarm": "none_visible", "vegetation": "none", "transformer": false, "attachments_estimate": 1, "photos_assessed": 5, "capture_sequences": 2, "photo_shown_date": "2018-08", "latest_available_photo_date": "2018-08", "source_photo_url": "https://www.mapillary.com/app/?pKey=381052206522175&focus=photo", "nearest_osm_pole_m": null}}, {"type": "Feature", "geometry": {"type": "Point", "coordinates": [-73.931625, 40.736744]}, "properties": {"id": "gree-00270", "is_utility_pole": false, "pole_type": "street_light", "model_flags": [], "model_watch": [], "lean": "none", "crossarm": "none_visible", "vegetation": "none", "transformer": false, "attachments_estimate": 1, "photos_assessed": 3, "capture_sequences": 1, "photo_shown_date": "2018-05", "latest_available_photo_date": "2018-05", "source_photo_url": "https://www.mapillary.com/app/?pKey=490997805428857&focus=photo", "nearest_osm_pole_m": null}}, {"type": "Feature", "geometry": {"type": "Point", "coordinates": [-73.9446, 40.71995]}, "properties": {"id": "gree-00271", "is_utility_pole": false, "pole_type": "unclear", "model_flags": [], "model_watch": [], "lean": "unclear", "crossarm": "none_visible", "vegetation": "unclear", "transformer": false, "attachments_estimate": 0, "photos_assessed": 3, "capture_sequences": 1, "photo_shown_date": "2023-10", "latest_available_photo_date": "2023-10", "source_photo_url": "https://www.mapillary.com/app/?pKey=2060223427649769&focus=photo", "nearest_osm_pole_m": null}}, {"type": "Feature", "geometry": {"type": "Point", "coordinates": [-73.93307, 40.72492]}, "properties": {"id": "gree-00272", "is_utility_pole": false, "pole_type": "other", "model_flags": [], "model_watch": [], "lean": "none", "crossarm": "none_visible", "vegetation": "none", "transformer": false, "attachments_estimate": 1, "photos_assessed": 1, "capture_sequences": 1, "photo_shown_date": "2023-10", "latest_available_photo_date": "2023-10", "source_photo_url": "https://www.mapillary.com/app/?pKey=1469134933875235&focus=photo", "nearest_osm_pole_m": null}}, {"type": "Feature", "geometry": {"type": "Point", "coordinates": [-73.9331775, 40.7247633]}, "properties": {"id": "gree-00273", "is_utility_pole": true, "pole_type": "wood_utility", "model_flags": [], "model_watch": ["lean_slight"], "lean": "slight", "crossarm": "none_visible", "vegetation": "none", "transformer": false, "attachments_estimate": 1, "photos_assessed": 12, "capture_sequences": 1, "photo_shown_date": "2023-10", "latest_available_photo_date": "2023-10", "source_photo_url": "https://www.mapillary.com/app/?pKey=633885642153280&focus=photo", "nearest_osm_pole_m": null}}, {"type": "Feature", "geometry": {"type": "Point", "coordinates": [-73.9330275, 40.724814]}, "properties": {"id": "gree-00274", "is_utility_pole": true, "pole_type": "wood_utility", "model_flags": [], "model_watch": [], "lean": "unclear", "crossarm": "none_visible", "vegetation": "none", "transformer": false, "attachments_estimate": 0, "photos_assessed": 4, "capture_sequences": 1, "photo_shown_date": "2023-10", "latest_available_photo_date": "2023-10", "source_photo_url": "https://www.mapillary.com/app/?pKey=762592965630359&focus=photo", "nearest_osm_pole_m": null}}, {"type": "Feature", "geometry": {"type": "Point", "coordinates": [-73.95256, 40.7349]}, "properties": {"id": "gree-00275", "is_utility_pole": true, "pole_type": "wood_utility", "model_flags": [], "model_watch": ["lean_slight"], "lean": "slight", "crossarm": "none_visible", "vegetation": "none", "transformer": false, "attachments_estimate": 0, "photos_assessed": 1, "capture_sequences": 1, "photo_shown_date": "2024-12", "latest_available_photo_date": "2024-12", "source_photo_url": "https://www.mapillary.com/app/?pKey=573720615458242&focus=photo", "nearest_osm_pole_m": null}}, {"type": "Feature", "geometry": {"type": "Point", "coordinates": [-73.95741, 40.728367]}, "properties": {"id": "gree-00276", "is_utility_pole": false, "pole_type": "street_light", "model_flags": ["vegetation"], "model_watch": [], "lean": "none", "crossarm": "none_visible", "vegetation": "touching", "transformer": false, "attachments_estimate": 2, "photos_assessed": 1, "capture_sequences": 1, "photo_shown_date": "2023-10", "latest_available_photo_date": "2023-10", "source_photo_url": "https://www.mapillary.com/app/?pKey=1091436415520461&focus=photo", "nearest_osm_pole_m": null}}, {"type": "Feature", "geometry": {"type": "Point", "coordinates": [-73.936874, 40.724846]}, "properties": {"id": "gree-00277", "is_utility_pole": true, "pole_type": "wood_utility", "model_flags": [], "model_watch": ["lean_slight"], "lean": "slight", "crossarm": "none_visible", "vegetation": "none", "transformer": false, "attachments_estimate": 2, "photos_assessed": 3, "capture_sequences": 1, "photo_shown_date": "2023-10", "latest_available_photo_date": "2023-10", "source_photo_url": "https://www.mapillary.com/app/?pKey=289318720585424&focus=photo", "nearest_osm_pole_m": null}}, {"type": "Feature", "geometry": {"type": "Point", "coordinates": [-73.94141, 40.7242829]}, "properties": {"id": "gree-00278", "is_utility_pole": true, "pole_type": "wood_utility", "model_flags": ["vegetation"], "model_watch": [], "lean": "none", "crossarm": "none_visible", "vegetation": "touching", "transformer": false, "attachments_estimate": 2, "photos_assessed": 7, "capture_sequences": 2, "photo_shown_date": "2024-07", "latest_available_photo_date": "2024-07", "source_photo_url": "https://www.mapillary.com/app/?pKey=441134628897633&focus=photo", "nearest_osm_pole_m": null}}, {"type": "Feature", "geometry": {"type": "Point", "coordinates": [-73.94553, 40.72143]}, "properties": {"id": "gree-00279", "is_utility_pole": false, "pole_type": "street_light", "model_flags": [], "model_watch": [], "lean": "none", "crossarm": "none_visible", "vegetation": "near", "transformer": false, "attachments_estimate": 0, "photos_assessed": 3, "capture_sequences": 1, "photo_shown_date": "2024-04", "latest_available_photo_date": "2024-04", "source_photo_url": "https://www.mapillary.com/app/?pKey=861359076053203&focus=photo", "nearest_osm_pole_m": null}}, {"type": "Feature", "geometry": {"type": "Point", "coordinates": [-73.94633, 40.721897]}, "properties": {"id": "gree-00280", "is_utility_pole": true, "pole_type": "wood_utility", "model_flags": [], "model_watch": ["lean_slight"], "lean": "slight", "crossarm": "none_visible", "vegetation": "near", "transformer": false, "attachments_estimate": 1, "photos_assessed": 2, "capture_sequences": 1, "photo_shown_date": "2020-04", "latest_available_photo_date": "2020-04", "source_photo_url": "https://www.mapillary.com/app/?pKey=959406911544583&focus=photo", "nearest_osm_pole_m": null}}, {"type": "Feature", "geometry": {"type": "Point", "coordinates": [-73.9438898, 40.7324332]}, "properties": {"id": "gree-00281", "is_utility_pole": true, "pole_type": "wood_utility", "model_flags": [], "model_watch": [], "lean": "none", "crossarm": "intact", "vegetation": "none", "transformer": false, "attachments_estimate": 1, "photos_assessed": 10, "capture_sequences": 2, "photo_shown_date": "2023-10", "latest_available_photo_date": "2023-10", "source_photo_url": "https://www.mapillary.com/app/?pKey=760293506059821&focus=photo", "nearest_osm_pole_m": null}}, {"type": "Feature", "geometry": {"type": "Point", "coordinates": [-73.9431595, 40.7326778]}, "properties": {"id": "gree-00282", "is_utility_pole": true, "pole_type": "wood_utility", "model_flags": [], "model_watch": ["lean_slight"], "lean": "slight", "crossarm": "intact", "vegetation": "none", "transformer": false, "attachments_estimate": 1, "photos_assessed": 4, "capture_sequences": 2, "photo_shown_date": "2023-10", "latest_available_photo_date": "2023-10", "source_photo_url": "https://www.mapillary.com/app/?pKey=720673920226180&focus=photo", "nearest_osm_pole_m": null}}, {"type": "Feature", "geometry": {"type": "Point", "coordinates": [-73.94444, 40.732124]}, "properties": {"id": "gree-00283", "is_utility_pole": false, "pole_type": "street_light", "model_flags": [], "model_watch": [], "lean": "none", "crossarm": "none_visible", "vegetation": "none", "transformer": false, "attachments_estimate": 0, "photos_assessed": 1, "capture_sequences": 1, "photo_shown_date": "2023-10", "latest_available_photo_date": "2023-10", "source_photo_url": "https://www.mapillary.com/app/?pKey=882838166975761&focus=photo", "nearest_osm_pole_m": null}}, {"type": "Feature", "geometry": {"type": "Point", "coordinates": [-73.944084, 40.732372]}, "properties": {"id": "gree-00284", "is_utility_pole": true, "pole_type": "wood_utility", "model_flags": [], "model_watch": ["lean_slight"], "lean": "slight", "crossarm": "intact", "vegetation": "near", "transformer": true, "attachments_estimate": 1, "photos_assessed": 3, "capture_sequences": 1, "photo_shown_date": "2023-10", "latest_available_photo_date": "2023-10", "source_photo_url": "https://www.mapillary.com/app/?pKey=1032837011895749&focus=photo", "nearest_osm_pole_m": null}}, {"type": "Feature", "geometry": {"type": "Point", "coordinates": [-73.94346, 40.732594]}, "properties": {"id": "gree-00285", "is_utility_pole": true, "pole_type": "wood_utility", "model_flags": [], "model_watch": [], "lean": "none", "crossarm": "none_visible", "vegetation": "near", "transformer": false, "attachments_estimate": 1, "photos_assessed": 2, "capture_sequences": 1, "photo_shown_date": "2023-10", "latest_available_photo_date": "2023-10", "source_photo_url": "https://www.mapillary.com/app/?pKey=1116758156130809&focus=photo", "nearest_osm_pole_m": null}}, {"type": "Feature", "geometry": {"type": "Point", "coordinates": [-73.944294, 40.7323064]}, "properties": {"id": "gree-00286", "is_utility_pole": true, "pole_type": "wood_utility", "model_flags": ["vegetation"], "model_watch": [], "lean": "none", "crossarm": "none_visible", "vegetation": "touching", "transformer": false, "attachments_estimate": 0, "photos_assessed": 5, "capture_sequences": 2, "photo_shown_date": "2023-10", "latest_available_photo_date": "2023-10", "source_photo_url": "https://www.mapillary.com/app/?pKey=2251062558593231&focus=photo", "nearest_osm_pole_m": null}}, {"type": "Feature", "geometry": {"type": "Point", "coordinates": [-73.94051, 40.72514]}, "properties": {"id": "gree-00287", "is_utility_pole": true, "pole_type": "wood_utility", "model_flags": [], "model_watch": ["lean_slight"], "lean": "slight", "crossarm": "none_visible", "vegetation": "near", "transformer": false, "attachments_estimate": 1, "photos_assessed": 3, "capture_sequences": 1, "photo_shown_date": "2024-03", "latest_available_photo_date": "2024-03", "source_photo_url": "https://www.mapillary.com/app/?pKey=769582044803677&focus=photo", "nearest_osm_pole_m": null}}, {"type": "Feature", "geometry": {"type": "Point", "coordinates": [-73.95803, 40.719814]}, "properties": {"id": "gree-00288", "is_utility_pole": true, "pole_type": "wood_utility", "model_flags": [], "model_watch": [], "lean": "unclear", "crossarm": "none_visible", "vegetation": "near", "transformer": false, "attachments_estimate": 0, "photos_assessed": 3, "capture_sequences": 1, "photo_shown_date": "2023-07", "latest_available_photo_date": "2023-07", "source_photo_url": "https://www.mapillary.com/app/?pKey=953678605922795&focus=photo", "nearest_osm_pole_m": null}}, {"type": "Feature", "geometry": {"type": "Point", "coordinates": [-73.940785, 40.72525]}, "properties": {"id": "gree-00289", "is_utility_pole": true, "pole_type": "wood_utility", "model_flags": [], "model_watch": ["lean_slight"], "lean": "slight", "crossarm": "unclear", "vegetation": "near", "transformer": false, "attachments_estimate": 1, "photos_assessed": 6, "capture_sequences": 2, "photo_shown_date": "2024-03", "latest_available_photo_date": "2024-03", "source_photo_url": "https://www.mapillary.com/app/?pKey=927172042748418&focus=photo", "nearest_osm_pole_m": null}}, {"type": "Feature", "geometry": {"type": "Point", "coordinates": [-73.9414025, 40.7259883]}, "properties": {"id": "gree-00290", "is_utility_pole": true, "pole_type": "wood_utility", "model_flags": [], "model_watch": [], "lean": "none", "crossarm": "none_visible", "vegetation": "near", "transformer": false, "attachments_estimate": 2, "photos_assessed": 12, "capture_sequences": 3, "photo_shown_date": "2024-07", "latest_available_photo_date": "2024-07", "source_photo_url": "https://www.mapillary.com/app/?pKey=2860544850754640&focus=photo", "nearest_osm_pole_m": null}}, {"type": "Feature", "geometry": {"type": "Point", "coordinates": [-73.9417133, 40.725556]}, "properties": {"id": "gree-00291", "is_utility_pole": true, "pole_type": "wood_utility", "model_flags": ["vegetation"], "model_watch": ["lean_slight"], "lean": "slight", "crossarm": "none_visible", "vegetation": "touching", "transformer": false, "attachments_estimate": 1, "photos_assessed": 9, "capture_sequences": 2, "photo_shown_date": "2024-07", "latest_available_photo_date": "2024-07", "source_photo_url": "https://www.mapillary.com/app/?pKey=465940452965211&focus=photo", "nearest_osm_pole_m": null}}, {"type": "Feature", "geometry": {"type": "Point", "coordinates": [-73.9417529, 40.7256829]}, "properties": {"id": "gree-00292", "is_utility_pole": true, "pole_type": "wood_utility", "model_flags": [], "model_watch": ["lean_slight"], "lean": "slight", "crossarm": "unclear", "vegetation": "near", "transformer": false, "attachments_estimate": 2, "photos_assessed": 7, "capture_sequences": 3, "photo_shown_date": "2024-07", "latest_available_photo_date": "2024-07", "source_photo_url": "https://www.mapillary.com/app/?pKey=997122182110259&focus=photo", "nearest_osm_pole_m": null}}, {"type": "Feature", "geometry": {"type": "Point", "coordinates": [-73.93323, 40.73906]}, "properties": {"id": "gree-00293", "is_utility_pole": false, "pole_type": "street_light", "model_flags": [], "model_watch": [], "lean": "none", "crossarm": "none_visible", "vegetation": "none", "transformer": false, "attachments_estimate": 0, "photos_assessed": 3, "capture_sequences": 1, "photo_shown_date": "2018-10", "latest_available_photo_date": "2018-10", "source_photo_url": "https://www.mapillary.com/app/?pKey=885755661973284&focus=photo", "nearest_osm_pole_m": null}}, {"type": "Feature", "geometry": {"type": "Point", "coordinates": [-73.94638, 40.730927]}, "properties": {"id": "gree-00294", "is_utility_pole": true, "pole_type": "wood_utility", "model_flags": [], "model_watch": ["lean_slight"], "lean": "slight", "crossarm": "none_visible", "vegetation": "near", "transformer": false, "attachments_estimate": 1, "photos_assessed": 3, "capture_sequences": 1, "photo_shown_date": "2015-06", "latest_available_photo_date": "2015-06", "source_photo_url": "https://www.mapillary.com/app/?pKey=143428857796628&focus=photo", "nearest_osm_pole_m": null}}, {"type": "Feature", "geometry": {"type": "Point", "coordinates": [-73.94628, 40.730362]}, "properties": {"id": "gree-00295", "is_utility_pole": true, "pole_type": "wood_utility", "model_flags": ["vegetation"], "model_watch": [], "lean": "none", "crossarm": "none_visible", "vegetation": "touching", "transformer": false, "attachments_estimate": 1, "photos_assessed": 3, "capture_sequences": 1, "photo_shown_date": "2015-06", "latest_available_photo_date": "2015-06", "source_photo_url": "https://www.mapillary.com/app/?pKey=270746438103844&focus=photo", "nearest_osm_pole_m": null}}, {"type": "Feature", "geometry": {"type": "Point", "coordinates": [-73.94623, 40.72998]}, "properties": {"id": "gree-00296", "is_utility_pole": true, "pole_type": "wood_utility", "model_flags": [], "model_watch": ["lean_slight"], "lean": "slight", "crossarm": "none_visible", "vegetation": "near", "transformer": false, "attachments_estimate": 1, "photos_assessed": 2, "capture_sequences": 1, "photo_shown_date": "2015-06", "latest_available_photo_date": "2015-06", "source_photo_url": "https://www.mapillary.com/app/?pKey=171788784741150&focus=photo", "nearest_osm_pole_m": null}}, {"type": "Feature", "geometry": {"type": "Point", "coordinates": [-73.94615, 40.72953]}, "properties": {"id": "gree-00297", "is_utility_pole": true, "pole_type": "wood_utility", "model_flags": ["vegetation"], "model_watch": [], "lean": "none", "crossarm": "none_visible", "vegetation": "touching", "transformer": false, "attachments_estimate": 1, "photos_assessed": 2, "capture_sequences": 1, "photo_shown_date": "2015-06", "latest_available_photo_date": "2015-06", "source_photo_url": "https://www.mapillary.com/app/?pKey=290244622582316&focus=photo", "nearest_osm_pole_m": null}}, {"type": "Feature", "geometry": {"type": "Point", "coordinates": [-73.94594, 40.728115]}, "properties": {"id": "gree-00298", "is_utility_pole": true, "pole_type": "wood_utility", "model_flags": [], "model_watch": ["lean_slight"], "lean": "slight", "crossarm": "none_visible", "vegetation": "none", "transformer": false, "attachments_estimate": 2, "photos_assessed": 3, "capture_sequences": 1, "photo_shown_date": "2015-06", "latest_available_photo_date": "2015-06", "source_photo_url": "https://www.mapillary.com/app/?pKey=307540660895230&focus=photo", "nearest_osm_pole_m": null}}, {"type": "Feature", "geometry": {"type": "Point", "coordinates": [-73.946335, 40.730625]}, "properties": {"id": "gree-00299", "is_utility_pole": true, "pole_type": "wood_utility", "model_flags": [], "model_watch": ["lean_slight"], "lean": "slight", "crossarm": "none_visible", "vegetation": "none", "transformer": false, "attachments_estimate": 1, "photos_assessed": 3, "capture_sequences": 1, "photo_shown_date": "2015-06", "latest_available_photo_date": "2015-06", "source_photo_url": "https://www.mapillary.com/app/?pKey=290605162697605&focus=photo", "nearest_osm_pole_m": null}}, {"type": "Feature", "geometry": {"type": "Point", "coordinates": [-73.94603, 40.72881]}, "properties": {"id": "gree-00300", "is_utility_pole": false, "pole_type": "street_light", "model_flags": [], "model_watch": [], "lean": "none", "crossarm": "none_visible", "vegetation": "none", "transformer": false, "attachments_estimate": 0, "photos_assessed": 1, "capture_sequences": 1, "photo_shown_date": "2015-06", "latest_available_photo_date": "2015-06", "source_photo_url": "https://www.mapillary.com/app/?pKey=183505443636240&focus=photo", "nearest_osm_pole_m": null}}, {"type": "Feature", "geometry": {"type": "Point", "coordinates": [-73.94589, 40.727776]}, "properties": {"id": "gree-00301", "is_utility_pole": true, "pole_type": "wood_utility", "model_flags": [], "model_watch": [], "lean": "none", "crossarm": "none_visible", "vegetation": "near", "transformer": false, "attachments_estimate": 2, "photos_assessed": 3, "capture_sequences": 1, "photo_shown_date": "2015-06", "latest_available_photo_date": "2015-06", "source_photo_url": "https://www.mapillary.com/app/?pKey=487384585797503&focus=photo", "nearest_osm_pole_m": null}}, {"type": "Feature", "geometry": {"type": "Point", "coordinates": [-73.9462, 40.729767]}, "properties": {"id": "gree-00302", "is_utility_pole": true, "pole_type": "wood_utility", "model_flags": [], "model_watch": [], "lean": "none", "crossarm": "none_visible", "vegetation": "near", "transformer": false, "attachments_estimate": 0, "photos_assessed": 2, "capture_sequences": 1, "photo_shown_date": "2015-06", "latest_available_photo_date": "2015-06", "source_photo_url": "https://www.mapillary.com/app/?pKey=469277957708743&focus=photo", "nearest_osm_pole_m": null}}, {"type": "Feature", "geometry": {"type": "Point", "coordinates": [-73.94601, 40.728634]}, "properties": {"id": "gree-00303", "is_utility_pole": true, "pole_type": "wood_utility", "model_flags": [], "model_watch": [], "lean": "none", "crossarm": "none_visible", "vegetation": "none", "transformer": false, "attachments_estimate": 1, "photos_assessed": 2, "capture_sequences": 1, "photo_shown_date": "2015-06", "latest_available_photo_date": "2015-06", "source_photo_url": "https://www.mapillary.com/app/?pKey=464539568155672&focus=photo", "nearest_osm_pole_m": null}}, {"type": "Feature", "geometry": {"type": "Point", "coordinates": [-73.94598, 40.7284]}, "properties": {"id": "gree-00304", "is_utility_pole": true, "pole_type": "wood_utility", "model_flags": [], "model_watch": ["lean_slight"], "lean": "slight", "crossarm": "none_visible", "vegetation": "none", "transformer": false, "attachments_estimate": 2, "photos_assessed": 2, "capture_sequences": 1, "photo_shown_date": "2015-06", "latest_available_photo_date": "2015-06", "source_photo_url": "https://www.mapillary.com/app/?pKey=132894418862967&focus=photo", "nearest_osm_pole_m": null}}, {"type": "Feature", "geometry": {"type": "Point", "coordinates": [-73.94611, 40.72919]}, "properties": {"id": "gree-00305", "is_utility_pole": true, "pole_type": "wood_utility", "model_flags": [], "model_watch": ["lean_slight"], "lean": "slight", "crossarm": "none_visible", "vegetation": "none", "transformer": false, "attachments_estimate": 1, "photos_assessed": 3, "capture_sequences": 1, "photo_shown_date": "2015-06", "latest_available_photo_date": "2015-06", "source_photo_url": "https://www.mapillary.com/app/?pKey=158554359539998&focus=photo", "nearest_osm_pole_m": null}}, {"type": "Feature", "geometry": {"type": "Point", "coordinates": [-73.941768, 40.7258276]}, "properties": {"id": "gree-00306", "is_utility_pole": true, "pole_type": "wood_utility", "model_flags": [], "model_watch": ["lean_slight"], "lean": "slight", "crossarm": "none_visible", "vegetation": "none", "transformer": false, "attachments_estimate": 2, "photos_assessed": 15, "capture_sequences": 5, "photo_shown_date": "2024-07", "latest_available_photo_date": "2024-07", "source_photo_url": "https://www.mapillary.com/app/?pKey=1841921562958073&focus=photo", "nearest_osm_pole_m": null}}, {"type": "Feature", "geometry": {"type": "Point", "coordinates": [-73.940384, 40.724754]}, "properties": {"id": "gree-00307", "is_utility_pole": true, "pole_type": "wood_utility", "model_flags": ["lean"], "model_watch": [], "lean": "severe", "crossarm": "none_visible", "vegetation": "near", "transformer": false, "attachments_estimate": 1, "photos_assessed": 3, "capture_sequences": 1, "photo_shown_date": "2024-03", "latest_available_photo_date": "2024-03", "source_photo_url": "https://www.mapillary.com/app/?pKey=1521202755090923&focus=photo", "nearest_osm_pole_m": null}}, {"type": "Feature", "geometry": {"type": "Point", "coordinates": [-73.9407353, 40.7260008]}, "properties": {"id": "gree-00308", "is_utility_pole": true, "pole_type": "wood_utility", "model_flags": [], "model_watch": ["lean_slight"], "lean": "slight", "crossarm": "none_visible", "vegetation": "none", "transformer": false, "attachments_estimate": 0, "photos_assessed": 9, "capture_sequences": 3, "photo_shown_date": "2024-07", "latest_available_photo_date": "2024-07", "source_photo_url": "https://www.mapillary.com/app/?pKey=795938609376853&focus=photo", "nearest_osm_pole_m": null}}, {"type": "Feature", "geometry": {"type": "Point", "coordinates": [-73.9348225, 40.7356915]}, "properties": {"id": "gree-00309", "is_utility_pole": true, "pole_type": "wood_utility", "model_flags": [], "model_watch": ["lean_slight"], "lean": "slight", "crossarm": "none_visible", "vegetation": "none", "transformer": false, "attachments_estimate": 2, "photos_assessed": 6, "capture_sequences": 1, "photo_shown_date": "2018-05", "latest_available_photo_date": "2018-05", "source_photo_url": "https://www.mapillary.com/app/?pKey=1122347118268778&focus=photo", "nearest_osm_pole_m": null}}, {"type": "Feature", "geometry": {"type": "Point", "coordinates": [-73.935665, 40.735382]}, "properties": {"id": "gree-00310", "is_utility_pole": true, "pole_type": "wood_utility", "model_flags": [], "model_watch": ["lean_slight"], "lean": "slight", "crossarm": "none_visible", "vegetation": "near", "transformer": false, "attachments_estimate": 2, "photos_assessed": 6, "capture_sequences": 2, "photo_shown_date": "2018-05", "latest_available_photo_date": "2018-05", "source_photo_url": "https://www.mapillary.com/app/?pKey=4103557466357796&focus=photo", "nearest_osm_pole_m": null}}, {"type": "Feature", "geometry": {"type": "Point", "coordinates": [-73.93472, 40.73563]}, "properties": {"id": "gree-00311", "is_utility_pole": true, "pole_type": "wood_utility", "model_flags": [], "model_watch": ["lean_slight"], "lean": "slight", "crossarm": "none_visible", "vegetation": "near", "transformer": false, "attachments_estimate": 1, "photos_assessed": 3, "capture_sequences": 1, "photo_shown_date": "2018-05", "latest_available_photo_date": "2018-05", "source_photo_url": "https://www.mapillary.com/app/?pKey=932670150853502&focus=photo", "nearest_osm_pole_m": null}}, {"type": "Feature", "geometry": {"type": "Point", "coordinates": [-73.93392, 40.73612]}, "properties": {"id": "gree-00312", "is_utility_pole": true, "pole_type": "wood_utility", "model_flags": [], "model_watch": ["lean_slight"], "lean": "slight", "crossarm": "none_visible", "vegetation": "near", "transformer": false, "attachments_estimate": 2, "photos_assessed": 3, "capture_sequences": 1, "photo_shown_date": "2018-05", "latest_available_photo_date": "2018-05", "source_photo_url": "https://www.mapillary.com/app/?pKey=292979292537397&focus=photo", "nearest_osm_pole_m": null}}, {"type": "Feature", "geometry": {"type": "Point", "coordinates": [-73.936, 40.735264]}, "properties": {"id": "gree-00313", "is_utility_pole": true, "pole_type": "wood_utility", "model_flags": ["vegetation"], "model_watch": ["lean_slight"], "lean": "slight", "crossarm": "none_visible", "vegetation": "touching", "transformer": false, "attachments_estimate": 1, "photos_assessed": 2, "capture_sequences": 1, "photo_shown_date": "2018-05", "latest_available_photo_date": "2018-05", "source_photo_url": "https://www.mapillary.com/app/?pKey=497992368313575&focus=photo", "nearest_osm_pole_m": null}}, {"type": "Feature", "geometry": {"type": "Point", "coordinates": [-73.93466, 40.735786]}, "properties": {"id": "gree-00314", "is_utility_pole": true, "pole_type": "wood_utility", "model_flags": [], "model_watch": ["lean_slight"], "lean": "slight", "crossarm": "none_visible", "vegetation": "none", "transformer": false, "attachments_estimate": 2, "photos_assessed": 3, "capture_sequences": 1, "photo_shown_date": "2018-05", "latest_available_photo_date": "2018-05", "source_photo_url": "https://www.mapillary.com/app/?pKey=181733777153401&focus=photo", "nearest_osm_pole_m": null}}, {"type": "Feature", "geometry": {"type": "Point", "coordinates": [-73.934204, 40.735985]}, "properties": {"id": "gree-00315", "is_utility_pole": true, "pole_type": "wood_utility", "model_flags": [], "model_watch": [], "lean": "none", "crossarm": "none_visible", "vegetation": "near", "transformer": false, "attachments_estimate": 1, "photos_assessed": 2, "capture_sequences": 1, "photo_shown_date": "2018-05", "latest_available_photo_date": "2018-05", "source_photo_url": "https://www.mapillary.com/app/?pKey=504403244331132&focus=photo", "nearest_osm_pole_m": null}}, {"type": "Feature", "geometry": {"type": "Point", "coordinates": [-73.94508, 40.720284]}, "properties": {"id": "gree-00316", "is_utility_pole": true, "pole_type": "wood_utility", "model_flags": [], "model_watch": ["lean_slight"], "lean": "slight", "crossarm": "none_visible", "vegetation": "near", "transformer": false, "attachments_estimate": 2, "photos_assessed": 3, "capture_sequences": 1, "photo_shown_date": "2024-04", "latest_available_photo_date": "2024-04", "source_photo_url": "https://www.mapillary.com/app/?pKey=2262413680769284&focus=photo", "nearest_osm_pole_m": null}}, {"type": "Feature", "geometry": {"type": "Point", "coordinates": [-73.93063, 40.73785]}, "properties": {"id": "gree-00317", "is_utility_pole": false, "pole_type": "other", "model_flags": [], "model_watch": [], "lean": "none", "crossarm": "none_visible", "vegetation": "none", "transformer": false, "attachments_estimate": 0, "photos_assessed": 3, "capture_sequences": 1, "photo_shown_date": "2018-08", "latest_available_photo_date": "2018-08", "source_photo_url": "https://www.mapillary.com/app/?pKey=534378317561367&focus=photo", "nearest_osm_pole_m": null}}, {"type": "Feature", "geometry": {"type": "Point", "coordinates": [-73.93047, 40.7378405]}, "properties": {"id": "gree-00318", "is_utility_pole": true, "pole_type": "wood_utility", "model_flags": [], "model_watch": ["lean_slight"], "lean": "slight", "crossarm": "none_visible", "vegetation": "none", "transformer": false, "attachments_estimate": 1, "photos_assessed": 6, "capture_sequences": 1, "photo_shown_date": "2018-08", "latest_available_photo_date": "2018-08", "source_photo_url": "https://www.mapillary.com/app/?pKey=2911661389105644&focus=photo", "nearest_osm_pole_m": null}}, {"type": "Feature", "geometry": {"type": "Point", "coordinates": [-73.95085, 40.736217]}, "properties": {"id": "gree-00319", "is_utility_pole": true, "pole_type": "wood_utility", "model_flags": [], "model_watch": [], "lean": "none", "crossarm": "none_visible", "vegetation": "none", "transformer": false, "attachments_estimate": 1, "photos_assessed": 3, "capture_sequences": 1, "photo_shown_date": "2018-08", "latest_available_photo_date": "2018-08", "source_photo_url": "https://www.mapillary.com/app/?pKey=153963283366361&focus=photo", "nearest_osm_pole_m": null}}, {"type": "Feature", "geometry": {"type": "Point", "coordinates": [-73.95225, 40.736126]}, "properties": {"id": "gree-00320", "is_utility_pole": true, "pole_type": "wood_utility", "model_flags": [], "model_watch": ["lean_slight"], "lean": "slight", "crossarm": "none_visible", "vegetation": "near", "transformer": false, "attachments_estimate": 1, "photos_assessed": 3, "capture_sequences": 1, "photo_shown_date": "2018-08", "latest_available_photo_date": "2018-08", "source_photo_url": "https://www.mapillary.com/app/?pKey=632900764344303&focus=photo", "nearest_osm_pole_m": null}}, {"type": "Feature", "geometry": {"type": "Point", "coordinates": [-73.9502, 40.736694]}, "properties": {"id": "gree-00321", "is_utility_pole": true, "pole_type": "wood_utility", "model_flags": [], "model_watch": ["lean_slight"], "lean": "slight", "crossarm": "unclear", "vegetation": "near", "transformer": false, "attachments_estimate": 2, "photos_assessed": 3, "capture_sequences": 1, "photo_shown_date": "2018-08", "latest_available_photo_date": "2018-08", "source_photo_url": "https://www.mapillary.com/app/?pKey=1666473786878066&focus=photo", "nearest_osm_pole_m": null}}, {"type": "Feature", "geometry": {"type": "Point", "coordinates": [-73.95152, 40.736168]}, "properties": {"id": "gree-00322", "is_utility_pole": true, "pole_type": "wood_utility", "model_flags": [], "model_watch": [], "lean": "none", "crossarm": "none_visible", "vegetation": "none", "transformer": false, "attachments_estimate": 2, "photos_assessed": 3, "capture_sequences": 1, "photo_shown_date": "2018-08", "latest_available_photo_date": "2018-08", "source_photo_url": "https://www.mapillary.com/app/?pKey=269537828253410&focus=photo", "nearest_osm_pole_m": null}}, {"type": "Feature", "geometry": {"type": "Point", "coordinates": [-73.94818, 40.720596]}, "properties": {"id": "gree-00323", "is_utility_pole": false, "pole_type": "street_light", "model_flags": [], "model_watch": [], "lean": "none", "crossarm": "none_visible", "vegetation": "near", "transformer": false, "attachments_estimate": 0, "photos_assessed": 2, "capture_sequences": 1, "photo_shown_date": "2023-10", "latest_available_photo_date": "2023-10", "source_photo_url": "https://www.mapillary.com/app/?pKey=245448911860351&focus=photo", "nearest_osm_pole_m": null}}, {"type": "Feature", "geometry": {"type": "Point", "coordinates": [-73.952614, 40.73461]}, "properties": {"id": "gree-00324", "is_utility_pole": false, "pole_type": "street_light", "model_flags": [], "model_watch": [], "lean": "none", "crossarm": "none_visible", "vegetation": "near", "transformer": false, "attachments_estimate": 1, "photos_assessed": 3, "capture_sequences": 1, "photo_shown_date": "2018-08", "latest_available_photo_date": "2018-08", "source_photo_url": "https://www.mapillary.com/app/?pKey=2840465476176206&focus=photo", "nearest_osm_pole_m": null}}, {"type": "Feature", "geometry": {"type": "Point", "coordinates": [-73.95244, 40.735474]}, "properties": {"id": "gree-00325", "is_utility_pole": false, "pole_type": "street_light", "model_flags": [], "model_watch": [], "lean": "none", "crossarm": "none_visible", "vegetation": "near", "transformer": false, "attachments_estimate": 1, "photos_assessed": 3, "capture_sequences": 1, "photo_shown_date": "2018-08", "latest_available_photo_date": "2018-08", "source_photo_url": "https://www.mapillary.com/app/?pKey=1118351535331086&focus=photo", "nearest_osm_pole_m": null}}, {"type": "Feature", "geometry": {"type": "Point", "coordinates": [-73.94265, 40.725715]}, "properties": {"id": "gree-00326", "is_utility_pole": true, "pole_type": "wood_utility", "model_flags": [], "model_watch": ["lean_slight"], "lean": "slight", "crossarm": "none_visible", "vegetation": "none", "transformer": false, "attachments_estimate": 2, "photos_assessed": 6, "capture_sequences": 2, "photo_shown_date": "2024-03", "latest_available_photo_date": "2024-03", "source_photo_url": "https://www.mapillary.com/app/?pKey=6022364561221532&focus=photo", "nearest_osm_pole_m": null}}, {"type": "Feature", "geometry": {"type": "Point", "coordinates": [-73.95426, 40.719368]}, "properties": {"id": "gree-00327", "is_utility_pole": true, "pole_type": "wood_utility", "model_flags": [], "model_watch": ["lean_slight"], "lean": "slight", "crossarm": "none_visible", "vegetation": "none", "transformer": false, "attachments_estimate": 1, "photos_assessed": 3, "capture_sequences": 1, "photo_shown_date": "2016-06", "latest_available_photo_date": "2016-06", "source_photo_url": "https://www.mapillary.com/app/?pKey=791996768119109&focus=photo", "nearest_osm_pole_m": null}}, {"type": "Feature", "geometry": {"type": "Point", "coordinates": [-73.95379, 40.719048]}, "properties": {"id": "gree-00328", "is_utility_pole": true, "pole_type": "wood_utility", "model_flags": [], "model_watch": [], "lean": "none", "crossarm": "none_visible", "vegetation": "near", "transformer": false, "attachments_estimate": 2, "photos_assessed": 3, "capture_sequences": 1, "photo_shown_date": "2016-06", "latest_available_photo_date": "2016-06", "source_photo_url": "https://www.mapillary.com/app/?pKey=313324473517657&focus=photo", "nearest_osm_pole_m": null}}, {"type": "Feature", "geometry": {"type": "Point", "coordinates": [-73.954, 40.71922]}, "properties": {"id": "gree-00329", "is_utility_pole": true, "pole_type": "wood_utility", "model_flags": [], "model_watch": [], "lean": "none", "crossarm": "none_visible", "vegetation": "none", "transformer": false, "attachments_estimate": 1, "photos_assessed": 3, "capture_sequences": 1, "photo_shown_date": "2016-06", "latest_available_photo_date": "2016-06", "source_photo_url": "https://www.mapillary.com/app/?pKey=474843350512772&focus=photo", "nearest_osm_pole_m": null}}, {"type": "Feature", "geometry": {"type": "Point", "coordinates": [-73.95354, 40.718876]}, "properties": {"id": "gree-00330", "is_utility_pole": true, "pole_type": "wood_utility", "model_flags": [], "model_watch": [], "lean": "none", "crossarm": "none_visible", "vegetation": "near", "transformer": false, "attachments_estimate": 2, "photos_assessed": 3, "capture_sequences": 1, "photo_shown_date": "2016-06", "latest_available_photo_date": "2016-06", "source_photo_url": "https://www.mapillary.com/app/?pKey=3939546642761946&focus=photo", "nearest_osm_pole_m": null}}, {"type": "Feature", "geometry": {"type": "Point", "coordinates": [-73.941216, 40.725418]}, "properties": {"id": "gree-00331", "is_utility_pole": true, "pole_type": "wood_utility", "model_flags": [], "model_watch": ["lean_slight"], "lean": "slight", "crossarm": "none_visible", "vegetation": "none", "transformer": false, "attachments_estimate": 2, "photos_assessed": 3, "capture_sequences": 1, "photo_shown_date": "2024-03", "latest_available_photo_date": "2024-03", "source_photo_url": "https://www.mapillary.com/app/?pKey=800249205456022&focus=photo", "nearest_osm_pole_m": null}}, {"type": "Feature", "geometry": {"type": "Point", "coordinates": [-73.95911, 40.722477]}, "properties": {"id": "gree-00332", "is_utility_pole": true, "pole_type": "wood_utility", "model_flags": [], "model_watch": ["lean_slight"], "lean": "slight", "crossarm": "none_visible", "vegetation": "none", "transformer": false, "attachments_estimate": 2, "photos_assessed": 3, "capture_sequences": 1, "photo_shown_date": "2019-12", "latest_available_photo_date": "2019-12", "source_photo_url": "https://www.mapillary.com/app/?pKey=896931844205048&focus=photo", "nearest_osm_pole_m": null}}, {"type": "Feature", "geometry": {"type": "Point", "coordinates": [-73.94123, 40.7260868]}, "properties": {"id": "gree-00333", "is_utility_pole": false, "pole_type": "street_light", "model_flags": [], "model_watch": [], "lean": "none", "crossarm": "none_visible", "vegetation": "near", "transformer": false, "attachments_estimate": 0, "photos_assessed": 5, "capture_sequences": 1, "photo_shown_date": "2024-07", "latest_available_photo_date": "2024-07", "source_photo_url": "https://www.mapillary.com/app/?pKey=1024451745943683&focus=photo", "nearest_osm_pole_m": null}}, {"type": "Feature", "geometry": {"type": "Point", "coordinates": [-73.94048, 40.723919]}, "properties": {"id": "gree-00334", "is_utility_pole": true, "pole_type": "wood_utility", "model_flags": [], "model_watch": [], "lean": "none", "crossarm": "none_visible", "vegetation": "near", "transformer": false, "attachments_estimate": 1, "photos_assessed": 6, "capture_sequences": 1, "photo_shown_date": "2024-03", "latest_available_photo_date": "2024-03", "source_photo_url": "https://www.mapillary.com/app/?pKey=1154455452117589&focus=photo", "nearest_osm_pole_m": null}}, {"type": "Feature", "geometry": {"type": "Point", "coordinates": [-73.93246, 40.738827]}, "properties": {"id": "gree-00335", "is_utility_pole": false, "pole_type": "other", "model_flags": [], "model_watch": [], "lean": "unclear", "crossarm": "none_visible", "vegetation": "none", "transformer": false, "attachments_estimate": 3, "photos_assessed": 3, "capture_sequences": 1, "photo_shown_date": "2018-09", "latest_available_photo_date": "2018-09", "source_photo_url": "https://www.mapillary.com/app/?pKey=4634481813245298&focus=photo", "nearest_osm_pole_m": null}}, {"type": "Feature", "geometry": {"type": "Point", "coordinates": [-73.93748, 40.724323]}, "properties": {"id": "gree-00336", "is_utility_pole": false, "pole_type": "street_light", "model_flags": [], "model_watch": [], "lean": "none", "crossarm": "none_visible", "vegetation": "none", "transformer": false, "attachments_estimate": 0, "photos_assessed": 1, "capture_sequences": 1, "photo_shown_date": "2020-03", "latest_available_photo_date": "2020-03", "source_photo_url": "https://www.mapillary.com/app/?pKey=983464379116145&focus=photo", "nearest_osm_pole_m": null}}, {"type": "Feature", "geometry": {"type": "Point", "coordinates": [-73.941335, 40.7259509]}, "properties": {"id": "gree-00337", "is_utility_pole": true, "pole_type": "wood_utility", "model_flags": [], "model_watch": ["lean_slight"], "lean": "slight", "crossarm": "none_visible", "vegetation": "near", "transformer": false, "attachments_estimate": 2, "photos_assessed": 16, "capture_sequences": 3, "photo_shown_date": "2024-07", "latest_available_photo_date": "2024-07", "source_photo_url": "https://www.mapillary.com/app/?pKey=1638343106931031&focus=photo", "nearest_osm_pole_m": null}}, {"type": "Feature", "geometry": {"type": "Point", "coordinates": [-73.941395, 40.7258865]}, "properties": {"id": "gree-00338", "is_utility_pole": true, "pole_type": "wood_utility", "model_flags": [], "model_watch": ["lean_slight"], "lean": "slight", "crossarm": "intact", "vegetation": "near", "transformer": true, "attachments_estimate": 2, "photos_assessed": 6, "capture_sequences": 1, "photo_shown_date": "2024-07", "latest_available_photo_date": "2024-07", "source_photo_url": "https://www.mapillary.com/app/?pKey=948291397048681&focus=photo", "nearest_osm_pole_m": null}}, {"type": "Feature", "geometry": {"type": "Point", "coordinates": [-73.9345033, 40.724686]}, "properties": {"id": "gree-00339", "is_utility_pole": true, "pole_type": "wood_utility", "model_flags": [], "model_watch": [], "lean": "none", "crossarm": "none_visible", "vegetation": "none", "transformer": false, "attachments_estimate": 0, "photos_assessed": 3, "capture_sequences": 1, "photo_shown_date": "2023-10", "latest_available_photo_date": "2023-10", "source_photo_url": "https://www.mapillary.com/app/?pKey=653481573561172&focus=photo", "nearest_osm_pole_m": null}}, {"type": "Feature", "geometry": {"type": "Point", "coordinates": [-73.944336, 40.724964]}, "properties": {"id": "gree-00340", "is_utility_pole": false, "pole_type": "street_light", "model_flags": [], "model_watch": [], "lean": "none", "crossarm": "none_visible", "vegetation": "near", "transformer": false, "attachments_estimate": 1, "photos_assessed": 2, "capture_sequences": 1, "photo_shown_date": "2023-08", "latest_available_photo_date": "2023-08", "source_photo_url": "https://www.mapillary.com/app/?pKey=262374589955400&focus=photo", "nearest_osm_pole_m": null}}, {"type": "Feature", "geometry": {"type": "Point", "coordinates": [-73.94064, 40.7254585]}, "properties": {"id": "gree-00341", "is_utility_pole": true, "pole_type": "wood_utility", "model_flags": [], "model_watch": ["lean_slight"], "lean": "slight", "crossarm": "unclear", "vegetation": "none", "transformer": false, "attachments_estimate": 2, "photos_assessed": 6, "capture_sequences": 2, "photo_shown_date": "2024-03", "latest_available_photo_date": "2024-03", "source_photo_url": "https://www.mapillary.com/app/?pKey=795744505804049&focus=photo", "nearest_osm_pole_m": null}}, {"type": "Feature", "geometry": {"type": "Point", "coordinates": [-73.93316, 40.73689]}, "properties": {"id": "gree-00342", "is_utility_pole": true, "pole_type": "wood_utility", "model_flags": [], "model_watch": [], "lean": "unclear", "crossarm": "unclear", "vegetation": "none", "transformer": false, "attachments_estimate": 0, "photos_assessed": 1, "capture_sequences": 1, "photo_shown_date": "2020-04", "latest_available_photo_date": "2020-04", "source_photo_url": "https://www.mapillary.com/app/?pKey=528927575149992&focus=photo", "nearest_osm_pole_m": null}}, {"type": "Feature", "geometry": {"type": "Point", "coordinates": [-73.95865, 40.729057]}, "properties": {"id": "gree-00343", "is_utility_pole": true, "pole_type": "wood_utility", "model_flags": [], "model_watch": [], "lean": "none", "crossarm": "none_visible", "vegetation": "none", "transformer": false, "attachments_estimate": 1, "photos_assessed": 3, "capture_sequences": 1, "photo_shown_date": "2019-12", "latest_available_photo_date": "2019-12", "source_photo_url": "https://www.mapillary.com/app/?pKey=474875193841741&focus=photo", "nearest_osm_pole_m": null}}, {"type": "Feature", "geometry": {"type": "Point", "coordinates": [-73.96112, 40.72102]}, "properties": {"id": "gree-00344", "is_utility_pole": true, "pole_type": "wood_utility", "model_flags": ["crossarm"], "model_watch": ["lean_slight"], "lean": "slight", "crossarm": "damaged", "vegetation": "near", "transformer": false, "attachments_estimate": 0, "photos_assessed": 3, "capture_sequences": 1, "photo_shown_date": "2019-12", "latest_available_photo_date": "2019-12", "source_photo_url": "https://www.mapillary.com/app/?pKey=490745012143980&focus=photo", "nearest_osm_pole_m": null}}, {"type": "Feature", "geometry": {"type": "Point", "coordinates": [-73.94845, 40.72483]}, "properties": {"id": "gree-00345", "is_utility_pole": true, "pole_type": "wood_utility", "model_flags": [], "model_watch": ["lean_slight"], "lean": "slight", "crossarm": "none_visible", "vegetation": "none", "transformer": false, "attachments_estimate": 1, "photos_assessed": 2, "capture_sequences": 1, "photo_shown_date": "2024-12", "latest_available_photo_date": "2024-12", "source_photo_url": "https://www.mapillary.com/app/?pKey=581544311265319&focus=photo", "nearest_osm_pole_m": null}}, {"type": "Feature", "geometry": {"type": "Point", "coordinates": [-73.945496, 40.72529]}, "properties": {"id": "gree-00346", "is_utility_pole": false, "pole_type": "traffic_signal", "model_flags": [], "model_watch": [], "lean": "unclear", "crossarm": "unclear", "vegetation": "none", "transformer": false, "attachments_estimate": 0, "photos_assessed": 2, "capture_sequences": 1, "photo_shown_date": "2016-02", "latest_available_photo_date": "2016-02", "source_photo_url": "https://www.mapillary.com/app/?pKey=231977045385535&focus=photo", "nearest_osm_pole_m": null}}, {"type": "Feature", "geometry": {"type": "Point", "coordinates": [-73.95924, 40.730446]}, "properties": {"id": "gree-00347", "is_utility_pole": true, "pole_type": "wood_utility", "model_flags": [], "model_watch": [], "lean": "none", "crossarm": "none_visible", "vegetation": "none", "transformer": false, "attachments_estimate": 1, "photos_assessed": 3, "capture_sequences": 1, "photo_shown_date": "2019-12", "latest_available_photo_date": "2019-12", "source_photo_url": "https://www.mapillary.com/app/?pKey=323733655937277&focus=photo", "nearest_osm_pole_m": null}}, {"type": "Feature", "geometry": {"type": "Point", "coordinates": [-73.95924, 40.730278]}, "properties": {"id": "gree-00348", "is_utility_pole": true, "pole_type": "wood_utility", "model_flags": [], "model_watch": [], "lean": "none", "crossarm": "none_visible", "vegetation": "none", "transformer": false, "attachments_estimate": 2, "photos_assessed": 1, "capture_sequences": 1, "photo_shown_date": "2019-12", "latest_available_photo_date": "2019-12", "source_photo_url": "https://www.mapillary.com/app/?pKey=277439177394366&focus=photo", "nearest_osm_pole_m": null}}, {"type": "Feature", "geometry": {"type": "Point", "coordinates": [-73.95893, 40.73048]}, "properties": {"id": "gree-00349", "is_utility_pole": true, "pole_type": "wood_utility", "model_flags": [], "model_watch": ["lean_slight"], "lean": "slight", "crossarm": "none_visible", "vegetation": "none", "transformer": false, "attachments_estimate": 2, "photos_assessed": 3, "capture_sequences": 1, "photo_shown_date": "2019-12", "latest_available_photo_date": "2019-12", "source_photo_url": "https://www.mapillary.com/app/?pKey=4116060468453683&focus=photo", "nearest_osm_pole_m": null}}, {"type": "Feature", "geometry": {"type": "Point", "coordinates": [-73.940475, 40.725224]}, "properties": {"id": "gree-00350", "is_utility_pole": true, "pole_type": "wood_utility", "model_flags": [], "model_watch": ["lean_slight"], "lean": "slight", "crossarm": "none_visible", "vegetation": "near", "transformer": false, "attachments_estimate": 2, "photos_assessed": 3, "capture_sequences": 1, "photo_shown_date": "2024-03", "latest_available_photo_date": "2024-03", "source_photo_url": "https://www.mapillary.com/app/?pKey=1102570494416196&focus=photo", "nearest_osm_pole_m": null}}, {"type": "Feature", "geometry": {"type": "Point", "coordinates": [-73.941788, 40.725994]}, "properties": {"id": "gree-00351", "is_utility_pole": true, "pole_type": "wood_utility", "model_flags": [], "model_watch": ["lean_slight"], "lean": "slight", "crossarm": "none_visible", "vegetation": "none", "transformer": false, "attachments_estimate": 2, "photos_assessed": 6, "capture_sequences": 2, "photo_shown_date": "2024-07", "latest_available_photo_date": "2024-07", "source_photo_url": "https://www.mapillary.com/app/?pKey=1002875681069831&focus=photo", "nearest_osm_pole_m": null}}, {"type": "Feature", "geometry": {"type": "Point", "coordinates": [-73.93492, 40.724842]}, "properties": {"id": "gree-00352", "is_utility_pole": true, "pole_type": "wood_utility", "model_flags": [], "model_watch": ["lean_slight"], "lean": "slight", "crossarm": "none_visible", "vegetation": "none", "transformer": false, "attachments_estimate": 1, "photos_assessed": 2, "capture_sequences": 1, "photo_shown_date": "2017-10", "latest_available_photo_date": "2017-10", "source_photo_url": "https://www.mapillary.com/app/?pKey=194050155871686&focus=photo", "nearest_osm_pole_m": null}}, {"type": "Feature", "geometry": {"type": "Point", "coordinates": [-73.93393, 40.725018]}, "properties": {"id": "gree-00353", "is_utility_pole": false, "pole_type": "street_light", "model_flags": [], "model_watch": [], "lean": "none", "crossarm": "none_visible", "vegetation": "none", "transformer": false, "attachments_estimate": 0, "photos_assessed": 3, "capture_sequences": 1, "photo_shown_date": "2017-10", "latest_available_photo_date": "2017-10", "source_photo_url": "https://www.mapillary.com/app/?pKey=471024397527451&focus=photo", "nearest_osm_pole_m": null}}, {"type": "Feature", "geometry": {"type": "Point", "coordinates": [-73.934296, 40.724957]}, "properties": {"id": "gree-00354", "is_utility_pole": false, "pole_type": "street_light", "model_flags": [], "model_watch": [], "lean": "none", "crossarm": "none_visible", "vegetation": "none", "transformer": false, "attachments_estimate": 0, "photos_assessed": 2, "capture_sequences": 1, "photo_shown_date": "2017-10", "latest_available_photo_date": "2017-10", "source_photo_url": "https://www.mapillary.com/app/?pKey=794859521162892&focus=photo", "nearest_osm_pole_m": null}}, {"type": "Feature", "geometry": {"type": "Point", "coordinates": [-73.93354, 40.725094]}, "properties": {"id": "gree-00355", "is_utility_pole": false, "pole_type": "street_light", "model_flags": [], "model_watch": [], "lean": "none", "crossarm": "none_visible", "vegetation": "none", "transformer": false, "attachments_estimate": 0, "photos_assessed": 3, "capture_sequences": 1, "photo_shown_date": "2017-10", "latest_available_photo_date": "2017-10", "source_photo_url": "https://www.mapillary.com/app/?pKey=297102842003799&focus=photo", "nearest_osm_pole_m": null}}, {"type": "Feature", "geometry": {"type": "Point", "coordinates": [-73.9446, 40.720257]}, "properties": {"id": "gree-00356", "is_utility_pole": false, "pole_type": "traffic_signal", "model_flags": [], "model_watch": [], "lean": "none", "crossarm": "none_visible", "vegetation": "none", "transformer": false, "attachments_estimate": 0, "photos_assessed": 3, "capture_sequences": 1, "photo_shown_date": "2024-12", "latest_available_photo_date": "2024-12", "source_photo_url": "https://www.mapillary.com/app/?pKey=1467965230564947&focus=photo", "nearest_osm_pole_m": null}}, {"type": "Feature", "geometry": {"type": "Point", "coordinates": [-73.94145, 40.723875]}, "properties": {"id": "gree-00357", "is_utility_pole": true, "pole_type": "wood_utility", "model_flags": [], "model_watch": ["lean_slight"], "lean": "slight", "crossarm": "none_visible", "vegetation": "none", "transformer": false, "attachments_estimate": 2, "photos_assessed": 6, "capture_sequences": 1, "photo_shown_date": "2024-07", "latest_available_photo_date": "2024-07", "source_photo_url": "https://www.mapillary.com/app/?pKey=466014706291699&focus=photo", "nearest_osm_pole_m": null}}, {"type": "Feature", "geometry": {"type": "Point", "coordinates": [-73.93987, 40.72304]}, "properties": {"id": "gree-00358", "is_utility_pole": false, "pole_type": "other", "model_flags": [], "model_watch": [], "lean": "none", "crossarm": "none_visible", "vegetation": "none", "transformer": false, "attachments_estimate": 1, "photos_assessed": 3, "capture_sequences": 1, "photo_shown_date": "2017-10", "latest_available_photo_date": "2017-10", "source_photo_url": "https://www.mapillary.com/app/?pKey=496767801446220&focus=photo", "nearest_osm_pole_m": null}}, {"type": "Feature", "geometry": {"type": "Point", "coordinates": [-73.94046, 40.7261085]}, "properties": {"id": "gree-00359", "is_utility_pole": true, "pole_type": "wood_utility", "model_flags": [], "model_watch": ["lean_slight"], "lean": "slight", "crossarm": "unclear", "vegetation": "none", "transformer": false, "attachments_estimate": 2, "photos_assessed": 6, "capture_sequences": 1, "photo_shown_date": "2024-03", "latest_available_photo_date": "2024-03", "source_photo_url": "https://www.mapillary.com/app/?pKey=1402978040341523&focus=photo", "nearest_osm_pole_m": null}}, {"type": "Feature", "geometry": {"type": "Point", "coordinates": [-73.94053, 40.725918]}, "properties": {"id": "gree-00360", "is_utility_pole": false, "pole_type": "unclear", "model_flags": [], "model_watch": [], "lean": "unclear", "crossarm": "none_visible", "vegetation": "unclear", "transformer": false, "attachments_estimate": 0, "photos_assessed": 3, "capture_sequences": 1, "photo_shown_date": "2024-03", "latest_available_photo_date": "2024-03", "source_photo_url": "https://www.mapillary.com/app/?pKey=384193121112909&focus=photo", "nearest_osm_pole_m": null}}, {"type": "Feature", "geometry": {"type": "Point", "coordinates": [-73.9405983, 40.7258963]}, "properties": {"id": "gree-00361", "is_utility_pole": true, "pole_type": "wood_utility", "model_flags": [], "model_watch": ["lean_slight"], "lean": "slight", "crossarm": "intact", "vegetation": "none", "transformer": false, "attachments_estimate": 2, "photos_assessed": 9, "capture_sequences": 1, "photo_shown_date": "2024-03", "latest_available_photo_date": "2024-03", "source_photo_url": "https://www.mapillary.com/app/?pKey=2773493639456788&focus=photo", "nearest_osm_pole_m": null}}, {"type": "Feature", "geometry": {"type": "Point", "coordinates": [-73.9367, 40.73561]}, "properties": {"id": "gree-00362", "is_utility_pole": true, "pole_type": "wood_utility", "model_flags": [], "model_watch": ["lean_slight"], "lean": "slight", "crossarm": "none_visible", "vegetation": "none", "transformer": false, "attachments_estimate": 2, "photos_assessed": 3, "capture_sequences": 1, "photo_shown_date": "2018-05", "latest_available_photo_date": "2018-05", "source_photo_url": "https://www.mapillary.com/app/?pKey=868963977294175&focus=photo", "nearest_osm_pole_m": null}}, {"type": "Feature", "geometry": {"type": "Point", "coordinates": [-73.936833, 40.735813]}, "properties": {"id": "gree-00363", "is_utility_pole": true, "pole_type": "wood_utility", "model_flags": [], "model_watch": ["lean_slight"], "lean": "slight", "crossarm": "none_visible", "vegetation": "none", "transformer": false, "attachments_estimate": 2, "photos_assessed": 6, "capture_sequences": 2, "photo_shown_date": "2018-06", "latest_available_photo_date": "2018-06", "source_photo_url": "https://www.mapillary.com/app/?pKey=295124962282063&focus=photo", "nearest_osm_pole_m": null}}, {"type": "Feature", "geometry": {"type": "Point", "coordinates": [-73.9371, 40.735577]}, "properties": {"id": "gree-00364", "is_utility_pole": true, "pole_type": "wood_utility", "model_flags": ["vegetation"], "model_watch": ["lean_slight"], "lean": "slight", "crossarm": "none_visible", "vegetation": "touching", "transformer": false, "attachments_estimate": 1, "photos_assessed": 3, "capture_sequences": 1, "photo_shown_date": "2018-05", "latest_available_photo_date": "2018-05", "source_photo_url": "https://www.mapillary.com/app/?pKey=313155236873291&focus=photo", "nearest_osm_pole_m": null}}, {"type": "Feature", "geometry": {"type": "Point", "coordinates": [-73.95488, 40.734425]}, "properties": {"id": "gree-00365", "is_utility_pole": false, "pole_type": "traffic_signal", "model_flags": [], "model_watch": [], "lean": "unclear", "crossarm": "none_visible", "vegetation": "near", "transformer": false, "attachments_estimate": 1, "photos_assessed": 2, "capture_sequences": 1, "photo_shown_date": "2018-05", "latest_available_photo_date": "2018-05", "source_photo_url": "https://www.mapillary.com/app/?pKey=293222708921417&focus=photo", "nearest_osm_pole_m": null}}, {"type": "Feature", "geometry": {"type": "Point", "coordinates": [-73.948655, 40.729643]}, "properties": {"id": "gree-00366", "is_utility_pole": false, "pole_type": "street_light", "model_flags": [], "model_watch": [], "lean": "none", "crossarm": "none_visible", "vegetation": "none", "transformer": false, "attachments_estimate": 2, "photos_assessed": 4, "capture_sequences": 1, "photo_shown_date": "2015-12", "latest_available_photo_date": "2015-12", "source_photo_url": "https://www.mapillary.com/app/?pKey=270023684793218&focus=photo", "nearest_osm_pole_m": null}}, {"type": "Feature", "geometry": {"type": "Point", "coordinates": [-73.949895, 40.729263]}, "properties": {"id": "gree-00367", "is_utility_pole": true, "pole_type": "wood_utility", "model_flags": [], "model_watch": ["lean_slight"], "lean": "slight", "crossarm": "none_visible", "vegetation": "none", "transformer": false, "attachments_estimate": 1, "photos_assessed": 2, "capture_sequences": 1, "photo_shown_date": "2015-12", "latest_available_photo_date": "2015-12", "source_photo_url": "https://www.mapillary.com/app/?pKey=797176204256975&focus=photo", "nearest_osm_pole_m": null}}, {"type": "Feature", "geometry": {"type": "Point", "coordinates": [-73.949, 40.72949]}, "properties": {"id": "gree-00368", "is_utility_pole": true, "pole_type": "wood_utility", "model_flags": [], "model_watch": [], "lean": "none", "crossarm": "none_visible", "vegetation": "none", "transformer": false, "attachments_estimate": 0, "photos_assessed": 3, "capture_sequences": 1, "photo_shown_date": "2015-12", "latest_available_photo_date": "2015-12", "source_photo_url": "https://www.mapillary.com/app/?pKey=295205725469833&focus=photo", "nearest_osm_pole_m": null}}, {"type": "Feature", "geometry": {"type": "Point", "coordinates": [-73.94915, 40.729603]}, "properties": {"id": "gree-00369", "is_utility_pole": true, "pole_type": "wood_utility", "model_flags": [], "model_watch": [], "lean": "none", "crossarm": "none_visible", "vegetation": "none", "transformer": false, "attachments_estimate": 1, "photos_assessed": 2, "capture_sequences": 1, "photo_shown_date": "2015-12", "latest_available_photo_date": "2015-12", "source_photo_url": "https://www.mapillary.com/app/?pKey=368750071159005&focus=photo", "nearest_osm_pole_m": null}}, {"type": "Feature", "geometry": {"type": "Point", "coordinates": [-73.94804, 40.72983]}, "properties": {"id": "gree-00370", "is_utility_pole": true, "pole_type": "wood_utility", "model_flags": [], "model_watch": ["lean_slight"], "lean": "slight", "crossarm": "none_visible", "vegetation": "none", "transformer": false, "attachments_estimate": 1, "photos_assessed": 3, "capture_sequences": 1, "photo_shown_date": "2015-12", "latest_available_photo_date": "2015-12", "source_photo_url": "https://www.mapillary.com/app/?pKey=482313989638942&focus=photo", "nearest_osm_pole_m": null}}, {"type": "Feature", "geometry": {"type": "Point", "coordinates": [-73.94831, 40.72974]}, "properties": {"id": "gree-00371", "is_utility_pole": true, "pole_type": "wood_utility", "model_flags": [], "model_watch": [], "lean": "none", "crossarm": "none_visible", "vegetation": "none", "transformer": false, "attachments_estimate": 0, "photos_assessed": 2, "capture_sequences": 1, "photo_shown_date": "2015-12", "latest_available_photo_date": "2015-12", "source_photo_url": "https://www.mapillary.com/app/?pKey=293488035609319&focus=photo", "nearest_osm_pole_m": null}}, {"type": "Feature", "geometry": {"type": "Point", "coordinates": [-73.95909, 40.72787]}, "properties": {"id": "gree-00372", "is_utility_pole": true, "pole_type": "wood_utility", "model_flags": [], "model_watch": ["lean_slight"], "lean": "slight", "crossarm": "none_visible", "vegetation": "none", "transformer": false, "attachments_estimate": 0, "photos_assessed": 2, "capture_sequences": 1, "photo_shown_date": "2019-12", "latest_available_photo_date": "2019-12", "source_photo_url": "https://www.mapillary.com/app/?pKey=2284594085008043&focus=photo", "nearest_osm_pole_m": null}}, {"type": "Feature", "geometry": {"type": "Point", "coordinates": [-73.95884, 40.726814]}, "properties": {"id": "gree-00373", "is_utility_pole": false, "pole_type": "street_light", "model_flags": [], "model_watch": [], "lean": "none", "crossarm": "none_visible", "vegetation": "none", "transformer": false, "attachments_estimate": 1, "photos_assessed": 1, "capture_sequences": 1, "photo_shown_date": "2019-12", "latest_available_photo_date": "2019-12", "source_photo_url": "https://www.mapillary.com/app/?pKey=487996758979600&focus=photo", "nearest_osm_pole_m": null}}, {"type": "Feature", "geometry": {"type": "Point", "coordinates": [-73.958405, 40.72694]}, "properties": {"id": "gree-00374", "is_utility_pole": true, "pole_type": "wood_utility", "model_flags": [], "model_watch": [], "lean": "none", "crossarm": "none_visible", "vegetation": "near", "transformer": false, "attachments_estimate": 2, "photos_assessed": 3, "capture_sequences": 1, "photo_shown_date": "2019-12", "latest_available_photo_date": "2019-12", "source_photo_url": "https://www.mapillary.com/app/?pKey=300058571661426&focus=photo", "nearest_osm_pole_m": null}}, {"type": "Feature", "geometry": {"type": "Point", "coordinates": [-73.95882, 40.727486]}, "properties": {"id": "gree-00375", "is_utility_pole": true, "pole_type": "wood_utility", "model_flags": [], "model_watch": ["lean_slight"], "lean": "slight", "crossarm": "none_visible", "vegetation": "none", "transformer": false, "attachments_estimate": 1, "photos_assessed": 3, "capture_sequences": 1, "photo_shown_date": "2019-12", "latest_available_photo_date": "2019-12", "source_photo_url": "https://www.mapillary.com/app/?pKey=521571795676006&focus=photo", "nearest_osm_pole_m": null}}, {"type": "Feature", "geometry": {"type": "Point", "coordinates": [-73.958885, 40.727734]}, "properties": {"id": "gree-00376", "is_utility_pole": true, "pole_type": "wood_utility", "model_flags": [], "model_watch": ["lean_slight"], "lean": "slight", "crossarm": "none_visible", "vegetation": "none", "transformer": false, "attachments_estimate": 0, "photos_assessed": 3, "capture_sequences": 1, "photo_shown_date": "2019-12", "latest_available_photo_date": "2019-12", "source_photo_url": "https://www.mapillary.com/app/?pKey=302049558183337&focus=photo", "nearest_osm_pole_m": null}}, {"type": "Feature", "geometry": {"type": "Point", "coordinates": [-73.93786, 40.734493]}, "properties": {"id": "gree-00377", "is_utility_pole": false, "pole_type": "street_light", "model_flags": [], "model_watch": [], "lean": "none", "crossarm": "none_visible", "vegetation": "none", "transformer": false, "attachments_estimate": 0, "photos_assessed": 1, "capture_sequences": 1, "photo_shown_date": "2018-06", "latest_available_photo_date": "2018-06", "source_photo_url": "https://www.mapillary.com/app/?pKey=5511600535580349&focus=photo", "nearest_osm_pole_m": null}}, {"type": "Feature", "geometry": {"type": "Point", "coordinates": [-73.937795, 40.7344058]}, "properties": {"id": "gree-00378", "is_utility_pole": true, "pole_type": "wood_utility", "model_flags": [], "model_watch": ["lean_slight"], "lean": "slight", "crossarm": "none_visible", "vegetation": "none", "transformer": false, "attachments_estimate": 1, "photos_assessed": 5, "capture_sequences": 2, "photo_shown_date": "2018-05", "latest_available_photo_date": "2018-06", "source_photo_url": "https://www.mapillary.com/app/?pKey=341291307338594&focus=photo", "nearest_osm_pole_m": null}}, {"type": "Feature", "geometry": {"type": "Point", "coordinates": [-73.95111, 40.723938]}, "properties": {"id": "gree-00379", "is_utility_pole": false, "pole_type": "street_light", "model_flags": [], "model_watch": [], "lean": "none", "crossarm": "none_visible", "vegetation": "none", "transformer": false, "attachments_estimate": 0, "photos_assessed": 1, "capture_sequences": 1, "photo_shown_date": "2016-06", "latest_available_photo_date": "2016-06", "source_photo_url": "https://www.mapillary.com/app/?pKey=490217728763807&focus=photo", "nearest_osm_pole_m": null}}, {"type": "Feature", "geometry": {"type": "Point", "coordinates": [-73.95274, 40.734705]}, "properties": {"id": "gree-00380", "is_utility_pole": true, "pole_type": "wood_utility", "model_flags": [], "model_watch": [], "lean": "none", "crossarm": "none_visible", "vegetation": "none", "transformer": false, "attachments_estimate": 1, "photos_assessed": 6, "capture_sequences": 2, "photo_shown_date": "2018-08", "latest_available_photo_date": "2018-08", "source_photo_url": "https://www.mapillary.com/app/?pKey=869602970258286&focus=photo", "nearest_osm_pole_m": null}}, {"type": "Feature", "geometry": {"type": "Point", "coordinates": [-73.93091, 40.738016]}, "properties": {"id": "gree-00381", "is_utility_pole": true, "pole_type": "wood_utility", "model_flags": [], "model_watch": ["lean_slight"], "lean": "slight", "crossarm": "none_visible", "vegetation": "none", "transformer": false, "attachments_estimate": 1, "photos_assessed": 2, "capture_sequences": 1, "photo_shown_date": "2018-08", "latest_available_photo_date": "2018-08", "source_photo_url": "https://www.mapillary.com/app/?pKey=180614830612060&focus=photo", "nearest_osm_pole_m": null}}, {"type": "Feature", "geometry": {"type": "Point", "coordinates": [-73.94449, 40.721767]}, "properties": {"id": "gree-00382", "is_utility_pole": true, "pole_type": "wood_utility", "model_flags": ["vegetation"], "model_watch": [], "lean": "unclear", "crossarm": "unclear", "vegetation": "touching", "transformer": false, "attachments_estimate": 1, "photos_assessed": 3, "capture_sequences": 1, "photo_shown_date": "2018-05", "latest_available_photo_date": "2018-05", "source_photo_url": "https://www.mapillary.com/app/?pKey=218277633094877&focus=photo", "nearest_osm_pole_m": null}}, {"type": "Feature", "geometry": {"type": "Point", "coordinates": [-73.944115, 40.72181]}, "properties": {"id": "gree-00383", "is_utility_pole": true, "pole_type": "wood_utility", "model_flags": [], "model_watch": ["lean_slight"], "lean": "slight", "crossarm": "none_visible", "vegetation": "near", "transformer": false, "attachments_estimate": 0, "photos_assessed": 3, "capture_sequences": 1, "photo_shown_date": "2018-05", "latest_available_photo_date": "2018-05", "source_photo_url": "https://www.mapillary.com/app/?pKey=330359378718402&focus=photo", "nearest_osm_pole_m": null}}, {"type": "Feature", "geometry": {"type": "Point", "coordinates": [-73.95619, 40.71889]}, "properties": {"id": "gree-00384", "is_utility_pole": true, "pole_type": "wood_utility", "model_flags": ["vegetation"], "model_watch": [], "lean": "none", "crossarm": "none_visible", "vegetation": "touching", "transformer": false, "attachments_estimate": 0, "photos_assessed": 3, "capture_sequences": 1, "photo_shown_date": "2016-07", "latest_available_photo_date": "2016-07", "source_photo_url": "https://www.mapillary.com/app/?pKey=755717805064328&focus=photo", "nearest_osm_pole_m": null}}, {"type": "Feature", "geometry": {"type": "Point", "coordinates": [-73.956215, 40.718815]}, "properties": {"id": "gree-00385", "is_utility_pole": true, "pole_type": "wood_utility", "model_flags": [], "model_watch": ["lean_slight"], "lean": "slight", "crossarm": "none_visible", "vegetation": "near", "transformer": false, "attachments_estimate": 2, "photos_assessed": 3, "capture_sequences": 1, "photo_shown_date": "2016-07", "latest_available_photo_date": "2016-07", "source_photo_url": "https://www.mapillary.com/app/?pKey=453204585779387&focus=photo", "nearest_osm_pole_m": null}}, {"type": "Feature", "geometry": {"type": "Point", "coordinates": [-73.95671, 40.7191]}, "properties": {"id": "gree-00386", "is_utility_pole": true, "pole_type": "wood_utility", "model_flags": [], "model_watch": [], "lean": "none", "crossarm": "none_visible", "vegetation": "near", "transformer": false, "attachments_estimate": 2, "photos_assessed": 3, "capture_sequences": 1, "photo_shown_date": "2016-07", "latest_available_photo_date": "2016-07", "source_photo_url": "https://www.mapillary.com/app/?pKey=302156081354218&focus=photo", "nearest_osm_pole_m": null}}, {"type": "Feature", "geometry": {"type": "Point", "coordinates": [-73.95633, 40.71886]}, "properties": {"id": "gree-00387", "is_utility_pole": true, "pole_type": "wood_utility", "model_flags": [], "model_watch": [], "lean": "none", "crossarm": "none_visible", "vegetation": "none", "transformer": false, "attachments_estimate": 2, "photos_assessed": 3, "capture_sequences": 1, "photo_shown_date": "2016-07", "latest_available_photo_date": "2016-07", "source_photo_url": "https://www.mapillary.com/app/?pKey=165518225497269&focus=photo", "nearest_osm_pole_m": null}}, {"type": "Feature", "geometry": {"type": "Point", "coordinates": [-73.94461, 40.731972]}, "properties": {"id": "gree-00388", "is_utility_pole": true, "pole_type": "wood_utility", "model_flags": [], "model_watch": [], "lean": "unclear", "crossarm": "unclear", "vegetation": "none", "transformer": false, "attachments_estimate": 0, "photos_assessed": 3, "capture_sequences": 2, "photo_shown_date": "2023-10", "latest_available_photo_date": "2023-10", "source_photo_url": "https://www.mapillary.com/app/?pKey=1609864626444865&focus=photo", "nearest_osm_pole_m": null}}, {"type": "Feature", "geometry": {"type": "Point", "coordinates": [-73.944626, 40.73218]}, "properties": {"id": "gree-00389", "is_utility_pole": true, "pole_type": "wood_utility", "model_flags": [], "model_watch": [], "lean": "none", "crossarm": "intact", "vegetation": "near", "transformer": false, "attachments_estimate": 2, "photos_assessed": 3, "capture_sequences": 1, "photo_shown_date": "2018-05", "latest_available_photo_date": "2018-05", "source_photo_url": "https://www.mapillary.com/app/?pKey=496496471774144&focus=photo", "nearest_osm_pole_m": null}}, {"type": "Feature", "geometry": {"type": "Point", "coordinates": [-73.945013, 40.7320588]}, "properties": {"id": "gree-00390", "is_utility_pole": true, "pole_type": "wood_utility", "model_flags": [], "model_watch": ["lean_slight"], "lean": "slight", "crossarm": "none_visible", "vegetation": "none", "transformer": false, "attachments_estimate": 0, "photos_assessed": 5, "capture_sequences": 1, "photo_shown_date": "2018-05", "latest_available_photo_date": "2018-05", "source_photo_url": "https://www.mapillary.com/app/?pKey=522729512054721&focus=photo", "nearest_osm_pole_m": null}}, {"type": "Feature", "geometry": {"type": "Point", "coordinates": [-73.94352, 40.732273]}, "properties": {"id": "gree-00391", "is_utility_pole": true, "pole_type": "wood_utility", "model_flags": [], "model_watch": ["lean_slight"], "lean": "slight", "crossarm": "intact", "vegetation": "none", "transformer": false, "attachments_estimate": 2, "photos_assessed": 3, "capture_sequences": 1, "photo_shown_date": "2018-05", "latest_available_photo_date": "2018-05", "source_photo_url": "https://www.mapillary.com/app/?pKey=767216547311408&focus=photo", "nearest_osm_pole_m": null}}, {"type": "Feature", "geometry": {"type": "Point", "coordinates": [-73.9434, 40.732292]}, "properties": {"id": "gree-00392", "is_utility_pole": false, "pole_type": "street_light", "model_flags": ["vegetation"], "model_watch": [], "lean": "none", "crossarm": "none_visible", "vegetation": "touching", "transformer": false, "attachments_estimate": 0, "photos_assessed": 1, "capture_sequences": 1, "photo_shown_date": "2018-05", "latest_available_photo_date": "2018-05", "source_photo_url": "https://www.mapillary.com/app/?pKey=140461594731611&focus=photo", "nearest_osm_pole_m": null}}, {"type": "Feature", "geometry": {"type": "Point", "coordinates": [-73.94451, 40.732212]}, "properties": {"id": "gree-00393", "is_utility_pole": true, "pole_type": "wood_utility", "model_flags": [], "model_watch": [], "lean": "none", "crossarm": "intact", "vegetation": "none", "transformer": false, "attachments_estimate": 0, "photos_assessed": 3, "capture_sequences": 1, "photo_shown_date": "2018-05", "latest_available_photo_date": "2018-05", "source_photo_url": "https://www.mapillary.com/app/?pKey=1953266128158808&focus=photo", "nearest_osm_pole_m": null}}, {"type": "Feature", "geometry": {"type": "Point", "coordinates": [-73.9435846, 40.7322954]}, "properties": {"id": "gree-00394", "is_utility_pole": true, "pole_type": "wood_utility", "model_flags": [], "model_watch": ["lean_slight"], "lean": "slight", "crossarm": "unclear", "vegetation": "none", "transformer": false, "attachments_estimate": 2, "photos_assessed": 7, "capture_sequences": 1, "photo_shown_date": "2018-05", "latest_available_photo_date": "2018-05", "source_photo_url": "https://www.mapillary.com/app/?pKey=372258664173824&focus=photo", "nearest_osm_pole_m": null}}, {"type": "Feature", "geometry": {"type": "Point", "coordinates": [-73.943, 40.73249]}, "properties": {"id": "gree-00395", "is_utility_pole": true, "pole_type": "wood_utility", "model_flags": [], "model_watch": [], "lean": "unclear", "crossarm": "unclear", "vegetation": "near", "transformer": false, "attachments_estimate": 2, "photos_assessed": 1, "capture_sequences": 1, "photo_shown_date": "2018-05", "latest_available_photo_date": "2018-05", "source_photo_url": "https://www.mapillary.com/app/?pKey=321010812740329&focus=photo", "nearest_osm_pole_m": null}}, {"type": "Feature", "geometry": {"type": "Point", "coordinates": [-73.94992, 40.7352]}, "properties": {"id": "gree-00396", "is_utility_pole": true, "pole_type": "wood_utility", "model_flags": ["vegetation"], "model_watch": [], "lean": "none", "crossarm": "none_visible", "vegetation": "touching", "transformer": false, "attachments_estimate": 0, "photos_assessed": 2, "capture_sequences": 1, "photo_shown_date": "2018-08", "latest_available_photo_date": "2018-08", "source_photo_url": "https://www.mapillary.com/app/?pKey=520394805763846&focus=photo", "nearest_osm_pole_m": null}}, {"type": "Feature", "geometry": {"type": "Point", "coordinates": [-73.955086, 40.72245]}, "properties": {"id": "gree-00397", "is_utility_pole": true, "pole_type": "wood_utility", "model_flags": [], "model_watch": [], "lean": "none", "crossarm": "none_visible", "vegetation": "near", "transformer": false, "attachments_estimate": 0, "photos_assessed": 3, "capture_sequences": 1, "photo_shown_date": "2023-10", "latest_available_photo_date": "2023-10", "source_photo_url": "https://www.mapillary.com/app/?pKey=330894696140260&focus=photo", "nearest_osm_pole_m": null}}, {"type": "Feature", "geometry": {"type": "Point", "coordinates": [-73.94132, 40.719242]}, "properties": {"id": "gree-00398", "is_utility_pole": true, "pole_type": "wood_utility", "model_flags": [], "model_watch": [], "lean": "none", "crossarm": "none_visible", "vegetation": "near", "transformer": false, "attachments_estimate": 1, "photos_assessed": 3, "capture_sequences": 1, "photo_shown_date": "2018-06", "latest_available_photo_date": "2018-06", "source_photo_url": "https://www.mapillary.com/app/?pKey=2478721858939639&focus=photo", "nearest_osm_pole_m": null}}, {"type": "Feature", "geometry": {"type": "Point", "coordinates": [-73.94054, 40.718987]}, "properties": {"id": "gree-00399", "is_utility_pole": true, "pole_type": "wood_utility", "model_flags": [], "model_watch": [], "lean": "none", "crossarm": "none_visible", "vegetation": "near", "transformer": false, "attachments_estimate": 2, "photos_assessed": 3, "capture_sequences": 1, "photo_shown_date": "2018-06", "latest_available_photo_date": "2018-06", "source_photo_url": "https://www.mapillary.com/app/?pKey=307566014109420&focus=photo", "nearest_osm_pole_m": null}}, {"type": "Feature", "geometry": {"type": "Point", "coordinates": [-73.94068, 40.719303]}, "properties": {"id": "gree-00400", "is_utility_pole": true, "pole_type": "wood_utility", "model_flags": [], "model_watch": ["lean_slight"], "lean": "slight", "crossarm": "none_visible", "vegetation": "none", "transformer": false, "attachments_estimate": 2, "photos_assessed": 2, "capture_sequences": 1, "photo_shown_date": "2018-06", "latest_available_photo_date": "2018-06", "source_photo_url": "https://www.mapillary.com/app/?pKey=312520563803075&focus=photo", "nearest_osm_pole_m": null}}, {"type": "Feature", "geometry": {"type": "Point", "coordinates": [-73.94095, 40.719276]}, "properties": {"id": "gree-00401", "is_utility_pole": true, "pole_type": "wood_utility", "model_flags": [], "model_watch": ["lean_slight"], "lean": "slight", "crossarm": "none_visible", "vegetation": "none", "transformer": false, "attachments_estimate": 1, "photos_assessed": 3, "capture_sequences": 1, "photo_shown_date": "2018-06", "latest_available_photo_date": "2018-06", "source_photo_url": "https://www.mapillary.com/app/?pKey=318638389665855&focus=photo", "nearest_osm_pole_m": null}}, {"type": "Feature", "geometry": {"type": "Point", "coordinates": [-73.940596, 40.719324]}, "properties": {"id": "gree-00402", "is_utility_pole": true, "pole_type": "wood_utility", "model_flags": [], "model_watch": ["lean_slight"], "lean": "slight", "crossarm": "none_visible", "vegetation": "none", "transformer": false, "attachments_estimate": 2, "photos_assessed": 5, "capture_sequences": 1, "photo_shown_date": "2018-06", "latest_available_photo_date": "2018-06", "source_photo_url": "https://www.mapillary.com/app/?pKey=448097326544730&focus=photo", "nearest_osm_pole_m": null}}, {"type": "Feature", "geometry": {"type": "Point", "coordinates": [-73.941635, 40.719303]}, "properties": {"id": "gree-00403", "is_utility_pole": true, "pole_type": "wood_utility", "model_flags": [], "model_watch": ["lean_slight"], "lean": "slight", "crossarm": "none_visible", "vegetation": "near", "transformer": false, "attachments_estimate": 0, "photos_assessed": 3, "capture_sequences": 1, "photo_shown_date": "2018-06", "latest_available_photo_date": "2018-06", "source_photo_url": "https://www.mapillary.com/app/?pKey=866099497304411&focus=photo", "nearest_osm_pole_m": null}}, {"type": "Feature", "geometry": {"type": "Point", "coordinates": [-73.95205, 40.72212]}, "properties": {"id": "gree-00404", "is_utility_pole": false, "pole_type": "street_light", "model_flags": ["lean"], "model_watch": [], "lean": "severe", "crossarm": "none_visible", "vegetation": "near", "transformer": false, "attachments_estimate": 0, "photos_assessed": 3, "capture_sequences": 1, "photo_shown_date": "2023-09", "latest_available_photo_date": "2023-09", "source_photo_url": "https://www.mapillary.com/app/?pKey=322037513697585&focus=photo", "nearest_osm_pole_m": null}}, {"type": "Feature", "geometry": {"type": "Point", "coordinates": [-73.94166, 40.725355]}, "properties": {"id": "gree-00405", "is_utility_pole": true, "pole_type": "wood_utility", "model_flags": ["vegetation"], "model_watch": [], "lean": "none", "crossarm": "none_visible", "vegetation": "touching", "transformer": false, "attachments_estimate": 2, "photos_assessed": 6, "capture_sequences": 2, "photo_shown_date": "2024-02", "latest_available_photo_date": "2024-07", "source_photo_url": "https://www.mapillary.com/app/?pKey=1395719371060622&focus=photo", "nearest_osm_pole_m": null}}, {"type": "Feature", "geometry": {"type": "Point", "coordinates": [-73.9493207, 40.73289]}, "properties": {"id": "gree-00406", "is_utility_pole": true, "pole_type": "concrete_or_steel_utility", "model_flags": [], "model_watch": [], "lean": "none", "crossarm": "none_visible", "vegetation": "none", "transformer": false, "attachments_estimate": 0, "photos_assessed": 3, "capture_sequences": 1, "photo_shown_date": "2019-12", "latest_available_photo_date": "2019-12", "source_photo_url": "https://www.mapillary.com/app/?pKey=504732724218756&focus=photo", "nearest_osm_pole_m": null}}, {"type": "Feature", "geometry": {"type": "Point", "coordinates": [-73.950226, 40.7361097]}, "properties": {"id": "gree-00407", "is_utility_pole": true, "pole_type": "wood_utility", "model_flags": ["lean"], "model_watch": [], "lean": "moderate", "crossarm": "none_visible", "vegetation": "none", "transformer": false, "attachments_estimate": 1, "photos_assessed": 3, "capture_sequences": 1, "photo_shown_date": "2019-12", "latest_available_photo_date": "2019-12", "source_photo_url": "https://www.mapillary.com/app/?pKey=169543464977724&focus=photo", "nearest_osm_pole_m": null}}, {"type": "Feature", "geometry": {"type": "Point", "coordinates": [-73.94954, 40.733418]}, "properties": {"id": "gree-00408", "is_utility_pole": true, "pole_type": "wood_utility", "model_flags": ["vegetation"], "model_watch": ["lean_slight"], "lean": "slight", "crossarm": "unclear", "vegetation": "touching", "transformer": false, "attachments_estimate": 1, "photos_assessed": 3, "capture_sequences": 1, "photo_shown_date": "2019-12", "latest_available_photo_date": "2019-12", "source_photo_url": "https://www.mapillary.com/app/?pKey=298736541825290&focus=photo", "nearest_osm_pole_m": null}}, {"type": "Feature", "geometry": {"type": "Point", "coordinates": [-73.951096, 40.736897]}, "properties": {"id": "gree-00409", "is_utility_pole": true, "pole_type": "wood_utility", "model_flags": ["vegetation"], "model_watch": [], "lean": "unclear", "crossarm": "unclear", "vegetation": "touching", "transformer": false, "attachments_estimate": 0, "photos_assessed": 1, "capture_sequences": 1, "photo_shown_date": "2019-12", "latest_available_photo_date": "2019-12", "source_photo_url": "https://www.mapillary.com/app/?pKey=576304413332900&focus=photo", "nearest_osm_pole_m": null}}, {"type": "Feature", "geometry": {"type": "Point", "coordinates": [-73.950386, 40.73663]}, "properties": {"id": "gree-00410", "is_utility_pole": true, "pole_type": "wood_utility", "model_flags": [], "model_watch": [], "lean": "none", "crossarm": "none_visible", "vegetation": "none", "transformer": false, "attachments_estimate": 1, "photos_assessed": 2, "capture_sequences": 1, "photo_shown_date": "2019-12", "latest_available_photo_date": "2019-12", "source_photo_url": "https://www.mapillary.com/app/?pKey=189816132880012&focus=photo", "nearest_osm_pole_m": null}}, {"type": "Feature", "geometry": {"type": "Point", "coordinates": [-73.9502, 40.736416]}, "properties": {"id": "gree-00411", "is_utility_pole": true, "pole_type": "wood_utility", "model_flags": [], "model_watch": ["lean_slight"], "lean": "slight", "crossarm": "none_visible", "vegetation": "none", "transformer": false, "attachments_estimate": 1, "photos_assessed": 3, "capture_sequences": 1, "photo_shown_date": "2019-12", "latest_available_photo_date": "2019-12", "source_photo_url": "https://www.mapillary.com/app/?pKey=1921985014646190&focus=photo", "nearest_osm_pole_m": null}}, {"type": "Feature", "geometry": {"type": "Point", "coordinates": [-73.950714, 40.736763]}, "properties": {"id": "gree-00412", "is_utility_pole": true, "pole_type": "wood_utility", "model_flags": [], "model_watch": ["lean_slight"], "lean": "slight", "crossarm": "none_visible", "vegetation": "none", "transformer": false, "attachments_estimate": 0, "photos_assessed": 2, "capture_sequences": 1, "photo_shown_date": "2019-12", "latest_available_photo_date": "2019-12", "source_photo_url": "https://www.mapillary.com/app/?pKey=576304413332900&focus=photo", "nearest_osm_pole_m": null}}, {"type": "Feature", "geometry": {"type": "Point", "coordinates": [-73.950096, 40.735706]}, "properties": {"id": "gree-00413", "is_utility_pole": true, "pole_type": "wood_utility", "model_flags": [], "model_watch": [], "lean": "none", "crossarm": "none_visible", "vegetation": "none", "transformer": false, "attachments_estimate": 2, "photos_assessed": 1, "capture_sequences": 1, "photo_shown_date": "2019-12", "latest_available_photo_date": "2019-12", "source_photo_url": "https://www.mapillary.com/app/?pKey=1674914439364740&focus=photo", "nearest_osm_pole_m": null}}, {"type": "Feature", "geometry": {"type": "Point", "coordinates": [-73.9429135, 40.7326992]}, "properties": {"id": "gree-00414", "is_utility_pole": true, "pole_type": "wood_utility", "model_flags": [], "model_watch": [], "lean": "none", "crossarm": "intact", "vegetation": "none", "transformer": false, "attachments_estimate": 2, "photos_assessed": 4, "capture_sequences": 2, "photo_shown_date": "2023-10", "latest_available_photo_date": "2023-10", "source_photo_url": "https://www.mapillary.com/app/?pKey=1162009865175155&focus=photo", "nearest_osm_pole_m": null}}, {"type": "Feature", "geometry": {"type": "Point", "coordinates": [-73.94957, 40.72429]}, "properties": {"id": "gree-00415", "is_utility_pole": false, "pole_type": "street_light", "model_flags": [], "model_watch": [], "lean": "none", "crossarm": "none_visible", "vegetation": "none", "transformer": false, "attachments_estimate": 0, "photos_assessed": 3, "capture_sequences": 1, "photo_shown_date": "2023-08", "latest_available_photo_date": "2023-08", "source_photo_url": "https://www.mapillary.com/app/?pKey=1978614625854716&focus=photo", "nearest_osm_pole_m": null}}, {"type": "Feature", "geometry": {"type": "Point", "coordinates": [-73.9364, 40.724464]}, "properties": {"id": "gree-00416", "is_utility_pole": false, "pole_type": "street_light", "model_flags": [], "model_watch": [], "lean": "none", "crossarm": "none_visible", "vegetation": "none", "transformer": false, "attachments_estimate": 0, "photos_assessed": 2, "capture_sequences": 1, "photo_shown_date": "2018-07", "latest_available_photo_date": "2018-07", "source_photo_url": "https://www.mapillary.com/app/?pKey=1898443993669631&focus=photo", "nearest_osm_pole_m": null}}, {"type": "Feature", "geometry": {"type": "Point", "coordinates": [-73.94086, 40.725605]}, "properties": {"id": "gree-00417", "is_utility_pole": true, "pole_type": "wood_utility", "model_flags": ["lean"], "model_watch": [], "lean": "moderate", "crossarm": "none_visible", "vegetation": "none", "transformer": false, "attachments_estimate": 1, "photos_assessed": 3, "capture_sequences": 1, "photo_shown_date": "2024-03", "latest_available_photo_date": "2024-03", "source_photo_url": "https://www.mapillary.com/app/?pKey=2032751020431784&focus=photo", "nearest_osm_pole_m": null}}, {"type": "Feature", "geometry": {"type": "Point", "coordinates": [-73.9318, 40.736862]}, "properties": {"id": "gree-00418", "is_utility_pole": false, "pole_type": "traffic_signal", "model_flags": [], "model_watch": [], "lean": "none", "crossarm": "none_visible", "vegetation": "none", "transformer": false, "attachments_estimate": 0, "photos_assessed": 1, "capture_sequences": 1, "photo_shown_date": "2018-05", "latest_available_photo_date": "2018-05", "source_photo_url": "https://www.mapillary.com/app/?pKey=495137368272591&focus=photo", "nearest_osm_pole_m": null}}, {"type": "Feature", "geometry": {"type": "Point", "coordinates": [-73.93352, 40.73617]}, "properties": {"id": "gree-00419", "is_utility_pole": true, "pole_type": "wood_utility", "model_flags": [], "model_watch": ["lean_slight"], "lean": "slight", "crossarm": "none_visible", "vegetation": "none", "transformer": false, "attachments_estimate": 2, "photos_assessed": 3, "capture_sequences": 1, "photo_shown_date": "2018-05", "latest_available_photo_date": "2018-05", "source_photo_url": "https://www.mapillary.com/app/?pKey=1190342628133052&focus=photo", "nearest_osm_pole_m": null}}, {"type": "Feature", "geometry": {"type": "Point", "coordinates": [-73.93234, 40.736645]}, "properties": {"id": "gree-00420", "is_utility_pole": true, "pole_type": "wood_utility", "model_flags": [], "model_watch": ["lean_slight"], "lean": "slight", "crossarm": "none_visible", "vegetation": "near", "transformer": false, "attachments_estimate": 2, "photos_assessed": 1, "capture_sequences": 1, "photo_shown_date": "2018-05", "latest_available_photo_date": "2018-05", "source_photo_url": "https://www.mapillary.com/app/?pKey=464848011413650&focus=photo", "nearest_osm_pole_m": null}}, {"type": "Feature", "geometry": {"type": "Point", "coordinates": [-73.93264, 40.73652]}, "properties": {"id": "gree-00421", "is_utility_pole": true, "pole_type": "wood_utility", "model_flags": [], "model_watch": ["lean_slight"], "lean": "slight", "crossarm": "none_visible", "vegetation": "none", "transformer": false, "attachments_estimate": 2, "photos_assessed": 3, "capture_sequences": 1, "photo_shown_date": "2018-05", "latest_available_photo_date": "2018-05", "source_photo_url": "https://www.mapillary.com/app/?pKey=173691577989819&focus=photo", "nearest_osm_pole_m": null}}, {"type": "Feature", "geometry": {"type": "Point", "coordinates": [-73.9328025, 40.736398]}, "properties": {"id": "gree-00422", "is_utility_pole": true, "pole_type": "wood_utility", "model_flags": [], "model_watch": ["lean_slight"], "lean": "slight", "crossarm": "none_visible", "vegetation": "none", "transformer": false, "attachments_estimate": 1, "photos_assessed": 6, "capture_sequences": 2, "photo_shown_date": "2018-09", "latest_available_photo_date": "2018-09", "source_photo_url": "https://www.mapillary.com/app/?pKey=252474156447760&focus=photo", "nearest_osm_pole_m": null}}, {"type": "Feature", "geometry": {"type": "Point", "coordinates": [-73.933055, 40.736295]}, "properties": {"id": "gree-00423", "is_utility_pole": true, "pole_type": "wood_utility", "model_flags": [], "model_watch": ["lean_slight"], "lean": "slight", "crossarm": "none_visible", "vegetation": "none", "transformer": false, "attachments_estimate": 2, "photos_assessed": 6, "capture_sequences": 2, "photo_shown_date": "2018-09", "latest_available_photo_date": "2018-09", "source_photo_url": "https://www.mapillary.com/app/?pKey=191921076128094&focus=photo", "nearest_osm_pole_m": null}}, {"type": "Feature", "geometry": {"type": "Point", "coordinates": [-73.93166, 40.7368525]}, "properties": {"id": "gree-00424", "is_utility_pole": false, "pole_type": "traffic_signal", "model_flags": [], "model_watch": [], "lean": "none", "crossarm": "none_visible", "vegetation": "none", "transformer": false, "attachments_estimate": 0, "photos_assessed": 6, "capture_sequences": 2, "photo_shown_date": "2018-08", "latest_available_photo_date": "2018-08", "source_photo_url": "https://www.mapillary.com/app/?pKey=165189572206330&focus=photo", "nearest_osm_pole_m": null}}, {"type": "Feature", "geometry": {"type": "Point", "coordinates": [-73.958319, 40.7191664]}, "properties": {"id": "gree-00425", "is_utility_pole": true, "pole_type": "wood_utility", "model_flags": [], "model_watch": [], "lean": "none", "crossarm": "none_visible", "vegetation": "near", "transformer": false, "attachments_estimate": 2, "photos_assessed": 5, "capture_sequences": 2, "photo_shown_date": "2016-06", "latest_available_photo_date": "2016-06", "source_photo_url": "https://www.mapillary.com/app/?pKey=234293501827363&focus=photo", "nearest_osm_pole_m": null}}, {"type": "Feature", "geometry": {"type": "Point", "coordinates": [-73.95815, 40.719517]}, "properties": {"id": "gree-00426", "is_utility_pole": false, "pole_type": "street_light", "model_flags": [], "model_watch": [], "lean": "none", "crossarm": "none_visible", "vegetation": "none", "transformer": false, "attachments_estimate": 0, "photos_assessed": 3, "capture_sequences": 1, "photo_shown_date": "2016-06", "latest_available_photo_date": "2016-06", "source_photo_url": "https://www.mapillary.com/app/?pKey=1852156118277752&focus=photo", "nearest_osm_pole_m": null}}, {"type": "Feature", "geometry": {"type": "Point", "coordinates": [-73.958244, 40.719444]}, "properties": {"id": "gree-00427", "is_utility_pole": true, "pole_type": "wood_utility", "model_flags": [], "model_watch": ["lean_slight"], "lean": "slight", "crossarm": "none_visible", "vegetation": "near", "transformer": false, "attachments_estimate": 3, "photos_assessed": 3, "capture_sequences": 1, "photo_shown_date": "2016-06", "latest_available_photo_date": "2016-06", "source_photo_url": "https://www.mapillary.com/app/?pKey=251977530005002&focus=photo", "nearest_osm_pole_m": null}}, {"type": "Feature", "geometry": {"type": "Point", "coordinates": [-73.95841, 40.719288]}, "properties": {"id": "gree-00428", "is_utility_pole": true, "pole_type": "wood_utility", "model_flags": ["vegetation"], "model_watch": [], "lean": "none", "crossarm": "none_visible", "vegetation": "touching", "transformer": false, "attachments_estimate": 2, "photos_assessed": 3, "capture_sequences": 1, "photo_shown_date": "2016-06", "latest_available_photo_date": "2016-06", "source_photo_url": "https://www.mapillary.com/app/?pKey=157258106343057&focus=photo", "nearest_osm_pole_m": null}}, {"type": "Feature", "geometry": {"type": "Point", "coordinates": [-73.938194, 40.734196]}, "properties": {"id": "gree-00429", "is_utility_pole": false, "pole_type": "traffic_signal", "model_flags": [], "model_watch": [], "lean": "none", "crossarm": "none_visible", "vegetation": "none", "transformer": false, "attachments_estimate": 0, "photos_assessed": 3, "capture_sequences": 1, "photo_shown_date": "2015-06", "latest_available_photo_date": "2015-06", "source_photo_url": "https://www.mapillary.com/app/?pKey=952783015493284&focus=photo", "nearest_osm_pole_m": null}}, {"type": "Feature", "geometry": {"type": "Point", "coordinates": [-73.95962, 40.73198]}, "properties": {"id": "gree-00430", "is_utility_pole": true, "pole_type": "wood_utility", "model_flags": [], "model_watch": ["lean_slight"], "lean": "slight", "crossarm": "none_visible", "vegetation": "near", "transformer": false, "attachments_estimate": 2, "photos_assessed": 3, "capture_sequences": 1, "photo_shown_date": "2019-12", "latest_available_photo_date": "2019-12", "source_photo_url": "https://www.mapillary.com/app/?pKey=468616060888297&focus=photo", "nearest_osm_pole_m": null}}, {"type": "Feature", "geometry": {"type": "Point", "coordinates": [-73.96061, 40.731705]}, "properties": {"id": "gree-00431", "is_utility_pole": true, "pole_type": "wood_utility", "model_flags": [], "model_watch": [], "lean": "none", "crossarm": "none_visible", "vegetation": "none", "transformer": false, "attachments_estimate": 1, "photos_assessed": 3, "capture_sequences": 1, "photo_shown_date": "2019-12", "latest_available_photo_date": "2019-12", "source_photo_url": "https://www.mapillary.com/app/?pKey=480302809873578&focus=photo", "nearest_osm_pole_m": null}}, {"type": "Feature", "geometry": {"type": "Point", "coordinates": [-73.961044, 40.73165]}, "properties": {"id": "gree-00432", "is_utility_pole": false, "pole_type": "street_light", "model_flags": [], "model_watch": ["lean_slight"], "lean": "slight", "crossarm": "none_visible", "vegetation": "none", "transformer": false, "attachments_estimate": 0, "photos_assessed": 3, "capture_sequences": 1, "photo_shown_date": "2019-12", "latest_available_photo_date": "2019-12", "source_photo_url": "https://www.mapillary.com/app/?pKey=506116307244522&focus=photo", "nearest_osm_pole_m": null}}, {"type": "Feature", "geometry": {"type": "Point", "coordinates": [-73.960335, 40.73172]}, "properties": {"id": "gree-00433", "is_utility_pole": true, "pole_type": "wood_utility", "model_flags": [], "model_watch": [], "lean": "none", "crossarm": "none_visible", "vegetation": "none", "transformer": false, "attachments_estimate": 1, "photos_assessed": 3, "capture_sequences": 1, "photo_shown_date": "2019-12", "latest_available_photo_date": "2019-12", "source_photo_url": "https://www.mapillary.com/app/?pKey=2789921507891783&focus=photo", "nearest_osm_pole_m": null}}, {"type": "Feature", "geometry": {"type": "Point", "coordinates": [-73.959625, 40.73189]}, "properties": {"id": "gree-00434", "is_utility_pole": true, "pole_type": "wood_utility", "model_flags": [], "model_watch": ["lean_slight"], "lean": "slight", "crossarm": "unclear", "vegetation": "none", "transformer": false, "attachments_estimate": 2, "photos_assessed": 2, "capture_sequences": 1, "photo_shown_date": "2019-12", "latest_available_photo_date": "2019-12", "source_photo_url": "https://www.mapillary.com/app/?pKey=303927964631463&focus=photo", "nearest_osm_pole_m": null}}, {"type": "Feature", "geometry": {"type": "Point", "coordinates": [-73.936745, 40.735733]}, "properties": {"id": "gree-00435", "is_utility_pole": true, "pole_type": "wood_utility", "model_flags": [], "model_watch": ["lean_slight"], "lean": "slight", "crossarm": "none_visible", "vegetation": "none", "transformer": false, "attachments_estimate": 2, "photos_assessed": 1, "capture_sequences": 1, "photo_shown_date": "2015-06", "latest_available_photo_date": "2015-06", "source_photo_url": "https://www.mapillary.com/app/?pKey=1166033553848505&focus=photo", "nearest_osm_pole_m": null}}, {"type": "Feature", "geometry": {"type": "Point", "coordinates": [-73.93658, 40.7355]}, "properties": {"id": "gree-00436", "is_utility_pole": true, "pole_type": "wood_utility", "model_flags": [], "model_watch": [], "lean": "none", "crossarm": "none_visible", "vegetation": "none", "transformer": false, "attachments_estimate": 2, "photos_assessed": 2, "capture_sequences": 1, "photo_shown_date": "2015-06", "latest_available_photo_date": "2015-06", "source_photo_url": "https://www.mapillary.com/app/?pKey=461295601612428&focus=photo", "nearest_osm_pole_m": null}}, {"type": "Feature", "geometry": {"type": "Point", "coordinates": [-73.933426, 40.737137]}, "properties": {"id": "gree-00437", "is_utility_pole": false, "pole_type": "street_light", "model_flags": [], "model_watch": [], "lean": "none", "crossarm": "none_visible", "vegetation": "none", "transformer": false, "attachments_estimate": 1, "photos_assessed": 3, "capture_sequences": 1, "photo_shown_date": "2020-03", "latest_available_photo_date": "2020-03", "source_photo_url": "https://www.mapillary.com/app/?pKey=2304339483033272&focus=photo", "nearest_osm_pole_m": null}}, {"type": "Feature", "geometry": {"type": "Point", "coordinates": [-73.94338, 40.731335]}, "properties": {"id": "gree-00438", "is_utility_pole": true, "pole_type": "wood_utility", "model_flags": [], "model_watch": [], "lean": "none", "crossarm": "none_visible", "vegetation": "near", "transformer": false, "attachments_estimate": 1, "photos_assessed": 3, "capture_sequences": 1, "photo_shown_date": "2018-06", "latest_available_photo_date": "2018-06", "source_photo_url": "https://www.mapillary.com/app/?pKey=895174371029619&focus=photo", "nearest_osm_pole_m": null}}, {"type": "Feature", "geometry": {"type": "Point", "coordinates": [-73.94325, 40.731434]}, "properties": {"id": "gree-00439", "is_utility_pole": true, "pole_type": "wood_utility", "model_flags": [], "model_watch": ["lean_slight"], "lean": "slight", "crossarm": "none_visible", "vegetation": "none", "transformer": false, "attachments_estimate": 1, "photos_assessed": 1, "capture_sequences": 1, "photo_shown_date": "2018-06", "latest_available_photo_date": "2018-06", "source_photo_url": "https://www.mapillary.com/app/?pKey=305100841180961&focus=photo", "nearest_osm_pole_m": null}}, {"type": "Feature", "geometry": {"type": "Point", "coordinates": [-73.943275, 40.73162]}, "properties": {"id": "gree-00440", "is_utility_pole": true, "pole_type": "wood_utility", "model_flags": [], "model_watch": [], "lean": "none", "crossarm": "none_visible", "vegetation": "none", "transformer": false, "attachments_estimate": 1, "photos_assessed": 1, "capture_sequences": 1, "photo_shown_date": "2018-06", "latest_available_photo_date": "2018-06", "source_photo_url": "https://www.mapillary.com/app/?pKey=830591810910165&focus=photo", "nearest_osm_pole_m": null}}, {"type": "Feature", "geometry": {"type": "Point", "coordinates": [-73.955376, 40.739113]}, "properties": {"id": "gree-00441", "is_utility_pole": false, "pole_type": "other", "model_flags": [], "model_watch": [], "lean": "unclear", "crossarm": "none_visible", "vegetation": "none", "transformer": false, "attachments_estimate": 0, "photos_assessed": 2, "capture_sequences": 1, "photo_shown_date": "2023-10", "latest_available_photo_date": "2023-10", "source_photo_url": "https://www.mapillary.com/app/?pKey=274119402404528&focus=photo", "nearest_osm_pole_m": null}}, {"type": "Feature", "geometry": {"type": "Point", "coordinates": [-73.95509, 40.739124]}, "properties": {"id": "gree-00442", "is_utility_pole": false, "pole_type": "other", "model_flags": [], "model_watch": [], "lean": "unclear", "crossarm": "none_visible", "vegetation": "none", "transformer": false, "attachments_estimate": 0, "photos_assessed": 2, "capture_sequences": 1, "photo_shown_date": "2023-10", "latest_available_photo_date": "2023-10", "source_photo_url": "https://www.mapillary.com/app/?pKey=1582364389218875&focus=photo", "nearest_osm_pole_m": null}}, {"type": "Feature", "geometry": {"type": "Point", "coordinates": [-73.940765, 40.7256]}, "properties": {"id": "gree-00443", "is_utility_pole": true, "pole_type": "wood_utility", "model_flags": [], "model_watch": ["lean_slight"], "lean": "slight", "crossarm": "unclear", "vegetation": "near", "transformer": false, "attachments_estimate": 2, "photos_assessed": 1, "capture_sequences": 1, "photo_shown_date": "2024-03", "latest_available_photo_date": "2024-03", "source_photo_url": "https://www.mapillary.com/app/?pKey=1181898576307502&focus=photo", "nearest_osm_pole_m": null}}, {"type": "Feature", "geometry": {"type": "Point", "coordinates": [-73.932594, 40.73707]}, "properties": {"id": "gree-00444", "is_utility_pole": true, "pole_type": "wood_utility", "model_flags": [], "model_watch": ["lean_slight"], "lean": "slight", "crossarm": "intact", "vegetation": "none", "transformer": false, "attachments_estimate": 1, "photos_assessed": 3, "capture_sequences": 1, "photo_shown_date": "2018-07", "latest_available_photo_date": "2018-07", "source_photo_url": "https://www.mapillary.com/app/?pKey=192925052573787&focus=photo", "nearest_osm_pole_m": null}}, {"type": "Feature", "geometry": {"type": "Point", "coordinates": [-73.93354, 40.73724]}, "properties": {"id": "gree-00445", "is_utility_pole": false, "pole_type": "street_light", "model_flags": [], "model_watch": [], "lean": "none", "crossarm": "none_visible", "vegetation": "none", "transformer": false, "attachments_estimate": 0, "photos_assessed": 3, "capture_sequences": 1, "photo_shown_date": "2018-07", "latest_available_photo_date": "2018-07", "source_photo_url": "https://www.mapillary.com/app/?pKey=810187586276412&focus=photo", "nearest_osm_pole_m": null}}, {"type": "Feature", "geometry": {"type": "Point", "coordinates": [-73.933792, 40.737285]}, "properties": {"id": "gree-00446", "is_utility_pole": false, "pole_type": "other", "model_flags": [], "model_watch": ["lean_slight"], "lean": "slight", "crossarm": "none_visible", "vegetation": "none", "transformer": false, "attachments_estimate": 0, "photos_assessed": 6, "capture_sequences": 1, "photo_shown_date": "2018-07", "latest_available_photo_date": "2018-07", "source_photo_url": "https://www.mapillary.com/app/?pKey=282116137031697&focus=photo", "nearest_osm_pole_m": null}}, {"type": "Feature", "geometry": {"type": "Point", "coordinates": [-73.93315, 40.73717]}, "properties": {"id": "gree-00447", "is_utility_pole": true, "pole_type": "wood_utility", "model_flags": [], "model_watch": ["lean_slight"], "lean": "slight", "crossarm": "none_visible", "vegetation": "none", "transformer": false, "attachments_estimate": 1, "photos_assessed": 3, "capture_sequences": 1, "photo_shown_date": "2018-07", "latest_available_photo_date": "2018-07", "source_photo_url": "https://www.mapillary.com/app/?pKey=146092384166624&focus=photo", "nearest_osm_pole_m": null}}, {"type": "Feature", "geometry": {"type": "Point", "coordinates": [-73.939384, 40.7229]}, "properties": {"id": "gree-00448", "is_utility_pole": true, "pole_type": "wood_utility", "model_flags": [], "model_watch": [], "lean": "unclear", "crossarm": "none_visible", "vegetation": "none", "transformer": false, "attachments_estimate": 2, "photos_assessed": 3, "capture_sequences": 1, "photo_shown_date": "2017-07", "latest_available_photo_date": "2017-07", "source_photo_url": "https://www.mapillary.com/app/?pKey=2957682624463780&focus=photo", "nearest_osm_pole_m": null}}, {"type": "Feature", "geometry": {"type": "Point", "coordinates": [-73.93074, 40.737213]}, "properties": {"id": "gree-00449", "is_utility_pole": true, "pole_type": "wood_utility", "model_flags": [], "model_watch": [], "lean": "none", "crossarm": "none_visible", "vegetation": "none", "transformer": false, "attachments_estimate": 1, "photos_assessed": 3, "capture_sequences": 1, "photo_shown_date": "2018-07", "latest_available_photo_date": "2018-07", "source_photo_url": "https://www.mapillary.com/app/?pKey=559201085066477&focus=photo", "nearest_osm_pole_m": null}}, {"type": "Feature", "geometry": {"type": "Point", "coordinates": [-73.93184, 40.72592]}, "properties": {"id": "gree-00450", "is_utility_pole": false, "pole_type": "other", "model_flags": [], "model_watch": [], "lean": "unclear", "crossarm": "none_visible", "vegetation": "none", "transformer": false, "attachments_estimate": 0, "photos_assessed": 3, "capture_sequences": 1, "photo_shown_date": "2018-08", "latest_available_photo_date": "2018-08", "source_photo_url": "https://www.mapillary.com/app/?pKey=473790510526391&focus=photo", "nearest_osm_pole_m": null}}, {"type": "Feature", "geometry": {"type": "Point", "coordinates": [-73.95352, 40.721684]}, "properties": {"id": "gree-00451", "is_utility_pole": false, "pole_type": "street_light", "model_flags": ["vegetation"], "model_watch": [], "lean": "none", "crossarm": "none_visible", "vegetation": "touching", "transformer": false, "attachments_estimate": 2, "photos_assessed": 1, "capture_sequences": 1, "photo_shown_date": "2023-09", "latest_available_photo_date": "2023-09", "source_photo_url": "https://www.mapillary.com/app/?pKey=880132577011235&focus=photo", "nearest_osm_pole_m": null}}, {"type": "Feature", "geometry": {"type": "Point", "coordinates": [-73.9358, 40.737564]}, "properties": {"id": "gree-00452", "is_utility_pole": false, "pole_type": "street_light", "model_flags": [], "model_watch": [], "lean": "none", "crossarm": "none_visible", "vegetation": "none", "transformer": false, "attachments_estimate": 0, "photos_assessed": 1, "capture_sequences": 1, "photo_shown_date": "2020-03", "latest_available_photo_date": "2020-03", "source_photo_url": "https://www.mapillary.com/app/?pKey=291519889375920&focus=photo", "nearest_osm_pole_m": null}}, {"type": "Feature", "geometry": {"type": "Point", "coordinates": [-73.952576, 40.727264]}, "properties": {"id": "gree-00453", "is_utility_pole": false, "pole_type": "other", "model_flags": [], "model_watch": [], "lean": "none", "crossarm": "none_visible", "vegetation": "none", "transformer": false, "attachments_estimate": 0, "photos_assessed": 3, "capture_sequences": 1, "photo_shown_date": "2016-06", "latest_available_photo_date": "2016-06", "source_photo_url": "https://www.mapillary.com/app/?pKey=785079599104147&focus=photo", "nearest_osm_pole_m": null}}, {"type": "Feature", "geometry": {"type": "Point", "coordinates": [-73.929845, 40.7273255]}, "properties": {"id": "gree-00454", "is_utility_pole": true, "pole_type": "wood_utility", "model_flags": ["lean", "vegetation"], "model_watch": [], "lean": "moderate", "crossarm": "none_visible", "vegetation": "touching", "transformer": false, "attachments_estimate": 1, "photos_assessed": 6, "capture_sequences": 1, "photo_shown_date": "2023-10", "latest_available_photo_date": "2023-10", "source_photo_url": "https://www.mapillary.com/app/?pKey=608752564582550&focus=photo", "nearest_osm_pole_m": null}}, {"type": "Feature", "geometry": {"type": "Point", "coordinates": [-73.929795, 40.7272181]}, "properties": {"id": "gree-00455", "is_utility_pole": true, "pole_type": "wood_utility", "model_flags": ["vegetation"], "model_watch": ["lean_slight"], "lean": "slight", "crossarm": "none_visible", "vegetation": "touching", "transformer": false, "attachments_estimate": 0, "photos_assessed": 8, "capture_sequences": 1, "photo_shown_date": "2023-10", "latest_available_photo_date": "2023-10", "source_photo_url": "https://www.mapillary.com/app/?pKey=347117591150666&focus=photo", "nearest_osm_pole_m": null}}, {"type": "Feature", "geometry": {"type": "Point", "coordinates": [-73.92998, 40.72708]}, "properties": {"id": "gree-00456", "is_utility_pole": true, "pole_type": "wood_utility", "model_flags": [], "model_watch": ["lean_slight"], "lean": "slight", "crossarm": "none_visible", "vegetation": "near", "transformer": false, "attachments_estimate": 2, "photos_assessed": 3, "capture_sequences": 1, "photo_shown_date": "2023-10", "latest_available_photo_date": "2023-10", "source_photo_url": "https://www.mapillary.com/app/?pKey=2384723038380797&focus=photo", "nearest_osm_pole_m": null}}, {"type": "Feature", "geometry": {"type": "Point", "coordinates": [-73.9297733, 40.727385]}, "properties": {"id": "gree-00457", "is_utility_pole": true, "pole_type": "wood_utility", "model_flags": [], "model_watch": ["lean_slight"], "lean": "slight", "crossarm": "none_visible", "vegetation": "near", "transformer": false, "attachments_estimate": 0, "photos_assessed": 9, "capture_sequences": 2, "photo_shown_date": "2024-04", "latest_available_photo_date": "2024-04", "source_photo_url": "https://www.mapillary.com/app/?pKey=1202184310915262&focus=photo", "nearest_osm_pole_m": null}}, {"type": "Feature", "geometry": {"type": "Point", "coordinates": [-73.92972, 40.72746]}, "properties": {"id": "gree-00458", "is_utility_pole": true, "pole_type": "wood_utility", "model_flags": [], "model_watch": ["lean_slight"], "lean": "slight", "crossarm": "none_visible", "vegetation": "near", "transformer": false, "attachments_estimate": 1, "photos_assessed": 3, "capture_sequences": 1, "photo_shown_date": "2023-10", "latest_available_photo_date": "2023-10", "source_photo_url": "https://www.mapillary.com/app/?pKey=1934844356911344&focus=photo", "nearest_osm_pole_m": null}}, {"type": "Feature", "geometry": {"type": "Point", "coordinates": [-73.92981, 40.727062]}, "properties": {"id": "gree-00459", "is_utility_pole": true, "pole_type": "wood_utility", "model_flags": [], "model_watch": [], "lean": "unclear", "crossarm": "none_visible", "vegetation": "near", "transformer": false, "attachments_estimate": 1, "photos_assessed": 3, "capture_sequences": 1, "photo_shown_date": "2023-10", "latest_available_photo_date": "2023-10", "source_photo_url": "https://www.mapillary.com/app/?pKey=374096571609715&focus=photo", "nearest_osm_pole_m": null}}, {"type": "Feature", "geometry": {"type": "Point", "coordinates": [-73.92995, 40.7271425]}, "properties": {"id": "gree-00460", "is_utility_pole": true, "pole_type": "wood_utility", "model_flags": [], "model_watch": ["lean_slight"], "lean": "slight", "crossarm": "none_visible", "vegetation": "near", "transformer": false, "attachments_estimate": 1, "photos_assessed": 6, "capture_sequences": 1, "photo_shown_date": "2023-10", "latest_available_photo_date": "2023-10", "source_photo_url": "https://www.mapillary.com/app/?pKey=226957603497950&focus=photo", "nearest_osm_pole_m": null}}, {"type": "Feature", "geometry": {"type": "Point", "coordinates": [-73.929905, 40.7272605]}, "properties": {"id": "gree-00461", "is_utility_pole": true, "pole_type": "wood_utility", "model_flags": ["vegetation"], "model_watch": ["lean_slight"], "lean": "slight", "crossarm": "none_visible", "vegetation": "touching", "transformer": false, "attachments_estimate": 0, "photos_assessed": 6, "capture_sequences": 1, "photo_shown_date": "2023-10", "latest_available_photo_date": "2023-10", "source_photo_url": "https://www.mapillary.com/app/?pKey=860359902336482&focus=photo", "nearest_osm_pole_m": null}}, {"type": "Feature", "geometry": {"type": "Point", "coordinates": [-73.94373, 40.73247]}, "properties": {"id": "gree-00462", "is_utility_pole": true, "pole_type": "wood_utility", "model_flags": [], "model_watch": [], "lean": "unclear", "crossarm": "intact", "vegetation": "near", "transformer": false, "attachments_estimate": 2, "photos_assessed": 3, "capture_sequences": 1, "photo_shown_date": "2018-06", "latest_available_photo_date": "2018-06", "source_photo_url": "https://www.mapillary.com/app/?pKey=171136528222630&focus=photo", "nearest_osm_pole_m": null}}, {"type": "Feature", "geometry": {"type": "Point", "coordinates": [-73.9436, 40.732536]}, "properties": {"id": "gree-00463", "is_utility_pole": true, "pole_type": "wood_utility", "model_flags": [], "model_watch": [], "lean": "none", "crossarm": "none_visible", "vegetation": "none", "transformer": false, "attachments_estimate": 0, "photos_assessed": 3, "capture_sequences": 1, "photo_shown_date": "2018-06", "latest_available_photo_date": "2018-06", "source_photo_url": "https://www.mapillary.com/app/?pKey=293594585676613&focus=photo", "nearest_osm_pole_m": null}}, {"type": "Feature", "geometry": {"type": "Point", "coordinates": [-73.94231, 40.732574]}, "properties": {"id": "gree-00464", "is_utility_pole": true, "pole_type": "wood_utility", "model_flags": [], "model_watch": ["lean_slight"], "lean": "slight", "crossarm": "none_visible", "vegetation": "near", "transformer": false, "attachments_estimate": 0, "photos_assessed": 3, "capture_sequences": 1, "photo_shown_date": "2018-06", "latest_available_photo_date": "2018-06", "source_photo_url": "https://www.mapillary.com/app/?pKey=753362658616113&focus=photo", "nearest_osm_pole_m": null}}, {"type": "Feature", "geometry": {"type": "Point", "coordinates": [-73.932434, 40.737354]}, "properties": {"id": "gree-00465", "is_utility_pole": false, "pole_type": "street_light", "model_flags": [], "model_watch": [], "lean": "none", "crossarm": "none_visible", "vegetation": "none", "transformer": false, "attachments_estimate": 0, "photos_assessed": 2, "capture_sequences": 1, "photo_shown_date": "2020-03", "latest_available_photo_date": "2020-03", "source_photo_url": "https://www.mapillary.com/app/?pKey=1390608581309243&focus=photo", "nearest_osm_pole_m": null}}, {"type": "Feature", "geometry": {"type": "Point", "coordinates": [-73.95061, 40.72181]}, "properties": {"id": "gree-00466", "is_utility_pole": false, "pole_type": "street_light", "model_flags": [], "model_watch": [], "lean": "none", "crossarm": "none_visible", "vegetation": "near", "transformer": false, "attachments_estimate": 1, "photos_assessed": 3, "capture_sequences": 1, "photo_shown_date": "2023-07", "latest_available_photo_date": "2023-07", "source_photo_url": "https://www.mapillary.com/app/?pKey=811778267260317&focus=photo", "nearest_osm_pole_m": null}}, {"type": "Feature", "geometry": {"type": "Point", "coordinates": [-73.95022, 40.721924]}, "properties": {"id": "gree-00467", "is_utility_pole": false, "pole_type": "street_light", "model_flags": [], "model_watch": [], "lean": "none", "crossarm": "none_visible", "vegetation": "near", "transformer": false, "attachments_estimate": 0, "photos_assessed": 2, "capture_sequences": 1, "photo_shown_date": "2023-07", "latest_available_photo_date": "2023-07", "source_photo_url": "https://www.mapillary.com/app/?pKey=210623398642504&focus=photo", "nearest_osm_pole_m": null}}, {"type": "Feature", "geometry": {"type": "Point", "coordinates": [-73.92968, 40.727245]}, "properties": {"id": "gree-00468", "is_utility_pole": true, "pole_type": "wood_utility", "model_flags": [], "model_watch": ["lean_slight"], "lean": "slight", "crossarm": "none_visible", "vegetation": "near", "transformer": false, "attachments_estimate": 1, "photos_assessed": 1, "capture_sequences": 1, "photo_shown_date": "2023-10", "latest_available_photo_date": "2023-10", "source_photo_url": "https://www.mapillary.com/app/?pKey=812274937259280&focus=photo", "nearest_osm_pole_m": null}}, {"type": "Feature", "geometry": {"type": "Point", "coordinates": [-73.93445, 40.724808]}, "properties": {"id": "gree-00469", "is_utility_pole": false, "pole_type": "street_light", "model_flags": [], "model_watch": [], "lean": "none", "crossarm": "none_visible", "vegetation": "none", "transformer": false, "attachments_estimate": 0, "photos_assessed": 2, "capture_sequences": 1, "photo_shown_date": "2017-11", "latest_available_photo_date": "2017-11", "source_photo_url": "https://www.mapillary.com/app/?pKey=3033017576933634&focus=photo", "nearest_osm_pole_m": null}}, {"type": "Feature", "geometry": {"type": "Point", "coordinates": [-73.935074, 40.72481]}, "properties": {"id": "gree-00470", "is_utility_pole": true, "pole_type": "wood_utility", "model_flags": ["lean"], "model_watch": [], "lean": "moderate", "crossarm": "none_visible", "vegetation": "none", "transformer": false, "attachments_estimate": 1, "photos_assessed": 3, "capture_sequences": 1, "photo_shown_date": "2017-11", "latest_available_photo_date": "2017-11", "source_photo_url": "https://www.mapillary.com/app/?pKey=746083116064662&focus=photo", "nearest_osm_pole_m": null}}, {"type": "Feature", "geometry": {"type": "Point", "coordinates": [-73.934814, 40.724804]}, "properties": {"id": "gree-00471", "is_utility_pole": false, "pole_type": "street_light", "model_flags": [], "model_watch": ["lean_slight"], "lean": "slight", "crossarm": "none_visible", "vegetation": "none", "transformer": false, "attachments_estimate": 0, "photos_assessed": 2, "capture_sequences": 1, "photo_shown_date": "2017-11", "latest_available_photo_date": "2017-11", "source_photo_url": "https://www.mapillary.com/app/?pKey=829232764695764&focus=photo", "nearest_osm_pole_m": null}}, {"type": "Feature", "geometry": {"type": "Point", "coordinates": [-73.95587, 40.725456]}, "properties": {"id": "gree-00472", "is_utility_pole": true, "pole_type": "wood_utility", "model_flags": [], "model_watch": ["lean_slight"], "lean": "slight", "crossarm": "none_visible", "vegetation": "none", "transformer": false, "attachments_estimate": 2, "photos_assessed": 3, "capture_sequences": 1, "photo_shown_date": "2023-10", "latest_available_photo_date": "2023-10", "source_photo_url": "https://www.mapillary.com/app/?pKey=431190926022272&focus=photo", "nearest_osm_pole_m": null}}, {"type": "Feature", "geometry": {"type": "Point", "coordinates": [-73.95503, 40.724316]}, "properties": {"id": "gree-00473", "is_utility_pole": false, "pole_type": "street_light", "model_flags": [], "model_watch": [], "lean": "none", "crossarm": "none_visible", "vegetation": "none", "transformer": false, "attachments_estimate": 0, "photos_assessed": 3, "capture_sequences": 1, "photo_shown_date": "2023-10", "latest_available_photo_date": "2023-10", "source_photo_url": "https://www.mapillary.com/app/?pKey=1110691513607160&focus=photo", "nearest_osm_pole_m": null}}, {"type": "Feature", "geometry": {"type": "Point", "coordinates": [-73.95535, 40.72481]}, "properties": {"id": "gree-00474", "is_utility_pole": false, "pole_type": "street_light", "model_flags": [], "model_watch": [], "lean": "none", "crossarm": "none_visible", "vegetation": "none", "transformer": false, "attachments_estimate": 0, "photos_assessed": 2, "capture_sequences": 1, "photo_shown_date": "2023-10", "latest_available_photo_date": "2023-10", "source_photo_url": "https://www.mapillary.com/app/?pKey=294933083411707&focus=photo", "nearest_osm_pole_m": null}}, {"type": "Feature", "geometry": {"type": "Point", "coordinates": [-73.95467, 40.72359]}, "properties": {"id": "gree-00475", "is_utility_pole": false, "pole_type": "street_light", "model_flags": [], "model_watch": [], "lean": "none", "crossarm": "none_visible", "vegetation": "near", "transformer": false, "attachments_estimate": 0, "photos_assessed": 1, "capture_sequences": 1, "photo_shown_date": "2023-10", "latest_available_photo_date": "2023-10", "source_photo_url": "https://www.mapillary.com/app/?pKey=793145449323155&focus=photo", "nearest_osm_pole_m": null}}, {"type": "Feature", "geometry": {"type": "Point", "coordinates": [-73.954956, 40.724117]}, "properties": {"id": "gree-00476", "is_utility_pole": true, "pole_type": "wood_utility", "model_flags": [], "model_watch": ["lean_slight"], "lean": "slight", "crossarm": "none_visible", "vegetation": "none", "transformer": false, "attachments_estimate": 2, "photos_assessed": 3, "capture_sequences": 1, "photo_shown_date": "2023-10", "latest_available_photo_date": "2023-10", "source_photo_url": "https://www.mapillary.com/app/?pKey=7449311208439546&focus=photo", "nearest_osm_pole_m": null}}, {"type": "Feature", "geometry": {"type": "Point", "coordinates": [-73.95521, 40.724556]}, "properties": {"id": "gree-00477", "is_utility_pole": true, "pole_type": "wood_utility", "model_flags": [], "model_watch": ["lean_slight"], "lean": "slight", "crossarm": "none_visible", "vegetation": "near", "transformer": false, "attachments_estimate": 1, "photos_assessed": 3, "capture_sequences": 1, "photo_shown_date": "2023-10", "latest_available_photo_date": "2023-10", "source_photo_url": "https://www.mapillary.com/app/?pKey=447084804413692&focus=photo", "nearest_osm_pole_m": null}}, {"type": "Feature", "geometry": {"type": "Point", "coordinates": [-73.95604, 40.725754]}, "properties": {"id": "gree-00478", "is_utility_pole": true, "pole_type": "wood_utility", "model_flags": [], "model_watch": ["lean_slight"], "lean": "slight", "crossarm": "none_visible", "vegetation": "none", "transformer": false, "attachments_estimate": 2, "photos_assessed": 3, "capture_sequences": 1, "photo_shown_date": "2023-10", "latest_available_photo_date": "2023-10", "source_photo_url": "https://www.mapillary.com/app/?pKey=940741487780610&focus=photo", "nearest_osm_pole_m": null}}, {"type": "Feature", "geometry": {"type": "Point", "coordinates": [-73.95565, 40.72505]}, "properties": {"id": "gree-00479", "is_utility_pole": true, "pole_type": "wood_utility", "model_flags": [], "model_watch": [], "lean": "none", "crossarm": "none_visible", "vegetation": "near", "transformer": false, "attachments_estimate": 2, "photos_assessed": 3, "capture_sequences": 1, "photo_shown_date": "2023-10", "latest_available_photo_date": "2023-10", "source_photo_url": "https://www.mapillary.com/app/?pKey=270315869352951&focus=photo", "nearest_osm_pole_m": null}}, {"type": "Feature", "geometry": {"type": "Point", "coordinates": [-73.9557, 40.725163]}, "properties": {"id": "gree-00480", "is_utility_pole": false, "pole_type": "street_light", "model_flags": [], "model_watch": [], "lean": "none", "crossarm": "none_visible", "vegetation": "none", "transformer": false, "attachments_estimate": 0, "photos_assessed": 3, "capture_sequences": 1, "photo_shown_date": "2023-10", "latest_available_photo_date": "2023-10", "source_photo_url": "https://www.mapillary.com/app/?pKey=919281619648041&focus=photo", "nearest_osm_pole_m": null}}, {"type": "Feature", "geometry": {"type": "Point", "coordinates": [-73.95598, 40.725933]}, "properties": {"id": "gree-00481", "is_utility_pole": true, "pole_type": "wood_utility", "model_flags": [], "model_watch": ["lean_slight"], "lean": "slight", "crossarm": "none_visible", "vegetation": "none", "transformer": false, "attachments_estimate": 1, "photos_assessed": 3, "capture_sequences": 1, "photo_shown_date": "2023-10", "latest_available_photo_date": "2023-10", "source_photo_url": "https://www.mapillary.com/app/?pKey=1621420028614647&focus=photo", "nearest_osm_pole_m": null}}, {"type": "Feature", "geometry": {"type": "Point", "coordinates": [-73.956184, 40.725918]}, "properties": {"id": "gree-00482", "is_utility_pole": false, "pole_type": "street_light", "model_flags": [], "model_watch": ["lean_slight"], "lean": "slight", "crossarm": "none_visible", "vegetation": "none", "transformer": false, "attachments_estimate": 0, "photos_assessed": 1, "capture_sequences": 1, "photo_shown_date": "2023-10", "latest_available_photo_date": "2023-10", "source_photo_url": "https://www.mapillary.com/app/?pKey=1184036799244811&focus=photo", "nearest_osm_pole_m": null}}, {"type": "Feature", "geometry": {"type": "Point", "coordinates": [-73.95546, 40.72474]}, "properties": {"id": "gree-00483", "is_utility_pole": true, "pole_type": "wood_utility", "model_flags": [], "model_watch": ["lean_slight"], "lean": "slight", "crossarm": "none_visible", "vegetation": "none", "transformer": false, "attachments_estimate": 2, "photos_assessed": 3, "capture_sequences": 1, "photo_shown_date": "2023-10", "latest_available_photo_date": "2023-10", "source_photo_url": "https://www.mapillary.com/app/?pKey=1352416058792993&focus=photo", "nearest_osm_pole_m": null}}, {"type": "Feature", "geometry": {"type": "Point", "coordinates": [-73.9377, 40.734383]}, "properties": {"id": "gree-00484", "is_utility_pole": true, "pole_type": "wood_utility", "model_flags": [], "model_watch": ["lean_slight"], "lean": "slight", "crossarm": "unclear", "vegetation": "none", "transformer": false, "attachments_estimate": 1, "photos_assessed": 2, "capture_sequences": 1, "photo_shown_date": "2015-06", "latest_available_photo_date": "2015-06", "source_photo_url": "https://www.mapillary.com/app/?pKey=1061938954335290&focus=photo", "nearest_osm_pole_m": null}}, {"type": "Feature", "geometry": {"type": "Point", "coordinates": [-73.96159, 40.72153]}, "properties": {"id": "gree-00485", "is_utility_pole": false, "pole_type": "street_light", "model_flags": ["vegetation"], "model_watch": [], "lean": "unclear", "crossarm": "none_visible", "vegetation": "touching", "transformer": false, "attachments_estimate": 0, "photos_assessed": 3, "capture_sequences": 1, "photo_shown_date": "2023-10", "latest_available_photo_date": "2023-10", "source_photo_url": "https://www.mapillary.com/app/?pKey=1490386014868364&focus=photo", "nearest_osm_pole_m": null}}, {"type": "Feature", "geometry": {"type": "Point", "coordinates": [-73.9616, 40.721394]}, "properties": {"id": "gree-00486", "is_utility_pole": false, "pole_type": "street_light", "model_flags": [], "model_watch": [], "lean": "unclear", "crossarm": "none_visible", "vegetation": "near", "transformer": false, "attachments_estimate": 0, "photos_assessed": 1, "capture_sequences": 1, "photo_shown_date": "2023-10", "latest_available_photo_date": "2023-10", "source_photo_url": "https://www.mapillary.com/app/?pKey=688483766265599&focus=photo", "nearest_osm_pole_m": null}}, {"type": "Feature", "geometry": {"type": "Point", "coordinates": [-73.95029, 40.736763]}, "properties": {"id": "gree-00487", "is_utility_pole": true, "pole_type": "wood_utility", "model_flags": ["vegetation"], "model_watch": ["lean_slight"], "lean": "slight", "crossarm": "none_visible", "vegetation": "touching", "transformer": false, "attachments_estimate": 1, "photos_assessed": 3, "capture_sequences": 1, "photo_shown_date": "2018-08", "latest_available_photo_date": "2018-08", "source_photo_url": "https://www.mapillary.com/app/?pKey=846605649271994&focus=photo", "nearest_osm_pole_m": null}}, {"type": "Feature", "geometry": {"type": "Point", "coordinates": [-73.94545, 40.725197]}, "properties": {"id": "gree-00488", "is_utility_pole": true, "pole_type": "wood_utility", "model_flags": [], "model_watch": [], "lean": "none", "crossarm": "none_visible", "vegetation": "none", "transformer": false, "attachments_estimate": 2, "photos_assessed": 3, "capture_sequences": 1, "photo_shown_date": "2020-04", "latest_available_photo_date": "2020-04", "source_photo_url": "https://www.mapillary.com/app/?pKey=3736143286514388&focus=photo", "nearest_osm_pole_m": null}}, {"type": "Feature", "geometry": {"type": "Point", "coordinates": [-73.94385, 40.72359]}, "properties": {"id": "gree-00489", "is_utility_pole": false, "pole_type": "unclear", "model_flags": [], "model_watch": [], "lean": "unclear", "crossarm": "none_visible", "vegetation": "unclear", "transformer": false, "attachments_estimate": 0, "photos_assessed": 2, "capture_sequences": 1, "photo_shown_date": "2024-03", "latest_available_photo_date": "2024-03", "source_photo_url": "https://www.mapillary.com/app/?pKey=1084388879976296&focus=photo", "nearest_osm_pole_m": null}}, {"type": "Feature", "geometry": {"type": "Point", "coordinates": [-73.95889, 40.735596]}, "properties": {"id": "gree-00490", "is_utility_pole": false, "pole_type": "street_light", "model_flags": ["vegetation"], "model_watch": ["lean_slight"], "lean": "slight", "crossarm": "none_visible", "vegetation": "touching", "transformer": false, "attachments_estimate": 0, "photos_assessed": 3, "capture_sequences": 1, "photo_shown_date": "2023-10", "latest_available_photo_date": "2023-10", "source_photo_url": "https://www.mapillary.com/app/?pKey=321209780612105&focus=photo", "nearest_osm_pole_m": null}}, {"type": "Feature", "geometry": {"type": "Point", "coordinates": [-73.959395, 40.735563]}, "properties": {"id": "gree-00491", "is_utility_pole": false, "pole_type": "unclear", "model_flags": [], "model_watch": [], "lean": "unclear", "crossarm": "none_visible", "vegetation": "unclear", "transformer": false, "attachments_estimate": 0, "photos_assessed": 2, "capture_sequences": 1, "photo_shown_date": "2023-10", "latest_available_photo_date": "2023-10", "source_photo_url": "https://www.mapillary.com/app/?pKey=648602347255749&focus=photo", "nearest_osm_pole_m": null}}, {"type": "Feature", "geometry": {"type": "Point", "coordinates": [-73.95908, 40.73548]}, "properties": {"id": "gree-00492", "is_utility_pole": false, "pole_type": "unclear", "model_flags": [], "model_watch": [], "lean": "unclear", "crossarm": "none_visible", "vegetation": "unclear", "transformer": false, "attachments_estimate": 0, "photos_assessed": 3, "capture_sequences": 1, "photo_shown_date": "2023-10", "latest_available_photo_date": "2023-10", "source_photo_url": "https://www.mapillary.com/app/?pKey=2618986338261502&focus=photo", "nearest_osm_pole_m": null}}, {"type": "Feature", "geometry": {"type": "Point", "coordinates": [-73.95958, 40.735775]}, "properties": {"id": "gree-00493", "is_utility_pole": false, "pole_type": "street_light", "model_flags": [], "model_watch": [], "lean": "none", "crossarm": "none_visible", "vegetation": "near", "transformer": false, "attachments_estimate": 0, "photos_assessed": 1, "capture_sequences": 1, "photo_shown_date": "2023-10", "latest_available_photo_date": "2023-10", "source_photo_url": "https://www.mapillary.com/app/?pKey=1289231618435077&focus=photo", "nearest_osm_pole_m": null}}, {"type": "Feature", "geometry": {"type": "Point", "coordinates": [-73.93329, 40.737114]}, "properties": {"id": "gree-00494", "is_utility_pole": false, "pole_type": "street_light", "model_flags": ["vegetation"], "model_watch": [], "lean": "none", "crossarm": "none_visible", "vegetation": "touching", "transformer": false, "attachments_estimate": 0, "photos_assessed": 3, "capture_sequences": 1, "photo_shown_date": "2018-08", "latest_available_photo_date": "2018-08", "source_photo_url": "https://www.mapillary.com/app/?pKey=220288586247479&focus=photo", "nearest_osm_pole_m": null}}, {"type": "Feature", "geometry": {"type": "Point", "coordinates": [-73.93277, 40.737114]}, "properties": {"id": "gree-00495", "is_utility_pole": false, "pole_type": "other", "model_flags": [], "model_watch": [], "lean": "none", "crossarm": "none_visible", "vegetation": "none", "transformer": false, "attachments_estimate": 0, "photos_assessed": 2, "capture_sequences": 1, "photo_shown_date": "2018-08", "latest_available_photo_date": "2018-08", "source_photo_url": "https://www.mapillary.com/app/?pKey=511361623330998&focus=photo", "nearest_osm_pole_m": null}}, {"type": "Feature", "geometry": {"type": "Point", "coordinates": [-73.94295, 40.72569]}, "properties": {"id": "gree-00496", "is_utility_pole": true, "pole_type": "wood_utility", "model_flags": ["lean"], "model_watch": [], "lean": "severe", "crossarm": "none_visible", "vegetation": "near", "transformer": false, "attachments_estimate": 0, "photos_assessed": 3, "capture_sequences": 1, "photo_shown_date": "2024-03", "latest_available_photo_date": "2024-03", "source_photo_url": "https://www.mapillary.com/app/?pKey=1438441943745319&focus=photo", "nearest_osm_pole_m": null}}, {"type": "Feature", "geometry": {"type": "Point", "coordinates": [-73.942825, 40.725563]}, "properties": {"id": "gree-00497", "is_utility_pole": true, "pole_type": "wood_utility", "model_flags": [], "model_watch": [], "lean": "none", "crossarm": "unclear", "vegetation": "near", "transformer": false, "attachments_estimate": 2, "photos_assessed": 3, "capture_sequences": 1, "photo_shown_date": "2024-03", "latest_available_photo_date": "2024-03", "source_photo_url": "https://www.mapillary.com/app/?pKey=1252305765541683&focus=photo", "nearest_osm_pole_m": null}}, {"type": "Feature", "geometry": {"type": "Point", "coordinates": [-73.95325, 40.72809]}, "properties": {"id": "gree-00498", "is_utility_pole": false, "pole_type": "traffic_signal", "model_flags": [], "model_watch": [], "lean": "none", "crossarm": "none_visible", "vegetation": "none", "transformer": false, "attachments_estimate": 0, "photos_assessed": 3, "capture_sequences": 1, "photo_shown_date": "2016-06", "latest_available_photo_date": "2016-06", "source_photo_url": "https://www.mapillary.com/app/?pKey=358187759026768&focus=photo", "nearest_osm_pole_m": null}}, {"type": "Feature", "geometry": {"type": "Point", "coordinates": [-73.952095, 40.733795]}, "properties": {"id": "gree-00499", "is_utility_pole": false, "pole_type": "street_light", "model_flags": [], "model_watch": [], "lean": "none", "crossarm": "none_visible", "vegetation": "none", "transformer": false, "attachments_estimate": 2, "photos_assessed": 3, "capture_sequences": 1, "photo_shown_date": "2018-08", "latest_available_photo_date": "2018-08", "source_photo_url": "https://www.mapillary.com/app/?pKey=284079943430379&focus=photo", "nearest_osm_pole_m": null}}, {"type": "Feature", "geometry": {"type": "Point", "coordinates": [-73.952126, 40.733467]}, "properties": {"id": "gree-00500", "is_utility_pole": true, "pole_type": "wood_utility", "model_flags": [], "model_watch": ["lean_slight"], "lean": "slight", "crossarm": "unclear", "vegetation": "none", "transformer": false, "attachments_estimate": 2, "photos_assessed": 2, "capture_sequences": 1, "photo_shown_date": "2018-08", "latest_available_photo_date": "2018-08", "source_photo_url": "https://www.mapillary.com/app/?pKey=307715834180065&focus=photo", "nearest_osm_pole_m": null}}, {"type": "Feature", "geometry": {"type": "Point", "coordinates": [-73.956055, 40.7195]}, "properties": {"id": "gree-00501", "is_utility_pole": true, "pole_type": "wood_utility", "model_flags": ["vegetation"], "model_watch": ["lean_slight"], "lean": "slight", "crossarm": "none_visible", "vegetation": "touching", "transformer": false, "attachments_estimate": 2, "photos_assessed": 3, "capture_sequences": 1, "photo_shown_date": "2016-07", "latest_available_photo_date": "2016-07", "source_photo_url": "https://www.mapillary.com/app/?pKey=279401070500778&focus=photo", "nearest_osm_pole_m": null}}, {"type": "Feature", "geometry": {"type": "Point", "coordinates": [-73.9405375, 40.7248135]}, "properties": {"id": "gree-00502", "is_utility_pole": true, "pole_type": "wood_utility", "model_flags": [], "model_watch": ["lean_slight"], "lean": "slight", "crossarm": "none_visible", "vegetation": "near", "transformer": false, "attachments_estimate": 1, "photos_assessed": 6, "capture_sequences": 2, "photo_shown_date": "2024-03", "latest_available_photo_date": "2024-03", "source_photo_url": "https://www.mapillary.com/app/?pKey=1574517950004457&focus=photo", "nearest_osm_pole_m": null}}, {"type": "Feature", "geometry": {"type": "Point", "coordinates": [-73.96088, 40.720802]}, "properties": {"id": "gree-00503", "is_utility_pole": true, "pole_type": "wood_utility", "model_flags": [], "model_watch": ["lean_slight"], "lean": "slight", "crossarm": "none_visible", "vegetation": "near", "transformer": false, "attachments_estimate": 1, "photos_assessed": 3, "capture_sequences": 1, "photo_shown_date": "2019-12", "latest_available_photo_date": "2019-12", "source_photo_url": "https://www.mapillary.com/app/?pKey=219964499932797&focus=photo", "nearest_osm_pole_m": null}}, {"type": "Feature", "geometry": {"type": "Point", "coordinates": [-73.9533, 40.719902]}, "properties": {"id": "gree-00504", "is_utility_pole": false, "pole_type": "traffic_signal", "model_flags": [], "model_watch": [], "lean": "none", "crossarm": "none_visible", "vegetation": "near", "transformer": false, "attachments_estimate": 0, "photos_assessed": 3, "capture_sequences": 1, "photo_shown_date": "2023-09", "latest_available_photo_date": "2023-09", "source_photo_url": "https://www.mapillary.com/app/?pKey=234624966203719&focus=photo", "nearest_osm_pole_m": null}}, {"type": "Feature", "geometry": {"type": "Point", "coordinates": [-73.951546, 40.719223]}, "properties": {"id": "gree-00505", "is_utility_pole": false, "pole_type": "street_light", "model_flags": [], "model_watch": [], "lean": "none", "crossarm": "none_visible", "vegetation": "near", "transformer": false, "attachments_estimate": 0, "photos_assessed": 3, "capture_sequences": 1, "photo_shown_date": "2023-09", "latest_available_photo_date": "2023-09", "source_photo_url": "https://www.mapillary.com/app/?pKey=615336750800766&focus=photo", "nearest_osm_pole_m": null}}, {"type": "Feature", "geometry": {"type": "Point", "coordinates": [-73.95147, 40.719353]}, "properties": {"id": "gree-00506", "is_utility_pole": false, "pole_type": "street_light", "model_flags": [], "model_watch": [], "lean": "none", "crossarm": "none_visible", "vegetation": "near", "transformer": false, "attachments_estimate": 0, "photos_assessed": 1, "capture_sequences": 1, "photo_shown_date": "2023-09", "latest_available_photo_date": "2023-09", "source_photo_url": "https://www.mapillary.com/app/?pKey=2016616338700549&focus=photo", "nearest_osm_pole_m": null}}, {"type": "Feature", "geometry": {"type": "Point", "coordinates": [-73.93829, 40.734455]}, "properties": {"id": "gree-00507", "is_utility_pole": true, "pole_type": "wood_utility", "model_flags": [], "model_watch": ["lean_slight"], "lean": "slight", "crossarm": "none_visible", "vegetation": "none", "transformer": false, "attachments_estimate": 2, "photos_assessed": 3, "capture_sequences": 1, "photo_shown_date": "2018-05", "latest_available_photo_date": "2018-05", "source_photo_url": "https://www.mapillary.com/app/?pKey=921543975296761&focus=photo", "nearest_osm_pole_m": null}}, {"type": "Feature", "geometry": {"type": "Point", "coordinates": [-73.937866, 40.734812]}, "properties": {"id": "gree-00508", "is_utility_pole": true, "pole_type": "wood_utility", "model_flags": [], "model_watch": ["lean_slight"], "lean": "slight", "crossarm": "none_visible", "vegetation": "none", "transformer": false, "attachments_estimate": 2, "photos_assessed": 5, "capture_sequences": 2, "photo_shown_date": "2018-05", "latest_available_photo_date": "2018-05", "source_photo_url": "https://www.mapillary.com/app/?pKey=888611188382563&focus=photo", "nearest_osm_pole_m": null}}, {"type": "Feature", "geometry": {"type": "Point", "coordinates": [-73.93809, 40.7346035]}, "properties": {"id": "gree-00509", "is_utility_pole": true, "pole_type": "wood_utility", "model_flags": [], "model_watch": [], "lean": "none", "crossarm": "none_visible", "vegetation": "none", "transformer": false, "attachments_estimate": 2, "photos_assessed": 6, "capture_sequences": 1, "photo_shown_date": "2018-05", "latest_available_photo_date": "2018-05", "source_photo_url": "https://www.mapillary.com/app/?pKey=1520473621624445&focus=photo", "nearest_osm_pole_m": null}}, {"type": "Feature", "geometry": {"type": "Point", "coordinates": [-73.935185, 40.7256788]}, "properties": {"id": "gree-00510", "is_utility_pole": true, "pole_type": "wood_utility", "model_flags": [], "model_watch": ["lean_slight"], "lean": "slight", "crossarm": "intact", "vegetation": "none", "transformer": false, "attachments_estimate": 1, "photos_assessed": 4, "capture_sequences": 1, "photo_shown_date": "2023-10", "latest_available_photo_date": "2023-10", "source_photo_url": "https://www.mapillary.com/app/?pKey=630273629181351&focus=photo", "nearest_osm_pole_m": null}}, {"type": "Feature", "geometry": {"type": "Point", "coordinates": [-73.948517, 40.7362825]}, "properties": {"id": "gree-00511", "is_utility_pole": false, "pole_type": "street_light", "model_flags": [], "model_watch": [], "lean": "none", "crossarm": "none_visible", "vegetation": "none", "transformer": false, "attachments_estimate": 0, "photos_assessed": 6, "capture_sequences": 2, "photo_shown_date": "2023-08", "latest_available_photo_date": "2023-08", "source_photo_url": "https://www.mapillary.com/app/?pKey=1300450760833598&focus=photo", "nearest_osm_pole_m": null}}, {"type": "Feature", "geometry": {"type": "Point", "coordinates": [-73.948395, 40.73624]}, "properties": {"id": "gree-00512", "is_utility_pole": true, "pole_type": "wood_utility", "model_flags": [], "model_watch": [], "lean": "none", "crossarm": "none_visible", "vegetation": "none", "transformer": false, "attachments_estimate": 0, "photos_assessed": 2, "capture_sequences": 1, "photo_shown_date": "2016-07", "latest_available_photo_date": "2016-07", "source_photo_url": "https://www.mapillary.com/app/?pKey=930451167718540&focus=photo", "nearest_osm_pole_m": null}}, {"type": "Feature", "geometry": {"type": "Point", "coordinates": [-73.95301, 40.736702]}, "properties": {"id": "gree-00513", "is_utility_pole": false, "pole_type": "other", "model_flags": [], "model_watch": ["lean_slight"], "lean": "slight", "crossarm": "none_visible", "vegetation": "none", "transformer": false, "attachments_estimate": 1, "photos_assessed": 3, "capture_sequences": 1, "photo_shown_date": "2016-05", "latest_available_photo_date": "2016-05", "source_photo_url": "https://www.mapillary.com/app/?pKey=889188655145951&focus=photo", "nearest_osm_pole_m": null}}, {"type": "Feature", "geometry": {"type": "Point", "coordinates": [-73.94697, 40.722324]}, "properties": {"id": "gree-00514", "is_utility_pole": true, "pole_type": "wood_utility", "model_flags": [], "model_watch": ["lean_slight"], "lean": "slight", "crossarm": "none_visible", "vegetation": "none", "transformer": false, "attachments_estimate": 2, "photos_assessed": 2, "capture_sequences": 1, "photo_shown_date": "2020-04", "latest_available_photo_date": "2020-04", "source_photo_url": "https://www.mapillary.com/app/?pKey=498906008203126&focus=photo", "nearest_osm_pole_m": null}}, {"type": "Feature", "geometry": {"type": "Point", "coordinates": [-73.9354312, 40.7364225]}, "properties": {"id": "gree-00515", "is_utility_pole": true, "pole_type": "wood_utility", "model_flags": [], "model_watch": ["lean_slight"], "lean": "slight", "crossarm": "unclear", "vegetation": "near", "transformer": false, "attachments_estimate": 2, "photos_assessed": 4, "capture_sequences": 1, "photo_shown_date": "2018-06", "latest_available_photo_date": "2018-06", "source_photo_url": "https://www.mapillary.com/app/?pKey=842751679922636&focus=photo", "nearest_osm_pole_m": null}}, {"type": "Feature", "geometry": {"type": "Point", "coordinates": [-73.9359219, 40.736787]}, "properties": {"id": "gree-00516", "is_utility_pole": true, "pole_type": "wood_utility", "model_flags": [], "model_watch": ["lean_slight"], "lean": "slight", "crossarm": "none_visible", "vegetation": "none", "transformer": false, "attachments_estimate": 1, "photos_assessed": 8, "capture_sequences": 1, "photo_shown_date": "2018-06", "latest_available_photo_date": "2018-06", "source_photo_url": "https://www.mapillary.com/app/?pKey=362301551878050&focus=photo", "nearest_osm_pole_m": null}}, {"type": "Feature", "geometry": {"type": "Point", "coordinates": [-73.935555, 40.73664]}, "properties": {"id": "gree-00517", "is_utility_pole": true, "pole_type": "wood_utility", "model_flags": ["lean"], "model_watch": [], "lean": "severe", "crossarm": "none_visible", "vegetation": "near", "transformer": false, "attachments_estimate": 1, "photos_assessed": 3, "capture_sequences": 1, "photo_shown_date": "2018-06", "latest_available_photo_date": "2018-06", "source_photo_url": "https://www.mapillary.com/app/?pKey=842751679922636&focus=photo", "nearest_osm_pole_m": null}}, {"type": "Feature", "geometry": {"type": "Point", "coordinates": [-73.93627, 40.7365965]}, "properties": {"id": "gree-00518", "is_utility_pole": true, "pole_type": "wood_utility", "model_flags": [], "model_watch": ["lean_slight"], "lean": "slight", "crossarm": "none_visible", "vegetation": "none", "transformer": false, "attachments_estimate": 0, "photos_assessed": 2, "capture_sequences": 1, "photo_shown_date": "2018-06", "latest_available_photo_date": "2018-06", "source_photo_url": "https://www.mapillary.com/app/?pKey=1359698161052010&focus=photo", "nearest_osm_pole_m": null}}, {"type": "Feature", "geometry": {"type": "Point", "coordinates": [-73.93558, 40.736782]}, "properties": {"id": "gree-00519", "is_utility_pole": false, "pole_type": "street_light", "model_flags": [], "model_watch": [], "lean": "none", "crossarm": "none_visible", "vegetation": "none", "transformer": false, "attachments_estimate": 0, "photos_assessed": 3, "capture_sequences": 1, "photo_shown_date": "2018-06", "latest_available_photo_date": "2018-06", "source_photo_url": "https://www.mapillary.com/app/?pKey=907665763406758&focus=photo", "nearest_osm_pole_m": null}}, {"type": "Feature", "geometry": {"type": "Point", "coordinates": [-73.93666, 40.736496]}, "properties": {"id": "gree-00520", "is_utility_pole": true, "pole_type": "wood_utility", "model_flags": [], "model_watch": ["lean_slight"], "lean": "slight", "crossarm": "none_visible", "vegetation": "none", "transformer": false, "attachments_estimate": 1, "photos_assessed": 2, "capture_sequences": 1, "photo_shown_date": "2018-06", "latest_available_photo_date": "2018-06", "source_photo_url": "https://www.mapillary.com/app/?pKey=480552693093312&focus=photo", "nearest_osm_pole_m": null}}, {"type": "Feature", "geometry": {"type": "Point", "coordinates": [-73.93617, 40.736504]}, "properties": {"id": "gree-00521", "is_utility_pole": true, "pole_type": "wood_utility", "model_flags": [], "model_watch": ["lean_slight"], "lean": "slight", "crossarm": "none_visible", "vegetation": "near", "transformer": false, "attachments_estimate": 1, "photos_assessed": 3, "capture_sequences": 1, "photo_shown_date": "2018-06", "latest_available_photo_date": "2018-06", "source_photo_url": "https://www.mapillary.com/app/?pKey=293778905525030&focus=photo", "nearest_osm_pole_m": null}}, {"type": "Feature", "geometry": {"type": "Point", "coordinates": [-73.93616, 40.736687]}, "properties": {"id": "gree-00522", "is_utility_pole": true, "pole_type": "wood_utility", "model_flags": [], "model_watch": ["lean_slight"], "lean": "slight", "crossarm": "none_visible", "vegetation": "none", "transformer": false, "attachments_estimate": 0, "photos_assessed": 3, "capture_sequences": 1, "photo_shown_date": "2018-06", "latest_available_photo_date": "2018-06", "source_photo_url": "https://www.mapillary.com/app/?pKey=3599806126911585&focus=photo", "nearest_osm_pole_m": null}}, {"type": "Feature", "geometry": {"type": "Point", "coordinates": [-73.95677, 40.7229]}, "properties": {"id": "gree-00523", "is_utility_pole": false, "pole_type": "street_light", "model_flags": [], "model_watch": [], "lean": "none", "crossarm": "none_visible", "vegetation": "none", "transformer": false, "attachments_estimate": 1, "photos_assessed": 3, "capture_sequences": 1, "photo_shown_date": "2019-12", "latest_available_photo_date": "2019-12", "source_photo_url": "https://www.mapillary.com/app/?pKey=297843401955585&focus=photo", "nearest_osm_pole_m": null}}, {"type": "Feature", "geometry": {"type": "Point", "coordinates": [-73.93311, 40.73745]}, "properties": {"id": "gree-00524", "is_utility_pole": false, "pole_type": "street_light", "model_flags": [], "model_watch": [], "lean": "none", "crossarm": "none_visible", "vegetation": "none", "transformer": false, "attachments_estimate": 0, "photos_assessed": 3, "capture_sequences": 1, "photo_shown_date": "2018-10", "latest_available_photo_date": "2018-10", "source_photo_url": "https://www.mapillary.com/app/?pKey=857610861498096&focus=photo", "nearest_osm_pole_m": null}}, {"type": "Feature", "geometry": {"type": "Point", "coordinates": [-73.933205, 40.737354]}, "properties": {"id": "gree-00525", "is_utility_pole": false, "pole_type": "unclear", "model_flags": [], "model_watch": [], "lean": "unclear", "crossarm": "unclear", "vegetation": "unclear", "transformer": false, "attachments_estimate": 0, "photos_assessed": 2, "capture_sequences": 1, "photo_shown_date": "2018-10", "latest_available_photo_date": "2018-10", "source_photo_url": "https://www.mapillary.com/app/?pKey=5461824950556198&focus=photo", "nearest_osm_pole_m": null}}, {"type": "Feature", "geometry": {"type": "Point", "coordinates": [-73.94933, 40.72941]}, "properties": {"id": "gree-00526", "is_utility_pole": true, "pole_type": "wood_utility", "model_flags": [], "model_watch": ["lean_slight"], "lean": "slight", "crossarm": "none_visible", "vegetation": "none", "transformer": false, "attachments_estimate": 1, "photos_assessed": 3, "capture_sequences": 1, "photo_shown_date": "2016-02", "latest_available_photo_date": "2016-02", "source_photo_url": "https://www.mapillary.com/app/?pKey=369209487812298&focus=photo", "nearest_osm_pole_m": null}}, {"type": "Feature", "geometry": {"type": "Point", "coordinates": [-73.94925, 40.72946]}, "properties": {"id": "gree-00527", "is_utility_pole": false, "pole_type": "street_light", "model_flags": [], "model_watch": [], "lean": "none", "crossarm": "none_visible", "vegetation": "none", "transformer": false, "attachments_estimate": 0, "photos_assessed": 1, "capture_sequences": 1, "photo_shown_date": "2016-02", "latest_available_photo_date": "2016-02", "source_photo_url": "https://www.mapillary.com/app/?pKey=2751810258276350&focus=photo", "nearest_osm_pole_m": null}}, {"type": "Feature", "geometry": {"type": "Point", "coordinates": [-73.95149, 40.737034]}, "properties": {"id": "gree-00528", "is_utility_pole": true, "pole_type": "wood_utility", "model_flags": [], "model_watch": ["lean_slight"], "lean": "slight", "crossarm": "none_visible", "vegetation": "none", "transformer": false, "attachments_estimate": 0, "photos_assessed": 3, "capture_sequences": 1, "photo_shown_date": "2019-12", "latest_available_photo_date": "2019-12", "source_photo_url": "https://www.mapillary.com/app/?pKey=479704346817610&focus=photo", "nearest_osm_pole_m": null}}, {"type": "Feature", "geometry": {"type": "Point", "coordinates": [-73.95218, 40.737247]}, "properties": {"id": "gree-00529", "is_utility_pole": false, "pole_type": "street_light", "model_flags": [], "model_watch": [], "lean": "none", "crossarm": "none_visible", "vegetation": "none", "transformer": false, "attachments_estimate": 0, "photos_assessed": 1, "capture_sequences": 1, "photo_shown_date": "2019-12", "latest_available_photo_date": "2019-12", "source_photo_url": "https://www.mapillary.com/app/?pKey=323830189262445&focus=photo", "nearest_osm_pole_m": null}}, {"type": "Feature", "geometry": {"type": "Point", "coordinates": [-73.952545, 40.73738]}, "properties": {"id": "gree-00530", "is_utility_pole": true, "pole_type": "wood_utility", "model_flags": [], "model_watch": [], "lean": "none", "crossarm": "none_visible", "vegetation": "none", "transformer": false, "attachments_estimate": 1, "photos_assessed": 2, "capture_sequences": 1, "photo_shown_date": "2019-12", "latest_available_photo_date": "2019-12", "source_photo_url": "https://www.mapillary.com/app/?pKey=164971022127444&focus=photo", "nearest_osm_pole_m": null}}, {"type": "Feature", "geometry": {"type": "Point", "coordinates": [-73.959564, 40.71999]}, "properties": {"id": "gree-00531", "is_utility_pole": true, "pole_type": "wood_utility", "model_flags": [], "model_watch": ["lean_slight"], "lean": "slight", "crossarm": "none_visible", "vegetation": "near", "transformer": false, "attachments_estimate": 2, "photos_assessed": 3, "capture_sequences": 1, "photo_shown_date": "2019-12", "latest_available_photo_date": "2019-12", "source_photo_url": "https://www.mapillary.com/app/?pKey=495612735220777&focus=photo", "nearest_osm_pole_m": null}}, {"type": "Feature", "geometry": {"type": "Point", "coordinates": [-73.931984, 40.73671]}, "properties": {"id": "gree-00532", "is_utility_pole": true, "pole_type": "wood_utility", "model_flags": [], "model_watch": [], "lean": "none", "crossarm": "none_visible", "vegetation": "none", "transformer": false, "attachments_estimate": 1, "photos_assessed": 3, "capture_sequences": 1, "photo_shown_date": "2018-09", "latest_available_photo_date": "2018-09", "source_photo_url": "https://www.mapillary.com/app/?pKey=331072228358394&focus=photo", "nearest_osm_pole_m": null}}, {"type": "Feature", "geometry": {"type": "Point", "coordinates": [-73.93207, 40.7366525]}, "properties": {"id": "gree-00533", "is_utility_pole": true, "pole_type": "wood_utility", "model_flags": [], "model_watch": [], "lean": "none", "crossarm": "unclear", "vegetation": "none", "transformer": false, "attachments_estimate": 1, "photos_assessed": 6, "capture_sequences": 1, "photo_shown_date": "2018-09", "latest_available_photo_date": "2018-09", "source_photo_url": "https://www.mapillary.com/app/?pKey=112537857580101&focus=photo", "nearest_osm_pole_m": null}}, {"type": "Feature", "geometry": {"type": "Point", "coordinates": [-73.932655, 40.736404]}, "properties": {"id": "gree-00534", "is_utility_pole": true, "pole_type": "wood_utility", "model_flags": [], "model_watch": ["lean_slight"], "lean": "slight", "crossarm": "none_visible", "vegetation": "none", "transformer": false, "attachments_estimate": 2, "photos_assessed": 1, "capture_sequences": 1, "photo_shown_date": "2018-09", "latest_available_photo_date": "2018-09", "source_photo_url": "https://www.mapillary.com/app/?pKey=148963147211001&focus=photo", "nearest_osm_pole_m": null}}, {"type": "Feature", "geometry": {"type": "Point", "coordinates": [-73.93694, 40.735744]}, "properties": {"id": "gree-00535", "is_utility_pole": true, "pole_type": "wood_utility", "model_flags": ["vegetation"], "model_watch": ["lean_slight"], "lean": "slight", "crossarm": "none_visible", "vegetation": "touching", "transformer": false, "attachments_estimate": 1, "photos_assessed": 3, "capture_sequences": 1, "photo_shown_date": "2018-06", "latest_available_photo_date": "2018-06", "source_photo_url": "https://www.mapillary.com/app/?pKey=146877594064566&focus=photo", "nearest_osm_pole_m": null}}, {"type": "Feature", "geometry": {"type": "Point", "coordinates": [-73.93651, 40.735687]}, "properties": {"id": "gree-00536", "is_utility_pole": true, "pole_type": "wood_utility", "model_flags": ["vegetation"], "model_watch": ["lean_slight"], "lean": "slight", "crossarm": "none_visible", "vegetation": "touching", "transformer": false, "attachments_estimate": 1, "photos_assessed": 3, "capture_sequences": 1, "photo_shown_date": "2018-06", "latest_available_photo_date": "2018-06", "source_photo_url": "https://www.mapillary.com/app/?pKey=151640250234685&focus=photo", "nearest_osm_pole_m": null}}, {"type": "Feature", "geometry": {"type": "Point", "coordinates": [-73.93739, 40.723392]}, "properties": {"id": "gree-00537", "is_utility_pole": true, "pole_type": "wood_utility", "model_flags": [], "model_watch": [], "lean": "none", "crossarm": "none_visible", "vegetation": "none", "transformer": false, "attachments_estimate": 1, "photos_assessed": 2, "capture_sequences": 1, "photo_shown_date": "2023-10", "latest_available_photo_date": "2023-10", "source_photo_url": "https://www.mapillary.com/app/?pKey=349026030920875&focus=photo", "nearest_osm_pole_m": null}}, {"type": "Feature", "geometry": {"type": "Point", "coordinates": [-73.93704, 40.723454]}, "properties": {"id": "gree-00538", "is_utility_pole": true, "pole_type": "wood_utility", "model_flags": [], "model_watch": [], "lean": "unclear", "crossarm": "intact", "vegetation": "near", "transformer": true, "attachments_estimate": 0, "photos_assessed": 3, "capture_sequences": 1, "photo_shown_date": "2023-10", "latest_available_photo_date": "2023-10", "source_photo_url": "https://www.mapillary.com/app/?pKey=252028917424566&focus=photo", "nearest_osm_pole_m": null}}, {"type": "Feature", "geometry": {"type": "Point", "coordinates": [-73.93721, 40.7235064]}, "properties": {"id": "gree-00539", "is_utility_pole": true, "pole_type": "wood_utility", "model_flags": [], "model_watch": ["lean_slight"], "lean": "slight", "crossarm": "none_visible", "vegetation": "near", "transformer": false, "attachments_estimate": 1, "photos_assessed": 5, "capture_sequences": 1, "photo_shown_date": "2023-10", "latest_available_photo_date": "2023-10", "source_photo_url": "https://www.mapillary.com/app/?pKey=234892852618190&focus=photo", "nearest_osm_pole_m": null}}, {"type": "Feature", "geometry": {"type": "Point", "coordinates": [-73.9371276, 40.7235602]}, "properties": {"id": "gree-00540", "is_utility_pole": true, "pole_type": "wood_utility", "model_flags": [], "model_watch": ["lean_slight"], "lean": "slight", "crossarm": "none_visible", "vegetation": "near", "transformer": false, "attachments_estimate": 0, "photos_assessed": 5, "capture_sequences": 1, "photo_shown_date": "2023-10", "latest_available_photo_date": "2023-10", "source_photo_url": "https://www.mapillary.com/app/?pKey=774537014476417&focus=photo", "nearest_osm_pole_m": null}}, {"type": "Feature", "geometry": {"type": "Point", "coordinates": [-73.9366455, 40.7235435]}, "properties": {"id": "gree-00541", "is_utility_pole": true, "pole_type": "wood_utility", "model_flags": [], "model_watch": ["lean_slight"], "lean": "slight", "crossarm": "intact", "vegetation": "near", "transformer": false, "attachments_estimate": 0, "photos_assessed": 6, "capture_sequences": 2, "photo_shown_date": "2023-10", "latest_available_photo_date": "2023-10", "source_photo_url": "https://www.mapillary.com/app/?pKey=317132434352790&focus=photo", "nearest_osm_pole_m": null}}, {"type": "Feature", "geometry": {"type": "Point", "coordinates": [-73.9467, 40.725105]}, "properties": {"id": "gree-00542", "is_utility_pole": false, "pole_type": "street_light", "model_flags": [], "model_watch": [], "lean": "none", "crossarm": "none_visible", "vegetation": "none", "transformer": false, "attachments_estimate": 0, "photos_assessed": 3, "capture_sequences": 1, "photo_shown_date": "2022-01", "latest_available_photo_date": "2022-01", "source_photo_url": "https://www.mapillary.com/app/?pKey=1600818563585583&focus=photo", "nearest_osm_pole_m": null}}, {"type": "Feature", "geometry": {"type": "Point", "coordinates": [-73.94759, 40.725025]}, "properties": {"id": "gree-00543", "is_utility_pole": true, "pole_type": "wood_utility", "model_flags": [], "model_watch": ["lean_slight"], "lean": "slight", "crossarm": "none_visible", "vegetation": "none", "transformer": false, "attachments_estimate": 3, "photos_assessed": 3, "capture_sequences": 1, "photo_shown_date": "2022-01", "latest_available_photo_date": "2022-01", "source_photo_url": "https://www.mapillary.com/app/?pKey=141635731637330&focus=photo", "nearest_osm_pole_m": null}}, {"type": "Feature", "geometry": {"type": "Point", "coordinates": [-73.95269, 40.727215]}, "properties": {"id": "gree-00544", "is_utility_pole": false, "pole_type": "traffic_signal", "model_flags": [], "model_watch": [], "lean": "none", "crossarm": "none_visible", "vegetation": "none", "transformer": false, "attachments_estimate": 0, "photos_assessed": 3, "capture_sequences": 1, "photo_shown_date": "2016-06", "latest_available_photo_date": "2016-06", "source_photo_url": "https://www.mapillary.com/app/?pKey=1401412643551975&focus=photo", "nearest_osm_pole_m": null}}, {"type": "Feature", "geometry": {"type": "Point", "coordinates": [-73.93434, 40.73586]}, "properties": {"id": "gree-00545", "is_utility_pole": true, "pole_type": "wood_utility", "model_flags": [], "model_watch": ["lean_slight"], "lean": "slight", "crossarm": "unclear", "vegetation": "none", "transformer": false, "attachments_estimate": 2, "photos_assessed": 2, "capture_sequences": 1, "photo_shown_date": "2015-06", "latest_available_photo_date": "2015-06", "source_photo_url": "https://www.mapillary.com/app/?pKey=125368316216369&focus=photo", "nearest_osm_pole_m": null}}, {"type": "Feature", "geometry": {"type": "Point", "coordinates": [-73.95533, 40.73724]}, "properties": {"id": "gree-00546", "is_utility_pole": true, "pole_type": "wood_utility", "model_flags": [], "model_watch": [], "lean": "none", "crossarm": "unclear", "vegetation": "near", "transformer": false, "attachments_estimate": 1, "photos_assessed": 2, "capture_sequences": 1, "photo_shown_date": "2018-11", "latest_available_photo_date": "2018-11", "source_photo_url": "https://www.mapillary.com/app/?pKey=884775572391437&focus=photo", "nearest_osm_pole_m": null}}, {"type": "Feature", "geometry": {"type": "Point", "coordinates": [-73.937675, 40.735012]}, "properties": {"id": "gree-00547", "is_utility_pole": true, "pole_type": "wood_utility", "model_flags": [], "model_watch": [], "lean": "none", "crossarm": "none_visible", "vegetation": "near", "transformer": false, "attachments_estimate": 0, "photos_assessed": 1, "capture_sequences": 1, "photo_shown_date": "2018-05", "latest_available_photo_date": "2018-05", "source_photo_url": "https://www.mapillary.com/app/?pKey=384536806052152&focus=photo", "nearest_osm_pole_m": null}}, {"type": "Feature", "geometry": {"type": "Point", "coordinates": [-73.95209, 40.733147]}, "properties": {"id": "gree-00548", "is_utility_pole": true, "pole_type": "wood_utility", "model_flags": [], "model_watch": ["lean_slight"], "lean": "slight", "crossarm": "none_visible", "vegetation": "near", "transformer": false, "attachments_estimate": 1, "photos_assessed": 3, "capture_sequences": 1, "photo_shown_date": "2020-05", "latest_available_photo_date": "2020-05", "source_photo_url": "https://www.mapillary.com/app/?pKey=175638407808027&focus=photo", "nearest_osm_pole_m": null}}, {"type": "Feature", "geometry": {"type": "Point", "coordinates": [-73.95202, 40.7330425]}, "properties": {"id": "gree-00549", "is_utility_pole": true, "pole_type": "wood_utility", "model_flags": [], "model_watch": [], "lean": "none", "crossarm": "none_visible", "vegetation": "none", "transformer": false, "attachments_estimate": 2, "photos_assessed": 4, "capture_sequences": 2, "photo_shown_date": "2018-08", "latest_available_photo_date": "2020-05", "source_photo_url": "https://www.mapillary.com/app/?pKey=280432627134814&focus=photo", "nearest_osm_pole_m": null}}, {"type": "Feature", "geometry": {"type": "Point", "coordinates": [-73.95184, 40.733185]}, "properties": {"id": "gree-00550", "is_utility_pole": true, "pole_type": "wood_utility", "model_flags": [], "model_watch": [], "lean": "unclear", "crossarm": "unclear", "vegetation": "none", "transformer": false, "attachments_estimate": 1, "photos_assessed": 1, "capture_sequences": 1, "photo_shown_date": "2020-05", "latest_available_photo_date": "2020-05", "source_photo_url": "https://www.mapillary.com/app/?pKey=1069290583595302&focus=photo", "nearest_osm_pole_m": null}}, {"type": "Feature", "geometry": {"type": "Point", "coordinates": [-73.94913, 40.724453]}, "properties": {"id": "gree-00551", "is_utility_pole": true, "pole_type": "wood_utility", "model_flags": [], "model_watch": ["lean_slight"], "lean": "slight", "crossarm": "none_visible", "vegetation": "near", "transformer": false, "attachments_estimate": 2, "photos_assessed": 3, "capture_sequences": 1, "photo_shown_date": "2016-06", "latest_available_photo_date": "2016-06", "source_photo_url": "https://www.mapillary.com/app/?pKey=4298668733511174&focus=photo", "nearest_osm_pole_m": null}}, {"type": "Feature", "geometry": {"type": "Point", "coordinates": [-73.94064, 40.72522]}, "properties": {"id": "gree-00552", "is_utility_pole": true, "pole_type": "wood_utility", "model_flags": [], "model_watch": ["lean_slight"], "lean": "slight", "crossarm": "none_visible", "vegetation": "none", "transformer": false, "attachments_estimate": 2, "photos_assessed": 1, "capture_sequences": 1, "photo_shown_date": "2024-03", "latest_available_photo_date": "2024-03", "source_photo_url": "https://www.mapillary.com/app/?pKey=1081439053158802&focus=photo", "nearest_osm_pole_m": null}}, {"type": "Feature", "geometry": {"type": "Point", "coordinates": [-73.94034, 40.733143]}, "properties": {"id": "gree-00553", "is_utility_pole": false, "pole_type": "other", "model_flags": [], "model_watch": [], "lean": "none", "crossarm": "none_visible", "vegetation": "none", "transformer": false, "attachments_estimate": 0, "photos_assessed": 3, "capture_sequences": 1, "photo_shown_date": "2018-05", "latest_available_photo_date": "2018-05", "source_photo_url": "https://www.mapillary.com/app/?pKey=1038340270325669&focus=photo", "nearest_osm_pole_m": null}}, {"type": "Feature", "geometry": {"type": "Point", "coordinates": [-73.95884, 40.71964]}, "properties": {"id": "gree-00554", "is_utility_pole": true, "pole_type": "concrete_or_steel_utility", "model_flags": [], "model_watch": [], "lean": "none", "crossarm": "none_visible", "vegetation": "near", "transformer": false, "attachments_estimate": 1, "photos_assessed": 2, "capture_sequences": 1, "photo_shown_date": "2019-12", "latest_available_photo_date": "2019-12", "source_photo_url": "https://www.mapillary.com/app/?pKey=168028211907706&focus=photo", "nearest_osm_pole_m": null}}, {"type": "Feature", "geometry": {"type": "Point", "coordinates": [-73.95991, 40.720062]}, "properties": {"id": "gree-00555", "is_utility_pole": false, "pole_type": "street_light", "model_flags": [], "model_watch": [], "lean": "none", "crossarm": "none_visible", "vegetation": "none", "transformer": false, "attachments_estimate": 1, "photos_assessed": 3, "capture_sequences": 1, "photo_shown_date": "2019-12", "latest_available_photo_date": "2019-12", "source_photo_url": "https://www.mapillary.com/app/?pKey=2917934201772115&focus=photo", "nearest_osm_pole_m": null}}, {"type": "Feature", "geometry": {"type": "Point", "coordinates": [-73.95049, 40.736656]}, "properties": {"id": "gree-00556", "is_utility_pole": true, "pole_type": "wood_utility", "model_flags": [], "model_watch": [], "lean": "none", "crossarm": "none_visible", "vegetation": "near", "transformer": false, "attachments_estimate": 0, "photos_assessed": 3, "capture_sequences": 1, "photo_shown_date": "2018-08", "latest_available_photo_date": "2018-08", "source_photo_url": "https://www.mapillary.com/app/?pKey=839210620281444&focus=photo", "nearest_osm_pole_m": null}}, {"type": "Feature", "geometry": {"type": "Point", "coordinates": [-73.95714, 40.72764]}, "properties": {"id": "gree-00557", "is_utility_pole": true, "pole_type": "wood_utility", "model_flags": [], "model_watch": [], "lean": "none", "crossarm": "none_visible", "vegetation": "near", "transformer": false, "attachments_estimate": 2, "photos_assessed": 3, "capture_sequences": 1, "photo_shown_date": "2019-12", "latest_available_photo_date": "2019-12", "source_photo_url": "https://www.mapillary.com/app/?pKey=295542772052914&focus=photo", "nearest_osm_pole_m": null}}, {"type": "Feature", "geometry": {"type": "Point", "coordinates": [-73.9576, 40.72925]}, "properties": {"id": "gree-00558", "is_utility_pole": false, "pole_type": "traffic_signal", "model_flags": [], "model_watch": [], "lean": "none", "crossarm": "none_visible", "vegetation": "near", "transformer": false, "attachments_estimate": 0, "photos_assessed": 3, "capture_sequences": 1, "photo_shown_date": "2019-12", "latest_available_photo_date": "2019-12", "source_photo_url": "https://www.mapillary.com/app/?pKey=492287672109631&focus=photo", "nearest_osm_pole_m": null}}, {"type": "Feature", "geometry": {"type": "Point", "coordinates": [-73.95867, 40.728832]}, "properties": {"id": "gree-00559", "is_utility_pole": true, "pole_type": "wood_utility", "model_flags": [], "model_watch": ["lean_slight"], "lean": "slight", "crossarm": "none_visible", "vegetation": "none", "transformer": false, "attachments_estimate": 1, "photos_assessed": 3, "capture_sequences": 1, "photo_shown_date": "2019-12", "latest_available_photo_date": "2019-12", "source_photo_url": "https://www.mapillary.com/app/?pKey=2855450758054263&focus=photo", "nearest_osm_pole_m": null}}, {"type": "Feature", "geometry": {"type": "Point", "coordinates": [-73.9589, 40.728706]}, "properties": {"id": "gree-00560", "is_utility_pole": true, "pole_type": "wood_utility", "model_flags": [], "model_watch": [], "lean": "none", "crossarm": "none_visible", "vegetation": "none", "transformer": false, "attachments_estimate": 1, "photos_assessed": 3, "capture_sequences": 1, "photo_shown_date": "2019-12", "latest_available_photo_date": "2019-12", "source_photo_url": "https://www.mapillary.com/app/?pKey=568219904150110&focus=photo", "nearest_osm_pole_m": null}}, {"type": "Feature", "geometry": {"type": "Point", "coordinates": [-73.95016, 40.736557]}, "properties": {"id": "gree-00561", "is_utility_pole": true, "pole_type": "wood_utility", "model_flags": ["vegetation"], "model_watch": [], "lean": "none", "crossarm": "none_visible", "vegetation": "touching", "transformer": false, "attachments_estimate": 2, "photos_assessed": 3, "capture_sequences": 1, "photo_shown_date": "2018-08", "latest_available_photo_date": "2018-08", "source_photo_url": "https://www.mapillary.com/app/?pKey=493641731687427&focus=photo", "nearest_osm_pole_m": null}}, {"type": "Feature", "geometry": {"type": "Point", "coordinates": [-73.94607, 40.72895]}, "properties": {"id": "gree-00562", "is_utility_pole": true, "pole_type": "wood_utility", "model_flags": [], "model_watch": ["lean_slight"], "lean": "slight", "crossarm": "none_visible", "vegetation": "none", "transformer": false, "attachments_estimate": 1, "photos_assessed": 3, "capture_sequences": 1, "photo_shown_date": "2016-02", "latest_available_photo_date": "2016-02", "source_photo_url": "https://www.mapillary.com/app/?pKey=842515279942962&focus=photo", "nearest_osm_pole_m": null}}, {"type": "Feature", "geometry": {"type": "Point", "coordinates": [-73.930176, 40.737473]}, "properties": {"id": "gree-00563", "is_utility_pole": true, "pole_type": "wood_utility", "model_flags": [], "model_watch": ["lean_slight"], "lean": "slight", "crossarm": "none_visible", "vegetation": "none", "transformer": false, "attachments_estimate": 2, "photos_assessed": 1, "capture_sequences": 1, "photo_shown_date": "2018-08", "latest_available_photo_date": "2018-08", "source_photo_url": "https://www.mapillary.com/app/?pKey=318784369758279&focus=photo", "nearest_osm_pole_m": null}}, {"type": "Feature", "geometry": {"type": "Point", "coordinates": [-73.941471, 40.7245035]}, "properties": {"id": "gree-00564", "is_utility_pole": false, "pole_type": "street_light", "model_flags": [], "model_watch": [], "lean": "none", "crossarm": "none_visible", "vegetation": "near", "transformer": false, "attachments_estimate": 0, "photos_assessed": 4, "capture_sequences": 1, "photo_shown_date": "2024-07", "latest_available_photo_date": "2024-07", "source_photo_url": "https://www.mapillary.com/app/?pKey=857978622907787&focus=photo", "nearest_osm_pole_m": null}}, {"type": "Feature", "geometry": {"type": "Point", "coordinates": [-73.9414725, 40.724402]}, "properties": {"id": "gree-00565", "is_utility_pole": false, "pole_type": "street_light", "model_flags": ["vegetation"], "model_watch": ["lean_slight"], "lean": "slight", "crossarm": "none_visible", "vegetation": "touching", "transformer": false, "attachments_estimate": 0, "photos_assessed": 6, "capture_sequences": 2, "photo_shown_date": "2024-07", "latest_available_photo_date": "2024-07", "source_photo_url": "https://www.mapillary.com/app/?pKey=1394056097956462&focus=photo", "nearest_osm_pole_m": null}}, {"type": "Feature", "geometry": {"type": "Point", "coordinates": [-73.9332, 40.724854]}, "properties": {"id": "gree-00566", "is_utility_pole": false, "pole_type": "street_light", "model_flags": [], "model_watch": [], "lean": "none", "crossarm": "none_visible", "vegetation": "none", "transformer": false, "attachments_estimate": 1, "photos_assessed": 3, "capture_sequences": 1, "photo_shown_date": "2018-09", "latest_available_photo_date": "2018-09", "source_photo_url": "https://www.mapillary.com/app/?pKey=763207627730842&focus=photo", "nearest_osm_pole_m": null}}, {"type": "Feature", "geometry": {"type": "Point", "coordinates": [-73.9424983, 40.7257597]}, "properties": {"id": "gree-00567", "is_utility_pole": true, "pole_type": "wood_utility", "model_flags": [], "model_watch": ["lean_slight"], "lean": "slight", "crossarm": "intact", "vegetation": "none", "transformer": false, "attachments_estimate": 2, "photos_assessed": 18, "capture_sequences": 3, "photo_shown_date": "2023-10", "latest_available_photo_date": "2024-03", "source_photo_url": "https://www.mapillary.com/app/?pKey=692690472582901&focus=photo", "nearest_osm_pole_m": null}}, {"type": "Feature", "geometry": {"type": "Point", "coordinates": [-73.9353, 40.735523]}, "properties": {"id": "gree-00568", "is_utility_pole": true, "pole_type": "wood_utility", "model_flags": [], "model_watch": [], "lean": "none", "crossarm": "none_visible", "vegetation": "near", "transformer": false, "attachments_estimate": 2, "photos_assessed": 3, "capture_sequences": 1, "photo_shown_date": "2015-06", "latest_available_photo_date": "2015-06", "source_photo_url": "https://www.mapillary.com/app/?pKey=367145054948119&focus=photo", "nearest_osm_pole_m": null}}, {"type": "Feature", "geometry": {"type": "Point", "coordinates": [-73.94056, 40.7261]}, "properties": {"id": "gree-00569", "is_utility_pole": true, "pole_type": "wood_utility", "model_flags": [], "model_watch": ["lean_slight"], "lean": "slight", "crossarm": "none_visible", "vegetation": "none", "transformer": false, "attachments_estimate": 1, "photos_assessed": 3, "capture_sequences": 1, "photo_shown_date": "2024-03", "latest_available_photo_date": "2024-03", "source_photo_url": "https://www.mapillary.com/app/?pKey=947614773434726&focus=photo", "nearest_osm_pole_m": null}}, {"type": "Feature", "geometry": {"type": "Point", "coordinates": [-73.94053, 40.724255]}, "properties": {"id": "gree-00570", "is_utility_pole": false, "pole_type": "unclear", "model_flags": ["vegetation"], "model_watch": [], "lean": "unclear", "crossarm": "none_visible", "vegetation": "touching", "transformer": false, "attachments_estimate": 0, "photos_assessed": 1, "capture_sequences": 1, "photo_shown_date": "2024-03", "latest_available_photo_date": "2024-03", "source_photo_url": "https://www.mapillary.com/app/?pKey=269669479515387&focus=photo", "nearest_osm_pole_m": null}}, {"type": "Feature", "geometry": {"type": "Point", "coordinates": [-73.941094, 40.7233742]}, "properties": {"id": "gree-00571", "is_utility_pole": true, "pole_type": "wood_utility", "model_flags": [], "model_watch": ["lean_slight"], "lean": "slight", "crossarm": "none_visible", "vegetation": "near", "transformer": false, "attachments_estimate": 2, "photos_assessed": 5, "capture_sequences": 2, "photo_shown_date": "2024-07", "latest_available_photo_date": "2024-07", "source_photo_url": "https://www.mapillary.com/app/?pKey=462296706645957&focus=photo", "nearest_osm_pole_m": null}}, {"type": "Feature", "geometry": {"type": "Point", "coordinates": [-73.94056, 40.72529]}, "properties": {"id": "gree-00572", "is_utility_pole": true, "pole_type": "wood_utility", "model_flags": [], "model_watch": ["lean_slight"], "lean": "slight", "crossarm": "unclear", "vegetation": "near", "transformer": false, "attachments_estimate": 2, "photos_assessed": 3, "capture_sequences": 1, "photo_shown_date": "2024-03", "latest_available_photo_date": "2024-03", "source_photo_url": "https://www.mapillary.com/app/?pKey=942344340918798&focus=photo", "nearest_osm_pole_m": null}}, {"type": "Feature", "geometry": {"type": "Point", "coordinates": [-73.957365, 40.7202555]}, "properties": {"id": "gree-00573", "is_utility_pole": true, "pole_type": "wood_utility", "model_flags": ["lean"], "model_watch": [], "lean": "severe", "crossarm": "none_visible", "vegetation": "none", "transformer": false, "attachments_estimate": 1, "photos_assessed": 4, "capture_sequences": 2, "photo_shown_date": "2023-10", "latest_available_photo_date": "2023-10", "source_photo_url": "https://www.mapillary.com/app/?pKey=747718870887264&focus=photo", "nearest_osm_pole_m": null}}, {"type": "Feature", "geometry": {"type": "Point", "coordinates": [-73.9428075, 40.731439]}, "properties": {"id": "gree-00574", "is_utility_pole": true, "pole_type": "wood_utility", "model_flags": [], "model_watch": ["lean_slight"], "lean": "slight", "crossarm": "none_visible", "vegetation": "none", "transformer": false, "attachments_estimate": 1, "photos_assessed": 6, "capture_sequences": 1, "photo_shown_date": "2023-10", "latest_available_photo_date": "2023-10", "source_photo_url": "https://www.mapillary.com/app/?pKey=7408946135818598&focus=photo", "nearest_osm_pole_m": null}}, {"type": "Feature", "geometry": {"type": "Point", "coordinates": [-73.94274, 40.731903]}, "properties": {"id": "gree-00575", "is_utility_pole": true, "pole_type": "wood_utility", "model_flags": [], "model_watch": [], "lean": "none", "crossarm": "intact", "vegetation": "none", "transformer": false, "attachments_estimate": 2, "photos_assessed": 2, "capture_sequences": 1, "photo_shown_date": "2023-10", "latest_available_photo_date": "2023-10", "source_photo_url": "https://www.mapillary.com/app/?pKey=1716677082473541&focus=photo", "nearest_osm_pole_m": null}}, {"type": "Feature", "geometry": {"type": "Point", "coordinates": [-73.942715, 40.731745]}, "properties": {"id": "gree-00576", "is_utility_pole": true, "pole_type": "wood_utility", "model_flags": [], "model_watch": [], "lean": "none", "crossarm": "intact", "vegetation": "none", "transformer": false, "attachments_estimate": 0, "photos_assessed": 4, "capture_sequences": 1, "photo_shown_date": "2023-10", "latest_available_photo_date": "2023-10", "source_photo_url": "https://www.mapillary.com/app/?pKey=1444085976484637&focus=photo", "nearest_osm_pole_m": null}}, {"type": "Feature", "geometry": {"type": "Point", "coordinates": [-73.94281, 40.73225]}, "properties": {"id": "gree-00577", "is_utility_pole": true, "pole_type": "wood_utility", "model_flags": [], "model_watch": ["lean_slight"], "lean": "slight", "crossarm": "none_visible", "vegetation": "none", "transformer": false, "attachments_estimate": 2, "photos_assessed": 3, "capture_sequences": 1, "photo_shown_date": "2023-10", "latest_available_photo_date": "2023-10", "source_photo_url": "https://www.mapillary.com/app/?pKey=837571078136088&focus=photo", "nearest_osm_pole_m": null}}, {"type": "Feature", "geometry": {"type": "Point", "coordinates": [-73.94278, 40.73199]}, "properties": {"id": "gree-00578", "is_utility_pole": true, "pole_type": "wood_utility", "model_flags": [], "model_watch": [], "lean": "none", "crossarm": "intact", "vegetation": "none", "transformer": false, "attachments_estimate": 2, "photos_assessed": 3, "capture_sequences": 1, "photo_shown_date": "2023-10", "latest_available_photo_date": "2023-10", "source_photo_url": "https://www.mapillary.com/app/?pKey=1052360945828532&focus=photo", "nearest_osm_pole_m": null}}, {"type": "Feature", "geometry": {"type": "Point", "coordinates": [-73.94299, 40.7330985]}, "properties": {"id": "gree-00579", "is_utility_pole": true, "pole_type": "wood_utility", "model_flags": [], "model_watch": ["lean_slight"], "lean": "slight", "crossarm": "intact", "vegetation": "none", "transformer": false, "attachments_estimate": 1, "photos_assessed": 4, "capture_sequences": 1, "photo_shown_date": "2023-10", "latest_available_photo_date": "2023-10", "source_photo_url": "https://www.mapillary.com/app/?pKey=1095206785076866&focus=photo", "nearest_osm_pole_m": null}}, {"type": "Feature", "geometry": {"type": "Point", "coordinates": [-73.942894, 40.7324]}, "properties": {"id": "gree-00580", "is_utility_pole": false, "pole_type": "street_light", "model_flags": [], "model_watch": ["lean_slight"], "lean": "slight", "crossarm": "none_visible", "vegetation": "none", "transformer": false, "attachments_estimate": 0, "photos_assessed": 2, "capture_sequences": 1, "photo_shown_date": "2023-10", "latest_available_photo_date": "2023-10", "source_photo_url": "https://www.mapillary.com/app/?pKey=346023991759425&focus=photo", "nearest_osm_pole_m": null}}, {"type": "Feature", "geometry": {"type": "Point", "coordinates": [-73.9426775, 40.73151]}, "properties": {"id": "gree-00581", "is_utility_pole": true, "pole_type": "wood_utility", "model_flags": [], "model_watch": ["lean_slight"], "lean": "slight", "crossarm": "intact", "vegetation": "none", "transformer": true, "attachments_estimate": 2, "photos_assessed": 6, "capture_sequences": 1, "photo_shown_date": "2023-10", "latest_available_photo_date": "2023-10", "source_photo_url": "https://www.mapillary.com/app/?pKey=784007396959162&focus=photo", "nearest_osm_pole_m": null}}, {"type": "Feature", "geometry": {"type": "Point", "coordinates": [-73.942955, 40.7327906]}, "properties": {"id": "gree-00582", "is_utility_pole": true, "pole_type": "wood_utility", "model_flags": [], "model_watch": ["lean_slight"], "lean": "slight", "crossarm": "none_visible", "vegetation": "near", "transformer": false, "attachments_estimate": 2, "photos_assessed": 8, "capture_sequences": 1, "photo_shown_date": "2023-10", "latest_available_photo_date": "2023-10", "source_photo_url": "https://www.mapillary.com/app/?pKey=1622960075224963&focus=photo", "nearest_osm_pole_m": null}}, {"type": "Feature", "geometry": {"type": "Point", "coordinates": [-73.942862, 40.732589]}, "properties": {"id": "gree-00583", "is_utility_pole": true, "pole_type": "wood_utility", "model_flags": [], "model_watch": ["lean_slight"], "lean": "slight", "crossarm": "intact", "vegetation": "none", "transformer": false, "attachments_estimate": 1, "photos_assessed": 6, "capture_sequences": 1, "photo_shown_date": "2023-10", "latest_available_photo_date": "2023-10", "source_photo_url": "https://www.mapillary.com/app/?pKey=360792706932370&focus=photo", "nearest_osm_pole_m": null}}, {"type": "Feature", "geometry": {"type": "Point", "coordinates": [-73.94297, 40.731453]}, "properties": {"id": "gree-00584", "is_utility_pole": true, "pole_type": "wood_utility", "model_flags": [], "model_watch": ["lean_slight"], "lean": "slight", "crossarm": "none_visible", "vegetation": "none", "transformer": false, "attachments_estimate": 1, "photos_assessed": 1, "capture_sequences": 1, "photo_shown_date": "2023-10", "latest_available_photo_date": "2023-10", "source_photo_url": "https://www.mapillary.com/app/?pKey=3810276322533776&focus=photo", "nearest_osm_pole_m": null}}, {"type": "Feature", "geometry": {"type": "Point", "coordinates": [-73.9426, 40.731205]}, "properties": {"id": "gree-00585", "is_utility_pole": true, "pole_type": "concrete_or_steel_utility", "model_flags": [], "model_watch": [], "lean": "unclear", "crossarm": "none_visible", "vegetation": "none", "transformer": false, "attachments_estimate": 1, "photos_assessed": 2, "capture_sequences": 1, "photo_shown_date": "2023-10", "latest_available_photo_date": "2023-10", "source_photo_url": "https://www.mapillary.com/app/?pKey=1085530019350882&focus=photo", "nearest_osm_pole_m": null}}, {"type": "Feature", "geometry": {"type": "Point", "coordinates": [-73.94254, 40.732113]}, "properties": {"id": "gree-00586", "is_utility_pole": true, "pole_type": "wood_utility", "model_flags": [], "model_watch": ["lean_slight"], "lean": "slight", "crossarm": "unclear", "vegetation": "near", "transformer": false, "attachments_estimate": 1, "photos_assessed": 2, "capture_sequences": 1, "photo_shown_date": "2023-10", "latest_available_photo_date": "2023-10", "source_photo_url": "https://www.mapillary.com/app/?pKey=800597408771053&focus=photo", "nearest_osm_pole_m": null}}, {"type": "Feature", "geometry": {"type": "Point", "coordinates": [-73.9427775, 40.7321423]}, "properties": {"id": "gree-00587", "is_utility_pole": true, "pole_type": "wood_utility", "model_flags": [], "model_watch": [], "lean": "none", "crossarm": "intact", "vegetation": "near", "transformer": false, "attachments_estimate": 0, "photos_assessed": 4, "capture_sequences": 1, "photo_shown_date": "2023-10", "latest_available_photo_date": "2023-10", "source_photo_url": "https://www.mapillary.com/app/?pKey=1136991364142126&focus=photo", "nearest_osm_pole_m": null}}, {"type": "Feature", "geometry": {"type": "Point", "coordinates": [-73.94269, 40.73165]}, "properties": {"id": "gree-00588", "is_utility_pole": true, "pole_type": "wood_utility", "model_flags": [], "model_watch": ["lean_slight"], "lean": "slight", "crossarm": "intact", "vegetation": "none", "transformer": false, "attachments_estimate": 2, "photos_assessed": 3, "capture_sequences": 1, "photo_shown_date": "2023-10", "latest_available_photo_date": "2023-10", "source_photo_url": "https://www.mapillary.com/app/?pKey=2713698765454802&focus=photo", "nearest_osm_pole_m": null}}, {"type": "Feature", "geometry": {"type": "Point", "coordinates": [-73.943018, 40.7333185]}, "properties": {"id": "gree-00589", "is_utility_pole": true, "pole_type": "wood_utility", "model_flags": [], "model_watch": ["lean_slight"], "lean": "slight", "crossarm": "intact", "vegetation": "none", "transformer": false, "attachments_estimate": 2, "photos_assessed": 6, "capture_sequences": 1, "photo_shown_date": "2023-10", "latest_available_photo_date": "2023-10", "source_photo_url": "https://www.mapillary.com/app/?pKey=774593797520350&focus=photo", "nearest_osm_pole_m": null}}, {"type": "Feature", "geometry": {"type": "Point", "coordinates": [-73.9428081, 40.7329994]}, "properties": {"id": "gree-00590", "is_utility_pole": true, "pole_type": "wood_utility", "model_flags": [], "model_watch": ["lean_slight"], "lean": "slight", "crossarm": "none_visible", "vegetation": "none", "transformer": false, "attachments_estimate": 1, "photos_assessed": 8, "capture_sequences": 1, "photo_shown_date": "2023-10", "latest_available_photo_date": "2023-10", "source_photo_url": "https://www.mapillary.com/app/?pKey=428740246316983&focus=photo", "nearest_osm_pole_m": null}}, {"type": "Feature", "geometry": {"type": "Point", "coordinates": [-73.94293, 40.731655]}, "properties": {"id": "gree-00591", "is_utility_pole": false, "pole_type": "street_light", "model_flags": [], "model_watch": [], "lean": "none", "crossarm": "none_visible", "vegetation": "none", "transformer": false, "attachments_estimate": 0, "photos_assessed": 3, "capture_sequences": 1, "photo_shown_date": "2023-10", "latest_available_photo_date": "2023-10", "source_photo_url": "https://www.mapillary.com/app/?pKey=873868231158857&focus=photo", "nearest_osm_pole_m": null}}, {"type": "Feature", "geometry": {"type": "Point", "coordinates": [-73.94281, 40.732334]}, "properties": {"id": "gree-00592", "is_utility_pole": true, "pole_type": "wood_utility", "model_flags": [], "model_watch": ["lean_slight"], "lean": "slight", "crossarm": "intact", "vegetation": "near", "transformer": false, "attachments_estimate": 1, "photos_assessed": 3, "capture_sequences": 1, "photo_shown_date": "2023-10", "latest_available_photo_date": "2023-10", "source_photo_url": "https://www.mapillary.com/app/?pKey=816169980342621&focus=photo", "nearest_osm_pole_m": null}}, {"type": "Feature", "geometry": {"type": "Point", "coordinates": [-73.942665, 40.732853]}, "properties": {"id": "gree-00593", "is_utility_pole": true, "pole_type": "wood_utility", "model_flags": [], "model_watch": ["lean_slight"], "lean": "slight", "crossarm": "none_visible", "vegetation": "none", "transformer": false, "attachments_estimate": 0, "photos_assessed": 3, "capture_sequences": 1, "photo_shown_date": "2023-10", "latest_available_photo_date": "2023-10", "source_photo_url": "https://www.mapillary.com/app/?pKey=1620915891979321&focus=photo", "nearest_osm_pole_m": null}}, {"type": "Feature", "geometry": {"type": "Point", "coordinates": [-73.942856, 40.73248]}, "properties": {"id": "gree-00594", "is_utility_pole": true, "pole_type": "wood_utility", "model_flags": [], "model_watch": [], "lean": "none", "crossarm": "intact", "vegetation": "none", "transformer": false, "attachments_estimate": 1, "photos_assessed": 3, "capture_sequences": 1, "photo_shown_date": "2023-10", "latest_available_photo_date": "2023-10", "source_photo_url": "https://www.mapillary.com/app/?pKey=451102023938261&focus=photo", "nearest_osm_pole_m": null}}, {"type": "Feature", "geometry": {"type": "Point", "coordinates": [-73.942955, 40.7329467]}, "properties": {"id": "gree-00595", "is_utility_pole": true, "pole_type": "wood_utility", "model_flags": [], "model_watch": ["lean_slight"], "lean": "slight", "crossarm": "intact", "vegetation": "none", "transformer": false, "attachments_estimate": 2, "photos_assessed": 8, "capture_sequences": 1, "photo_shown_date": "2023-10", "latest_available_photo_date": "2023-10", "source_photo_url": "https://www.mapillary.com/app/?pKey=1086540862653374&focus=photo", "nearest_osm_pole_m": null}}, {"type": "Feature", "geometry": {"type": "Point", "coordinates": [-73.94293, 40.732853]}, "properties": {"id": "gree-00596", "is_utility_pole": true, "pole_type": "wood_utility", "model_flags": ["vegetation"], "model_watch": [], "lean": "none", "crossarm": "none_visible", "vegetation": "touching", "transformer": false, "attachments_estimate": 2, "photos_assessed": 1, "capture_sequences": 1, "photo_shown_date": "2023-10", "latest_available_photo_date": "2023-10", "source_photo_url": "https://www.mapillary.com/app/?pKey=1328922931104670&focus=photo", "nearest_osm_pole_m": null}}, {"type": "Feature", "geometry": {"type": "Point", "coordinates": [-73.943085, 40.733463]}, "properties": {"id": "gree-00597", "is_utility_pole": true, "pole_type": "wood_utility", "model_flags": [], "model_watch": [], "lean": "none", "crossarm": "intact", "vegetation": "near", "transformer": false, "attachments_estimate": 3, "photos_assessed": 3, "capture_sequences": 1, "photo_shown_date": "2023-10", "latest_available_photo_date": "2023-10", "source_photo_url": "https://www.mapillary.com/app/?pKey=1936380283458390&focus=photo", "nearest_osm_pole_m": null}}, {"type": "Feature", "geometry": {"type": "Point", "coordinates": [-73.94281, 40.733105]}, "properties": {"id": "gree-00598", "is_utility_pole": true, "pole_type": "wood_utility", "model_flags": [], "model_watch": ["lean_slight"], "lean": "slight", "crossarm": "intact", "vegetation": "none", "transformer": false, "attachments_estimate": 1, "photos_assessed": 3, "capture_sequences": 1, "photo_shown_date": "2023-10", "latest_available_photo_date": "2023-10", "source_photo_url": "https://www.mapillary.com/app/?pKey=427615516347861&focus=photo", "nearest_osm_pole_m": null}}, {"type": "Feature", "geometry": {"type": "Point", "coordinates": [-73.943, 40.7332135]}, "properties": {"id": "gree-00599", "is_utility_pole": true, "pole_type": "wood_utility", "model_flags": [], "model_watch": ["lean_slight"], "lean": "slight", "crossarm": "intact", "vegetation": "near", "transformer": false, "attachments_estimate": 2, "photos_assessed": 6, "capture_sequences": 1, "photo_shown_date": "2023-10", "latest_available_photo_date": "2023-10", "source_photo_url": "https://www.mapillary.com/app/?pKey=431806302553428&focus=photo", "nearest_osm_pole_m": null}}, {"type": "Feature", "geometry": {"type": "Point", "coordinates": [-73.940452, 40.7234452]}, "properties": {"id": "gree-00600", "is_utility_pole": true, "pole_type": "wood_utility", "model_flags": [], "model_watch": ["lean_slight"], "lean": "slight", "crossarm": "none_visible", "vegetation": "near", "transformer": false, "attachments_estimate": 2, "photos_assessed": 5, "capture_sequences": 2, "photo_shown_date": "2024-07", "latest_available_photo_date": "2024-07", "source_photo_url": "https://www.mapillary.com/app/?pKey=1522121531737240&focus=photo", "nearest_osm_pole_m": null}}, {"type": "Feature", "geometry": {"type": "Point", "coordinates": [-73.94063, 40.725735]}, "properties": {"id": "gree-00601", "is_utility_pole": true, "pole_type": "wood_utility", "model_flags": [], "model_watch": [], "lean": "none", "crossarm": "unclear", "vegetation": "near", "transformer": false, "attachments_estimate": 1, "photos_assessed": 2, "capture_sequences": 1, "photo_shown_date": "2024-03", "latest_available_photo_date": "2024-03", "source_photo_url": "https://www.mapillary.com/app/?pKey=748522647348918&focus=photo", "nearest_osm_pole_m": null}}, {"type": "Feature", "geometry": {"type": "Point", "coordinates": [-73.9407, 40.725677]}, "properties": {"id": "gree-00602", "is_utility_pole": true, "pole_type": "wood_utility", "model_flags": [], "model_watch": ["lean_slight"], "lean": "slight", "crossarm": "none_visible", "vegetation": "near", "transformer": false, "attachments_estimate": 0, "photos_assessed": 3, "capture_sequences": 1, "photo_shown_date": "2024-03", "latest_available_photo_date": "2024-03", "source_photo_url": "https://www.mapillary.com/app/?pKey=748522647348918&focus=photo", "nearest_osm_pole_m": null}}, {"type": "Feature", "geometry": {"type": "Point", "coordinates": [-73.943756, 40.723526]}, "properties": {"id": "gree-00603", "is_utility_pole": false, "pole_type": "unclear", "model_flags": [], "model_watch": [], "lean": "unclear", "crossarm": "none_visible", "vegetation": "unclear", "transformer": false, "attachments_estimate": 0, "photos_assessed": 3, "capture_sequences": 1, "photo_shown_date": "2024-03", "latest_available_photo_date": "2024-03", "source_photo_url": "https://www.mapillary.com/app/?pKey=421959630368844&focus=photo", "nearest_osm_pole_m": null}}, {"type": "Feature", "geometry": {"type": "Point", "coordinates": [-73.940745, 40.72552]}, "properties": {"id": "gree-00604", "is_utility_pole": true, "pole_type": "wood_utility", "model_flags": [], "model_watch": ["lean_slight"], "lean": "slight", "crossarm": "none_visible", "vegetation": "near", "transformer": false, "attachments_estimate": 0, "photos_assessed": 6, "capture_sequences": 2, "photo_shown_date": "2024-03", "latest_available_photo_date": "2024-03", "source_photo_url": "https://www.mapillary.com/app/?pKey=1475986746688583&focus=photo", "nearest_osm_pole_m": null}}, {"type": "Feature", "geometry": {"type": "Point", "coordinates": [-73.9424, 40.725784]}, "properties": {"id": "gree-00605", "is_utility_pole": true, "pole_type": "wood_utility", "model_flags": [], "model_watch": ["lean_slight"], "lean": "slight", "crossarm": "none_visible", "vegetation": "none", "transformer": false, "attachments_estimate": 2, "photos_assessed": 3, "capture_sequences": 1, "photo_shown_date": "2024-03", "latest_available_photo_date": "2024-03", "source_photo_url": "https://www.mapillary.com/app/?pKey=373851008895894&focus=photo", "nearest_osm_pole_m": null}}, {"type": "Feature", "geometry": {"type": "Point", "coordinates": [-73.9484957, 40.7258924]}, "properties": {"id": "gree-00606", "is_utility_pole": true, "pole_type": "wood_utility", "model_flags": [], "model_watch": ["lean_slight"], "lean": "slight", "crossarm": "none_visible", "vegetation": "near", "transformer": false, "attachments_estimate": 0, "photos_assessed": 7, "capture_sequences": 1, "photo_shown_date": "2022-01", "latest_available_photo_date": "2022-01", "source_photo_url": "https://www.mapillary.com/app/?pKey=2309554472536931&focus=photo", "nearest_osm_pole_m": null}}, {"type": "Feature", "geometry": {"type": "Point", "coordinates": [-73.940994, 40.725792]}, "properties": {"id": "gree-00607", "is_utility_pole": true, "pole_type": "concrete_or_steel_utility", "model_flags": [], "model_watch": [], "lean": "none", "crossarm": "intact", "vegetation": "near", "transformer": false, "attachments_estimate": 2, "photos_assessed": 3, "capture_sequences": 1, "photo_shown_date": "2024-03", "latest_available_photo_date": "2024-03", "source_photo_url": "https://www.mapillary.com/app/?pKey=245810041861163&focus=photo", "nearest_osm_pole_m": null}}, {"type": "Feature", "geometry": {"type": "Point", "coordinates": [-73.95079, 40.723896]}, "properties": {"id": "gree-00608", "is_utility_pole": false, "pole_type": "street_light", "model_flags": [], "model_watch": [], "lean": "none", "crossarm": "none_visible", "vegetation": "none", "transformer": false, "attachments_estimate": 0, "photos_assessed": 2, "capture_sequences": 1, "photo_shown_date": "2022-01", "latest_available_photo_date": "2022-01", "source_photo_url": "https://www.mapillary.com/app/?pKey=1034124970652819&focus=photo", "nearest_osm_pole_m": null}}, {"type": "Feature", "geometry": {"type": "Point", "coordinates": [-73.9407995, 40.7257065]}, "properties": {"id": "gree-00609", "is_utility_pole": false, "pole_type": "street_light", "model_flags": [], "model_watch": ["lean_slight"], "lean": "slight", "crossarm": "none_visible", "vegetation": "none", "transformer": false, "attachments_estimate": 0, "photos_assessed": 6, "capture_sequences": 2, "photo_shown_date": "2024-03", "latest_available_photo_date": "2024-03", "source_photo_url": "https://www.mapillary.com/app/?pKey=724224833219987&focus=photo", "nearest_osm_pole_m": null}}, {"type": "Feature", "geometry": {"type": "Point", "coordinates": [-73.9417282, 40.7259142]}, "properties": {"id": "gree-00610", "is_utility_pole": true, "pole_type": "wood_utility", "model_flags": [], "model_watch": [], "lean": "none", "crossarm": "none_visible", "vegetation": "near", "transformer": false, "attachments_estimate": 0, "photos_assessed": 11, "capture_sequences": 2, "photo_shown_date": "2024-07", "latest_available_photo_date": "2024-07", "source_photo_url": "https://www.mapillary.com/app/?pKey=371587219371360&focus=photo", "nearest_osm_pole_m": null}}, {"type": "Feature", "geometry": {"type": "Point", "coordinates": [-73.940155, 40.723545]}, "properties": {"id": "gree-00611", "is_utility_pole": true, "pole_type": "wood_utility", "model_flags": [], "model_watch": ["lean_slight"], "lean": "slight", "crossarm": "none_visible", "vegetation": "none", "transformer": false, "attachments_estimate": 2, "photos_assessed": 3, "capture_sequences": 1, "photo_shown_date": "2024-03", "latest_available_photo_date": "2024-03", "source_photo_url": "https://www.mapillary.com/app/?pKey=721754893450611&focus=photo", "nearest_osm_pole_m": null}}, {"type": "Feature", "geometry": {"type": "Point", "coordinates": [-73.9494, 40.730762]}, "properties": {"id": "gree-00612", "is_utility_pole": false, "pole_type": "street_light", "model_flags": ["vegetation"], "model_watch": [], "lean": "none", "crossarm": "none_visible", "vegetation": "touching", "transformer": false, "attachments_estimate": 1, "photos_assessed": 3, "capture_sequences": 1, "photo_shown_date": "2023-10", "latest_available_photo_date": "2023-10", "source_photo_url": "https://www.mapillary.com/app/?pKey=920094106272161&focus=photo", "nearest_osm_pole_m": null}}, {"type": "Feature", "geometry": {"type": "Point", "coordinates": [-73.94862, 40.73089]}, "properties": {"id": "gree-00613", "is_utility_pole": true, "pole_type": "wood_utility", "model_flags": ["vegetation"], "model_watch": ["lean_slight"], "lean": "slight", "crossarm": "unclear", "vegetation": "touching", "transformer": false, "attachments_estimate": 1, "photos_assessed": 2, "capture_sequences": 1, "photo_shown_date": "2023-10", "latest_available_photo_date": "2023-10", "source_photo_url": "https://www.mapillary.com/app/?pKey=1116694623090521&focus=photo", "nearest_osm_pole_m": null}}, {"type": "Feature", "geometry": {"type": "Point", "coordinates": [-73.94979, 40.730724]}, "properties": {"id": "gree-00614", "is_utility_pole": false, "pole_type": "street_light", "model_flags": [], "model_watch": ["lean_slight"], "lean": "slight", "crossarm": "none_visible", "vegetation": "none", "transformer": false, "attachments_estimate": 0, "photos_assessed": 3, "capture_sequences": 1, "photo_shown_date": "2023-10", "latest_available_photo_date": "2023-10", "source_photo_url": "https://www.mapillary.com/app/?pKey=1564476274367160&focus=photo", "nearest_osm_pole_m": null}}, {"type": "Feature", "geometry": {"type": "Point", "coordinates": [-73.94843, 40.730904]}, "properties": {"id": "gree-00615", "is_utility_pole": true, "pole_type": "wood_utility", "model_flags": [], "model_watch": ["lean_slight"], "lean": "slight", "crossarm": "none_visible", "vegetation": "near", "transformer": false, "attachments_estimate": 0, "photos_assessed": 1, "capture_sequences": 1, "photo_shown_date": "2023-10", "latest_available_photo_date": "2023-10", "source_photo_url": "https://www.mapillary.com/app/?pKey=284301644699344&focus=photo", "nearest_osm_pole_m": null}}, {"type": "Feature", "geometry": {"type": "Point", "coordinates": [-73.9482, 40.730938]}, "properties": {"id": "gree-00616", "is_utility_pole": true, "pole_type": "wood_utility", "model_flags": ["vegetation"], "model_watch": ["lean_slight"], "lean": "slight", "crossarm": "none_visible", "vegetation": "touching", "transformer": false, "attachments_estimate": 0, "photos_assessed": 2, "capture_sequences": 1, "photo_shown_date": "2023-10", "latest_available_photo_date": "2023-10", "source_photo_url": "https://www.mapillary.com/app/?pKey=321946020471797&focus=photo", "nearest_osm_pole_m": null}}, {"type": "Feature", "geometry": {"type": "Point", "coordinates": [-73.94922, 40.731007]}, "properties": {"id": "gree-00617", "is_utility_pole": true, "pole_type": "concrete_or_steel_utility", "model_flags": ["vegetation"], "model_watch": ["lean_slight"], "lean": "slight", "crossarm": "none_visible", "vegetation": "touching", "transformer": false, "attachments_estimate": 1, "photos_assessed": 3, "capture_sequences": 1, "photo_shown_date": "2023-10", "latest_available_photo_date": "2023-10", "source_photo_url": "https://www.mapillary.com/app/?pKey=3607503072795563&focus=photo", "nearest_osm_pole_m": null}}, {"type": "Feature", "geometry": {"type": "Point", "coordinates": [-73.95866, 40.71905]}, "properties": {"id": "gree-00618", "is_utility_pole": false, "pole_type": "unclear", "model_flags": [], "model_watch": [], "lean": "unclear", "crossarm": "none_visible", "vegetation": "unclear", "transformer": false, "attachments_estimate": 0, "photos_assessed": 3, "capture_sequences": 1, "photo_shown_date": "2023-10", "latest_available_photo_date": "2023-10", "source_photo_url": "https://www.mapillary.com/app/?pKey=2363594260511461&focus=photo", "nearest_osm_pole_m": null}}, {"type": "Feature", "geometry": {"type": "Point", "coordinates": [-73.958534, 40.719162]}, "properties": {"id": "gree-00619", "is_utility_pole": false, "pole_type": "street_light", "model_flags": [], "model_watch": [], "lean": "unclear", "crossarm": "none_visible", "vegetation": "unclear", "transformer": false, "attachments_estimate": 0, "photos_assessed": 3, "capture_sequences": 1, "photo_shown_date": "2023-10", "latest_available_photo_date": "2023-10", "source_photo_url": "https://www.mapillary.com/app/?pKey=923384009441556&focus=photo", "nearest_osm_pole_m": null}}, {"type": "Feature", "geometry": {"type": "Point", "coordinates": [-73.9421, 40.724422]}, "properties": {"id": "gree-00620", "is_utility_pole": true, "pole_type": "wood_utility", "model_flags": [], "model_watch": [], "lean": "unclear", "crossarm": "unclear", "vegetation": "near", "transformer": false, "attachments_estimate": 0, "photos_assessed": 1, "capture_sequences": 1, "photo_shown_date": "2024-07", "latest_available_photo_date": "2024-07", "source_photo_url": "https://www.mapillary.com/app/?pKey=492395263204194&focus=photo", "nearest_osm_pole_m": null}}, {"type": "Feature", "geometry": {"type": "Point", "coordinates": [-73.94265, 40.725647]}, "properties": {"id": "gree-00621", "is_utility_pole": true, "pole_type": "wood_utility", "model_flags": ["vegetation"], "model_watch": ["lean_slight"], "lean": "slight", "crossarm": "unclear", "vegetation": "touching", "transformer": false, "attachments_estimate": 2, "photos_assessed": 3, "capture_sequences": 1, "photo_shown_date": "2024-07", "latest_available_photo_date": "2024-07", "source_photo_url": "https://www.mapillary.com/app/?pKey=441462848862787&focus=photo", "nearest_osm_pole_m": null}}, {"type": "Feature", "geometry": {"type": "Point", "coordinates": [-73.94139, 40.723812]}, "properties": {"id": "gree-00622", "is_utility_pole": true, "pole_type": "wood_utility", "model_flags": [], "model_watch": [], "lean": "unclear", "crossarm": "none_visible", "vegetation": "none", "transformer": false, "attachments_estimate": 2, "photos_assessed": 3, "capture_sequences": 1, "photo_shown_date": "2024-07", "latest_available_photo_date": "2024-07", "source_photo_url": "https://www.mapillary.com/app/?pKey=2604570626394070&focus=photo", "nearest_osm_pole_m": null}}, {"type": "Feature", "geometry": {"type": "Point", "coordinates": [-73.94133, 40.72377]}, "properties": {"id": "gree-00623", "is_utility_pole": true, "pole_type": "wood_utility", "model_flags": ["vegetation"], "model_watch": ["lean_slight"], "lean": "slight", "crossarm": "unclear", "vegetation": "touching", "transformer": false, "attachments_estimate": 2, "photos_assessed": 4, "capture_sequences": 2, "photo_shown_date": "2024-07", "latest_available_photo_date": "2024-07", "source_photo_url": "https://www.mapillary.com/app/?pKey=1537732743766205&focus=photo", "nearest_osm_pole_m": null}}, {"type": "Feature", "geometry": {"type": "Point", "coordinates": [-73.93182, 40.72605]}, "properties": {"id": "gree-00624", "is_utility_pole": true, "pole_type": "wood_utility", "model_flags": [], "model_watch": ["lean_slight"], "lean": "slight", "crossarm": "none_visible", "vegetation": "near", "transformer": false, "attachments_estimate": 1, "photos_assessed": 3, "capture_sequences": 1, "photo_shown_date": "2024-04", "latest_available_photo_date": "2024-04", "source_photo_url": "https://www.mapillary.com/app/?pKey=1601205213758922&focus=photo", "nearest_osm_pole_m": null}}, {"type": "Feature", "geometry": {"type": "Point", "coordinates": [-73.931816, 40.726196]}, "properties": {"id": "gree-00625", "is_utility_pole": true, "pole_type": "wood_utility", "model_flags": [], "model_watch": ["lean_slight"], "lean": "slight", "crossarm": "intact", "vegetation": "none", "transformer": true, "attachments_estimate": 2, "photos_assessed": 3, "capture_sequences": 1, "photo_shown_date": "2024-04", "latest_available_photo_date": "2024-04", "source_photo_url": "https://www.mapillary.com/app/?pKey=440552255646756&focus=photo", "nearest_osm_pole_m": null}}, {"type": "Feature", "geometry": {"type": "Point", "coordinates": [-73.94045, 40.72451]}, "properties": {"id": "gree-00626", "is_utility_pole": false, "pole_type": "other", "model_flags": [], "model_watch": [], "lean": "unclear", "crossarm": "none_visible", "vegetation": "none", "transformer": false, "attachments_estimate": 3, "photos_assessed": 3, "capture_sequences": 1, "photo_shown_date": "2024-03", "latest_available_photo_date": "2024-03", "source_photo_url": "https://www.mapillary.com/app/?pKey=1578861085988358&focus=photo", "nearest_osm_pole_m": null}}, {"type": "Feature", "geometry": {"type": "Point", "coordinates": [-73.94078, 40.723576]}, "properties": {"id": "gree-00627", "is_utility_pole": true, "pole_type": "wood_utility", "model_flags": ["vegetation"], "model_watch": ["lean_slight"], "lean": "slight", "crossarm": "none_visible", "vegetation": "touching", "transformer": false, "attachments_estimate": 2, "photos_assessed": 3, "capture_sequences": 1, "photo_shown_date": "2024-07", "latest_available_photo_date": "2024-07", "source_photo_url": "https://www.mapillary.com/app/?pKey=1009402124526762&focus=photo", "nearest_osm_pole_m": null}}, {"type": "Feature", "geometry": {"type": "Point", "coordinates": [-73.9416191, 40.7259439]}, "properties": {"id": "gree-00628", "is_utility_pole": true, "pole_type": "wood_utility", "model_flags": [], "model_watch": [], "lean": "none", "crossarm": "none_visible", "vegetation": "none", "transformer": false, "attachments_estimate": 0, "photos_assessed": 16, "capture_sequences": 3, "photo_shown_date": "2024-07", "latest_available_photo_date": "2024-07", "source_photo_url": "https://www.mapillary.com/app/?pKey=3762737007387482&focus=photo", "nearest_osm_pole_m": null}}, {"type": "Feature", "geometry": {"type": "Point", "coordinates": [-73.941734, 40.725075]}, "properties": {"id": "gree-00629", "is_utility_pole": true, "pole_type": "wood_utility", "model_flags": ["vegetation"], "model_watch": [], "lean": "none", "crossarm": "none_visible", "vegetation": "touching", "transformer": false, "attachments_estimate": 2, "photos_assessed": 3, "capture_sequences": 1, "photo_shown_date": "2024-07", "latest_available_photo_date": "2024-07", "source_photo_url": "https://www.mapillary.com/app/?pKey=462645189728602&focus=photo", "nearest_osm_pole_m": null}}, {"type": "Feature", "geometry": {"type": "Point", "coordinates": [-73.9415311, 40.7259103]}, "properties": {"id": "gree-00630", "is_utility_pole": true, "pole_type": "wood_utility", "model_flags": [], "model_watch": ["lean_slight"], "lean": "slight", "crossarm": "none_visible", "vegetation": "near", "transformer": false, "attachments_estimate": 2, "photos_assessed": 10, "capture_sequences": 4, "photo_shown_date": "2024-07", "latest_available_photo_date": "2024-07", "source_photo_url": "https://www.mapillary.com/app/?pKey=843701417674361&focus=photo", "nearest_osm_pole_m": null}}, {"type": "Feature", "geometry": {"type": "Point", "coordinates": [-73.95237, 40.734253]}, "properties": {"id": "gree-00631", "is_utility_pole": false, "pole_type": "street_light", "model_flags": [], "model_watch": [], "lean": "none", "crossarm": "none_visible", "vegetation": "none", "transformer": false, "attachments_estimate": 0, "photos_assessed": 2, "capture_sequences": 1, "photo_shown_date": "2022-01", "latest_available_photo_date": "2022-01", "source_photo_url": "https://www.mapillary.com/app/?pKey=674994633877451&focus=photo", "nearest_osm_pole_m": null}}, {"type": "Feature", "geometry": {"type": "Point", "coordinates": [-73.9534, 40.720913]}, "properties": {"id": "gree-00632", "is_utility_pole": false, "pole_type": "street_light", "model_flags": [], "model_watch": [], "lean": "none", "crossarm": "none_visible", "vegetation": "none", "transformer": false, "attachments_estimate": 0, "photos_assessed": 6, "capture_sequences": 1, "photo_shown_date": "2024-05", "latest_available_photo_date": "2024-05", "source_photo_url": "https://www.mapillary.com/app/?pKey=1550105302604615&focus=photo", "nearest_osm_pole_m": null}}, {"type": "Feature", "geometry": {"type": "Point", "coordinates": [-73.95347, 40.720695]}, "properties": {"id": "gree-00633", "is_utility_pole": false, "pole_type": "street_light", "model_flags": [], "model_watch": [], "lean": "none", "crossarm": "none_visible", "vegetation": "none", "transformer": false, "attachments_estimate": 0, "photos_assessed": 3, "capture_sequences": 1, "photo_shown_date": "2024-05", "latest_available_photo_date": "2024-05", "source_photo_url": "https://www.mapillary.com/app/?pKey=797901872127637&focus=photo", "nearest_osm_pole_m": null}}, {"type": "Feature", "geometry": {"type": "Point", "coordinates": [-73.94155, 40.7247]}, "properties": {"id": "gree-00634", "is_utility_pole": true, "pole_type": "wood_utility", "model_flags": ["vegetation"], "model_watch": [], "lean": "none", "crossarm": "none_visible", "vegetation": "touching", "transformer": false, "attachments_estimate": 2, "photos_assessed": 3, "capture_sequences": 1, "photo_shown_date": "2024-07", "latest_available_photo_date": "2024-07", "source_photo_url": "https://www.mapillary.com/app/?pKey=784735227197523&focus=photo", "nearest_osm_pole_m": null}}, {"type": "Feature", "geometry": {"type": "Point", "coordinates": [-73.94202, 40.72882]}, "properties": {"id": "gree-00635", "is_utility_pole": true, "pole_type": "wood_utility", "model_flags": [], "model_watch": ["lean_slight"], "lean": "slight", "crossarm": "none_visible", "vegetation": "near", "transformer": false, "attachments_estimate": 2, "photos_assessed": 1, "capture_sequences": 1, "photo_shown_date": "2023-10", "latest_available_photo_date": "2023-10", "source_photo_url": "https://www.mapillary.com/app/?pKey=918792149732337&focus=photo", "nearest_osm_pole_m": null}}, {"type": "Feature", "geometry": {"type": "Point", "coordinates": [-73.94189, 40.726624]}, "properties": {"id": "gree-00636", "is_utility_pole": false, "pole_type": "street_light", "model_flags": ["vegetation"], "model_watch": [], "lean": "unclear", "crossarm": "none_visible", "vegetation": "touching", "transformer": false, "attachments_estimate": 0, "photos_assessed": 3, "capture_sequences": 1, "photo_shown_date": "2023-10", "latest_available_photo_date": "2023-10", "source_photo_url": "https://www.mapillary.com/app/?pKey=1092367612091935&focus=photo", "nearest_osm_pole_m": null}}, {"type": "Feature", "geometry": {"type": "Point", "coordinates": [-73.94215, 40.728592]}, "properties": {"id": "gree-00637", "is_utility_pole": true, "pole_type": "wood_utility", "model_flags": [], "model_watch": ["lean_slight"], "lean": "slight", "crossarm": "intact", "vegetation": "none", "transformer": false, "attachments_estimate": 2, "photos_assessed": 1, "capture_sequences": 1, "photo_shown_date": "2023-10", "latest_available_photo_date": "2023-10", "source_photo_url": "https://www.mapillary.com/app/?pKey=1457912045139810&focus=photo", "nearest_osm_pole_m": null}}, {"type": "Feature", "geometry": {"type": "Point", "coordinates": [-73.94191, 40.72675]}, "properties": {"id": "gree-00638", "is_utility_pole": true, "pole_type": "wood_utility", "model_flags": ["vegetation"], "model_watch": [], "lean": "none", "crossarm": "intact", "vegetation": "touching", "transformer": false, "attachments_estimate": 1, "photos_assessed": 3, "capture_sequences": 1, "photo_shown_date": "2023-10", "latest_available_photo_date": "2023-10", "source_photo_url": "https://www.mapillary.com/app/?pKey=1353044135654200&focus=photo", "nearest_osm_pole_m": null}}, {"type": "Feature", "geometry": {"type": "Point", "coordinates": [-73.941956, 40.726986]}, "properties": {"id": "gree-00639", "is_utility_pole": true, "pole_type": "wood_utility", "model_flags": [], "model_watch": [], "lean": "unclear", "crossarm": "intact", "vegetation": "none", "transformer": true, "attachments_estimate": 2, "photos_assessed": 3, "capture_sequences": 1, "photo_shown_date": "2023-10", "latest_available_photo_date": "2023-10", "source_photo_url": "https://www.mapillary.com/app/?pKey=7000948443350085&focus=photo", "nearest_osm_pole_m": null}}, {"type": "Feature", "geometry": {"type": "Point", "coordinates": [-73.9420202, 40.7275235]}, "properties": {"id": "gree-00640", "is_utility_pole": true, "pole_type": "wood_utility", "model_flags": [], "model_watch": ["lean_slight"], "lean": "slight", "crossarm": "intact", "vegetation": "none", "transformer": false, "attachments_estimate": 2, "photos_assessed": 8, "capture_sequences": 1, "photo_shown_date": "2023-10", "latest_available_photo_date": "2023-10", "source_photo_url": "https://www.mapillary.com/app/?pKey=3856833357878713&focus=photo", "nearest_osm_pole_m": null}}, {"type": "Feature", "geometry": {"type": "Point", "coordinates": [-73.94203, 40.727673]}, "properties": {"id": "gree-00641", "is_utility_pole": true, "pole_type": "wood_utility", "model_flags": [], "model_watch": ["lean_slight"], "lean": "slight", "crossarm": "intact", "vegetation": "near", "transformer": false, "attachments_estimate": 1, "photos_assessed": 3, "capture_sequences": 1, "photo_shown_date": "2023-10", "latest_available_photo_date": "2023-10", "source_photo_url": "https://www.mapillary.com/app/?pKey=747682540674125&focus=photo", "nearest_osm_pole_m": null}}, {"type": "Feature", "geometry": {"type": "Point", "coordinates": [-73.94195, 40.72587]}, "properties": {"id": "gree-00642", "is_utility_pole": true, "pole_type": "wood_utility", "model_flags": [], "model_watch": ["lean_slight"], "lean": "slight", "crossarm": "intact", "vegetation": "near", "transformer": false, "attachments_estimate": 3, "photos_assessed": 1, "capture_sequences": 1, "photo_shown_date": "2023-10", "latest_available_photo_date": "2023-10", "source_photo_url": "https://www.mapillary.com/app/?pKey=422613883640612&focus=photo", "nearest_osm_pole_m": null}}, {"type": "Feature", "geometry": {"type": "Point", "coordinates": [-73.942116, 40.7258]}, "properties": {"id": "gree-00643", "is_utility_pole": true, "pole_type": "wood_utility", "model_flags": [], "model_watch": ["lean_slight"], "lean": "slight", "crossarm": "intact", "vegetation": "none", "transformer": true, "attachments_estimate": 3, "photos_assessed": 3, "capture_sequences": 1, "photo_shown_date": "2023-10", "latest_available_photo_date": "2023-10", "source_photo_url": "https://www.mapillary.com/app/?pKey=420457523724425&focus=photo", "nearest_osm_pole_m": null}}, {"type": "Feature", "geometry": {"type": "Point", "coordinates": [-73.941864, 40.726475]}, "properties": {"id": "gree-00644", "is_utility_pole": true, "pole_type": "wood_utility", "model_flags": ["vegetation"], "model_watch": [], "lean": "unclear", "crossarm": "intact", "vegetation": "touching", "transformer": false, "attachments_estimate": 2, "photos_assessed": 3, "capture_sequences": 1, "photo_shown_date": "2023-10", "latest_available_photo_date": "2023-10", "source_photo_url": "https://www.mapillary.com/app/?pKey=392550110181076&focus=photo", "nearest_osm_pole_m": null}}, {"type": "Feature", "geometry": {"type": "Point", "coordinates": [-73.9420625, 40.72779]}, "properties": {"id": "gree-00645", "is_utility_pole": true, "pole_type": "wood_utility", "model_flags": [], "model_watch": ["lean_slight"], "lean": "slight", "crossarm": "intact", "vegetation": "near", "transformer": false, "attachments_estimate": 2, "photos_assessed": 6, "capture_sequences": 1, "photo_shown_date": "2023-10", "latest_available_photo_date": "2023-10", "source_photo_url": "https://www.mapillary.com/app/?pKey=773728408031104&focus=photo", "nearest_osm_pole_m": null}}, {"type": "Feature", "geometry": {"type": "Point", "coordinates": [-73.942055, 40.727924]}, "properties": {"id": "gree-00646", "is_utility_pole": true, "pole_type": "wood_utility", "model_flags": [], "model_watch": ["lean_slight"], "lean": "slight", "crossarm": "intact", "vegetation": "near", "transformer": false, "attachments_estimate": 2, "photos_assessed": 3, "capture_sequences": 1, "photo_shown_date": "2023-10", "latest_available_photo_date": "2023-10", "source_photo_url": "https://www.mapillary.com/app/?pKey=1121287975579293&focus=photo", "nearest_osm_pole_m": null}}, {"type": "Feature", "geometry": {"type": "Point", "coordinates": [-73.942068, 40.7280182]}, "properties": {"id": "gree-00647", "is_utility_pole": true, "pole_type": "wood_utility", "model_flags": [], "model_watch": [], "lean": "none", "crossarm": "intact", "vegetation": "near", "transformer": false, "attachments_estimate": 2, "photos_assessed": 5, "capture_sequences": 1, "photo_shown_date": "2023-10", "latest_available_photo_date": "2023-10", "source_photo_url": "https://www.mapillary.com/app/?pKey=425985219879783&focus=photo", "nearest_osm_pole_m": null}}, {"type": "Feature", "geometry": {"type": "Point", "coordinates": [-73.94196, 40.728416]}, "properties": {"id": "gree-00648", "is_utility_pole": true, "pole_type": "wood_utility", "model_flags": ["vegetation"], "model_watch": ["lean_slight"], "lean": "slight", "crossarm": "none_visible", "vegetation": "touching", "transformer": false, "attachments_estimate": 1, "photos_assessed": 3, "capture_sequences": 1, "photo_shown_date": "2023-10", "latest_available_photo_date": "2023-10", "source_photo_url": "https://www.mapillary.com/app/?pKey=939498254020561&focus=photo", "nearest_osm_pole_m": null}}, {"type": "Feature", "geometry": {"type": "Point", "coordinates": [-73.942176, 40.7286922]}, "properties": {"id": "gree-00649", "is_utility_pole": true, "pole_type": "wood_utility", "model_flags": [], "model_watch": ["lean_slight"], "lean": "slight", "crossarm": "intact", "vegetation": "none", "transformer": false, "attachments_estimate": 2, "photos_assessed": 5, "capture_sequences": 1, "photo_shown_date": "2023-10", "latest_available_photo_date": "2023-10", "source_photo_url": "https://www.mapillary.com/app/?pKey=918792149732337&focus=photo", "nearest_osm_pole_m": null}}, {"type": "Feature", "geometry": {"type": "Point", "coordinates": [-73.9421133, 40.7281253]}, "properties": {"id": "gree-00650", "is_utility_pole": true, "pole_type": "wood_utility", "model_flags": [], "model_watch": ["lean_slight"], "lean": "slight", "crossarm": "none_visible", "vegetation": "none", "transformer": false, "attachments_estimate": 2, "photos_assessed": 9, "capture_sequences": 1, "photo_shown_date": "2023-10", "latest_available_photo_date": "2023-10", "source_photo_url": "https://www.mapillary.com/app/?pKey=294831970099826&focus=photo", "nearest_osm_pole_m": null}}, {"type": "Feature", "geometry": {"type": "Point", "coordinates": [-73.942188, 40.728468]}, "properties": {"id": "gree-00651", "is_utility_pole": true, "pole_type": "wood_utility", "model_flags": [], "model_watch": ["lean_slight"], "lean": "slight", "crossarm": "none_visible", "vegetation": "none", "transformer": false, "attachments_estimate": 2, "photos_assessed": 5, "capture_sequences": 1, "photo_shown_date": "2023-10", "latest_available_photo_date": "2023-10", "source_photo_url": "https://www.mapillary.com/app/?pKey=1457912045139810&focus=photo", "nearest_osm_pole_m": null}}, {"type": "Feature", "geometry": {"type": "Point", "coordinates": [-73.941885, 40.727827]}, "properties": {"id": "gree-00652", "is_utility_pole": true, "pole_type": "wood_utility", "model_flags": [], "model_watch": ["lean_slight"], "lean": "slight", "crossarm": "intact", "vegetation": "none", "transformer": false, "attachments_estimate": 1, "photos_assessed": 6, "capture_sequences": 1, "photo_shown_date": "2023-10", "latest_available_photo_date": "2023-10", "source_photo_url": "https://www.mapillary.com/app/?pKey=805995428238987&focus=photo", "nearest_osm_pole_m": null}}, {"type": "Feature", "geometry": {"type": "Point", "coordinates": [-73.942, 40.727314]}, "properties": {"id": "gree-00653", "is_utility_pole": true, "pole_type": "wood_utility", "model_flags": [], "model_watch": ["lean_slight"], "lean": "slight", "crossarm": "intact", "vegetation": "none", "transformer": false, "attachments_estimate": 2, "photos_assessed": 3, "capture_sequences": 1, "photo_shown_date": "2023-10", "latest_available_photo_date": "2023-10", "source_photo_url": "https://www.mapillary.com/app/?pKey=950235256766490&focus=photo", "nearest_osm_pole_m": null}}, {"type": "Feature", "geometry": {"type": "Point", "coordinates": [-73.942193, 40.7258165]}, "properties": {"id": "gree-00654", "is_utility_pole": false, "pole_type": "street_light", "model_flags": [], "model_watch": ["lean_slight"], "lean": "slight", "crossarm": "none_visible", "vegetation": "none", "transformer": false, "attachments_estimate": 0, "photos_assessed": 4, "capture_sequences": 2, "photo_shown_date": "2023-10", "latest_available_photo_date": "2023-10", "source_photo_url": "https://www.mapillary.com/app/?pKey=776344554224545&focus=photo", "nearest_osm_pole_m": null}}, {"type": "Feature", "geometry": {"type": "Point", "coordinates": [-73.941916, 40.7276884]}, "properties": {"id": "gree-00655", "is_utility_pole": true, "pole_type": "wood_utility", "model_flags": [], "model_watch": ["lean_slight"], "lean": "slight", "crossarm": "none_visible", "vegetation": "none", "transformer": false, "attachments_estimate": 2, "photos_assessed": 5, "capture_sequences": 1, "photo_shown_date": "2023-10", "latest_available_photo_date": "2023-10", "source_photo_url": "https://www.mapillary.com/app/?pKey=1787567425052378&focus=photo", "nearest_osm_pole_m": null}}, {"type": "Feature", "geometry": {"type": "Point", "coordinates": [-73.941795, 40.72622]}, "properties": {"id": "gree-00656", "is_utility_pole": true, "pole_type": "wood_utility", "model_flags": [], "model_watch": [], "lean": "unclear", "crossarm": "intact", "vegetation": "near", "transformer": false, "attachments_estimate": 3, "photos_assessed": 3, "capture_sequences": 1, "photo_shown_date": "2023-10", "latest_available_photo_date": "2023-10", "source_photo_url": "https://www.mapillary.com/app/?pKey=785852156214503&focus=photo", "nearest_osm_pole_m": null}}, {"type": "Feature", "geometry": {"type": "Point", "coordinates": [-73.94211, 40.728264]}, "properties": {"id": "gree-00657", "is_utility_pole": true, "pole_type": "wood_utility", "model_flags": [], "model_watch": [], "lean": "none", "crossarm": "none_visible", "vegetation": "none", "transformer": false, "attachments_estimate": 2, "photos_assessed": 2, "capture_sequences": 1, "photo_shown_date": "2023-10", "latest_available_photo_date": "2023-10", "source_photo_url": "https://www.mapillary.com/app/?pKey=2769280366580954&focus=photo", "nearest_osm_pole_m": null}}, {"type": "Feature", "geometry": {"type": "Point", "coordinates": [-73.94212, 40.728386]}, "properties": {"id": "gree-00658", "is_utility_pole": true, "pole_type": "wood_utility", "model_flags": [], "model_watch": ["lean_slight"], "lean": "slight", "crossarm": "intact", "vegetation": "none", "transformer": false, "attachments_estimate": 2, "photos_assessed": 1, "capture_sequences": 1, "photo_shown_date": "2023-10", "latest_available_photo_date": "2023-10", "source_photo_url": "https://www.mapillary.com/app/?pKey=797604622212665&focus=photo", "nearest_osm_pole_m": null}}, {"type": "Feature", "geometry": {"type": "Point", "coordinates": [-73.94629, 40.725365]}, "properties": {"id": "gree-00659", "is_utility_pole": false, "pole_type": "street_light", "model_flags": [], "model_watch": [], "lean": "none", "crossarm": "none_visible", "vegetation": "near", "transformer": false, "attachments_estimate": 0, "photos_assessed": 2, "capture_sequences": 1, "photo_shown_date": "2022-01", "latest_available_photo_date": "2022-01", "source_photo_url": "https://www.mapillary.com/app/?pKey=255837640010739&focus=photo", "nearest_osm_pole_m": null}}, {"type": "Feature", "geometry": {"type": "Point", "coordinates": [-73.941834, 40.725895]}, "properties": {"id": "gree-00660", "is_utility_pole": true, "pole_type": "wood_utility", "model_flags": [], "model_watch": [], "lean": "none", "crossarm": "intact", "vegetation": "near", "transformer": false, "attachments_estimate": 2, "photos_assessed": 7, "capture_sequences": 2, "photo_shown_date": "2024-07", "latest_available_photo_date": "2024-07", "source_photo_url": "https://www.mapillary.com/app/?pKey=8740372305990649&focus=photo", "nearest_osm_pole_m": null}}, {"type": "Feature", "geometry": {"type": "Point", "coordinates": [-73.93686, 40.72465]}, "properties": {"id": "gree-00661", "is_utility_pole": false, "pole_type": "street_light", "model_flags": [], "model_watch": [], "lean": "none", "crossarm": "none_visible", "vegetation": "none", "transformer": false, "attachments_estimate": 0, "photos_assessed": 2, "capture_sequences": 1, "photo_shown_date": "2024-04", "latest_available_photo_date": "2024-04", "source_photo_url": "https://www.mapillary.com/app/?pKey=8104436916313996&focus=photo", "nearest_osm_pole_m": null}}, {"type": "Feature", "geometry": {"type": "Point", "coordinates": [-73.941414, 40.72318]}, "properties": {"id": "gree-00662", "is_utility_pole": true, "pole_type": "wood_utility", "model_flags": [], "model_watch": ["lean_slight"], "lean": "slight", "crossarm": "unclear", "vegetation": "near", "transformer": false, "attachments_estimate": 1, "photos_assessed": 3, "capture_sequences": 1, "photo_shown_date": "2024-07", "latest_available_photo_date": "2024-07", "source_photo_url": "https://www.mapillary.com/app/?pKey=503773202123854&focus=photo", "nearest_osm_pole_m": null}}, {"type": "Feature", "geometry": {"type": "Point", "coordinates": [-73.94163, 40.72415]}, "properties": {"id": "gree-00663", "is_utility_pole": true, "pole_type": "wood_utility", "model_flags": ["vegetation"], "model_watch": ["lean_slight"], "lean": "slight", "crossarm": "none_visible", "vegetation": "touching", "transformer": false, "attachments_estimate": 2, "photos_assessed": 3, "capture_sequences": 1, "photo_shown_date": "2024-07", "latest_available_photo_date": "2024-07", "source_photo_url": "https://www.mapillary.com/app/?pKey=2817461678418765&focus=photo", "nearest_osm_pole_m": null}}, {"type": "Feature", "geometry": {"type": "Point", "coordinates": [-73.94149, 40.723484]}, "properties": {"id": "gree-00664", "is_utility_pole": true, "pole_type": "wood_utility", "model_flags": [], "model_watch": ["lean_slight"], "lean": "slight", "crossarm": "none_visible", "vegetation": "near", "transformer": false, "attachments_estimate": 2, "photos_assessed": 3, "capture_sequences": 1, "photo_shown_date": "2024-07", "latest_available_photo_date": "2024-07", "source_photo_url": "https://www.mapillary.com/app/?pKey=763097979170943&focus=photo", "nearest_osm_pole_m": null}}, {"type": "Feature", "geometry": {"type": "Point", "coordinates": [-73.94141, 40.72328]}, "properties": {"id": "gree-00665", "is_utility_pole": true, "pole_type": "wood_utility", "model_flags": [], "model_watch": ["lean_slight"], "lean": "slight", "crossarm": "none_visible", "vegetation": "near", "transformer": false, "attachments_estimate": 1, "photos_assessed": 3, "capture_sequences": 1, "photo_shown_date": "2024-07", "latest_available_photo_date": "2024-07", "source_photo_url": "https://www.mapillary.com/app/?pKey=1522366002037770&focus=photo", "nearest_osm_pole_m": null}}, {"type": "Feature", "geometry": {"type": "Point", "coordinates": [-73.94201, 40.72625]}, "properties": {"id": "gree-00666", "is_utility_pole": true, "pole_type": "wood_utility", "model_flags": [], "model_watch": ["lean_slight"], "lean": "slight", "crossarm": "intact", "vegetation": "none", "transformer": false, "attachments_estimate": 1, "photos_assessed": 3, "capture_sequences": 1, "photo_shown_date": "2024-07", "latest_available_photo_date": "2024-07", "source_photo_url": "https://www.mapillary.com/app/?pKey=1162439005002115&focus=photo", "nearest_osm_pole_m": null}}, {"type": "Feature", "geometry": {"type": "Point", "coordinates": [-73.94186, 40.72612]}, "properties": {"id": "gree-00667", "is_utility_pole": true, "pole_type": "wood_utility", "model_flags": [], "model_watch": ["lean_slight"], "lean": "slight", "crossarm": "none_visible", "vegetation": "none", "transformer": false, "attachments_estimate": 3, "photos_assessed": 3, "capture_sequences": 1, "photo_shown_date": "2024-07", "latest_available_photo_date": "2024-07", "source_photo_url": "https://www.mapillary.com/app/?pKey=1392317761463090&focus=photo", "nearest_osm_pole_m": null}}, {"type": "Feature", "geometry": {"type": "Point", "coordinates": [-73.9416675, 40.725851]}, "properties": {"id": "gree-00668", "is_utility_pole": true, "pole_type": "wood_utility", "model_flags": [], "model_watch": ["lean_slight"], "lean": "slight", "crossarm": "intact", "vegetation": "none", "transformer": true, "attachments_estimate": 1, "photos_assessed": 4, "capture_sequences": 2, "photo_shown_date": "2024-07", "latest_available_photo_date": "2024-07", "source_photo_url": "https://www.mapillary.com/app/?pKey=483439341038493&focus=photo", "nearest_osm_pole_m": null}}, {"type": "Feature", "geometry": {"type": "Point", "coordinates": [-73.958518, 40.7296792]}, "properties": {"id": "gree-00669", "is_utility_pole": true, "pole_type": "wood_utility", "model_flags": [], "model_watch": ["lean_slight"], "lean": "slight", "crossarm": "none_visible", "vegetation": "none", "transformer": false, "attachments_estimate": 2, "photos_assessed": 5, "capture_sequences": 1, "photo_shown_date": "2019-12", "latest_available_photo_date": "2019-12", "source_photo_url": "https://www.mapillary.com/app/?pKey=551244719370807&focus=photo", "nearest_osm_pole_m": null}}, {"type": "Feature", "geometry": {"type": "Point", "coordinates": [-73.958435, 40.7295135]}, "properties": {"id": "gree-00670", "is_utility_pole": true, "pole_type": "wood_utility", "model_flags": [], "model_watch": ["lean_slight"], "lean": "slight", "crossarm": "none_visible", "vegetation": "none", "transformer": false, "attachments_estimate": 2, "photos_assessed": 6, "capture_sequences": 1, "photo_shown_date": "2019-12", "latest_available_photo_date": "2019-12", "source_photo_url": "https://www.mapillary.com/app/?pKey=489862145773838&focus=photo", "nearest_osm_pole_m": null}}, {"type": "Feature", "geometry": {"type": "Point", "coordinates": [-73.94278, 40.732857]}, "properties": {"id": "gree-00671", "is_utility_pole": true, "pole_type": "wood_utility", "model_flags": [], "model_watch": ["lean_slight"], "lean": "slight", "crossarm": "unclear", "vegetation": "none", "transformer": false, "attachments_estimate": 1, "photos_assessed": 3, "capture_sequences": 1, "photo_shown_date": "2015-06", "latest_available_photo_date": "2015-06", "source_photo_url": "https://www.mapillary.com/app/?pKey=299363701647447&focus=photo", "nearest_osm_pole_m": null}}, {"type": "Feature", "geometry": {"type": "Point", "coordinates": [-73.95963, 40.733227]}, "properties": {"id": "gree-00672", "is_utility_pole": true, "pole_type": "wood_utility", "model_flags": [], "model_watch": [], "lean": "none", "crossarm": "none_visible", "vegetation": "none", "transformer": false, "attachments_estimate": 2, "photos_assessed": 3, "capture_sequences": 1, "photo_shown_date": "2019-12", "latest_available_photo_date": "2019-12", "source_photo_url": "https://www.mapillary.com/app/?pKey=514600626360716&focus=photo", "nearest_osm_pole_m": null}}, {"type": "Feature", "geometry": {"type": "Point", "coordinates": [-73.959724, 40.732983]}, "properties": {"id": "gree-00673", "is_utility_pole": true, "pole_type": "wood_utility", "model_flags": [], "model_watch": ["lean_slight"], "lean": "slight", "crossarm": "none_visible", "vegetation": "near", "transformer": false, "attachments_estimate": 2, "photos_assessed": 1, "capture_sequences": 1, "photo_shown_date": "2019-12", "latest_available_photo_date": "2019-12", "source_photo_url": "https://www.mapillary.com/app/?pKey=814501482810748&focus=photo", "nearest_osm_pole_m": null}}, {"type": "Feature", "geometry": {"type": "Point", "coordinates": [-73.948654, 40.72516]}, "properties": {"id": "gree-00674", "is_utility_pole": true, "pole_type": "wood_utility", "model_flags": [], "model_watch": ["lean_slight"], "lean": "slight", "crossarm": "none_visible", "vegetation": "near", "transformer": false, "attachments_estimate": 1, "photos_assessed": 1, "capture_sequences": 1, "photo_shown_date": "2024-12", "latest_available_photo_date": "2024-12", "source_photo_url": "https://www.mapillary.com/app/?pKey=948843763962466&focus=photo", "nearest_osm_pole_m": null}}, {"type": "Feature", "geometry": {"type": "Point", "coordinates": [-73.95732, 40.728508]}, "properties": {"id": "gree-00675", "is_utility_pole": false, "pole_type": "traffic_signal", "model_flags": [], "model_watch": [], "lean": "none", "crossarm": "none_visible", "vegetation": "none", "transformer": false, "attachments_estimate": 0, "photos_assessed": 3, "capture_sequences": 1, "photo_shown_date": "2024-02", "latest_available_photo_date": "2024-02", "source_photo_url": "https://www.mapillary.com/app/?pKey=909392857312139&focus=photo", "nearest_osm_pole_m": null}}, {"type": "Feature", "geometry": {"type": "Point", "coordinates": [-73.96137, 40.721397]}, "properties": {"id": "gree-00676", "is_utility_pole": false, "pole_type": "unclear", "model_flags": [], "model_watch": [], "lean": "unclear", "crossarm": "none_visible", "vegetation": "near", "transformer": false, "attachments_estimate": 0, "photos_assessed": 2, "capture_sequences": 1, "photo_shown_date": "2023-10", "latest_available_photo_date": "2023-10", "source_photo_url": "https://www.mapillary.com/app/?pKey=1870200623377051&focus=photo", "nearest_osm_pole_m": null}}, {"type": "Feature", "geometry": {"type": "Point", "coordinates": [-73.93438, 40.738987]}, "properties": {"id": "gree-00677", "is_utility_pole": true, "pole_type": "wood_utility", "model_flags": [], "model_watch": ["lean_slight"], "lean": "slight", "crossarm": "none_visible", "vegetation": "none", "transformer": false, "attachments_estimate": 1, "photos_assessed": 2, "capture_sequences": 1, "photo_shown_date": "2018-09", "latest_available_photo_date": "2018-09", "source_photo_url": "https://www.mapillary.com/app/?pKey=212765170449135&focus=photo", "nearest_osm_pole_m": null}}, {"type": "Feature", "geometry": {"type": "Point", "coordinates": [-73.93031, 40.737473]}, "properties": {"id": "gree-00678", "is_utility_pole": true, "pole_type": "wood_utility", "model_flags": [], "model_watch": ["lean_slight"], "lean": "slight", "crossarm": "unclear", "vegetation": "none", "transformer": false, "attachments_estimate": 2, "photos_assessed": 1, "capture_sequences": 1, "photo_shown_date": "2018-08", "latest_available_photo_date": "2018-08", "source_photo_url": "https://www.mapillary.com/app/?pKey=5483652791676455&focus=photo", "nearest_osm_pole_m": null}}, {"type": "Feature", "geometry": {"type": "Point", "coordinates": [-73.952103, 40.7336695]}, "properties": {"id": "gree-00679", "is_utility_pole": false, "pole_type": "street_light", "model_flags": [], "model_watch": [], "lean": "none", "crossarm": "none_visible", "vegetation": "none", "transformer": false, "attachments_estimate": 2, "photos_assessed": 6, "capture_sequences": 1, "photo_shown_date": "2018-08", "latest_available_photo_date": "2018-08", "source_photo_url": "https://www.mapillary.com/app/?pKey=251834910062851&focus=photo", "nearest_osm_pole_m": null}}, {"type": "Feature", "geometry": {"type": "Point", "coordinates": [-73.943855, 40.71993]}, "properties": {"id": "gree-00680", "is_utility_pole": true, "pole_type": "wood_utility", "model_flags": [], "model_watch": ["lean_slight"], "lean": "slight", "crossarm": "none_visible", "vegetation": "near", "transformer": false, "attachments_estimate": 1, "photos_assessed": 1, "capture_sequences": 1, "photo_shown_date": "2020-04", "latest_available_photo_date": "2020-04", "source_photo_url": "https://www.mapillary.com/app/?pKey=338302410966395&focus=photo", "nearest_osm_pole_m": null}}, {"type": "Feature", "geometry": {"type": "Point", "coordinates": [-73.951775, 40.725346]}, "properties": {"id": "gree-00681", "is_utility_pole": false, "pole_type": "traffic_signal", "model_flags": [], "model_watch": [], "lean": "none", "crossarm": "none_visible", "vegetation": "none", "transformer": false, "attachments_estimate": 0, "photos_assessed": 3, "capture_sequences": 1, "photo_shown_date": "2022-01", "latest_available_photo_date": "2022-01", "source_photo_url": "https://www.mapillary.com/app/?pKey=614745792951874&focus=photo", "nearest_osm_pole_m": null}}, {"type": "Feature", "geometry": {"type": "Point", "coordinates": [-73.95151, 40.725464]}, "properties": {"id": "gree-00682", "is_utility_pole": true, "pole_type": "wood_utility", "model_flags": ["vegetation"], "model_watch": ["lean_slight"], "lean": "slight", "crossarm": "none_visible", "vegetation": "touching", "transformer": false, "attachments_estimate": 0, "photos_assessed": 3, "capture_sequences": 1, "photo_shown_date": "2022-01", "latest_available_photo_date": "2022-01", "source_photo_url": "https://www.mapillary.com/app/?pKey=3154007151540701&focus=photo", "nearest_osm_pole_m": null}}, {"type": "Feature", "geometry": {"type": "Point", "coordinates": [-73.94584, 40.73175]}, "properties": {"id": "gree-00683", "is_utility_pole": true, "pole_type": "concrete_or_steel_utility", "model_flags": [], "model_watch": [], "lean": "none", "crossarm": "none_visible", "vegetation": "near", "transformer": false, "attachments_estimate": 1, "photos_assessed": 2, "capture_sequences": 1, "photo_shown_date": "2018-05", "latest_available_photo_date": "2018-05", "source_photo_url": "https://www.mapillary.com/app/?pKey=129235945916149&focus=photo", "nearest_osm_pole_m": null}}, {"type": "Feature", "geometry": {"type": "Point", "coordinates": [-73.9508, 40.735615]}, "properties": {"id": "gree-00684", "is_utility_pole": true, "pole_type": "wood_utility", "model_flags": [], "model_watch": [], "lean": "none", "crossarm": "none_visible", "vegetation": "none", "transformer": false, "attachments_estimate": 1, "photos_assessed": 3, "capture_sequences": 1, "photo_shown_date": "2018-08", "latest_available_photo_date": "2018-08", "source_photo_url": "https://www.mapillary.com/app/?pKey=507537190396662&focus=photo", "nearest_osm_pole_m": null}}, {"type": "Feature", "geometry": {"type": "Point", "coordinates": [-73.951065, 40.73559]}, "properties": {"id": "gree-00685", "is_utility_pole": true, "pole_type": "wood_utility", "model_flags": [], "model_watch": [], "lean": "none", "crossarm": "none_visible", "vegetation": "none", "transformer": false, "attachments_estimate": 1, "photos_assessed": 3, "capture_sequences": 1, "photo_shown_date": "2018-08", "latest_available_photo_date": "2018-08", "source_photo_url": "https://www.mapillary.com/app/?pKey=599401621453274&focus=photo", "nearest_osm_pole_m": null}}, {"type": "Feature", "geometry": {"type": "Point", "coordinates": [-73.95143, 40.735558]}, "properties": {"id": "gree-00686", "is_utility_pole": true, "pole_type": "wood_utility", "model_flags": [], "model_watch": ["lean_slight"], "lean": "slight", "crossarm": "none_visible", "vegetation": "none", "transformer": false, "attachments_estimate": 1, "photos_assessed": 3, "capture_sequences": 1, "photo_shown_date": "2018-08", "latest_available_photo_date": "2018-08", "source_photo_url": "https://www.mapillary.com/app/?pKey=301019468227078&focus=photo", "nearest_osm_pole_m": null}}, {"type": "Feature", "geometry": {"type": "Point", "coordinates": [-73.95786, 40.722652]}, "properties": {"id": "gree-00687", "is_utility_pole": false, "pole_type": "street_light", "model_flags": [], "model_watch": [], "lean": "none", "crossarm": "none_visible", "vegetation": "none", "transformer": false, "attachments_estimate": 0, "photos_assessed": 3, "capture_sequences": 1, "photo_shown_date": "2019-12", "latest_available_photo_date": "2019-12", "source_photo_url": "https://www.mapillary.com/app/?pKey=469176140960280&focus=photo", "nearest_osm_pole_m": null}}, {"type": "Feature", "geometry": {"type": "Point", "coordinates": [-73.95325, 40.727886]}, "properties": {"id": "gree-00688", "is_utility_pole": false, "pole_type": "street_light", "model_flags": [], "model_watch": [], "lean": "none", "crossarm": "none_visible", "vegetation": "none", "transformer": false, "attachments_estimate": 0, "photos_assessed": 3, "capture_sequences": 1, "photo_shown_date": "2016-06", "latest_available_photo_date": "2016-06", "source_photo_url": "https://www.mapillary.com/app/?pKey=484161032632082&focus=photo", "nearest_osm_pole_m": null}}, {"type": "Feature", "geometry": {"type": "Point", "coordinates": [-73.95324, 40.728233]}, "properties": {"id": "gree-00689", "is_utility_pole": false, "pole_type": "traffic_signal", "model_flags": [], "model_watch": [], "lean": "none", "crossarm": "none_visible", "vegetation": "none", "transformer": false, "attachments_estimate": 0, "photos_assessed": 3, "capture_sequences": 1, "photo_shown_date": "2016-06", "latest_available_photo_date": "2016-06", "source_photo_url": "https://www.mapillary.com/app/?pKey=287238619614039&focus=photo", "nearest_osm_pole_m": null}}, {"type": "Feature", "geometry": {"type": "Point", "coordinates": [-73.9533, 40.727993]}, "properties": {"id": "gree-00690", "is_utility_pole": false, "pole_type": "street_light", "model_flags": [], "model_watch": [], "lean": "none", "crossarm": "none_visible", "vegetation": "none", "transformer": false, "attachments_estimate": 0, "photos_assessed": 3, "capture_sequences": 1, "photo_shown_date": "2016-06", "latest_available_photo_date": "2016-06", "source_photo_url": "https://www.mapillary.com/app/?pKey=463563868250883&focus=photo", "nearest_osm_pole_m": null}}, {"type": "Feature", "geometry": {"type": "Point", "coordinates": [-73.95152, 40.725082]}, "properties": {"id": "gree-00691", "is_utility_pole": false, "pole_type": "street_light", "model_flags": [], "model_watch": [], "lean": "none", "crossarm": "none_visible", "vegetation": "none", "transformer": false, "attachments_estimate": 0, "photos_assessed": 1, "capture_sequences": 1, "photo_shown_date": "2022-01", "latest_available_photo_date": "2022-01", "source_photo_url": "https://www.mapillary.com/app/?pKey=717713402487233&focus=photo", "nearest_osm_pole_m": null}}, {"type": "Feature", "geometry": {"type": "Point", "coordinates": [-73.95163, 40.72362]}, "properties": {"id": "gree-00692", "is_utility_pole": false, "pole_type": "street_light", "model_flags": [], "model_watch": [], "lean": "none", "crossarm": "none_visible", "vegetation": "none", "transformer": false, "attachments_estimate": 0, "photos_assessed": 3, "capture_sequences": 1, "photo_shown_date": "2022-01", "latest_available_photo_date": "2022-01", "source_photo_url": "https://www.mapillary.com/app/?pKey=332867205423775&focus=photo", "nearest_osm_pole_m": null}}, {"type": "Feature", "geometry": {"type": "Point", "coordinates": [-73.936803, 40.724776]}, "properties": {"id": "gree-00693", "is_utility_pole": true, "pole_type": "wood_utility", "model_flags": [], "model_watch": ["lean_slight"], "lean": "slight", "crossarm": "none_visible", "vegetation": "none", "transformer": false, "attachments_estimate": 2, "photos_assessed": 2, "capture_sequences": 1, "photo_shown_date": "2023-10", "latest_available_photo_date": "2023-10", "source_photo_url": "https://www.mapillary.com/app/?pKey=844703220647681&focus=photo", "nearest_osm_pole_m": null}}, {"type": "Feature", "geometry": {"type": "Point", "coordinates": [-73.935524, 40.724937]}, "properties": {"id": "gree-00694", "is_utility_pole": false, "pole_type": "street_light", "model_flags": [], "model_watch": [], "lean": "none", "crossarm": "none_visible", "vegetation": "near", "transformer": false, "attachments_estimate": 0, "photos_assessed": 3, "capture_sequences": 1, "photo_shown_date": "2023-10", "latest_available_photo_date": "2023-10", "source_photo_url": "https://www.mapillary.com/app/?pKey=869041497680311&focus=photo", "nearest_osm_pole_m": null}}, {"type": "Feature", "geometry": {"type": "Point", "coordinates": [-73.93533, 40.724953]}, "properties": {"id": "gree-00695", "is_utility_pole": false, "pole_type": "street_light", "model_flags": ["vegetation"], "model_watch": [], "lean": "none", "crossarm": "none_visible", "vegetation": "touching", "transformer": false, "attachments_estimate": 0, "photos_assessed": 3, "capture_sequences": 1, "photo_shown_date": "2023-10", "latest_available_photo_date": "2023-10", "source_photo_url": "https://www.mapillary.com/app/?pKey=800238211790188&focus=photo", "nearest_osm_pole_m": null}}, {"type": "Feature", "geometry": {"type": "Point", "coordinates": [-73.93604, 40.724842]}, "properties": {"id": "gree-00696", "is_utility_pole": true, "pole_type": "wood_utility", "model_flags": [], "model_watch": ["lean_slight"], "lean": "slight", "crossarm": "none_visible", "vegetation": "near", "transformer": false, "attachments_estimate": 0, "photos_assessed": 3, "capture_sequences": 1, "photo_shown_date": "2023-10", "latest_available_photo_date": "2023-10", "source_photo_url": "https://www.mapillary.com/app/?pKey=1040972667051845&focus=photo", "nearest_osm_pole_m": null}}, {"type": "Feature", "geometry": {"type": "Point", "coordinates": [-73.936105, 40.724758]}, "properties": {"id": "gree-00697", "is_utility_pole": false, "pole_type": "street_light", "model_flags": ["lean"], "model_watch": [], "lean": "moderate", "crossarm": "none_visible", "vegetation": "near", "transformer": false, "attachments_estimate": 0, "photos_assessed": 6, "capture_sequences": 1, "photo_shown_date": "2023-10", "latest_available_photo_date": "2023-10", "source_photo_url": "https://www.mapillary.com/app/?pKey=2441684736032355&focus=photo", "nearest_osm_pole_m": null}}, {"type": "Feature", "geometry": {"type": "Point", "coordinates": [-73.93677, 40.72486]}, "properties": {"id": "gree-00698", "is_utility_pole": true, "pole_type": "wood_utility", "model_flags": [], "model_watch": ["lean_slight"], "lean": "slight", "crossarm": "none_visible", "vegetation": "near", "transformer": false, "attachments_estimate": 2, "photos_assessed": 2, "capture_sequences": 1, "photo_shown_date": "2023-10", "latest_available_photo_date": "2023-10", "source_photo_url": "https://www.mapillary.com/app/?pKey=873029314533611&focus=photo", "nearest_osm_pole_m": null}}, {"type": "Feature", "geometry": {"type": "Point", "coordinates": [-73.937185, 40.7188965]}, "properties": {"id": "gree-00699", "is_utility_pole": true, "pole_type": "wood_utility", "model_flags": [], "model_watch": ["lean_slight"], "lean": "slight", "crossarm": "none_visible", "vegetation": "near", "transformer": false, "attachments_estimate": 1, "photos_assessed": 6, "capture_sequences": 1, "photo_shown_date": "2023-10", "latest_available_photo_date": "2023-10", "source_photo_url": "https://www.mapillary.com/app/?pKey=289264110675239&focus=photo", "nearest_osm_pole_m": null}}, {"type": "Feature", "geometry": {"type": "Point", "coordinates": [-73.93752, 40.71959]}, "properties": {"id": "gree-00700", "is_utility_pole": true, "pole_type": "wood_utility", "model_flags": [], "model_watch": ["lean_slight"], "lean": "slight", "crossarm": "none_visible", "vegetation": "none", "transformer": false, "attachments_estimate": 1, "photos_assessed": 3, "capture_sequences": 1, "photo_shown_date": "2023-10", "latest_available_photo_date": "2023-10", "source_photo_url": "https://www.mapillary.com/app/?pKey=317558954224748&focus=photo", "nearest_osm_pole_m": null}}, {"type": "Feature", "geometry": {"type": "Point", "coordinates": [-73.9374467, 40.7194187]}, "properties": {"id": "gree-00701", "is_utility_pole": true, "pole_type": "wood_utility", "model_flags": [], "model_watch": [], "lean": "none", "crossarm": "none_visible", "vegetation": "none", "transformer": false, "attachments_estimate": 0, "photos_assessed": 3, "capture_sequences": 1, "photo_shown_date": "2023-10", "latest_available_photo_date": "2023-10", "source_photo_url": "https://www.mapillary.com/app/?pKey=1197949738189269&focus=photo", "nearest_osm_pole_m": null}}, {"type": "Feature", "geometry": {"type": "Point", "coordinates": [-73.93702, 40.71891]}, "properties": {"id": "gree-00702", "is_utility_pole": false, "pole_type": "street_light", "model_flags": [], "model_watch": [], "lean": "unclear", "crossarm": "unclear", "vegetation": "near", "transformer": false, "attachments_estimate": 0, "photos_assessed": 2, "capture_sequences": 1, "photo_shown_date": "2023-10", "latest_available_photo_date": "2023-10", "source_photo_url": "https://www.mapillary.com/app/?pKey=882546882855116&focus=photo", "nearest_osm_pole_m": null}}, {"type": "Feature", "geometry": {"type": "Point", "coordinates": [-73.93735, 40.7192]}, "properties": {"id": "gree-00703", "is_utility_pole": false, "pole_type": "street_light", "model_flags": [], "model_watch": ["lean_slight"], "lean": "slight", "crossarm": "none_visible", "vegetation": "none", "transformer": false, "attachments_estimate": 0, "photos_assessed": 3, "capture_sequences": 1, "photo_shown_date": "2023-10", "latest_available_photo_date": "2023-10", "source_photo_url": "https://www.mapillary.com/app/?pKey=347186361118323&focus=photo", "nearest_osm_pole_m": null}}, {"type": "Feature", "geometry": {"type": "Point", "coordinates": [-73.958336, 40.719505]}, "properties": {"id": "gree-00704", "is_utility_pole": true, "pole_type": "wood_utility", "model_flags": [], "model_watch": ["lean_slight"], "lean": "slight", "crossarm": "none_visible", "vegetation": "none", "transformer": true, "attachments_estimate": 2, "photos_assessed": 3, "capture_sequences": 1, "photo_shown_date": "2015-03", "latest_available_photo_date": "2015-03", "source_photo_url": "https://www.mapillary.com/app/?pKey=144296924327444&focus=photo", "nearest_osm_pole_m": null}}, {"type": "Feature", "geometry": {"type": "Point", "coordinates": [-73.937645, 40.735268]}, "properties": {"id": "gree-00705", "is_utility_pole": true, "pole_type": "wood_utility", "model_flags": [], "model_watch": ["lean_slight"], "lean": "slight", "crossarm": "none_visible", "vegetation": "near", "transformer": false, "attachments_estimate": 2, "photos_assessed": 3, "capture_sequences": 1, "photo_shown_date": "2015-06", "latest_available_photo_date": "2015-06", "source_photo_url": "https://www.mapillary.com/app/?pKey=494158255333727&focus=photo", "nearest_osm_pole_m": null}}, {"type": "Feature", "geometry": {"type": "Point", "coordinates": [-73.937416, 40.735275]}, "properties": {"id": "gree-00706", "is_utility_pole": true, "pole_type": "wood_utility", "model_flags": [], "model_watch": ["lean_slight"], "lean": "slight", "crossarm": "none_visible", "vegetation": "none", "transformer": false, "attachments_estimate": 1, "photos_assessed": 3, "capture_sequences": 1, "photo_shown_date": "2015-06", "latest_available_photo_date": "2015-06", "source_photo_url": "https://www.mapillary.com/app/?pKey=494158255333727&focus=photo", "nearest_osm_pole_m": null}}, {"type": "Feature", "geometry": {"type": "Point", "coordinates": [-73.93747, 40.73517]}, "properties": {"id": "gree-00707", "is_utility_pole": true, "pole_type": "wood_utility", "model_flags": [], "model_watch": [], "lean": "none", "crossarm": "none_visible", "vegetation": "near", "transformer": false, "attachments_estimate": 1, "photos_assessed": 1, "capture_sequences": 1, "photo_shown_date": "2015-06", "latest_available_photo_date": "2015-06", "source_photo_url": "https://www.mapillary.com/app/?pKey=494158255333727&focus=photo", "nearest_osm_pole_m": null}}, {"type": "Feature", "geometry": {"type": "Point", "coordinates": [-73.95226, 40.734848]}, "properties": {"id": "gree-00708", "is_utility_pole": true, "pole_type": "wood_utility", "model_flags": [], "model_watch": ["lean_slight"], "lean": "slight", "crossarm": "none_visible", "vegetation": "none", "transformer": false, "attachments_estimate": 1, "photos_assessed": 3, "capture_sequences": 1, "photo_shown_date": "2018-08", "latest_available_photo_date": "2018-08", "source_photo_url": "https://www.mapillary.com/app/?pKey=869602970258286&focus=photo", "nearest_osm_pole_m": null}}, {"type": "Feature", "geometry": {"type": "Point", "coordinates": [-73.95222, 40.734547]}, "properties": {"id": "gree-00709", "is_utility_pole": true, "pole_type": "wood_utility", "model_flags": [], "model_watch": [], "lean": "unclear", "crossarm": "none_visible", "vegetation": "none", "transformer": false, "attachments_estimate": 0, "photos_assessed": 3, "capture_sequences": 1, "photo_shown_date": "2018-08", "latest_available_photo_date": "2018-08", "source_photo_url": "https://www.mapillary.com/app/?pKey=2854523871481186&focus=photo", "nearest_osm_pole_m": null}}, {"type": "Feature", "geometry": {"type": "Point", "coordinates": [-73.941505, 40.725056]}, "properties": {"id": "gree-00710", "is_utility_pole": true, "pole_type": "wood_utility", "model_flags": [], "model_watch": ["lean_slight"], "lean": "slight", "crossarm": "none_visible", "vegetation": "near", "transformer": false, "attachments_estimate": 1, "photos_assessed": 2, "capture_sequences": 1, "photo_shown_date": "2024-02", "latest_available_photo_date": "2024-02", "source_photo_url": "https://www.mapillary.com/app/?pKey=1439354193643948&focus=photo", "nearest_osm_pole_m": null}}, {"type": "Feature", "geometry": {"type": "Point", "coordinates": [-73.94151, 40.7248]}, "properties": {"id": "gree-00711", "is_utility_pole": true, "pole_type": "wood_utility", "model_flags": [], "model_watch": [], "lean": "none", "crossarm": "none_visible", "vegetation": "near", "transformer": false, "attachments_estimate": 1, "photos_assessed": 2, "capture_sequences": 1, "photo_shown_date": "2024-02", "latest_available_photo_date": "2024-02", "source_photo_url": "https://www.mapillary.com/app/?pKey=6968941353203423&focus=photo", "nearest_osm_pole_m": null}}, {"type": "Feature", "geometry": {"type": "Point", "coordinates": [-73.941635, 40.724476]}, "properties": {"id": "gree-00712", "is_utility_pole": true, "pole_type": "wood_utility", "model_flags": [], "model_watch": [], "lean": "unclear", "crossarm": "none_visible", "vegetation": "near", "transformer": false, "attachments_estimate": 0, "photos_assessed": 3, "capture_sequences": 1, "photo_shown_date": "2024-02", "latest_available_photo_date": "2024-02", "source_photo_url": "https://www.mapillary.com/app/?pKey=1454807611737558&focus=photo", "nearest_osm_pole_m": null}}, {"type": "Feature", "geometry": {"type": "Point", "coordinates": [-73.94169, 40.724243]}, "properties": {"id": "gree-00713", "is_utility_pole": true, "pole_type": "wood_utility", "model_flags": [], "model_watch": [], "lean": "none", "crossarm": "none_visible", "vegetation": "near", "transformer": false, "attachments_estimate": 3, "photos_assessed": 3, "capture_sequences": 1, "photo_shown_date": "2024-02", "latest_available_photo_date": "2024-02", "source_photo_url": "https://www.mapillary.com/app/?pKey=1345223856177626&focus=photo", "nearest_osm_pole_m": null}}, {"type": "Feature", "geometry": {"type": "Point", "coordinates": [-73.94175, 40.723927]}, "properties": {"id": "gree-00714", "is_utility_pole": true, "pole_type": "wood_utility", "model_flags": [], "model_watch": [], "lean": "none", "crossarm": "none_visible", "vegetation": "none", "transformer": false, "attachments_estimate": 0, "photos_assessed": 3, "capture_sequences": 1, "photo_shown_date": "2024-02", "latest_available_photo_date": "2024-02", "source_photo_url": "https://www.mapillary.com/app/?pKey=931265615152589&focus=photo", "nearest_osm_pole_m": null}}, {"type": "Feature", "geometry": {"type": "Point", "coordinates": [-73.95338, 40.72306]}, "properties": {"id": "gree-00715", "is_utility_pole": true, "pole_type": "wood_utility", "model_flags": [], "model_watch": ["lean_slight"], "lean": "slight", "crossarm": "none_visible", "vegetation": "none", "transformer": false, "attachments_estimate": 2, "photos_assessed": 3, "capture_sequences": 1, "photo_shown_date": "2022-01", "latest_available_photo_date": "2022-01", "source_photo_url": "https://www.mapillary.com/app/?pKey=1089866245122773&focus=photo", "nearest_osm_pole_m": null}}, {"type": "Feature", "geometry": {"type": "Point", "coordinates": [-73.941216, 40.72592]}, "properties": {"id": "gree-00716", "is_utility_pole": true, "pole_type": "wood_utility", "model_flags": [], "model_watch": [], "lean": "none", "crossarm": "intact", "vegetation": "near", "transformer": false, "attachments_estimate": 1, "photos_assessed": 3, "capture_sequences": 1, "photo_shown_date": "2023-10", "latest_available_photo_date": "2023-10", "source_photo_url": "https://www.mapillary.com/app/?pKey=698801662374767&focus=photo", "nearest_osm_pole_m": null}}, {"type": "Feature", "geometry": {"type": "Point", "coordinates": [-73.94018, 40.72606]}, "properties": {"id": "gree-00717", "is_utility_pole": true, "pole_type": "wood_utility", "model_flags": [], "model_watch": [], "lean": "none", "crossarm": "intact", "vegetation": "near", "transformer": false, "attachments_estimate": 2, "photos_assessed": 2, "capture_sequences": 1, "photo_shown_date": "2023-10", "latest_available_photo_date": "2023-10", "source_photo_url": "https://www.mapillary.com/app/?pKey=2004708259907588&focus=photo", "nearest_osm_pole_m": null}}, {"type": "Feature", "geometry": {"type": "Point", "coordinates": [-73.939964, 40.72605]}, "properties": {"id": "gree-00718", "is_utility_pole": true, "pole_type": "wood_utility", "model_flags": [], "model_watch": ["lean_slight"], "lean": "slight", "crossarm": "none_visible", "vegetation": "none", "transformer": false, "attachments_estimate": 2, "photos_assessed": 3, "capture_sequences": 1, "photo_shown_date": "2023-10", "latest_available_photo_date": "2023-10", "source_photo_url": "https://www.mapillary.com/app/?pKey=327159233350938&focus=photo", "nearest_osm_pole_m": null}}, {"type": "Feature", "geometry": {"type": "Point", "coordinates": [-73.94065, 40.72599]}, "properties": {"id": "gree-00719", "is_utility_pole": true, "pole_type": "wood_utility", "model_flags": [], "model_watch": ["lean_slight"], "lean": "slight", "crossarm": "intact", "vegetation": "near", "transformer": true, "attachments_estimate": 3, "photos_assessed": 3, "capture_sequences": 1, "photo_shown_date": "2023-10", "latest_available_photo_date": "2023-10", "source_photo_url": "https://www.mapillary.com/app/?pKey=1543205383166716&focus=photo", "nearest_osm_pole_m": null}}, {"type": "Feature", "geometry": {"type": "Point", "coordinates": [-73.939588, 40.726112]}, "properties": {"id": "gree-00720", "is_utility_pole": true, "pole_type": "wood_utility", "model_flags": [], "model_watch": ["lean_slight"], "lean": "slight", "crossarm": "unclear", "vegetation": "none", "transformer": false, "attachments_estimate": 1, "photos_assessed": 6, "capture_sequences": 1, "photo_shown_date": "2023-10", "latest_available_photo_date": "2023-10", "source_photo_url": "https://www.mapillary.com/app/?pKey=1520586025355098&focus=photo", "nearest_osm_pole_m": null}}, {"type": "Feature", "geometry": {"type": "Point", "coordinates": [-73.94029, 40.72602]}, "properties": {"id": "gree-00721", "is_utility_pole": true, "pole_type": "wood_utility", "model_flags": [], "model_watch": ["lean_slight"], "lean": "slight", "crossarm": "intact", "vegetation": "none", "transformer": true, "attachments_estimate": 2, "photos_assessed": 3, "capture_sequences": 1, "photo_shown_date": "2023-10", "latest_available_photo_date": "2023-10", "source_photo_url": "https://www.mapillary.com/app/?pKey=1003626320749321&focus=photo", "nearest_osm_pole_m": null}}, {"type": "Feature", "geometry": {"type": "Point", "coordinates": [-73.94103, 40.725937]}, "properties": {"id": "gree-00722", "is_utility_pole": true, "pole_type": "wood_utility", "model_flags": [], "model_watch": [], "lean": "none", "crossarm": "intact", "vegetation": "none", "transformer": true, "attachments_estimate": 2, "photos_assessed": 3, "capture_sequences": 1, "photo_shown_date": "2023-10", "latest_available_photo_date": "2023-10", "source_photo_url": "https://www.mapillary.com/app/?pKey=1729453484198882&focus=photo", "nearest_osm_pole_m": null}}, {"type": "Feature", "geometry": {"type": "Point", "coordinates": [-73.94075, 40.726124]}, "properties": {"id": "gree-00723", "is_utility_pole": true, "pole_type": "wood_utility", "model_flags": [], "model_watch": [], "lean": "unclear", "crossarm": "none_visible", "vegetation": "near", "transformer": false, "attachments_estimate": 1, "photos_assessed": 3, "capture_sequences": 1, "photo_shown_date": "2023-10", "latest_available_photo_date": "2023-10", "source_photo_url": "https://www.mapillary.com/app/?pKey=722676613061436&focus=photo", "nearest_osm_pole_m": null}}, {"type": "Feature", "geometry": {"type": "Point", "coordinates": [-73.93911, 40.726166]}, "properties": {"id": "gree-00724", "is_utility_pole": true, "pole_type": "wood_utility", "model_flags": [], "model_watch": [], "lean": "none", "crossarm": "intact", "vegetation": "near", "transformer": false, "attachments_estimate": 3, "photos_assessed": 1, "capture_sequences": 1, "photo_shown_date": "2023-10", "latest_available_photo_date": "2023-10", "source_photo_url": "https://www.mapillary.com/app/?pKey=712727677546833&focus=photo", "nearest_osm_pole_m": null}}, {"type": "Feature", "geometry": {"type": "Point", "coordinates": [-73.93982, 40.726076]}, "properties": {"id": "gree-00725", "is_utility_pole": true, "pole_type": "wood_utility", "model_flags": [], "model_watch": ["lean_slight"], "lean": "slight", "crossarm": "none_visible", "vegetation": "none", "transformer": false, "attachments_estimate": 2, "photos_assessed": 6, "capture_sequences": 1, "photo_shown_date": "2023-10", "latest_available_photo_date": "2023-10", "source_photo_url": "https://www.mapillary.com/app/?pKey=658526376465318&focus=photo", "nearest_osm_pole_m": null}}, {"type": "Feature", "geometry": {"type": "Point", "coordinates": [-73.93926, 40.72612]}, "properties": {"id": "gree-00726", "is_utility_pole": true, "pole_type": "wood_utility", "model_flags": [], "model_watch": [], "lean": "none", "crossarm": "intact", "vegetation": "none", "transformer": false, "attachments_estimate": 2, "photos_assessed": 3, "capture_sequences": 1, "photo_shown_date": "2023-10", "latest_available_photo_date": "2023-10", "source_photo_url": "https://www.mapillary.com/app/?pKey=712727677546833&focus=photo", "nearest_osm_pole_m": null}}, {"type": "Feature", "geometry": {"type": "Point", "coordinates": [-73.9393516, 40.72614]}, "properties": {"id": "gree-00727", "is_utility_pole": true, "pole_type": "wood_utility", "model_flags": [], "model_watch": ["lean_slight"], "lean": "slight", "crossarm": "intact", "vegetation": "none", "transformer": false, "attachments_estimate": 1, "photos_assessed": 5, "capture_sequences": 1, "photo_shown_date": "2023-10", "latest_available_photo_date": "2023-10", "source_photo_url": "https://www.mapillary.com/app/?pKey=345681278044292&focus=photo", "nearest_osm_pole_m": null}}, {"type": "Feature", "geometry": {"type": "Point", "coordinates": [-73.939766, 40.72593]}, "properties": {"id": "gree-00728", "is_utility_pole": true, "pole_type": "wood_utility", "model_flags": [], "model_watch": ["lean_slight"], "lean": "slight", "crossarm": "none_visible", "vegetation": "none", "transformer": false, "attachments_estimate": 0, "photos_assessed": 3, "capture_sequences": 1, "photo_shown_date": "2023-10", "latest_available_photo_date": "2023-10", "source_photo_url": "https://www.mapillary.com/app/?pKey=658526376465318&focus=photo", "nearest_osm_pole_m": null}}, {"type": "Feature", "geometry": {"type": "Point", "coordinates": [-73.942894, 40.727768]}, "properties": {"id": "gree-00729", "is_utility_pole": true, "pole_type": "wood_utility", "model_flags": [], "model_watch": ["lean_slight"], "lean": "slight", "crossarm": "unclear", "vegetation": "none", "transformer": false, "attachments_estimate": 0, "photos_assessed": 2, "capture_sequences": 1, "photo_shown_date": "2018-06", "latest_available_photo_date": "2018-06", "source_photo_url": "https://www.mapillary.com/app/?pKey=2869607186631255&focus=photo", "nearest_osm_pole_m": null}}, {"type": "Feature", "geometry": {"type": "Point", "coordinates": [-73.95502, 40.7198712]}, "properties": {"id": "gree-00730", "is_utility_pole": true, "pole_type": "wood_utility", "model_flags": [], "model_watch": [], "lean": "none", "crossarm": "none_visible", "vegetation": "near", "transformer": false, "attachments_estimate": 2, "photos_assessed": 4, "capture_sequences": 1, "photo_shown_date": "2016-06", "latest_available_photo_date": "2016-06", "source_photo_url": "https://www.mapillary.com/app/?pKey=531040371240136&focus=photo", "nearest_osm_pole_m": null}}, {"type": "Feature", "geometry": {"type": "Point", "coordinates": [-73.955256, 40.7200568]}, "properties": {"id": "gree-00731", "is_utility_pole": true, "pole_type": "wood_utility", "model_flags": [], "model_watch": ["lean_slight"], "lean": "slight", "crossarm": "none_visible", "vegetation": "near", "transformer": false, "attachments_estimate": 2, "photos_assessed": 5, "capture_sequences": 2, "photo_shown_date": "2024-03", "latest_available_photo_date": "2024-03", "source_photo_url": "https://www.mapillary.com/app/?pKey=430836726000741&focus=photo", "nearest_osm_pole_m": null}}, {"type": "Feature", "geometry": {"type": "Point", "coordinates": [-73.95513, 40.719948]}, "properties": {"id": "gree-00732", "is_utility_pole": true, "pole_type": "wood_utility", "model_flags": [], "model_watch": ["lean_slight"], "lean": "slight", "crossarm": "none_visible", "vegetation": "none", "transformer": false, "attachments_estimate": 2, "photos_assessed": 2, "capture_sequences": 1, "photo_shown_date": "2016-06", "latest_available_photo_date": "2016-06", "source_photo_url": "https://www.mapillary.com/app/?pKey=328864711920573&focus=photo", "nearest_osm_pole_m": null}}, {"type": "Feature", "geometry": {"type": "Point", "coordinates": [-73.954372, 40.719445]}, "properties": {"id": "gree-00733", "is_utility_pole": true, "pole_type": "wood_utility", "model_flags": [], "model_watch": [], "lean": "none", "crossarm": "none_visible", "vegetation": "none", "transformer": false, "attachments_estimate": 1, "photos_assessed": 6, "capture_sequences": 1, "photo_shown_date": "2016-06", "latest_available_photo_date": "2016-06", "source_photo_url": "https://www.mapillary.com/app/?pKey=153612650030790&focus=photo", "nearest_osm_pole_m": null}}, {"type": "Feature", "geometry": {"type": "Point", "coordinates": [-73.94305, 40.72016]}, "properties": {"id": "gree-00734", "is_utility_pole": true, "pole_type": "wood_utility", "model_flags": [], "model_watch": ["lean_slight"], "lean": "slight", "crossarm": "none_visible", "vegetation": "near", "transformer": false, "attachments_estimate": 3, "photos_assessed": 3, "capture_sequences": 1, "photo_shown_date": "2019-12", "latest_available_photo_date": "2019-12", "source_photo_url": "https://www.mapillary.com/app/?pKey=374642897230504&focus=photo", "nearest_osm_pole_m": null}}, {"type": "Feature", "geometry": {"type": "Point", "coordinates": [-73.9427, 40.72071]}, "properties": {"id": "gree-00735", "is_utility_pole": false, "pole_type": "street_light", "model_flags": [], "model_watch": [], "lean": "none", "crossarm": "none_visible", "vegetation": "near", "transformer": false, "attachments_estimate": 0, "photos_assessed": 3, "capture_sequences": 1, "photo_shown_date": "2019-12", "latest_available_photo_date": "2019-12", "source_photo_url": "https://www.mapillary.com/app/?pKey=745118486162285&focus=photo", "nearest_osm_pole_m": null}}, {"type": "Feature", "geometry": {"type": "Point", "coordinates": [-73.942726, 40.72016]}, "properties": {"id": "gree-00736", "is_utility_pole": true, "pole_type": "wood_utility", "model_flags": [], "model_watch": ["lean_slight"], "lean": "slight", "crossarm": "unclear", "vegetation": "near", "transformer": false, "attachments_estimate": 1, "photos_assessed": 3, "capture_sequences": 1, "photo_shown_date": "2019-12", "latest_available_photo_date": "2019-12", "source_photo_url": "https://www.mapillary.com/app/?pKey=3463532873876476&focus=photo", "nearest_osm_pole_m": null}}, {"type": "Feature", "geometry": {"type": "Point", "coordinates": [-73.942775, 40.7203065]}, "properties": {"id": "gree-00737", "is_utility_pole": true, "pole_type": "wood_utility", "model_flags": [], "model_watch": ["lean_slight"], "lean": "slight", "crossarm": "none_visible", "vegetation": "none", "transformer": false, "attachments_estimate": 1, "photos_assessed": 6, "capture_sequences": 1, "photo_shown_date": "2019-12", "latest_available_photo_date": "2019-12", "source_photo_url": "https://www.mapillary.com/app/?pKey=207381404331864&focus=photo", "nearest_osm_pole_m": null}}, {"type": "Feature", "geometry": {"type": "Point", "coordinates": [-73.94347, 40.71993]}, "properties": {"id": "gree-00738", "is_utility_pole": true, "pole_type": "wood_utility", "model_flags": [], "model_watch": ["lean_slight"], "lean": "slight", "crossarm": "none_visible", "vegetation": "near", "transformer": false, "attachments_estimate": 2, "photos_assessed": 3, "capture_sequences": 1, "photo_shown_date": "2019-12", "latest_available_photo_date": "2019-12", "source_photo_url": "https://www.mapillary.com/app/?pKey=448853606437794&focus=photo", "nearest_osm_pole_m": null}}, {"type": "Feature", "geometry": {"type": "Point", "coordinates": [-73.94333, 40.72001]}, "properties": {"id": "gree-00739", "is_utility_pole": true, "pole_type": "wood_utility", "model_flags": [], "model_watch": ["lean_slight"], "lean": "slight", "crossarm": "none_visible", "vegetation": "near", "transformer": false, "attachments_estimate": 2, "photos_assessed": 3, "capture_sequences": 1, "photo_shown_date": "2019-12", "latest_available_photo_date": "2019-12", "source_photo_url": "https://www.mapillary.com/app/?pKey=166611638728709&focus=photo", "nearest_osm_pole_m": null}}, {"type": "Feature", "geometry": {"type": "Point", "coordinates": [-73.94065, 40.738964]}, "properties": {"id": "gree-00740", "is_utility_pole": false, "pole_type": "other", "model_flags": [], "model_watch": [], "lean": "none", "crossarm": "none_visible", "vegetation": "none", "transformer": false, "attachments_estimate": 0, "photos_assessed": 3, "capture_sequences": 1, "photo_shown_date": "2018-08", "latest_available_photo_date": "2018-08", "source_photo_url": "https://www.mapillary.com/app/?pKey=311412230486068&focus=photo", "nearest_osm_pole_m": null}}, {"type": "Feature", "geometry": {"type": "Point", "coordinates": [-73.95076, 40.72886]}, "properties": {"id": "gree-00741", "is_utility_pole": false, "pole_type": "street_light", "model_flags": [], "model_watch": [], "lean": "none", "crossarm": "none_visible", "vegetation": "none", "transformer": false, "attachments_estimate": 1, "photos_assessed": 3, "capture_sequences": 1, "photo_shown_date": "2018-09", "latest_available_photo_date": "2018-09", "source_photo_url": "https://www.mapillary.com/app/?pKey=479539153264760&focus=photo", "nearest_osm_pole_m": null}}, {"type": "Feature", "geometry": {"type": "Point", "coordinates": [-73.941572, 40.7255243]}, "properties": {"id": "gree-00742", "is_utility_pole": false, "pole_type": "street_light", "model_flags": ["vegetation"], "model_watch": [], "lean": "none", "crossarm": "none_visible", "vegetation": "touching", "transformer": false, "attachments_estimate": 1, "photos_assessed": 10, "capture_sequences": 1, "photo_shown_date": "2024-07", "latest_available_photo_date": "2024-07", "source_photo_url": "https://www.mapillary.com/app/?pKey=511102391255049&focus=photo", "nearest_osm_pole_m": null}}, {"type": "Feature", "geometry": {"type": "Point", "coordinates": [-73.92987, 40.73749]}, "properties": {"id": "gree-00743", "is_utility_pole": false, "pole_type": "traffic_signal", "model_flags": [], "model_watch": [], "lean": "none", "crossarm": "none_visible", "vegetation": "near", "transformer": false, "attachments_estimate": 0, "photos_assessed": 3, "capture_sequences": 1, "photo_shown_date": "2018-10", "latest_available_photo_date": "2018-10", "source_photo_url": "https://www.mapillary.com/app/?pKey=156505983149943&focus=photo", "nearest_osm_pole_m": null}}, {"type": "Feature", "geometry": {"type": "Point", "coordinates": [-73.929825, 40.737576]}, "properties": {"id": "gree-00744", "is_utility_pole": true, "pole_type": "wood_utility", "model_flags": [], "model_watch": [], "lean": "none", "crossarm": "none_visible", "vegetation": "none", "transformer": false, "attachments_estimate": 2, "photos_assessed": 3, "capture_sequences": 1, "photo_shown_date": "2018-10", "latest_available_photo_date": "2018-10", "source_photo_url": "https://www.mapillary.com/app/?pKey=156505983149943&focus=photo", "nearest_osm_pole_m": null}}, {"type": "Feature", "geometry": {"type": "Point", "coordinates": [-73.95012, 40.720173]}, "properties": {"id": "gree-00745", "is_utility_pole": false, "pole_type": "street_light", "model_flags": [], "model_watch": [], "lean": "unclear", "crossarm": "none_visible", "vegetation": "near", "transformer": false, "attachments_estimate": 0, "photos_assessed": 2, "capture_sequences": 1, "photo_shown_date": "2023-09", "latest_available_photo_date": "2023-09", "source_photo_url": "https://www.mapillary.com/app/?pKey=6794258840639407&focus=photo", "nearest_osm_pole_m": null}}, {"type": "Feature", "geometry": {"type": "Point", "coordinates": [-73.950554, 40.72074]}, "properties": {"id": "gree-00746", "is_utility_pole": false, "pole_type": "street_light", "model_flags": ["vegetation"], "model_watch": [], "lean": "none", "crossarm": "none_visible", "vegetation": "touching", "transformer": false, "attachments_estimate": 0, "photos_assessed": 3, "capture_sequences": 1, "photo_shown_date": "2023-09", "latest_available_photo_date": "2023-09", "source_photo_url": "https://www.mapillary.com/app/?pKey=1749764102128663&focus=photo", "nearest_osm_pole_m": null}}, {"type": "Feature", "geometry": {"type": "Point", "coordinates": [-73.94489, 40.727478]}, "properties": {"id": "gree-00747", "is_utility_pole": true, "pole_type": "wood_utility", "model_flags": [], "model_watch": ["lean_slight"], "lean": "slight", "crossarm": "none_visible", "vegetation": "none", "transformer": false, "attachments_estimate": 2, "photos_assessed": 3, "capture_sequences": 1, "photo_shown_date": "2018-05", "latest_available_photo_date": "2018-05", "source_photo_url": "https://www.mapillary.com/app/?pKey=135292641956757&focus=photo", "nearest_osm_pole_m": null}}, {"type": "Feature", "geometry": {"type": "Point", "coordinates": [-73.9589, 40.71887]}, "properties": {"id": "gree-00748", "is_utility_pole": true, "pole_type": "wood_utility", "model_flags": ["vegetation"], "model_watch": [], "lean": "none", "crossarm": "none_visible", "vegetation": "touching", "transformer": false, "attachments_estimate": 1, "photos_assessed": 3, "capture_sequences": 1, "photo_shown_date": "2016-06", "latest_available_photo_date": "2016-06", "source_photo_url": "https://www.mapillary.com/app/?pKey=470578044203192&focus=photo", "nearest_osm_pole_m": null}}, {"type": "Feature", "geometry": {"type": "Point", "coordinates": [-73.96176, 40.73443]}, "properties": {"id": "gree-00749", "is_utility_pole": false, "pole_type": "other", "model_flags": [], "model_watch": ["lean_slight"], "lean": "slight", "crossarm": "none_visible", "vegetation": "none", "transformer": false, "attachments_estimate": 0, "photos_assessed": 2, "capture_sequences": 1, "photo_shown_date": "2023-10", "latest_available_photo_date": "2023-10", "source_photo_url": "https://www.mapillary.com/app/?pKey=1687275865084080&focus=photo", "nearest_osm_pole_m": null}}, {"type": "Feature", "geometry": {"type": "Point", "coordinates": [-73.94674, 40.729053]}, "properties": {"id": "gree-00750", "is_utility_pole": true, "pole_type": "wood_utility", "model_flags": [], "model_watch": ["lean_slight"], "lean": "slight", "crossarm": "none_visible", "vegetation": "none", "transformer": false, "attachments_estimate": 0, "photos_assessed": 1, "capture_sequences": 1, "photo_shown_date": "2015-06", "latest_available_photo_date": "2015-06", "source_photo_url": "https://www.mapillary.com/app/?pKey=2660738100891201&focus=photo", "nearest_osm_pole_m": null}}, {"type": "Feature", "geometry": {"type": "Point", "coordinates": [-73.946594, 40.72906]}, "properties": {"id": "gree-00751", "is_utility_pole": true, "pole_type": "wood_utility", "model_flags": [], "model_watch": ["lean_slight"], "lean": "slight", "crossarm": "none_visible", "vegetation": "none", "transformer": false, "attachments_estimate": 1, "photos_assessed": 3, "capture_sequences": 1, "photo_shown_date": "2015-06", "latest_available_photo_date": "2015-06", "source_photo_url": "https://www.mapillary.com/app/?pKey=427596095330211&focus=photo", "nearest_osm_pole_m": null}}, {"type": "Feature", "geometry": {"type": "Point", "coordinates": [-73.936424, 40.735065]}, "properties": {"id": "gree-00752", "is_utility_pole": true, "pole_type": "wood_utility", "model_flags": [], "model_watch": ["lean_slight"], "lean": "slight", "crossarm": "none_visible", "vegetation": "near", "transformer": false, "attachments_estimate": 2, "photos_assessed": 3, "capture_sequences": 1, "photo_shown_date": "2018-05", "latest_available_photo_date": "2018-05", "source_photo_url": "https://www.mapillary.com/app/?pKey=366972171420643&focus=photo", "nearest_osm_pole_m": null}}, {"type": "Feature", "geometry": {"type": "Point", "coordinates": [-73.96227, 40.721992]}, "properties": {"id": "gree-00753", "is_utility_pole": false, "pole_type": "street_light", "model_flags": [], "model_watch": [], "lean": "none", "crossarm": "none_visible", "vegetation": "near", "transformer": false, "attachments_estimate": 0, "photos_assessed": 1, "capture_sequences": 1, "photo_shown_date": "2023-10", "latest_available_photo_date": "2023-10", "source_photo_url": "https://www.mapillary.com/app/?pKey=672041548217063&focus=photo", "nearest_osm_pole_m": null}}, {"type": "Feature", "geometry": {"type": "Point", "coordinates": [-73.95032, 40.722897]}, "properties": {"id": "gree-00754", "is_utility_pole": true, "pole_type": "wood_utility", "model_flags": [], "model_watch": [], "lean": "none", "crossarm": "none_visible", "vegetation": "none", "transformer": false, "attachments_estimate": 2, "photos_assessed": 3, "capture_sequences": 1, "photo_shown_date": "2016-06", "latest_available_photo_date": "2016-06", "source_photo_url": "https://www.mapillary.com/app/?pKey=882427798971955&focus=photo", "nearest_osm_pole_m": null}}, {"type": "Feature", "geometry": {"type": "Point", "coordinates": [-73.950676, 40.722942]}, "properties": {"id": "gree-00755", "is_utility_pole": false, "pole_type": "other", "model_flags": [], "model_watch": [], "lean": "unclear", "crossarm": "none_visible", "vegetation": "none", "transformer": false, "attachments_estimate": 0, "photos_assessed": 3, "capture_sequences": 1, "photo_shown_date": "2016-06", "latest_available_photo_date": "2016-06", "source_photo_url": "https://www.mapillary.com/app/?pKey=1751134538380944&focus=photo", "nearest_osm_pole_m": null}}, {"type": "Feature", "geometry": {"type": "Point", "coordinates": [-73.9508, 40.72365]}, "properties": {"id": "gree-00756", "is_utility_pole": false, "pole_type": "traffic_signal", "model_flags": [], "model_watch": [], "lean": "none", "crossarm": "none_visible", "vegetation": "none", "transformer": false, "attachments_estimate": 0, "photos_assessed": 3, "capture_sequences": 1, "photo_shown_date": "2016-06", "latest_available_photo_date": "2016-06", "source_photo_url": "https://www.mapillary.com/app/?pKey=216365576603107&focus=photo", "nearest_osm_pole_m": null}}, {"type": "Feature", "geometry": {"type": "Point", "coordinates": [-73.95978, 40.73307]}, "properties": {"id": "gree-00757", "is_utility_pole": true, "pole_type": "wood_utility", "model_flags": [], "model_watch": [], "lean": "none", "crossarm": "none_visible", "vegetation": "none", "transformer": false, "attachments_estimate": 0, "photos_assessed": 3, "capture_sequences": 1, "photo_shown_date": "2019-12", "latest_available_photo_date": "2019-12", "source_photo_url": "https://www.mapillary.com/app/?pKey=469070327757131&focus=photo", "nearest_osm_pole_m": null}}, {"type": "Feature", "geometry": {"type": "Point", "coordinates": [-73.95983, 40.733315]}, "properties": {"id": "gree-00758", "is_utility_pole": false, "pole_type": "street_light", "model_flags": [], "model_watch": ["lean_slight"], "lean": "slight", "crossarm": "none_visible", "vegetation": "none", "transformer": false, "attachments_estimate": 0, "photos_assessed": 1, "capture_sequences": 1, "photo_shown_date": "2019-12", "latest_available_photo_date": "2019-12", "source_photo_url": "https://www.mapillary.com/app/?pKey=1210838669355669&focus=photo", "nearest_osm_pole_m": null}}, {"type": "Feature", "geometry": {"type": "Point", "coordinates": [-73.95991, 40.734505]}, "properties": {"id": "gree-00759", "is_utility_pole": true, "pole_type": "wood_utility", "model_flags": [], "model_watch": [], "lean": "none", "crossarm": "none_visible", "vegetation": "none", "transformer": false, "attachments_estimate": 2, "photos_assessed": 3, "capture_sequences": 1, "photo_shown_date": "2019-12", "latest_available_photo_date": "2019-12", "source_photo_url": "https://www.mapillary.com/app/?pKey=307087097690439&focus=photo", "nearest_osm_pole_m": null}}, {"type": "Feature", "geometry": {"type": "Point", "coordinates": [-73.9299, 40.7272]}, "properties": {"id": "gree-00760", "is_utility_pole": true, "pole_type": "wood_utility", "model_flags": [], "model_watch": ["lean_slight"], "lean": "slight", "crossarm": "none_visible", "vegetation": "none", "transformer": false, "attachments_estimate": 1, "photos_assessed": 2, "capture_sequences": 1, "photo_shown_date": "2024-04", "latest_available_photo_date": "2024-04", "source_photo_url": "https://www.mapillary.com/app/?pKey=1009881573843935&focus=photo", "nearest_osm_pole_m": null}}, {"type": "Feature", "geometry": {"type": "Point", "coordinates": [-73.95193, 40.732788]}, "properties": {"id": "gree-00761", "is_utility_pole": true, "pole_type": "wood_utility", "model_flags": [], "model_watch": [], "lean": "none", "crossarm": "none_visible", "vegetation": "none", "transformer": false, "attachments_estimate": 0, "photos_assessed": 2, "capture_sequences": 1, "photo_shown_date": "2023-10", "latest_available_photo_date": "2023-10", "source_photo_url": "https://www.mapillary.com/app/?pKey=1847201989053001&focus=photo", "nearest_osm_pole_m": null}}, {"type": "Feature", "geometry": {"type": "Point", "coordinates": [-73.93959, 40.7384]}, "properties": {"id": "gree-00762", "is_utility_pole": true, "pole_type": "wood_utility", "model_flags": [], "model_watch": ["lean_slight"], "lean": "slight", "crossarm": "none_visible", "vegetation": "none", "transformer": false, "attachments_estimate": 1, "photos_assessed": 3, "capture_sequences": 1, "photo_shown_date": "2020-03", "latest_available_photo_date": "2020-03", "source_photo_url": "https://www.mapillary.com/app/?pKey=394090641692269&focus=photo", "nearest_osm_pole_m": null}}, {"type": "Feature", "geometry": {"type": "Point", "coordinates": [-73.939384, 40.73848]}, "properties": {"id": "gree-00763", "is_utility_pole": true, "pole_type": "concrete_or_steel_utility", "model_flags": [], "model_watch": [], "lean": "none", "crossarm": "none_visible", "vegetation": "none", "transformer": false, "attachments_estimate": 0, "photos_assessed": 3, "capture_sequences": 1, "photo_shown_date": "2018-08", "latest_available_photo_date": "2018-08", "source_photo_url": "https://www.mapillary.com/app/?pKey=481624309724196&focus=photo", "nearest_osm_pole_m": null}}, {"type": "Feature", "geometry": {"type": "Point", "coordinates": [-73.956825, 40.719055]}, "properties": {"id": "gree-00764", "is_utility_pole": true, "pole_type": "wood_utility", "model_flags": [], "model_watch": [], "lean": "unclear", "crossarm": "unclear", "vegetation": "near", "transformer": false, "attachments_estimate": 1, "photos_assessed": 1, "capture_sequences": 1, "photo_shown_date": "2024-03", "latest_available_photo_date": "2024-03", "source_photo_url": "https://www.mapillary.com/app/?pKey=418586060861870&focus=photo", "nearest_osm_pole_m": null}}, {"type": "Feature", "geometry": {"type": "Point", "coordinates": [-73.95639, 40.719017]}, "properties": {"id": "gree-00765", "is_utility_pole": false, "pole_type": "unclear", "model_flags": [], "model_watch": [], "lean": "unclear", "crossarm": "unclear", "vegetation": "unclear", "transformer": false, "attachments_estimate": 0, "photos_assessed": 1, "capture_sequences": 1, "photo_shown_date": "2024-03", "latest_available_photo_date": "2024-03", "source_photo_url": "https://www.mapillary.com/app/?pKey=274513929033907&focus=photo", "nearest_osm_pole_m": null}}, {"type": "Feature", "geometry": {"type": "Point", "coordinates": [-73.95276, 40.73042]}, "properties": {"id": "gree-00766", "is_utility_pole": false, "pole_type": "other", "model_flags": [], "model_watch": [], "lean": "unclear", "crossarm": "none_visible", "vegetation": "near", "transformer": false, "attachments_estimate": 0, "photos_assessed": 2, "capture_sequences": 1, "photo_shown_date": "2023-10", "latest_available_photo_date": "2023-10", "source_photo_url": "https://www.mapillary.com/app/?pKey=3593366610977465&focus=photo", "nearest_osm_pole_m": null}}, {"type": "Feature", "geometry": {"type": "Point", "coordinates": [-73.95583, 40.720383]}, "properties": {"id": "gree-00767", "is_utility_pole": true, "pole_type": "wood_utility", "model_flags": ["vegetation"], "model_watch": [], "lean": "none", "crossarm": "none_visible", "vegetation": "touching", "transformer": false, "attachments_estimate": 2, "photos_assessed": 3, "capture_sequences": 1, "photo_shown_date": "2016-06", "latest_available_photo_date": "2016-06", "source_photo_url": "https://www.mapillary.com/app/?pKey=1662327687300602&focus=photo", "nearest_osm_pole_m": null}}, {"type": "Feature", "geometry": {"type": "Point", "coordinates": [-73.95545, 40.720158]}, "properties": {"id": "gree-00768", "is_utility_pole": true, "pole_type": "wood_utility", "model_flags": [], "model_watch": [], "lean": "none", "crossarm": "none_visible", "vegetation": "near", "transformer": false, "attachments_estimate": 1, "photos_assessed": 3, "capture_sequences": 1, "photo_shown_date": "2016-06", "latest_available_photo_date": "2016-06", "source_photo_url": "https://www.mapillary.com/app/?pKey=155002076562546&focus=photo", "nearest_osm_pole_m": null}}, {"type": "Feature", "geometry": {"type": "Point", "coordinates": [-73.95618, 40.72061]}, "properties": {"id": "gree-00769", "is_utility_pole": true, "pole_type": "wood_utility", "model_flags": [], "model_watch": ["lean_slight"], "lean": "slight", "crossarm": "none_visible", "vegetation": "near", "transformer": false, "attachments_estimate": 2, "photos_assessed": 3, "capture_sequences": 1, "photo_shown_date": "2016-06", "latest_available_photo_date": "2016-06", "source_photo_url": "https://www.mapillary.com/app/?pKey=221929102601471&focus=photo", "nearest_osm_pole_m": null}}, {"type": "Feature", "geometry": {"type": "Point", "coordinates": [-73.956024, 40.72051]}, "properties": {"id": "gree-00770", "is_utility_pole": true, "pole_type": "wood_utility", "model_flags": [], "model_watch": ["lean_slight"], "lean": "slight", "crossarm": "none_visible", "vegetation": "near", "transformer": false, "attachments_estimate": 2, "photos_assessed": 3, "capture_sequences": 1, "photo_shown_date": "2016-06", "latest_available_photo_date": "2016-06", "source_photo_url": "https://www.mapillary.com/app/?pKey=469294534336525&focus=photo", "nearest_osm_pole_m": null}}, {"type": "Feature", "geometry": {"type": "Point", "coordinates": [-73.95574, 40.72032]}, "properties": {"id": "gree-00771", "is_utility_pole": true, "pole_type": "wood_utility", "model_flags": [], "model_watch": [], "lean": "none", "crossarm": "none_visible", "vegetation": "near", "transformer": false, "attachments_estimate": 2, "photos_assessed": 3, "capture_sequences": 1, "photo_shown_date": "2016-06", "latest_available_photo_date": "2016-06", "source_photo_url": "https://www.mapillary.com/app/?pKey=908523229692387&focus=photo", "nearest_osm_pole_m": null}}, {"type": "Feature", "geometry": {"type": "Point", "coordinates": [-73.93779, 40.72377]}, "properties": {"id": "gree-00772", "is_utility_pole": false, "pole_type": "traffic_signal", "model_flags": [], "model_watch": [], "lean": "none", "crossarm": "none_visible", "vegetation": "none", "transformer": false, "attachments_estimate": 0, "photos_assessed": 1, "capture_sequences": 1, "photo_shown_date": "2020-03", "latest_available_photo_date": "2020-03", "source_photo_url": "https://www.mapillary.com/app/?pKey=195389395744161&focus=photo", "nearest_osm_pole_m": null}}, {"type": "Feature", "geometry": {"type": "Point", "coordinates": [-73.937294, 40.723476]}, "properties": {"id": "gree-00773", "is_utility_pole": true, "pole_type": "wood_utility", "model_flags": [], "model_watch": [], "lean": "none", "crossarm": "none_visible", "vegetation": "near", "transformer": true, "attachments_estimate": 1, "photos_assessed": 3, "capture_sequences": 1, "photo_shown_date": "2020-03", "latest_available_photo_date": "2020-03", "source_photo_url": "https://www.mapillary.com/app/?pKey=205849291173892&focus=photo", "nearest_osm_pole_m": null}}, {"type": "Feature", "geometry": {"type": "Point", "coordinates": [-73.94029, 40.72629]}, "properties": {"id": "gree-00774", "is_utility_pole": false, "pole_type": "other", "model_flags": [], "model_watch": [], "lean": "unclear", "crossarm": "unclear", "vegetation": "none", "transformer": false, "attachments_estimate": 0, "photos_assessed": 3, "capture_sequences": 1, "photo_shown_date": "2024-03", "latest_available_photo_date": "2024-03", "source_photo_url": "https://www.mapillary.com/app/?pKey=694737205963918&focus=photo", "nearest_osm_pole_m": null}}, {"type": "Feature", "geometry": {"type": "Point", "coordinates": [-73.9446, 40.732056]}, "properties": {"id": "gree-00775", "is_utility_pole": true, "pole_type": "wood_utility", "model_flags": [], "model_watch": ["lean_slight"], "lean": "slight", "crossarm": "intact", "vegetation": "none", "transformer": false, "attachments_estimate": 1, "photos_assessed": 3, "capture_sequences": 1, "photo_shown_date": "2023-10", "latest_available_photo_date": "2023-10", "source_photo_url": "https://www.mapillary.com/app/?pKey=939539394288898&focus=photo", "nearest_osm_pole_m": null}}, {"type": "Feature", "geometry": {"type": "Point", "coordinates": [-73.944775, 40.732122]}, "properties": {"id": "gree-00776", "is_utility_pole": false, "pole_type": "street_light", "model_flags": ["vegetation"], "model_watch": [], "lean": "none", "crossarm": "none_visible", "vegetation": "touching", "transformer": false, "attachments_estimate": 0, "photos_assessed": 6, "capture_sequences": 1, "photo_shown_date": "2023-10", "latest_available_photo_date": "2023-10", "source_photo_url": "https://www.mapillary.com/app/?pKey=1121512972376500&focus=photo", "nearest_osm_pole_m": null}}, {"type": "Feature", "geometry": {"type": "Point", "coordinates": [-73.94487, 40.732094]}, "properties": {"id": "gree-00777", "is_utility_pole": true, "pole_type": "wood_utility", "model_flags": ["vegetation"], "model_watch": ["lean_slight"], "lean": "slight", "crossarm": "intact", "vegetation": "touching", "transformer": false, "attachments_estimate": 1, "photos_assessed": 3, "capture_sequences": 1, "photo_shown_date": "2023-10", "latest_available_photo_date": "2023-10", "source_photo_url": "https://www.mapillary.com/app/?pKey=1385745455403630&focus=photo", "nearest_osm_pole_m": null}}, {"type": "Feature", "geometry": {"type": "Point", "coordinates": [-73.94693, 40.731182]}, "properties": {"id": "gree-00778", "is_utility_pole": false, "pole_type": "street_light", "model_flags": [], "model_watch": [], "lean": "none", "crossarm": "none_visible", "vegetation": "near", "transformer": false, "attachments_estimate": 0, "photos_assessed": 1, "capture_sequences": 1, "photo_shown_date": "2023-10", "latest_available_photo_date": "2023-10", "source_photo_url": "https://www.mapillary.com/app/?pKey=927724532398710&focus=photo", "nearest_osm_pole_m": null}}, {"type": "Feature", "geometry": {"type": "Point", "coordinates": [-73.945665, 40.731798]}, "properties": {"id": "gree-00779", "is_utility_pole": false, "pole_type": "street_light", "model_flags": [], "model_watch": [], "lean": "none", "crossarm": "none_visible", "vegetation": "none", "transformer": false, "attachments_estimate": 0, "photos_assessed": 6, "capture_sequences": 1, "photo_shown_date": "2023-10", "latest_available_photo_date": "2023-10", "source_photo_url": "https://www.mapillary.com/app/?pKey=214519155056238&focus=photo", "nearest_osm_pole_m": null}}, {"type": "Feature", "geometry": {"type": "Point", "coordinates": [-73.945125, 40.7319983]}, "properties": {"id": "gree-00780", "is_utility_pole": true, "pole_type": "wood_utility", "model_flags": [], "model_watch": ["lean_slight"], "lean": "slight", "crossarm": "none_visible", "vegetation": "none", "transformer": false, "attachments_estimate": 1, "photos_assessed": 4, "capture_sequences": 1, "photo_shown_date": "2023-10", "latest_available_photo_date": "2023-10", "source_photo_url": "https://www.mapillary.com/app/?pKey=735826638332753&focus=photo", "nearest_osm_pole_m": null}}, {"type": "Feature", "geometry": {"type": "Point", "coordinates": [-73.945404, 40.731743]}, "properties": {"id": "gree-00781", "is_utility_pole": false, "pole_type": "street_light", "model_flags": [], "model_watch": [], "lean": "unclear", "crossarm": "none_visible", "vegetation": "none", "transformer": false, "attachments_estimate": 0, "photos_assessed": 3, "capture_sequences": 1, "photo_shown_date": "2023-10", "latest_available_photo_date": "2023-10", "source_photo_url": "https://www.mapillary.com/app/?pKey=880841493726606&focus=photo", "nearest_osm_pole_m": null}}, {"type": "Feature", "geometry": {"type": "Point", "coordinates": [-73.94023, 40.72387]}, "properties": {"id": "gree-00782", "is_utility_pole": true, "pole_type": "wood_utility", "model_flags": [], "model_watch": [], "lean": "none", "crossarm": "none_visible", "vegetation": "none", "transformer": false, "attachments_estimate": 1, "photos_assessed": 3, "capture_sequences": 1, "photo_shown_date": "2024-03", "latest_available_photo_date": "2024-03", "source_photo_url": "https://www.mapillary.com/app/?pKey=3730276037218314&focus=photo", "nearest_osm_pole_m": null}}, {"type": "Feature", "geometry": {"type": "Point", "coordinates": [-73.94018, 40.723644]}, "properties": {"id": "gree-00783", "is_utility_pole": true, "pole_type": "wood_utility", "model_flags": [], "model_watch": [], "lean": "none", "crossarm": "none_visible", "vegetation": "near", "transformer": false, "attachments_estimate": 2, "photos_assessed": 3, "capture_sequences": 1, "photo_shown_date": "2024-03", "latest_available_photo_date": "2024-03", "source_photo_url": "https://www.mapillary.com/app/?pKey=1136175317424439&focus=photo", "nearest_osm_pole_m": null}}, {"type": "Feature", "geometry": {"type": "Point", "coordinates": [-73.93652, 40.723614]}, "properties": {"id": "gree-00784", "is_utility_pole": true, "pole_type": "wood_utility", "model_flags": [], "model_watch": ["lean_slight"], "lean": "slight", "crossarm": "intact", "vegetation": "near", "transformer": false, "attachments_estimate": 1, "photos_assessed": 1, "capture_sequences": 1, "photo_shown_date": "2023-10", "latest_available_photo_date": "2023-10", "source_photo_url": "https://www.mapillary.com/app/?pKey=1703799570095589&focus=photo", "nearest_osm_pole_m": null}}, {"type": "Feature", "geometry": {"type": "Point", "coordinates": [-73.93625, 40.7236523]}, "properties": {"id": "gree-00785", "is_utility_pole": true, "pole_type": "wood_utility", "model_flags": [], "model_watch": [], "lean": "none", "crossarm": "none_visible", "vegetation": "none", "transformer": false, "attachments_estimate": 1, "photos_assessed": 12, "capture_sequences": 2, "photo_shown_date": "2023-10", "latest_available_photo_date": "2023-10", "source_photo_url": "https://www.mapillary.com/app/?pKey=865367601603124&focus=photo", "nearest_osm_pole_m": null}}, {"type": "Feature", "geometry": {"type": "Point", "coordinates": [-73.93641, 40.723608]}, "properties": {"id": "gree-00786", "is_utility_pole": false, "pole_type": "street_light", "model_flags": [], "model_watch": [], "lean": "none", "crossarm": "none_visible", "vegetation": "none", "transformer": false, "attachments_estimate": 0, "photos_assessed": 6, "capture_sequences": 2, "photo_shown_date": "2023-10", "latest_available_photo_date": "2023-10", "source_photo_url": "https://www.mapillary.com/app/?pKey=339913161875254&focus=photo", "nearest_osm_pole_m": null}}, {"type": "Feature", "geometry": {"type": "Point", "coordinates": [-73.95298, 40.71958]}, "properties": {"id": "gree-00787", "is_utility_pole": false, "pole_type": "unclear", "model_flags": [], "model_watch": [], "lean": "unclear", "crossarm": "none_visible", "vegetation": "unclear", "transformer": false, "attachments_estimate": 0, "photos_assessed": 2, "capture_sequences": 1, "photo_shown_date": "2023-09", "latest_available_photo_date": "2023-09", "source_photo_url": "https://www.mapillary.com/app/?pKey=1525682841572926&focus=photo", "nearest_osm_pole_m": null}}, {"type": "Feature", "geometry": {"type": "Point", "coordinates": [-73.953224, 40.719772]}, "properties": {"id": "gree-00788", "is_utility_pole": false, "pole_type": "traffic_signal", "model_flags": [], "model_watch": [], "lean": "none", "crossarm": "none_visible", "vegetation": "near", "transformer": false, "attachments_estimate": 0, "photos_assessed": 1, "capture_sequences": 1, "photo_shown_date": "2023-09", "latest_available_photo_date": "2023-09", "source_photo_url": "https://www.mapillary.com/app/?pKey=843444107136566&focus=photo", "nearest_osm_pole_m": null}}, {"type": "Feature", "geometry": {"type": "Point", "coordinates": [-73.94102, 40.72606]}, "properties": {"id": "gree-00789", "is_utility_pole": true, "pole_type": "wood_utility", "model_flags": ["lean"], "model_watch": [], "lean": "moderate", "crossarm": "none_visible", "vegetation": "near", "transformer": false, "attachments_estimate": 0, "photos_assessed": 3, "capture_sequences": 1, "photo_shown_date": "2024-07", "latest_available_photo_date": "2024-07", "source_photo_url": "https://www.mapillary.com/app/?pKey=965484851980526&focus=photo", "nearest_osm_pole_m": null}}, {"type": "Feature", "geometry": {"type": "Point", "coordinates": [-73.94066, 40.726063]}, "properties": {"id": "gree-00790", "is_utility_pole": true, "pole_type": "wood_utility", "model_flags": ["lean"], "model_watch": [], "lean": "severe", "crossarm": "none_visible", "vegetation": "none", "transformer": false, "attachments_estimate": 0, "photos_assessed": 3, "capture_sequences": 1, "photo_shown_date": "2024-03", "latest_available_photo_date": "2024-03", "source_photo_url": "https://www.mapillary.com/app/?pKey=3796072557336482&focus=photo", "nearest_osm_pole_m": null}}, {"type": "Feature", "geometry": {"type": "Point", "coordinates": [-73.94021, 40.725937]}, "properties": {"id": "gree-00791", "is_utility_pole": true, "pole_type": "wood_utility", "model_flags": [], "model_watch": ["lean_slight"], "lean": "slight", "crossarm": "none_visible", "vegetation": "none", "transformer": true, "attachments_estimate": 3, "photos_assessed": 3, "capture_sequences": 1, "photo_shown_date": "2024-03", "latest_available_photo_date": "2024-03", "source_photo_url": "https://www.mapillary.com/app/?pKey=410424511584483&focus=photo", "nearest_osm_pole_m": null}}, {"type": "Feature", "geometry": {"type": "Point", "coordinates": [-73.94032, 40.72577]}, "properties": {"id": "gree-00792", "is_utility_pole": false, "pole_type": "unclear", "model_flags": [], "model_watch": [], "lean": "unclear", "crossarm": "none_visible", "vegetation": "unclear", "transformer": false, "attachments_estimate": 0, "photos_assessed": 2, "capture_sequences": 1, "photo_shown_date": "2024-03", "latest_available_photo_date": "2024-03", "source_photo_url": "https://www.mapillary.com/app/?pKey=1470644337206718&focus=photo", "nearest_osm_pole_m": null}}, {"type": "Feature", "geometry": {"type": "Point", "coordinates": [-73.94035, 40.72618]}, "properties": {"id": "gree-00793", "is_utility_pole": true, "pole_type": "wood_utility", "model_flags": [], "model_watch": ["lean_slight"], "lean": "slight", "crossarm": "intact", "vegetation": "near", "transformer": false, "attachments_estimate": 2, "photos_assessed": 3, "capture_sequences": 1, "photo_shown_date": "2024-03", "latest_available_photo_date": "2024-03", "source_photo_url": "https://www.mapillary.com/app/?pKey=378421091742583&focus=photo", "nearest_osm_pole_m": null}}, {"type": "Feature", "geometry": {"type": "Point", "coordinates": [-73.93957, 40.726467]}, "properties": {"id": "gree-00794", "is_utility_pole": true, "pole_type": "wood_utility", "model_flags": [], "model_watch": ["lean_slight"], "lean": "slight", "crossarm": "unclear", "vegetation": "near", "transformer": false, "attachments_estimate": 2, "photos_assessed": 3, "capture_sequences": 1, "photo_shown_date": "2024-03", "latest_available_photo_date": "2024-03", "source_photo_url": "https://www.mapillary.com/app/?pKey=760376972861302&focus=photo", "nearest_osm_pole_m": null}}, {"type": "Feature", "geometry": {"type": "Point", "coordinates": [-73.952207, 40.73445]}, "properties": {"id": "gree-00795", "is_utility_pole": true, "pole_type": "wood_utility", "model_flags": [], "model_watch": ["lean_slight"], "lean": "slight", "crossarm": "none_visible", "vegetation": "none", "transformer": false, "attachments_estimate": 2, "photos_assessed": 6, "capture_sequences": 2, "photo_shown_date": "2018-08", "latest_available_photo_date": "2018-08", "source_photo_url": "https://www.mapillary.com/app/?pKey=184550863437646&focus=photo", "nearest_osm_pole_m": null}}, {"type": "Feature", "geometry": {"type": "Point", "coordinates": [-73.93716, 40.736286]}, "properties": {"id": "gree-00796", "is_utility_pole": true, "pole_type": "wood_utility", "model_flags": [], "model_watch": [], "lean": "none", "crossarm": "none_visible", "vegetation": "near", "transformer": false, "attachments_estimate": 2, "photos_assessed": 3, "capture_sequences": 1, "photo_shown_date": "2018-06", "latest_available_photo_date": "2018-06", "source_photo_url": "https://www.mapillary.com/app/?pKey=296500498791139&focus=photo", "nearest_osm_pole_m": null}}, {"type": "Feature", "geometry": {"type": "Point", "coordinates": [-73.936935, 40.736385]}, "properties": {"id": "gree-00797", "is_utility_pole": true, "pole_type": "wood_utility", "model_flags": [], "model_watch": ["lean_slight"], "lean": "slight", "crossarm": "none_visible", "vegetation": "none", "transformer": false, "attachments_estimate": 1, "photos_assessed": 1, "capture_sequences": 1, "photo_shown_date": "2018-06", "latest_available_photo_date": "2018-06", "source_photo_url": "https://www.mapillary.com/app/?pKey=1376431502741074&focus=photo", "nearest_osm_pole_m": null}}, {"type": "Feature", "geometry": {"type": "Point", "coordinates": [-73.951996, 40.733177]}, "properties": {"id": "gree-00798", "is_utility_pole": true, "pole_type": "wood_utility", "model_flags": [], "model_watch": [], "lean": "none", "crossarm": "none_visible", "vegetation": "none", "transformer": false, "attachments_estimate": 1, "photos_assessed": 2, "capture_sequences": 1, "photo_shown_date": "2018-09", "latest_available_photo_date": "2018-09", "source_photo_url": "https://www.mapillary.com/app/?pKey=749769952325744&focus=photo", "nearest_osm_pole_m": null}}, {"type": "Feature", "geometry": {"type": "Point", "coordinates": [-73.952324, 40.73417]}, "properties": {"id": "gree-00799", "is_utility_pole": true, "pole_type": "wood_utility", "model_flags": [], "model_watch": ["lean_slight"], "lean": "slight", "crossarm": "none_visible", "vegetation": "none", "transformer": false, "attachments_estimate": 2, "photos_assessed": 1, "capture_sequences": 1, "photo_shown_date": "2018-09", "latest_available_photo_date": "2018-09", "source_photo_url": "https://www.mapillary.com/app/?pKey=1115087085634750&focus=photo", "nearest_osm_pole_m": null}}, {"type": "Feature", "geometry": {"type": "Point", "coordinates": [-73.94335, 40.718987]}, "properties": {"id": "gree-00800", "is_utility_pole": true, "pole_type": "wood_utility", "model_flags": [], "model_watch": [], "lean": "none", "crossarm": "none_visible", "vegetation": "near", "transformer": false, "attachments_estimate": 2, "photos_assessed": 3, "capture_sequences": 1, "photo_shown_date": "2024-02", "latest_available_photo_date": "2024-02", "source_photo_url": "https://www.mapillary.com/app/?pKey=314313151237042&focus=photo", "nearest_osm_pole_m": null}}, {"type": "Feature", "geometry": {"type": "Point", "coordinates": [-73.94375, 40.719498]}, "properties": {"id": "gree-00801", "is_utility_pole": true, "pole_type": "wood_utility", "model_flags": [], "model_watch": ["lean_slight"], "lean": "slight", "crossarm": "none_visible", "vegetation": "near", "transformer": false, "attachments_estimate": 2, "photos_assessed": 3, "capture_sequences": 1, "photo_shown_date": "2024-02", "latest_available_photo_date": "2024-02", "source_photo_url": "https://www.mapillary.com/app/?pKey=1119495649060045&focus=photo", "nearest_osm_pole_m": null}}, {"type": "Feature", "geometry": {"type": "Point", "coordinates": [-73.943665, 40.719257]}, "properties": {"id": "gree-00802", "is_utility_pole": true, "pole_type": "wood_utility", "model_flags": [], "model_watch": [], "lean": "none", "crossarm": "none_visible", "vegetation": "near", "transformer": false, "attachments_estimate": 1, "photos_assessed": 1, "capture_sequences": 1, "photo_shown_date": "2024-02", "latest_available_photo_date": "2024-02", "source_photo_url": "https://www.mapillary.com/app/?pKey=1045747233179222&focus=photo", "nearest_osm_pole_m": null}}, {"type": "Feature", "geometry": {"type": "Point", "coordinates": [-73.94065, 40.724487]}, "properties": {"id": "gree-00803", "is_utility_pole": true, "pole_type": "wood_utility", "model_flags": [], "model_watch": ["lean_slight"], "lean": "slight", "crossarm": "none_visible", "vegetation": "near", "transformer": false, "attachments_estimate": 1, "photos_assessed": 3, "capture_sequences": 1, "photo_shown_date": "2024-03", "latest_available_photo_date": "2024-03", "source_photo_url": "https://www.mapillary.com/app/?pKey=1126644691800718&focus=photo", "nearest_osm_pole_m": null}}, {"type": "Feature", "geometry": {"type": "Point", "coordinates": [-73.95991, 40.723743]}, "properties": {"id": "gree-00804", "is_utility_pole": true, "pole_type": "wood_utility", "model_flags": [], "model_watch": ["lean_slight"], "lean": "slight", "crossarm": "none_visible", "vegetation": "near", "transformer": false, "attachments_estimate": 2, "photos_assessed": 3, "capture_sequences": 1, "photo_shown_date": "2023-10", "latest_available_photo_date": "2023-10", "source_photo_url": "https://www.mapillary.com/app/?pKey=1312348932987281&focus=photo", "nearest_osm_pole_m": null}}, {"type": "Feature", "geometry": {"type": "Point", "coordinates": [-73.941124, 40.72367]}, "properties": {"id": "gree-00805", "is_utility_pole": true, "pole_type": "wood_utility", "model_flags": [], "model_watch": ["lean_slight"], "lean": "slight", "crossarm": "none_visible", "vegetation": "near", "transformer": false, "attachments_estimate": 1, "photos_assessed": 3, "capture_sequences": 1, "photo_shown_date": "2024-07", "latest_available_photo_date": "2024-07", "source_photo_url": "https://www.mapillary.com/app/?pKey=956695482874712&focus=photo", "nearest_osm_pole_m": null}}, {"type": "Feature", "geometry": {"type": "Point", "coordinates": [-73.95721, 40.72037]}, "properties": {"id": "gree-00806", "is_utility_pole": false, "pole_type": "street_light", "model_flags": [], "model_watch": [], "lean": "none", "crossarm": "none_visible", "vegetation": "none", "transformer": false, "attachments_estimate": 0, "photos_assessed": 2, "capture_sequences": 1, "photo_shown_date": "2023-07", "latest_available_photo_date": "2023-07", "source_photo_url": "https://www.mapillary.com/app/?pKey=830065748849788&focus=photo", "nearest_osm_pole_m": null}}, {"type": "Feature", "geometry": {"type": "Point", "coordinates": [-73.941864, 40.724277]}, "properties": {"id": "gree-00807", "is_utility_pole": true, "pole_type": "wood_utility", "model_flags": [], "model_watch": ["lean_slight"], "lean": "slight", "crossarm": "none_visible", "vegetation": "near", "transformer": false, "attachments_estimate": 2, "photos_assessed": 3, "capture_sequences": 1, "photo_shown_date": "2024-07", "latest_available_photo_date": "2024-07", "source_photo_url": "https://www.mapillary.com/app/?pKey=811219320761434&focus=photo", "nearest_osm_pole_m": null}}, {"type": "Feature", "geometry": {"type": "Point", "coordinates": [-73.9418, 40.724422]}, "properties": {"id": "gree-00808", "is_utility_pole": false, "pole_type": "unclear", "model_flags": [], "model_watch": [], "lean": "unclear", "crossarm": "none_visible", "vegetation": "unclear", "transformer": false, "attachments_estimate": 0, "photos_assessed": 3, "capture_sequences": 1, "photo_shown_date": "2024-07", "latest_available_photo_date": "2024-07", "source_photo_url": "https://www.mapillary.com/app/?pKey=992336875880854&focus=photo", "nearest_osm_pole_m": null}}, {"type": "Feature", "geometry": {"type": "Point", "coordinates": [-73.95218, 40.721786]}, "properties": {"id": "gree-00809", "is_utility_pole": false, "pole_type": "street_light", "model_flags": [], "model_watch": [], "lean": "none", "crossarm": "none_visible", "vegetation": "none", "transformer": false, "attachments_estimate": 0, "photos_assessed": 3, "capture_sequences": 1, "photo_shown_date": "2023-09", "latest_available_photo_date": "2023-09", "source_photo_url": "https://www.mapillary.com/app/?pKey=652830863486114&focus=photo", "nearest_osm_pole_m": null}}, {"type": "Feature", "geometry": {"type": "Point", "coordinates": [-73.94257, 40.72574]}, "properties": {"id": "gree-00810", "is_utility_pole": true, "pole_type": "wood_utility", "model_flags": [], "model_watch": ["lean_slight"], "lean": "slight", "crossarm": "intact", "vegetation": "near", "transformer": false, "attachments_estimate": 2, "photos_assessed": 3, "capture_sequences": 1, "photo_shown_date": "2024-03", "latest_available_photo_date": "2024-03", "source_photo_url": "https://www.mapillary.com/app/?pKey=1085988946008803&focus=photo", "nearest_osm_pole_m": null}}, {"type": "Feature", "geometry": {"type": "Point", "coordinates": [-73.94122, 40.72314]}, "properties": {"id": "gree-00811", "is_utility_pole": true, "pole_type": "wood_utility", "model_flags": ["vegetation"], "model_watch": ["lean_slight"], "lean": "slight", "crossarm": "none_visible", "vegetation": "touching", "transformer": false, "attachments_estimate": 2, "photos_assessed": 3, "capture_sequences": 1, "photo_shown_date": "2024-07", "latest_available_photo_date": "2024-07", "source_photo_url": "https://www.mapillary.com/app/?pKey=987417466418970&focus=photo", "nearest_osm_pole_m": null}}, {"type": "Feature", "geometry": {"type": "Point", "coordinates": [-73.940502, 40.7249402]}, "properties": {"id": "gree-00812", "is_utility_pole": true, "pole_type": "wood_utility", "model_flags": [], "model_watch": ["lean_slight"], "lean": "slight", "crossarm": "none_visible", "vegetation": "near", "transformer": false, "attachments_estimate": 0, "photos_assessed": 5, "capture_sequences": 2, "photo_shown_date": "2024-03", "latest_available_photo_date": "2024-03", "source_photo_url": "https://www.mapillary.com/app/?pKey=3582993485345077&focus=photo", "nearest_osm_pole_m": null}}, {"type": "Feature", "geometry": {"type": "Point", "coordinates": [-73.941596, 40.7252776]}, "properties": {"id": "gree-00813", "is_utility_pole": true, "pole_type": "wood_utility", "model_flags": [], "model_watch": ["lean_slight"], "lean": "slight", "crossarm": "none_visible", "vegetation": "near", "transformer": false, "attachments_estimate": 0, "photos_assessed": 5, "capture_sequences": 1, "photo_shown_date": "2024-07", "latest_available_photo_date": "2024-07", "source_photo_url": "https://www.mapillary.com/app/?pKey=1007218491095985&focus=photo", "nearest_osm_pole_m": null}}, {"type": "Feature", "geometry": {"type": "Point", "coordinates": [-73.94136, 40.723907]}, "properties": {"id": "gree-00814", "is_utility_pole": true, "pole_type": "wood_utility", "model_flags": [], "model_watch": [], "lean": "unclear", "crossarm": "none_visible", "vegetation": "near", "transformer": false, "attachments_estimate": 0, "photos_assessed": 3, "capture_sequences": 1, "photo_shown_date": "2024-07", "latest_available_photo_date": "2024-07", "source_photo_url": "https://www.mapillary.com/app/?pKey=1154326485680936&focus=photo", "nearest_osm_pole_m": null}}, {"type": "Feature", "geometry": {"type": "Point", "coordinates": [-73.94149, 40.72597]}, "properties": {"id": "gree-00815", "is_utility_pole": false, "pole_type": "other", "model_flags": [], "model_watch": [], "lean": "unclear", "crossarm": "none_visible", "vegetation": "none", "transformer": false, "attachments_estimate": 0, "photos_assessed": 3, "capture_sequences": 1, "photo_shown_date": "2024-07", "latest_available_photo_date": "2024-07", "source_photo_url": "https://www.mapillary.com/app/?pKey=1325956842125206&focus=photo", "nearest_osm_pole_m": null}}, {"type": "Feature", "geometry": {"type": "Point", "coordinates": [-73.948875, 40.729294]}, "properties": {"id": "gree-00816", "is_utility_pole": true, "pole_type": "wood_utility", "model_flags": [], "model_watch": ["lean_slight"], "lean": "slight", "crossarm": "none_visible", "vegetation": "none", "transformer": false, "attachments_estimate": 1, "photos_assessed": 3, "capture_sequences": 1, "photo_shown_date": "2023-10", "latest_available_photo_date": "2023-10", "source_photo_url": "https://www.mapillary.com/app/?pKey=736091288591600&focus=photo", "nearest_osm_pole_m": null}}, {"type": "Feature", "geometry": {"type": "Point", "coordinates": [-73.94905, 40.72965]}, "properties": {"id": "gree-00817", "is_utility_pole": true, "pole_type": "wood_utility", "model_flags": [], "model_watch": ["lean_slight"], "lean": "slight", "crossarm": "none_visible", "vegetation": "none", "transformer": false, "attachments_estimate": 0, "photos_assessed": 3, "capture_sequences": 1, "photo_shown_date": "2023-10", "latest_available_photo_date": "2023-10", "source_photo_url": "https://www.mapillary.com/app/?pKey=3344803782484707&focus=photo", "nearest_osm_pole_m": null}}, {"type": "Feature", "geometry": {"type": "Point", "coordinates": [-73.94875, 40.729053]}, "properties": {"id": "gree-00818", "is_utility_pole": true, "pole_type": "wood_utility", "model_flags": [], "model_watch": [], "lean": "unclear", "crossarm": "none_visible", "vegetation": "none", "transformer": false, "attachments_estimate": 2, "photos_assessed": 3, "capture_sequences": 1, "photo_shown_date": "2023-10", "latest_available_photo_date": "2023-10", "source_photo_url": "https://www.mapillary.com/app/?pKey=944232397206675&focus=photo", "nearest_osm_pole_m": null}}, {"type": "Feature", "geometry": {"type": "Point", "coordinates": [-73.94895, 40.729553]}, "properties": {"id": "gree-00819", "is_utility_pole": false, "pole_type": "street_light", "model_flags": [], "model_watch": [], "lean": "none", "crossarm": "none_visible", "vegetation": "none", "transformer": false, "attachments_estimate": 0, "photos_assessed": 3, "capture_sequences": 1, "photo_shown_date": "2023-10", "latest_available_photo_date": "2023-10", "source_photo_url": "https://www.mapillary.com/app/?pKey=2096976320657022&focus=photo", "nearest_osm_pole_m": null}}, {"type": "Feature", "geometry": {"type": "Point", "coordinates": [-73.95474, 40.719646]}, "properties": {"id": "gree-00820", "is_utility_pole": true, "pole_type": "wood_utility", "model_flags": [], "model_watch": ["lean_slight"], "lean": "slight", "crossarm": "none_visible", "vegetation": "none", "transformer": false, "attachments_estimate": 2, "photos_assessed": 3, "capture_sequences": 1, "photo_shown_date": "2015-03", "latest_available_photo_date": "2015-03", "source_photo_url": "https://www.mapillary.com/app/?pKey=4604614152888932&focus=photo", "nearest_osm_pole_m": null}}, {"type": "Feature", "geometry": {"type": "Point", "coordinates": [-73.9402, 40.72621]}, "properties": {"id": "gree-00821", "is_utility_pole": true, "pole_type": "wood_utility", "model_flags": [], "model_watch": [], "lean": "none", "crossarm": "none_visible", "vegetation": "near", "transformer": false, "attachments_estimate": 1, "photos_assessed": 2, "capture_sequences": 1, "photo_shown_date": "2024-07", "latest_available_photo_date": "2024-07", "source_photo_url": "https://www.mapillary.com/app/?pKey=1021513799565044&focus=photo", "nearest_osm_pole_m": null}}, {"type": "Feature", "geometry": {"type": "Point", "coordinates": [-73.95732, 40.72555]}, "properties": {"id": "gree-00822", "is_utility_pole": true, "pole_type": "wood_utility", "model_flags": [], "model_watch": ["lean_slight"], "lean": "slight", "crossarm": "unclear", "vegetation": "none", "transformer": false, "attachments_estimate": 1, "photos_assessed": 3, "capture_sequences": 1, "photo_shown_date": "2023-10", "latest_available_photo_date": "2023-10", "source_photo_url": "https://www.mapillary.com/app/?pKey=270316652683149&focus=photo", "nearest_osm_pole_m": null}}, {"type": "Feature", "geometry": {"type": "Point", "coordinates": [-73.95747, 40.72615]}, "properties": {"id": "gree-00823", "is_utility_pole": false, "pole_type": "street_light", "model_flags": [], "model_watch": [], "lean": "none", "crossarm": "none_visible", "vegetation": "near", "transformer": false, "attachments_estimate": 0, "photos_assessed": 1, "capture_sequences": 1, "photo_shown_date": "2023-10", "latest_available_photo_date": "2023-10", "source_photo_url": "https://www.mapillary.com/app/?pKey=341074281698668&focus=photo", "nearest_osm_pole_m": null}}, {"type": "Feature", "geometry": {"type": "Point", "coordinates": [-73.955315, 40.735207]}, "properties": {"id": "gree-00824", "is_utility_pole": true, "pole_type": "wood_utility", "model_flags": ["vegetation"], "model_watch": ["lean_slight"], "lean": "slight", "crossarm": "none_visible", "vegetation": "touching", "transformer": false, "attachments_estimate": 2, "photos_assessed": 3, "capture_sequences": 1, "photo_shown_date": "2023-10", "latest_available_photo_date": "2023-10", "source_photo_url": "https://www.mapillary.com/app/?pKey=437740258683780&focus=photo", "nearest_osm_pole_m": null}}, {"type": "Feature", "geometry": {"type": "Point", "coordinates": [-73.9552, 40.735245]}, "properties": {"id": "gree-00825", "is_utility_pole": false, "pole_type": "street_light", "model_flags": [], "model_watch": [], "lean": "none", "crossarm": "none_visible", "vegetation": "near", "transformer": false, "attachments_estimate": 0, "photos_assessed": 1, "capture_sequences": 1, "photo_shown_date": "2023-10", "latest_available_photo_date": "2023-10", "source_photo_url": "https://www.mapillary.com/app/?pKey=1852368135206355&focus=photo", "nearest_osm_pole_m": null}}, {"type": "Feature", "geometry": {"type": "Point", "coordinates": [-73.955095, 40.7344125]}, "properties": {"id": "gree-00826", "is_utility_pole": true, "pole_type": "wood_utility", "model_flags": [], "model_watch": ["lean_slight"], "lean": "slight", "crossarm": "none_visible", "vegetation": "near", "transformer": false, "attachments_estimate": 2, "photos_assessed": 6, "capture_sequences": 1, "photo_shown_date": "2023-10", "latest_available_photo_date": "2023-10", "source_photo_url": "https://www.mapillary.com/app/?pKey=376752175256684&focus=photo", "nearest_osm_pole_m": null}}, {"type": "Feature", "geometry": {"type": "Point", "coordinates": [-73.95047, 40.73564]}, "properties": {"id": "gree-00827", "is_utility_pole": true, "pole_type": "wood_utility", "model_flags": [], "model_watch": [], "lean": "none", "crossarm": "none_visible", "vegetation": "near", "transformer": false, "attachments_estimate": 0, "photos_assessed": 3, "capture_sequences": 1, "photo_shown_date": "2018-08", "latest_available_photo_date": "2018-08", "source_photo_url": "https://www.mapillary.com/app/?pKey=874723923250799&focus=photo", "nearest_osm_pole_m": null}}, {"type": "Feature", "geometry": {"type": "Point", "coordinates": [-73.9571, 40.727375]}, "properties": {"id": "gree-00828", "is_utility_pole": false, "pole_type": "street_light", "model_flags": [], "model_watch": [], "lean": "none", "crossarm": "none_visible", "vegetation": "near", "transformer": false, "attachments_estimate": 0, "photos_assessed": 3, "capture_sequences": 1, "photo_shown_date": "2019-12", "latest_available_photo_date": "2019-12", "source_photo_url": "https://www.mapillary.com/app/?pKey=2977059949196177&focus=photo", "nearest_osm_pole_m": null}}, {"type": "Feature", "geometry": {"type": "Point", "coordinates": [-73.95758, 40.727]}, "properties": {"id": "gree-00829", "is_utility_pole": true, "pole_type": "wood_utility", "model_flags": [], "model_watch": ["lean_slight"], "lean": "slight", "crossarm": "none_visible", "vegetation": "near", "transformer": false, "attachments_estimate": 2, "photos_assessed": 3, "capture_sequences": 1, "photo_shown_date": "2019-12", "latest_available_photo_date": "2019-12", "source_photo_url": "https://www.mapillary.com/app/?pKey=822180878694607&focus=photo", "nearest_osm_pole_m": null}}, {"type": "Feature", "geometry": {"type": "Point", "coordinates": [-73.93191, 40.73676]}, "properties": {"id": "gree-00830", "is_utility_pole": false, "pole_type": "street_light", "model_flags": [], "model_watch": ["lean_slight"], "lean": "slight", "crossarm": "none_visible", "vegetation": "none", "transformer": false, "attachments_estimate": 0, "photos_assessed": 3, "capture_sequences": 1, "photo_shown_date": "2018-05", "latest_available_photo_date": "2018-05", "source_photo_url": "https://www.mapillary.com/app/?pKey=787550731945399&focus=photo", "nearest_osm_pole_m": null}}, {"type": "Feature", "geometry": {"type": "Point", "coordinates": [-73.93043, 40.737087]}, "properties": {"id": "gree-00831", "is_utility_pole": true, "pole_type": "wood_utility", "model_flags": [], "model_watch": [], "lean": "unclear", "crossarm": "unclear", "vegetation": "none", "transformer": false, "attachments_estimate": 1, "photos_assessed": 1, "capture_sequences": 1, "photo_shown_date": "2018-05", "latest_available_photo_date": "2018-05", "source_photo_url": "https://www.mapillary.com/app/?pKey=282020600298812&focus=photo", "nearest_osm_pole_m": null}}, {"type": "Feature", "geometry": {"type": "Point", "coordinates": [-73.93118, 40.736927]}, "properties": {"id": "gree-00832", "is_utility_pole": false, "pole_type": "street_light", "model_flags": [], "model_watch": [], "lean": "none", "crossarm": "none_visible", "vegetation": "none", "transformer": false, "attachments_estimate": 0, "photos_assessed": 1, "capture_sequences": 1, "photo_shown_date": "2018-05", "latest_available_photo_date": "2018-05", "source_photo_url": "https://www.mapillary.com/app/?pKey=803534727257320&focus=photo", "nearest_osm_pole_m": null}}, {"type": "Feature", "geometry": {"type": "Point", "coordinates": [-73.9368747, 40.7234863]}, "properties": {"id": "gree-00833", "is_utility_pole": true, "pole_type": "wood_utility", "model_flags": [], "model_watch": [], "lean": "none", "crossarm": "intact", "vegetation": "near", "transformer": true, "attachments_estimate": 1, "photos_assessed": 9, "capture_sequences": 1, "photo_shown_date": "2023-10", "latest_available_photo_date": "2023-10", "source_photo_url": "https://www.mapillary.com/app/?pKey=235087756229765&focus=photo", "nearest_osm_pole_m": null}}, {"type": "Feature", "geometry": {"type": "Point", "coordinates": [-73.93727, 40.723293]}, "properties": {"id": "gree-00834", "is_utility_pole": false, "pole_type": "street_light", "model_flags": [], "model_watch": [], "lean": "none", "crossarm": "none_visible", "vegetation": "none", "transformer": false, "attachments_estimate": 0, "photos_assessed": 3, "capture_sequences": 1, "photo_shown_date": "2023-10", "latest_available_photo_date": "2023-10", "source_photo_url": "https://www.mapillary.com/app/?pKey=1009288173612793&focus=photo", "nearest_osm_pole_m": null}}, {"type": "Feature", "geometry": {"type": "Point", "coordinates": [-73.935974, 40.72386]}, "properties": {"id": "gree-00835", "is_utility_pole": true, "pole_type": "wood_utility", "model_flags": [], "model_watch": [], "lean": "none", "crossarm": "intact", "vegetation": "near", "transformer": false, "attachments_estimate": 2, "photos_assessed": 3, "capture_sequences": 1, "photo_shown_date": "2023-10", "latest_available_photo_date": "2023-10", "source_photo_url": "https://www.mapillary.com/app/?pKey=834037248270969&focus=photo", "nearest_osm_pole_m": null}}, {"type": "Feature", "geometry": {"type": "Point", "coordinates": [-73.93729, 40.723793]}, "properties": {"id": "gree-00836", "is_utility_pole": false, "pole_type": "traffic_signal", "model_flags": [], "model_watch": [], "lean": "none", "crossarm": "none_visible", "vegetation": "none", "transformer": false, "attachments_estimate": 0, "photos_assessed": 2, "capture_sequences": 1, "photo_shown_date": "2023-10", "latest_available_photo_date": "2023-10", "source_photo_url": "https://www.mapillary.com/app/?pKey=255890177423169&focus=photo", "nearest_osm_pole_m": null}}, {"type": "Feature", "geometry": {"type": "Point", "coordinates": [-73.935894, 40.7237674]}, "properties": {"id": "gree-00837", "is_utility_pole": true, "pole_type": "wood_utility", "model_flags": [], "model_watch": ["lean_slight"], "lean": "slight", "crossarm": "none_visible", "vegetation": "near", "transformer": false, "attachments_estimate": 2, "photos_assessed": 5, "capture_sequences": 1, "photo_shown_date": "2023-10", "latest_available_photo_date": "2023-10", "source_photo_url": "https://www.mapillary.com/app/?pKey=199090056467843&focus=photo", "nearest_osm_pole_m": null}}, {"type": "Feature", "geometry": {"type": "Point", "coordinates": [-73.9360008, 40.7237206]}, "properties": {"id": "gree-00838", "is_utility_pole": false, "pole_type": "street_light", "model_flags": [], "model_watch": [], "lean": "none", "crossarm": "none_visible", "vegetation": "none", "transformer": false, "attachments_estimate": 0, "photos_assessed": 5, "capture_sequences": 1, "photo_shown_date": "2023-10", "latest_available_photo_date": "2023-10", "source_photo_url": "https://www.mapillary.com/app/?pKey=264093589433534&focus=photo", "nearest_osm_pole_m": null}}, {"type": "Feature", "geometry": {"type": "Point", "coordinates": [-73.93586, 40.723553]}, "properties": {"id": "gree-00839", "is_utility_pole": true, "pole_type": "wood_utility", "model_flags": [], "model_watch": ["lean_slight"], "lean": "slight", "crossarm": "intact", "vegetation": "none", "transformer": false, "attachments_estimate": 2, "photos_assessed": 2, "capture_sequences": 1, "photo_shown_date": "2023-10", "latest_available_photo_date": "2023-10", "source_photo_url": "https://www.mapillary.com/app/?pKey=332896452663742&focus=photo", "nearest_osm_pole_m": null}}, {"type": "Feature", "geometry": {"type": "Point", "coordinates": [-73.9348456, 40.7250767]}, "properties": {"id": "gree-00840", "is_utility_pole": true, "pole_type": "wood_utility", "model_flags": [], "model_watch": ["lean_slight"], "lean": "slight", "crossarm": "none_visible", "vegetation": "near", "transformer": false, "attachments_estimate": 0, "photos_assessed": 8, "capture_sequences": 1, "photo_shown_date": "2024-04", "latest_available_photo_date": "2024-04", "source_photo_url": "https://www.mapillary.com/app/?pKey=514534554430186&focus=photo", "nearest_osm_pole_m": null}}, {"type": "Feature", "geometry": {"type": "Point", "coordinates": [-73.93224, 40.736656]}, "properties": {"id": "gree-00841", "is_utility_pole": true, "pole_type": "concrete_or_steel_utility", "model_flags": [], "model_watch": [], "lean": "none", "crossarm": "none_visible", "vegetation": "none", "transformer": false, "attachments_estimate": 2, "photos_assessed": 2, "capture_sequences": 1, "photo_shown_date": "2015-06", "latest_available_photo_date": "2015-06", "source_photo_url": "https://www.mapillary.com/app/?pKey=296684085405631&focus=photo", "nearest_osm_pole_m": null}}, {"type": "Feature", "geometry": {"type": "Point", "coordinates": [-73.932495, 40.736565]}, "properties": {"id": "gree-00842", "is_utility_pole": true, "pole_type": "wood_utility", "model_flags": [], "model_watch": ["lean_slight"], "lean": "slight", "crossarm": "unclear", "vegetation": "none", "transformer": false, "attachments_estimate": 2, "photos_assessed": 2, "capture_sequences": 1, "photo_shown_date": "2015-06", "latest_available_photo_date": "2015-06", "source_photo_url": "https://www.mapillary.com/app/?pKey=296684085405631&focus=photo", "nearest_osm_pole_m": null}}, {"type": "Feature", "geometry": {"type": "Point", "coordinates": [-73.95949, 40.722523]}, "properties": {"id": "gree-00843", "is_utility_pole": false, "pole_type": "street_light", "model_flags": [], "model_watch": [], "lean": "none", "crossarm": "none_visible", "vegetation": "near", "transformer": false, "attachments_estimate": 0, "photos_assessed": 3, "capture_sequences": 1, "photo_shown_date": "2023-10", "latest_available_photo_date": "2023-10", "source_photo_url": "https://www.mapillary.com/app/?pKey=296221626498505&focus=photo", "nearest_osm_pole_m": null}}, {"type": "Feature", "geometry": {"type": "Point", "coordinates": [-73.96005, 40.739132]}, "properties": {"id": "gree-00844", "is_utility_pole": false, "pole_type": "street_light", "model_flags": [], "model_watch": ["lean_slight"], "lean": "slight", "crossarm": "none_visible", "vegetation": "none", "transformer": false, "attachments_estimate": 1, "photos_assessed": 1, "capture_sequences": 1, "photo_shown_date": "2019-12", "latest_available_photo_date": "2019-12", "source_photo_url": "https://www.mapillary.com/app/?pKey=291049425940049&focus=photo", "nearest_osm_pole_m": null}}, {"type": "Feature", "geometry": {"type": "Point", "coordinates": [-73.935265, 40.736137]}, "properties": {"id": "gree-00845", "is_utility_pole": true, "pole_type": "wood_utility", "model_flags": [], "model_watch": [], "lean": "none", "crossarm": "unclear", "vegetation": "none", "transformer": false, "attachments_estimate": 2, "photos_assessed": 3, "capture_sequences": 1, "photo_shown_date": "2018-09", "latest_available_photo_date": "2018-09", "source_photo_url": "https://www.mapillary.com/app/?pKey=217903566532468&focus=photo", "nearest_osm_pole_m": null}}, {"type": "Feature", "geometry": {"type": "Point", "coordinates": [-73.9352, 40.736202]}, "properties": {"id": "gree-00846", "is_utility_pole": true, "pole_type": "wood_utility", "model_flags": [], "model_watch": [], "lean": "none", "crossarm": "none_visible", "vegetation": "near", "transformer": false, "attachments_estimate": 1, "photos_assessed": 2, "capture_sequences": 1, "photo_shown_date": "2018-09", "latest_available_photo_date": "2018-09", "source_photo_url": "https://www.mapillary.com/app/?pKey=814848179150358&focus=photo", "nearest_osm_pole_m": null}}, {"type": "Feature", "geometry": {"type": "Point", "coordinates": [-73.9351, 40.73622]}, "properties": {"id": "gree-00847", "is_utility_pole": true, "pole_type": "wood_utility", "model_flags": [], "model_watch": [], "lean": "none", "crossarm": "none_visible", "vegetation": "near", "transformer": false, "attachments_estimate": 2, "photos_assessed": 3, "capture_sequences": 1, "photo_shown_date": "2018-09", "latest_available_photo_date": "2018-09", "source_photo_url": "https://www.mapillary.com/app/?pKey=814848179150358&focus=photo", "nearest_osm_pole_m": null}}, {"type": "Feature", "geometry": {"type": "Point", "coordinates": [-73.93511, 40.735912]}, "properties": {"id": "gree-00848", "is_utility_pole": true, "pole_type": "wood_utility", "model_flags": [], "model_watch": ["lean_slight"], "lean": "slight", "crossarm": "none_visible", "vegetation": "near", "transformer": false, "attachments_estimate": 2, "photos_assessed": 3, "capture_sequences": 1, "photo_shown_date": "2018-09", "latest_available_photo_date": "2018-09", "source_photo_url": "https://www.mapillary.com/app/?pKey=180779193957186&focus=photo", "nearest_osm_pole_m": null}}, {"type": "Feature", "geometry": {"type": "Point", "coordinates": [-73.93509, 40.735832]}, "properties": {"id": "gree-00849", "is_utility_pole": true, "pole_type": "wood_utility", "model_flags": [], "model_watch": ["lean_slight"], "lean": "slight", "crossarm": "none_visible", "vegetation": "near", "transformer": false, "attachments_estimate": 1, "photos_assessed": 3, "capture_sequences": 1, "photo_shown_date": "2018-09", "latest_available_photo_date": "2018-09", "source_photo_url": "https://www.mapillary.com/app/?pKey=2865447267048168&focus=photo", "nearest_osm_pole_m": null}}, {"type": "Feature", "geometry": {"type": "Point", "coordinates": [-73.93495, 40.73569]}, "properties": {"id": "gree-00850", "is_utility_pole": true, "pole_type": "wood_utility", "model_flags": ["vegetation"], "model_watch": [], "lean": "unclear", "crossarm": "intact", "vegetation": "touching", "transformer": false, "attachments_estimate": 2, "photos_assessed": 3, "capture_sequences": 1, "photo_shown_date": "2018-09", "latest_available_photo_date": "2018-09", "source_photo_url": "https://www.mapillary.com/app/?pKey=1072169363306787&focus=photo", "nearest_osm_pole_m": null}}, {"type": "Feature", "geometry": {"type": "Point", "coordinates": [-73.96138, 40.720943]}, "properties": {"id": "gree-00851", "is_utility_pole": true, "pole_type": "wood_utility", "model_flags": [], "model_watch": ["lean_slight"], "lean": "slight", "crossarm": "none_visible", "vegetation": "none", "transformer": false, "attachments_estimate": 0, "photos_assessed": 2, "capture_sequences": 1, "photo_shown_date": "2015-03", "latest_available_photo_date": "2015-03", "source_photo_url": "https://www.mapillary.com/app/?pKey=467624917775155&focus=photo", "nearest_osm_pole_m": null}}, {"type": "Feature", "geometry": {"type": "Point", "coordinates": [-73.95763, 40.729893]}, "properties": {"id": "gree-00852", "is_utility_pole": false, "pole_type": "traffic_signal", "model_flags": [], "model_watch": [], "lean": "none", "crossarm": "none_visible", "vegetation": "none", "transformer": false, "attachments_estimate": 0, "photos_assessed": 1, "capture_sequences": 1, "photo_shown_date": "2024-02", "latest_available_photo_date": "2024-02", "source_photo_url": "https://www.mapillary.com/app/?pKey=414029511150082&focus=photo", "nearest_osm_pole_m": null}}, {"type": "Feature", "geometry": {"type": "Point", "coordinates": [-73.95765, 40.729774]}, "properties": {"id": "gree-00853", "is_utility_pole": false, "pole_type": "street_light", "model_flags": [], "model_watch": [], "lean": "none", "crossarm": "none_visible", "vegetation": "none", "transformer": false, "attachments_estimate": 1, "photos_assessed": 3, "capture_sequences": 1, "photo_shown_date": "2024-02", "latest_available_photo_date": "2024-02", "source_photo_url": "https://www.mapillary.com/app/?pKey=1095998855183914&focus=photo", "nearest_osm_pole_m": null}}, {"type": "Feature", "geometry": {"type": "Point", "coordinates": [-73.95754, 40.729984]}, "properties": {"id": "gree-00854", "is_utility_pole": false, "pole_type": "street_light", "model_flags": [], "model_watch": [], "lean": "none", "crossarm": "none_visible", "vegetation": "none", "transformer": false, "attachments_estimate": 0, "photos_assessed": 3, "capture_sequences": 1, "photo_shown_date": "2024-02", "latest_available_photo_date": "2024-02", "source_photo_url": "https://www.mapillary.com/app/?pKey=350468127798567&focus=photo", "nearest_osm_pole_m": null}}, {"type": "Feature", "geometry": {"type": "Point", "coordinates": [-73.95777, 40.731293]}, "properties": {"id": "gree-00855", "is_utility_pole": false, "pole_type": "traffic_signal", "model_flags": [], "model_watch": [], "lean": "none", "crossarm": "none_visible", "vegetation": "none", "transformer": false, "attachments_estimate": 0, "photos_assessed": 3, "capture_sequences": 1, "photo_shown_date": "2024-02", "latest_available_photo_date": "2024-02", "source_photo_url": "https://www.mapillary.com/app/?pKey=1558936878188844&focus=photo", "nearest_osm_pole_m": null}}, {"type": "Feature", "geometry": {"type": "Point", "coordinates": [-73.941475, 40.7240735]}, "properties": {"id": "gree-00856", "is_utility_pole": true, "pole_type": "wood_utility", "model_flags": [], "model_watch": [], "lean": "unclear", "crossarm": "none_visible", "vegetation": "near", "transformer": false, "attachments_estimate": 2, "photos_assessed": 6, "capture_sequences": 1, "photo_shown_date": "2024-07", "latest_available_photo_date": "2024-07", "source_photo_url": "https://www.mapillary.com/app/?pKey=2847213018766896&focus=photo", "nearest_osm_pole_m": null}}, {"type": "Feature", "geometry": {"type": "Point", "coordinates": [-73.94147, 40.724182]}, "properties": {"id": "gree-00857", "is_utility_pole": false, "pole_type": "unclear", "model_flags": [], "model_watch": [], "lean": "unclear", "crossarm": "none_visible", "vegetation": "unclear", "transformer": false, "attachments_estimate": 0, "photos_assessed": 3, "capture_sequences": 1, "photo_shown_date": "2024-07", "latest_available_photo_date": "2024-07", "source_photo_url": "https://www.mapillary.com/app/?pKey=500516682438993&focus=photo", "nearest_osm_pole_m": null}}, {"type": "Feature", "geometry": {"type": "Point", "coordinates": [-73.934814, 40.725178]}, "properties": {"id": "gree-00858", "is_utility_pole": true, "pole_type": "wood_utility", "model_flags": [], "model_watch": [], "lean": "unclear", "crossarm": "unclear", "vegetation": "none", "transformer": false, "attachments_estimate": 1, "photos_assessed": 1, "capture_sequences": 1, "photo_shown_date": "2024-04", "latest_available_photo_date": "2024-04", "source_photo_url": "https://www.mapillary.com/app/?pKey=406160585264657&focus=photo", "nearest_osm_pole_m": null}}, {"type": "Feature", "geometry": {"type": "Point", "coordinates": [-73.94721, 40.719376]}, "properties": {"id": "gree-00859", "is_utility_pole": false, "pole_type": "street_light", "model_flags": [], "model_watch": [], "lean": "none", "crossarm": "none_visible", "vegetation": "none", "transformer": false, "attachments_estimate": 0, "photos_assessed": 3, "capture_sequences": 1, "photo_shown_date": "2016-06", "latest_available_photo_date": "2016-06", "source_photo_url": "https://www.mapillary.com/app/?pKey=137099545097746&focus=photo", "nearest_osm_pole_m": null}}, {"type": "Feature", "geometry": {"type": "Point", "coordinates": [-73.943954, 40.71988]}, "properties": {"id": "gree-00860", "is_utility_pole": true, "pole_type": "wood_utility", "model_flags": ["vegetation"], "model_watch": ["lean_slight"], "lean": "slight", "crossarm": "none_visible", "vegetation": "touching", "transformer": false, "attachments_estimate": 2, "photos_assessed": 3, "capture_sequences": 1, "photo_shown_date": "2020-05", "latest_available_photo_date": "2020-05", "source_photo_url": "https://www.mapillary.com/app/?pKey=193496199294334&focus=photo", "nearest_osm_pole_m": null}}, {"type": "Feature", "geometry": {"type": "Point", "coordinates": [-73.952515, 40.72326]}, "properties": {"id": "gree-00861", "is_utility_pole": false, "pole_type": "street_light", "model_flags": [], "model_watch": [], "lean": "none", "crossarm": "none_visible", "vegetation": "near", "transformer": false, "attachments_estimate": 0, "photos_assessed": 3, "capture_sequences": 1, "photo_shown_date": "2016-06", "latest_available_photo_date": "2016-06", "source_photo_url": "https://www.mapillary.com/app/?pKey=780650215924571&focus=photo", "nearest_osm_pole_m": null}}, {"type": "Feature", "geometry": {"type": "Point", "coordinates": [-73.952, 40.72329]}, "properties": {"id": "gree-00862", "is_utility_pole": false, "pole_type": "street_light", "model_flags": [], "model_watch": [], "lean": "unclear", "crossarm": "unclear", "vegetation": "near", "transformer": false, "attachments_estimate": 0, "photos_assessed": 2, "capture_sequences": 1, "photo_shown_date": "2016-06", "latest_available_photo_date": "2016-06", "source_photo_url": "https://www.mapillary.com/app/?pKey=501557400867748&focus=photo", "nearest_osm_pole_m": null}}, {"type": "Feature", "geometry": {"type": "Point", "coordinates": [-73.9414517, 40.7257995]}, "properties": {"id": "gree-00863", "is_utility_pole": true, "pole_type": "wood_utility", "model_flags": [], "model_watch": ["lean_slight"], "lean": "slight", "crossarm": "intact", "vegetation": "near", "transformer": true, "attachments_estimate": 2, "photos_assessed": 4, "capture_sequences": 1, "photo_shown_date": "2024-07", "latest_available_photo_date": "2024-07", "source_photo_url": "https://www.mapillary.com/app/?pKey=817126943938799&focus=photo", "nearest_osm_pole_m": null}}, {"type": "Feature", "geometry": {"type": "Point", "coordinates": [-73.941605, 40.72579]}, "properties": {"id": "gree-00864", "is_utility_pole": true, "pole_type": "wood_utility", "model_flags": [], "model_watch": ["lean_slight"], "lean": "slight", "crossarm": "intact", "vegetation": "none", "transformer": true, "attachments_estimate": 1, "photos_assessed": 3, "capture_sequences": 1, "photo_shown_date": "2024-07", "latest_available_photo_date": "2024-07", "source_photo_url": "https://www.mapillary.com/app/?pKey=1000906081479938&focus=photo", "nearest_osm_pole_m": null}}, {"type": "Feature", "geometry": {"type": "Point", "coordinates": [-73.949776, 40.734386]}, "properties": {"id": "gree-00865", "is_utility_pole": true, "pole_type": "wood_utility", "model_flags": [], "model_watch": [], "lean": "none", "crossarm": "none_visible", "vegetation": "near", "transformer": false, "attachments_estimate": 2, "photos_assessed": 3, "capture_sequences": 1, "photo_shown_date": "2018-08", "latest_available_photo_date": "2018-08", "source_photo_url": "https://www.mapillary.com/app/?pKey=189085632962275&focus=photo", "nearest_osm_pole_m": null}}, {"type": "Feature", "geometry": {"type": "Point", "coordinates": [-73.94995, 40.734226]}, "properties": {"id": "gree-00866", "is_utility_pole": true, "pole_type": "wood_utility", "model_flags": [], "model_watch": [], "lean": "none", "crossarm": "none_visible", "vegetation": "none", "transformer": false, "attachments_estimate": 1, "photos_assessed": 2, "capture_sequences": 1, "photo_shown_date": "2018-08", "latest_available_photo_date": "2018-08", "source_photo_url": "https://www.mapillary.com/app/?pKey=175850921126895&focus=photo", "nearest_osm_pole_m": null}}, {"type": "Feature", "geometry": {"type": "Point", "coordinates": [-73.949817, 40.7346165]}, "properties": {"id": "gree-00867", "is_utility_pole": true, "pole_type": "wood_utility", "model_flags": [], "model_watch": [], "lean": "none", "crossarm": "none_visible", "vegetation": "near", "transformer": false, "attachments_estimate": 1, "photos_assessed": 6, "capture_sequences": 1, "photo_shown_date": "2018-08", "latest_available_photo_date": "2018-08", "source_photo_url": "https://www.mapillary.com/app/?pKey=472705627295170&focus=photo", "nearest_osm_pole_m": null}}, {"type": "Feature", "geometry": {"type": "Point", "coordinates": [-73.949905, 40.736465]}, "properties": {"id": "gree-00868", "is_utility_pole": true, "pole_type": "wood_utility", "model_flags": [], "model_watch": [], "lean": "none", "crossarm": "none_visible", "vegetation": "near", "transformer": false, "attachments_estimate": 0, "photos_assessed": 3, "capture_sequences": 1, "photo_shown_date": "2018-08", "latest_available_photo_date": "2018-08", "source_photo_url": "https://www.mapillary.com/app/?pKey=1456044001396288&focus=photo", "nearest_osm_pole_m": null}}, {"type": "Feature", "geometry": {"type": "Point", "coordinates": [-73.9501, 40.73558]}, "properties": {"id": "gree-00869", "is_utility_pole": true, "pole_type": "wood_utility", "model_flags": [], "model_watch": [], "lean": "none", "crossarm": "none_visible", "vegetation": "none", "transformer": false, "attachments_estimate": 0, "photos_assessed": 3, "capture_sequences": 1, "photo_shown_date": "2018-08", "latest_available_photo_date": "2018-08", "source_photo_url": "https://www.mapillary.com/app/?pKey=855803195142943&focus=photo", "nearest_osm_pole_m": null}}, {"type": "Feature", "geometry": {"type": "Point", "coordinates": [-73.95194, 40.73271]}, "properties": {"id": "gree-00870", "is_utility_pole": true, "pole_type": "wood_utility", "model_flags": [], "model_watch": ["lean_slight"], "lean": "slight", "crossarm": "none_visible", "vegetation": "near", "transformer": false, "attachments_estimate": 1, "photos_assessed": 3, "capture_sequences": 1, "photo_shown_date": "2018-08", "latest_available_photo_date": "2018-08", "source_photo_url": "https://www.mapillary.com/app/?pKey=2089093474562647&focus=photo", "nearest_osm_pole_m": null}}, {"type": "Feature", "geometry": {"type": "Point", "coordinates": [-73.95204, 40.733288]}, "properties": {"id": "gree-00871", "is_utility_pole": true, "pole_type": "wood_utility", "model_flags": [], "model_watch": ["lean_slight"], "lean": "slight", "crossarm": "none_visible", "vegetation": "near", "transformer": false, "attachments_estimate": 1, "photos_assessed": 3, "capture_sequences": 1, "photo_shown_date": "2018-08", "latest_available_photo_date": "2018-08", "source_photo_url": "https://www.mapillary.com/app/?pKey=2930749017209956&focus=photo", "nearest_osm_pole_m": null}}, {"type": "Feature", "geometry": {"type": "Point", "coordinates": [-73.95232, 40.73474]}, "properties": {"id": "gree-00872", "is_utility_pole": true, "pole_type": "wood_utility", "model_flags": [], "model_watch": [], "lean": "none", "crossarm": "none_visible", "vegetation": "none", "transformer": false, "attachments_estimate": 0, "photos_assessed": 1, "capture_sequences": 1, "photo_shown_date": "2018-08", "latest_available_photo_date": "2018-08", "source_photo_url": "https://www.mapillary.com/app/?pKey=2889047274683842&focus=photo", "nearest_osm_pole_m": null}}, {"type": "Feature", "geometry": {"type": "Point", "coordinates": [-73.952156, 40.734035]}, "properties": {"id": "gree-00873", "is_utility_pole": true, "pole_type": "wood_utility", "model_flags": [], "model_watch": ["lean_slight"], "lean": "slight", "crossarm": "none_visible", "vegetation": "none", "transformer": false, "attachments_estimate": 2, "photos_assessed": 3, "capture_sequences": 1, "photo_shown_date": "2018-08", "latest_available_photo_date": "2018-08", "source_photo_url": "https://www.mapillary.com/app/?pKey=2919650511581339&focus=photo", "nearest_osm_pole_m": null}}, {"type": "Feature", "geometry": {"type": "Point", "coordinates": [-73.958145, 40.73644]}, "properties": {"id": "gree-00874", "is_utility_pole": false, "pole_type": "street_light", "model_flags": [], "model_watch": [], "lean": "none", "crossarm": "none_visible", "vegetation": "near", "transformer": false, "attachments_estimate": 0, "photos_assessed": 3, "capture_sequences": 1, "photo_shown_date": "2016-05", "latest_available_photo_date": "2016-05", "source_photo_url": "https://www.mapillary.com/app/?pKey=481926253233062&focus=photo", "nearest_osm_pole_m": null}}, {"type": "Feature", "geometry": {"type": "Point", "coordinates": [-73.94702, 40.719505]}, "properties": {"id": "gree-00875", "is_utility_pole": false, "pole_type": "street_light", "model_flags": [], "model_watch": [], "lean": "none", "crossarm": "none_visible", "vegetation": "near", "transformer": false, "attachments_estimate": 0, "photos_assessed": 2, "capture_sequences": 1, "photo_shown_date": "2023-10", "latest_available_photo_date": "2023-10", "source_photo_url": "https://www.mapillary.com/app/?pKey=1043364760137559&focus=photo", "nearest_osm_pole_m": null}}, {"type": "Feature", "geometry": {"type": "Point", "coordinates": [-73.94767, 40.720093]}, "properties": {"id": "gree-00876", "is_utility_pole": false, "pole_type": "unclear", "model_flags": [], "model_watch": [], "lean": "unclear", "crossarm": "none_visible", "vegetation": "unclear", "transformer": false, "attachments_estimate": 0, "photos_assessed": 1, "capture_sequences": 1, "photo_shown_date": "2023-10", "latest_available_photo_date": "2023-10", "source_photo_url": "https://www.mapillary.com/app/?pKey=863889021975417&focus=photo", "nearest_osm_pole_m": null}}, {"type": "Feature", "geometry": {"type": "Point", "coordinates": [-73.94784, 40.7203]}, "properties": {"id": "gree-00877", "is_utility_pole": false, "pole_type": "other", "model_flags": [], "model_watch": [], "lean": "none", "crossarm": "none_visible", "vegetation": "none", "transformer": false, "attachments_estimate": 0, "photos_assessed": 2, "capture_sequences": 1, "photo_shown_date": "2023-10", "latest_available_photo_date": "2023-10", "source_photo_url": "https://www.mapillary.com/app/?pKey=3445829345727188&focus=photo", "nearest_osm_pole_m": null}}, {"type": "Feature", "geometry": {"type": "Point", "coordinates": [-73.94758, 40.72006]}, "properties": {"id": "gree-00878", "is_utility_pole": false, "pole_type": "other", "model_flags": ["vegetation"], "model_watch": [], "lean": "none", "crossarm": "none_visible", "vegetation": "touching", "transformer": false, "attachments_estimate": 0, "photos_assessed": 2, "capture_sequences": 1, "photo_shown_date": "2023-10", "latest_available_photo_date": "2023-10", "source_photo_url": "https://www.mapillary.com/app/?pKey=1022932758925219&focus=photo", "nearest_osm_pole_m": null}}, {"type": "Feature", "geometry": {"type": "Point", "coordinates": [-73.947754, 40.73083]}, "properties": {"id": "gree-00879", "is_utility_pole": false, "pole_type": "street_light", "model_flags": [], "model_watch": [], "lean": "none", "crossarm": "none_visible", "vegetation": "near", "transformer": false, "attachments_estimate": 0, "photos_assessed": 3, "capture_sequences": 1, "photo_shown_date": "2015-06", "latest_available_photo_date": "2015-06", "source_photo_url": "https://www.mapillary.com/app/?pKey=791451274821710&focus=photo", "nearest_osm_pole_m": null}}, {"type": "Feature", "geometry": {"type": "Point", "coordinates": [-73.947754, 40.730724]}, "properties": {"id": "gree-00880", "is_utility_pole": true, "pole_type": "wood_utility", "model_flags": [], "model_watch": [], "lean": "none", "crossarm": "none_visible", "vegetation": "near", "transformer": false, "attachments_estimate": 0, "photos_assessed": 3, "capture_sequences": 1, "photo_shown_date": "2015-06", "latest_available_photo_date": "2015-06", "source_photo_url": "https://www.mapillary.com/app/?pKey=474395463844720&focus=photo", "nearest_osm_pole_m": null}}, {"type": "Feature", "geometry": {"type": "Point", "coordinates": [-73.95198, 40.733368]}, "properties": {"id": "gree-00881", "is_utility_pole": false, "pole_type": "street_light", "model_flags": [], "model_watch": [], "lean": "none", "crossarm": "none_visible", "vegetation": "none", "transformer": false, "attachments_estimate": 1, "photos_assessed": 1, "capture_sequences": 1, "photo_shown_date": "2019-12", "latest_available_photo_date": "2019-12", "source_photo_url": "https://www.mapillary.com/app/?pKey=3281934985243512&focus=photo", "nearest_osm_pole_m": null}}, {"type": "Feature", "geometry": {"type": "Point", "coordinates": [-73.95203, 40.733467]}, "properties": {"id": "gree-00882", "is_utility_pole": true, "pole_type": "wood_utility", "model_flags": [], "model_watch": ["lean_slight"], "lean": "slight", "crossarm": "none_visible", "vegetation": "near", "transformer": false, "attachments_estimate": 1, "photos_assessed": 2, "capture_sequences": 1, "photo_shown_date": "2019-12", "latest_available_photo_date": "2019-12", "source_photo_url": "https://www.mapillary.com/app/?pKey=3281934985243512&focus=photo", "nearest_osm_pole_m": null}}, {"type": "Feature", "geometry": {"type": "Point", "coordinates": [-73.93913, 40.7236013]}, "properties": {"id": "gree-00883", "is_utility_pole": true, "pole_type": "wood_utility", "model_flags": [], "model_watch": ["lean_slight"], "lean": "slight", "crossarm": "none_visible", "vegetation": "none", "transformer": false, "attachments_estimate": 2, "photos_assessed": 4, "capture_sequences": 1, "photo_shown_date": "2023-10", "latest_available_photo_date": "2023-10", "source_photo_url": "https://www.mapillary.com/app/?pKey=1044701830019262&focus=photo", "nearest_osm_pole_m": null}}, {"type": "Feature", "geometry": {"type": "Point", "coordinates": [-73.93895, 40.7236715]}, "properties": {"id": "gree-00884", "is_utility_pole": true, "pole_type": "wood_utility", "model_flags": [], "model_watch": ["lean_slight"], "lean": "slight", "crossarm": "none_visible", "vegetation": "near", "transformer": false, "attachments_estimate": 1, "photos_assessed": 6, "capture_sequences": 1, "photo_shown_date": "2023-10", "latest_available_photo_date": "2023-10", "source_photo_url": "https://www.mapillary.com/app/?pKey=826995502489839&focus=photo", "nearest_osm_pole_m": null}}, {"type": "Feature", "geometry": {"type": "Point", "coordinates": [-73.946106, 40.729282]}, "properties": {"id": "gree-00885", "is_utility_pole": true, "pole_type": "wood_utility", "model_flags": ["vegetation"], "model_watch": ["lean_slight"], "lean": "slight", "crossarm": "none_visible", "vegetation": "touching", "transformer": false, "attachments_estimate": 1, "photos_assessed": 3, "capture_sequences": 1, "photo_shown_date": "2015-06", "latest_available_photo_date": "2015-06", "source_photo_url": "https://www.mapillary.com/app/?pKey=155730789731047&focus=photo", "nearest_osm_pole_m": null}}, {"type": "Feature", "geometry": {"type": "Point", "coordinates": [-73.94609, 40.729355]}, "properties": {"id": "gree-00886", "is_utility_pole": true, "pole_type": "wood_utility", "model_flags": [], "model_watch": ["lean_slight"], "lean": "slight", "crossarm": "unclear", "vegetation": "none", "transformer": false, "attachments_estimate": 1, "photos_assessed": 2, "capture_sequences": 1, "photo_shown_date": "2015-06", "latest_available_photo_date": "2015-06", "source_photo_url": "https://www.mapillary.com/app/?pKey=486082189259199&focus=photo", "nearest_osm_pole_m": null}}, {"type": "Feature", "geometry": {"type": "Point", "coordinates": [-73.93991, 40.73845]}, "properties": {"id": "gree-00887", "is_utility_pole": true, "pole_type": "wood_utility", "model_flags": [], "model_watch": ["lean_slight"], "lean": "slight", "crossarm": "none_visible", "vegetation": "none", "transformer": false, "attachments_estimate": 1, "photos_assessed": 3, "capture_sequences": 1, "photo_shown_date": "2020-03", "latest_available_photo_date": "2020-03", "source_photo_url": "https://www.mapillary.com/app/?pKey=2844860289099155&focus=photo", "nearest_osm_pole_m": null}}, {"type": "Feature", "geometry": {"type": "Point", "coordinates": [-73.9403, 40.73866]}, "properties": {"id": "gree-00888", "is_utility_pole": true, "pole_type": "wood_utility", "model_flags": [], "model_watch": [], "lean": "none", "crossarm": "none_visible", "vegetation": "near", "transformer": false, "attachments_estimate": 1, "photos_assessed": 2, "capture_sequences": 1, "photo_shown_date": "2020-03", "latest_available_photo_date": "2020-03", "source_photo_url": "https://www.mapillary.com/app/?pKey=913706369503204&focus=photo", "nearest_osm_pole_m": null}}, {"type": "Feature", "geometry": {"type": "Point", "coordinates": [-73.9348225, 40.73547]}, "properties": {"id": "gree-00889", "is_utility_pole": true, "pole_type": "wood_utility", "model_flags": [], "model_watch": [], "lean": "unclear", "crossarm": "unclear", "vegetation": "near", "transformer": false, "attachments_estimate": 1, "photos_assessed": 6, "capture_sequences": 1, "photo_shown_date": "2015-06", "latest_available_photo_date": "2015-06", "source_photo_url": "https://www.mapillary.com/app/?pKey=527072512003823&focus=photo", "nearest_osm_pole_m": null}}, {"type": "Feature", "geometry": {"type": "Point", "coordinates": [-73.93482, 40.735573]}, "properties": {"id": "gree-00890", "is_utility_pole": true, "pole_type": "wood_utility", "model_flags": [], "model_watch": ["lean_slight"], "lean": "slight", "crossarm": "unclear", "vegetation": "near", "transformer": false, "attachments_estimate": 2, "photos_assessed": 3, "capture_sequences": 1, "photo_shown_date": "2015-06", "latest_available_photo_date": "2015-06", "source_photo_url": "https://www.mapillary.com/app/?pKey=527072512003823&focus=photo", "nearest_osm_pole_m": null}}, {"type": "Feature", "geometry": {"type": "Point", "coordinates": [-73.95777, 40.71964]}, "properties": {"id": "gree-00891", "is_utility_pole": true, "pole_type": "wood_utility", "model_flags": [], "model_watch": ["lean_slight"], "lean": "slight", "crossarm": "none_visible", "vegetation": "near", "transformer": false, "attachments_estimate": 2, "photos_assessed": 3, "capture_sequences": 1, "photo_shown_date": "2016-06", "latest_available_photo_date": "2016-06", "source_photo_url": "https://www.mapillary.com/app/?pKey=2996953520568625&focus=photo", "nearest_osm_pole_m": null}}, {"type": "Feature", "geometry": {"type": "Point", "coordinates": [-73.95794, 40.71972]}, "properties": {"id": "gree-00892", "is_utility_pole": false, "pole_type": "street_light", "model_flags": [], "model_watch": [], "lean": "none", "crossarm": "none_visible", "vegetation": "near", "transformer": false, "attachments_estimate": 2, "photos_assessed": 3, "capture_sequences": 1, "photo_shown_date": "2016-06", "latest_available_photo_date": "2016-06", "source_photo_url": "https://www.mapillary.com/app/?pKey=2897495200499247&focus=photo", "nearest_osm_pole_m": null}}, {"type": "Feature", "geometry": {"type": "Point", "coordinates": [-73.93493, 40.735565]}, "properties": {"id": "gree-00893", "is_utility_pole": true, "pole_type": "wood_utility", "model_flags": [], "model_watch": ["lean_slight"], "lean": "slight", "crossarm": "none_visible", "vegetation": "none", "transformer": false, "attachments_estimate": 2, "photos_assessed": 3, "capture_sequences": 1, "photo_shown_date": "2018-05", "latest_available_photo_date": "2018-05", "source_photo_url": "https://www.mapillary.com/app/?pKey=522784199104773&focus=photo", "nearest_osm_pole_m": null}}, {"type": "Feature", "geometry": {"type": "Point", "coordinates": [-73.934135, 40.73587]}, "properties": {"id": "gree-00894", "is_utility_pole": true, "pole_type": "wood_utility", "model_flags": [], "model_watch": ["lean_slight"], "lean": "slight", "crossarm": "none_visible", "vegetation": "none", "transformer": false, "attachments_estimate": 0, "photos_assessed": 2, "capture_sequences": 1, "photo_shown_date": "2018-05", "latest_available_photo_date": "2018-05", "source_photo_url": "https://www.mapillary.com/app/?pKey=511755673182992&focus=photo", "nearest_osm_pole_m": null}}, {"type": "Feature", "geometry": {"type": "Point", "coordinates": [-73.9352675, 40.735435]}, "properties": {"id": "gree-00895", "is_utility_pole": true, "pole_type": "wood_utility", "model_flags": [], "model_watch": ["lean_slight"], "lean": "slight", "crossarm": "none_visible", "vegetation": "none", "transformer": false, "attachments_estimate": 2, "photos_assessed": 4, "capture_sequences": 1, "photo_shown_date": "2018-05", "latest_available_photo_date": "2018-05", "source_photo_url": "https://www.mapillary.com/app/?pKey=752827558724533&focus=photo", "nearest_osm_pole_m": null}}, {"type": "Feature", "geometry": {"type": "Point", "coordinates": [-73.93541, 40.7353]}, "properties": {"id": "gree-00896", "is_utility_pole": true, "pole_type": "wood_utility", "model_flags": [], "model_watch": ["lean_slight"], "lean": "slight", "crossarm": "none_visible", "vegetation": "none", "transformer": false, "attachments_estimate": 1, "photos_assessed": 1, "capture_sequences": 1, "photo_shown_date": "2018-05", "latest_available_photo_date": "2018-05", "source_photo_url": "https://www.mapillary.com/app/?pKey=752827558724533&focus=photo", "nearest_osm_pole_m": null}}, {"type": "Feature", "geometry": {"type": "Point", "coordinates": [-73.933945, 40.735943]}, "properties": {"id": "gree-00897", "is_utility_pole": true, "pole_type": "wood_utility", "model_flags": [], "model_watch": [], "lean": "unclear", "crossarm": "none_visible", "vegetation": "none", "transformer": false, "attachments_estimate": 0, "photos_assessed": 3, "capture_sequences": 1, "photo_shown_date": "2018-05", "latest_available_photo_date": "2018-05", "source_photo_url": "https://www.mapillary.com/app/?pKey=1667565350119709&focus=photo", "nearest_osm_pole_m": null}}, {"type": "Feature", "geometry": {"type": "Point", "coordinates": [-73.934458, 40.735721]}, "properties": {"id": "gree-00898", "is_utility_pole": true, "pole_type": "wood_utility", "model_flags": [], "model_watch": ["lean_slight"], "lean": "slight", "crossarm": "none_visible", "vegetation": "none", "transformer": false, "attachments_estimate": 0, "photos_assessed": 5, "capture_sequences": 1, "photo_shown_date": "2018-05", "latest_available_photo_date": "2018-05", "source_photo_url": "https://www.mapillary.com/app/?pKey=744549046235091&focus=photo", "nearest_osm_pole_m": null}}, {"type": "Feature", "geometry": {"type": "Point", "coordinates": [-73.934296, 40.73575]}, "properties": {"id": "gree-00899", "is_utility_pole": true, "pole_type": "wood_utility", "model_flags": [], "model_watch": ["lean_slight"], "lean": "slight", "crossarm": "none_visible", "vegetation": "near", "transformer": false, "attachments_estimate": 1, "photos_assessed": 2, "capture_sequences": 1, "photo_shown_date": "2018-05", "latest_available_photo_date": "2018-05", "source_photo_url": "https://www.mapillary.com/app/?pKey=744549046235091&focus=photo", "nearest_osm_pole_m": null}}, {"type": "Feature", "geometry": {"type": "Point", "coordinates": [-73.9357, 40.735264]}, "properties": {"id": "gree-00900", "is_utility_pole": true, "pole_type": "wood_utility", "model_flags": [], "model_watch": [], "lean": "none", "crossarm": "none_visible", "vegetation": "none", "transformer": false, "attachments_estimate": 2, "photos_assessed": 3, "capture_sequences": 1, "photo_shown_date": "2018-05", "latest_available_photo_date": "2018-05", "source_photo_url": "https://www.mapillary.com/app/?pKey=533445941018079&focus=photo", "nearest_osm_pole_m": null}}, {"type": "Feature", "geometry": {"type": "Point", "coordinates": [-73.95255, 40.734734]}, "properties": {"id": "gree-00901", "is_utility_pole": false, "pole_type": "traffic_signal", "model_flags": [], "model_watch": [], "lean": "none", "crossarm": "none_visible", "vegetation": "none", "transformer": false, "attachments_estimate": 0, "photos_assessed": 3, "capture_sequences": 1, "photo_shown_date": "2024-12", "latest_available_photo_date": "2024-12", "source_photo_url": "https://www.mapillary.com/app/?pKey=600230759327972&focus=photo", "nearest_osm_pole_m": null}}, {"type": "Feature", "geometry": {"type": "Point", "coordinates": [-73.9407, 40.725147]}, "properties": {"id": "gree-00902", "is_utility_pole": true, "pole_type": "wood_utility", "model_flags": [], "model_watch": ["lean_slight"], "lean": "slight", "crossarm": "none_visible", "vegetation": "near", "transformer": false, "attachments_estimate": 2, "photos_assessed": 3, "capture_sequences": 1, "photo_shown_date": "2024-03", "latest_available_photo_date": "2024-03", "source_photo_url": "https://www.mapillary.com/app/?pKey=728189196157901&focus=photo", "nearest_osm_pole_m": null}}, {"type": "Feature", "geometry": {"type": "Point", "coordinates": [-73.9409, 40.725853]}, "properties": {"id": "gree-00903", "is_utility_pole": true, "pole_type": "wood_utility", "model_flags": [], "model_watch": [], "lean": "unclear", "crossarm": "unclear", "vegetation": "none", "transformer": false, "attachments_estimate": 1, "photos_assessed": 2, "capture_sequences": 1, "photo_shown_date": "2024-03", "latest_available_photo_date": "2024-03", "source_photo_url": "https://www.mapillary.com/app/?pKey=759059612983810&focus=photo", "nearest_osm_pole_m": null}}, {"type": "Feature", "geometry": {"type": "Point", "coordinates": [-73.94787, 40.72725]}, "properties": {"id": "gree-00904", "is_utility_pole": true, "pole_type": "concrete_or_steel_utility", "model_flags": ["vegetation"], "model_watch": [], "lean": "none", "crossarm": "none_visible", "vegetation": "touching", "transformer": false, "attachments_estimate": 1, "photos_assessed": 2, "capture_sequences": 1, "photo_shown_date": "2023-10", "latest_available_photo_date": "2023-10", "source_photo_url": "https://www.mapillary.com/app/?pKey=935032304686953&focus=photo", "nearest_osm_pole_m": null}}, {"type": "Feature", "geometry": {"type": "Point", "coordinates": [-73.947945, 40.727375]}, "properties": {"id": "gree-00905", "is_utility_pole": true, "pole_type": "wood_utility", "model_flags": [], "model_watch": ["lean_slight"], "lean": "slight", "crossarm": "none_visible", "vegetation": "none", "transformer": false, "attachments_estimate": 0, "photos_assessed": 3, "capture_sequences": 1, "photo_shown_date": "2023-10", "latest_available_photo_date": "2023-10", "source_photo_url": "https://www.mapillary.com/app/?pKey=935032304686953&focus=photo", "nearest_osm_pole_m": null}}, {"type": "Feature", "geometry": {"type": "Point", "coordinates": [-73.94824, 40.72791]}, "properties": {"id": "gree-00906", "is_utility_pole": true, "pole_type": "wood_utility", "model_flags": [], "model_watch": ["lean_slight"], "lean": "slight", "crossarm": "none_visible", "vegetation": "near", "transformer": false, "attachments_estimate": 1, "photos_assessed": 3, "capture_sequences": 1, "photo_shown_date": "2023-10", "latest_available_photo_date": "2023-10", "source_photo_url": "https://www.mapillary.com/app/?pKey=1208627356784138&focus=photo", "nearest_osm_pole_m": null}}, {"type": "Feature", "geometry": {"type": "Point", "coordinates": [-73.94811, 40.727688]}, "properties": {"id": "gree-00907", "is_utility_pole": true, "pole_type": "wood_utility", "model_flags": [], "model_watch": ["lean_slight"], "lean": "slight", "crossarm": "none_visible", "vegetation": "none", "transformer": false, "attachments_estimate": 2, "photos_assessed": 3, "capture_sequences": 1, "photo_shown_date": "2023-10", "latest_available_photo_date": "2023-10", "source_photo_url": "https://www.mapillary.com/app/?pKey=819558483270239&focus=photo", "nearest_osm_pole_m": null}}, {"type": "Feature", "geometry": {"type": "Point", "coordinates": [-73.94862, 40.728775]}, "properties": {"id": "gree-00908", "is_utility_pole": false, "pole_type": "street_light", "model_flags": [], "model_watch": ["lean_slight"], "lean": "slight", "crossarm": "none_visible", "vegetation": "none", "transformer": false, "attachments_estimate": 0, "photos_assessed": 1, "capture_sequences": 1, "photo_shown_date": "2023-10", "latest_available_photo_date": "2023-10", "source_photo_url": "https://www.mapillary.com/app/?pKey=1454498238782689&focus=photo", "nearest_osm_pole_m": null}}, {"type": "Feature", "geometry": {"type": "Point", "coordinates": [-73.94837, 40.728153]}, "properties": {"id": "gree-00909", "is_utility_pole": false, "pole_type": "street_light", "model_flags": [], "model_watch": ["lean_slight"], "lean": "slight", "crossarm": "none_visible", "vegetation": "none", "transformer": false, "attachments_estimate": 2, "photos_assessed": 3, "capture_sequences": 1, "photo_shown_date": "2023-10", "latest_available_photo_date": "2023-10", "source_photo_url": "https://www.mapillary.com/app/?pKey=438166275220417&focus=photo", "nearest_osm_pole_m": null}}, {"type": "Feature", "geometry": {"type": "Point", "coordinates": [-73.9484075, 40.7284775]}, "properties": {"id": "gree-00910", "is_utility_pole": true, "pole_type": "wood_utility", "model_flags": [], "model_watch": ["lean_slight"], "lean": "slight", "crossarm": "none_visible", "vegetation": "near", "transformer": false, "attachments_estimate": 2, "photos_assessed": 4, "capture_sequences": 1, "photo_shown_date": "2023-10", "latest_available_photo_date": "2023-10", "source_photo_url": "https://www.mapillary.com/app/?pKey=396235446380863&focus=photo", "nearest_osm_pole_m": null}}, {"type": "Feature", "geometry": {"type": "Point", "coordinates": [-73.94862, 40.7286]}, "properties": {"id": "gree-00911", "is_utility_pole": true, "pole_type": "wood_utility", "model_flags": ["lean"], "model_watch": [], "lean": "moderate", "crossarm": "none_visible", "vegetation": "none", "transformer": false, "attachments_estimate": 2, "photos_assessed": 3, "capture_sequences": 1, "photo_shown_date": "2023-10", "latest_available_photo_date": "2023-10", "source_photo_url": "https://www.mapillary.com/app/?pKey=1102189384446954&focus=photo", "nearest_osm_pole_m": null}}, {"type": "Feature", "geometry": {"type": "Point", "coordinates": [-73.94849, 40.728344]}, "properties": {"id": "gree-00912", "is_utility_pole": true, "pole_type": "wood_utility", "model_flags": [], "model_watch": [], "lean": "unclear", "crossarm": "none_visible", "vegetation": "none", "transformer": false, "attachments_estimate": 2, "photos_assessed": 3, "capture_sequences": 1, "photo_shown_date": "2023-10", "latest_available_photo_date": "2023-10", "source_photo_url": "https://www.mapillary.com/app/?pKey=431829869202442&focus=photo", "nearest_osm_pole_m": null}}, {"type": "Feature", "geometry": {"type": "Point", "coordinates": [-73.952995, 40.724953]}, "properties": {"id": "gree-00913", "is_utility_pole": false, "pole_type": "street_light", "model_flags": [], "model_watch": [], "lean": "none", "crossarm": "none_visible", "vegetation": "near", "transformer": false, "attachments_estimate": 0, "photos_assessed": 3, "capture_sequences": 1, "photo_shown_date": "2022-01", "latest_available_photo_date": "2022-01", "source_photo_url": "https://www.mapillary.com/app/?pKey=634489727602360&focus=photo", "nearest_osm_pole_m": null}}, {"type": "Feature", "geometry": {"type": "Point", "coordinates": [-73.940735, 40.723404]}, "properties": {"id": "gree-00914", "is_utility_pole": false, "pole_type": "street_light", "model_flags": [], "model_watch": [], "lean": "none", "crossarm": "none_visible", "vegetation": "near", "transformer": false, "attachments_estimate": 0, "photos_assessed": 3, "capture_sequences": 1, "photo_shown_date": "2024-03", "latest_available_photo_date": "2024-03", "source_photo_url": "https://www.mapillary.com/app/?pKey=1986752041726637&focus=photo", "nearest_osm_pole_m": null}}, {"type": "Feature", "geometry": {"type": "Point", "coordinates": [-73.93868, 40.726209]}, "properties": {"id": "gree-00915", "is_utility_pole": true, "pole_type": "wood_utility", "model_flags": [], "model_watch": [], "lean": "none", "crossarm": "intact", "vegetation": "none", "transformer": false, "attachments_estimate": 2, "photos_assessed": 4, "capture_sequences": 1, "photo_shown_date": "2023-10", "latest_available_photo_date": "2023-10", "source_photo_url": "https://www.mapillary.com/app/?pKey=372609745120836&focus=photo", "nearest_osm_pole_m": null}}, {"type": "Feature", "geometry": {"type": "Point", "coordinates": [-73.9385533, 40.7262143]}, "properties": {"id": "gree-00916", "is_utility_pole": true, "pole_type": "wood_utility", "model_flags": [], "model_watch": ["lean_slight"], "lean": "slight", "crossarm": "intact", "vegetation": "none", "transformer": false, "attachments_estimate": 1, "photos_assessed": 3, "capture_sequences": 1, "photo_shown_date": "2023-10", "latest_available_photo_date": "2023-10", "source_photo_url": "https://www.mapillary.com/app/?pKey=1425401314689742&focus=photo", "nearest_osm_pole_m": null}}, {"type": "Feature", "geometry": {"type": "Point", "coordinates": [-73.93776, 40.724613]}, "properties": {"id": "gree-00917", "is_utility_pole": true, "pole_type": "wood_utility", "model_flags": ["vegetation"], "model_watch": ["lean_slight"], "lean": "slight", "crossarm": "none_visible", "vegetation": "touching", "transformer": false, "attachments_estimate": 2, "photos_assessed": 3, "capture_sequences": 1, "photo_shown_date": "2023-10", "latest_available_photo_date": "2023-10", "source_photo_url": "https://www.mapillary.com/app/?pKey=272410659129074&focus=photo", "nearest_osm_pole_m": null}}, {"type": "Feature", "geometry": {"type": "Point", "coordinates": [-73.9389, 40.726185]}, "properties": {"id": "gree-00918", "is_utility_pole": true, "pole_type": "wood_utility", "model_flags": [], "model_watch": [], "lean": "none", "crossarm": "intact", "vegetation": "none", "transformer": false, "attachments_estimate": 2, "photos_assessed": 2, "capture_sequences": 1, "photo_shown_date": "2023-10", "latest_available_photo_date": "2023-10", "source_photo_url": "https://www.mapillary.com/app/?pKey=1036578190989310&focus=photo", "nearest_osm_pole_m": null}}, {"type": "Feature", "geometry": {"type": "Point", "coordinates": [-73.93809, 40.726242]}, "properties": {"id": "gree-00919", "is_utility_pole": true, "pole_type": "wood_utility", "model_flags": [], "model_watch": ["lean_slight"], "lean": "slight", "crossarm": "intact", "vegetation": "none", "transformer": false, "attachments_estimate": 2, "photos_assessed": 3, "capture_sequences": 1, "photo_shown_date": "2023-10", "latest_available_photo_date": "2023-10", "source_photo_url": "https://www.mapillary.com/app/?pKey=675972110978522&focus=photo", "nearest_osm_pole_m": null}}, {"type": "Feature", "geometry": {"type": "Point", "coordinates": [-73.9379304, 40.7262564]}, "properties": {"id": "gree-00920", "is_utility_pole": true, "pole_type": "wood_utility", "model_flags": [], "model_watch": [], "lean": "none", "crossarm": "unclear", "vegetation": "none", "transformer": false, "attachments_estimate": 1, "photos_assessed": 5, "capture_sequences": 1, "photo_shown_date": "2023-10", "latest_available_photo_date": "2023-10", "source_photo_url": "https://www.mapillary.com/app/?pKey=717554017069099&focus=photo", "nearest_osm_pole_m": null}}, {"type": "Feature", "geometry": {"type": "Point", "coordinates": [-73.9379575, 40.726003]}, "properties": {"id": "gree-00921", "is_utility_pole": true, "pole_type": "wood_utility", "model_flags": [], "model_watch": [], "lean": "none", "crossarm": "intact", "vegetation": "near", "transformer": false, "attachments_estimate": 2, "photos_assessed": 6, "capture_sequences": 1, "photo_shown_date": "2023-10", "latest_available_photo_date": "2023-10", "source_photo_url": "https://www.mapillary.com/app/?pKey=1037297924249643&focus=photo", "nearest_osm_pole_m": null}}, {"type": "Feature", "geometry": {"type": "Point", "coordinates": [-73.937935, 40.72567]}, "properties": {"id": "gree-00922", "is_utility_pole": true, "pole_type": "wood_utility", "model_flags": [], "model_watch": ["lean_slight"], "lean": "slight", "crossarm": "none_visible", "vegetation": "near", "transformer": false, "attachments_estimate": 1, "photos_assessed": 3, "capture_sequences": 1, "photo_shown_date": "2023-10", "latest_available_photo_date": "2023-10", "source_photo_url": "https://www.mapillary.com/app/?pKey=264801332791620&focus=photo", "nearest_osm_pole_m": null}}, {"type": "Feature", "geometry": {"type": "Point", "coordinates": [-73.93797, 40.725895]}, "properties": {"id": "gree-00923", "is_utility_pole": true, "pole_type": "wood_utility", "model_flags": [], "model_watch": [], "lean": "unclear", "crossarm": "intact", "vegetation": "none", "transformer": true, "attachments_estimate": 1, "photos_assessed": 3, "capture_sequences": 1, "photo_shown_date": "2023-10", "latest_available_photo_date": "2023-10", "source_photo_url": "https://www.mapillary.com/app/?pKey=1614440532678079&focus=photo", "nearest_osm_pole_m": null}}, {"type": "Feature", "geometry": {"type": "Point", "coordinates": [-73.93781, 40.724888]}, "properties": {"id": "gree-00924", "is_utility_pole": true, "pole_type": "wood_utility", "model_flags": [], "model_watch": ["lean_slight"], "lean": "slight", "crossarm": "none_visible", "vegetation": "near", "transformer": false, "attachments_estimate": 2, "photos_assessed": 3, "capture_sequences": 1, "photo_shown_date": "2023-10", "latest_available_photo_date": "2023-10", "source_photo_url": "https://www.mapillary.com/app/?pKey=1012712869989039&focus=photo", "nearest_osm_pole_m": null}}, {"type": "Feature", "geometry": {"type": "Point", "coordinates": [-73.937845, 40.725148]}, "properties": {"id": "gree-00925", "is_utility_pole": true, "pole_type": "wood_utility", "model_flags": [], "model_watch": ["lean_slight"], "lean": "slight", "crossarm": "none_visible", "vegetation": "near", "transformer": false, "attachments_estimate": 2, "photos_assessed": 6, "capture_sequences": 1, "photo_shown_date": "2023-10", "latest_available_photo_date": "2023-10", "source_photo_url": "https://www.mapillary.com/app/?pKey=732487678763014&focus=photo", "nearest_osm_pole_m": null}}, {"type": "Feature", "geometry": {"type": "Point", "coordinates": [-73.93789, 40.725414]}, "properties": {"id": "gree-00926", "is_utility_pole": true, "pole_type": "wood_utility", "model_flags": [], "model_watch": ["lean_slight"], "lean": "slight", "crossarm": "none_visible", "vegetation": "none", "transformer": false, "attachments_estimate": 2, "photos_assessed": 3, "capture_sequences": 1, "photo_shown_date": "2023-10", "latest_available_photo_date": "2023-10", "source_photo_url": "https://www.mapillary.com/app/?pKey=360627859758973&focus=photo", "nearest_osm_pole_m": null}}, {"type": "Feature", "geometry": {"type": "Point", "coordinates": [-73.93419, 40.7248]}, "properties": {"id": "gree-00927", "is_utility_pole": true, "pole_type": "concrete_or_steel_utility", "model_flags": [], "model_watch": [], "lean": "none", "crossarm": "intact", "vegetation": "none", "transformer": false, "attachments_estimate": 0, "photos_assessed": 1, "capture_sequences": 1, "photo_shown_date": "2018-08", "latest_available_photo_date": "2018-08", "source_photo_url": "https://www.mapillary.com/app/?pKey=754715135088523&focus=photo", "nearest_osm_pole_m": null}}, {"type": "Feature", "geometry": {"type": "Point", "coordinates": [-73.94354, 40.722958]}, "properties": {"id": "gree-00928", "is_utility_pole": false, "pole_type": "street_light", "model_flags": [], "model_watch": [], "lean": "none", "crossarm": "none_visible", "vegetation": "near", "transformer": false, "attachments_estimate": 0, "photos_assessed": 3, "capture_sequences": 1, "photo_shown_date": "2024-03", "latest_available_photo_date": "2024-03", "source_photo_url": "https://www.mapillary.com/app/?pKey=2728083064035200&focus=photo", "nearest_osm_pole_m": null}}, {"type": "Feature", "geometry": {"type": "Point", "coordinates": [-73.942304, 40.7293412]}, "properties": {"id": "gree-00929", "is_utility_pole": true, "pole_type": "wood_utility", "model_flags": [], "model_watch": ["lean_slight"], "lean": "slight", "crossarm": "intact", "vegetation": "none", "transformer": false, "attachments_estimate": 2, "photos_assessed": 8, "capture_sequences": 1, "photo_shown_date": "2023-10", "latest_available_photo_date": "2023-10", "source_photo_url": "https://www.mapillary.com/app/?pKey=1056121042352843&focus=photo", "nearest_osm_pole_m": null}}, {"type": "Feature", "geometry": {"type": "Point", "coordinates": [-73.9422043, 40.728908]}, "properties": {"id": "gree-00930", "is_utility_pole": true, "pole_type": "wood_utility", "model_flags": [], "model_watch": ["lean_slight"], "lean": "slight", "crossarm": "intact", "vegetation": "none", "transformer": false, "attachments_estimate": 2, "photos_assessed": 7, "capture_sequences": 1, "photo_shown_date": "2023-10", "latest_available_photo_date": "2023-10", "source_photo_url": "https://www.mapillary.com/app/?pKey=738704384698695&focus=photo", "nearest_osm_pole_m": null}}, {"type": "Feature", "geometry": {"type": "Point", "coordinates": [-73.942073, 40.7292342]}, "properties": {"id": "gree-00931", "is_utility_pole": false, "pole_type": "street_light", "model_flags": [], "model_watch": ["lean_slight"], "lean": "slight", "crossarm": "none_visible", "vegetation": "none", "transformer": false, "attachments_estimate": 0, "photos_assessed": 5, "capture_sequences": 1, "photo_shown_date": "2023-10", "latest_available_photo_date": "2023-10", "source_photo_url": "https://www.mapillary.com/app/?pKey=783079636553392&focus=photo", "nearest_osm_pole_m": null}}, {"type": "Feature", "geometry": {"type": "Point", "coordinates": [-73.9422035, 40.7287816]}, "properties": {"id": "gree-00932", "is_utility_pole": true, "pole_type": "wood_utility", "model_flags": [], "model_watch": ["lean_slight"], "lean": "slight", "crossarm": "intact", "vegetation": "none", "transformer": false, "attachments_estimate": 2, "photos_assessed": 8, "capture_sequences": 1, "photo_shown_date": "2023-10", "latest_available_photo_date": "2023-10", "source_photo_url": "https://www.mapillary.com/app/?pKey=1441517773138188&focus=photo", "nearest_osm_pole_m": null}}, {"type": "Feature", "geometry": {"type": "Point", "coordinates": [-73.942155, 40.7296315]}, "properties": {"id": "gree-00933", "is_utility_pole": true, "pole_type": "wood_utility", "model_flags": [], "model_watch": ["lean_slight"], "lean": "slight", "crossarm": "none_visible", "vegetation": "none", "transformer": false, "attachments_estimate": 1, "photos_assessed": 6, "capture_sequences": 1, "photo_shown_date": "2023-10", "latest_available_photo_date": "2023-10", "source_photo_url": "https://www.mapillary.com/app/?pKey=782623047093340&focus=photo", "nearest_osm_pole_m": null}}, {"type": "Feature", "geometry": {"type": "Point", "coordinates": [-73.94229, 40.729557]}, "properties": {"id": "gree-00934", "is_utility_pole": true, "pole_type": "wood_utility", "model_flags": [], "model_watch": ["lean_slight"], "lean": "slight", "crossarm": "unclear", "vegetation": "none", "transformer": false, "attachments_estimate": 2, "photos_assessed": 3, "capture_sequences": 1, "photo_shown_date": "2023-10", "latest_available_photo_date": "2023-10", "source_photo_url": "https://www.mapillary.com/app/?pKey=430143496068895&focus=photo", "nearest_osm_pole_m": null}}, {"type": "Feature", "geometry": {"type": "Point", "coordinates": [-73.9422525, 40.729141]}, "properties": {"id": "gree-00935", "is_utility_pole": true, "pole_type": "wood_utility", "model_flags": [], "model_watch": ["lean_slight"], "lean": "slight", "crossarm": "intact", "vegetation": "none", "transformer": false, "attachments_estimate": 2, "photos_assessed": 6, "capture_sequences": 1, "photo_shown_date": "2023-10", "latest_available_photo_date": "2023-10", "source_photo_url": "https://www.mapillary.com/app/?pKey=2231478393900541&focus=photo", "nearest_osm_pole_m": null}}, {"type": "Feature", "geometry": {"type": "Point", "coordinates": [-73.9423, 40.72922]}, "properties": {"id": "gree-00936", "is_utility_pole": true, "pole_type": "wood_utility", "model_flags": [], "model_watch": ["lean_slight"], "lean": "slight", "crossarm": "none_visible", "vegetation": "none", "transformer": false, "attachments_estimate": 1, "photos_assessed": 3, "capture_sequences": 1, "photo_shown_date": "2023-10", "latest_available_photo_date": "2023-10", "source_photo_url": "https://www.mapillary.com/app/?pKey=774886504520905&focus=photo", "nearest_osm_pole_m": null}}, {"type": "Feature", "geometry": {"type": "Point", "coordinates": [-73.94213, 40.72944]}, "properties": {"id": "gree-00937", "is_utility_pole": true, "pole_type": "wood_utility", "model_flags": ["lean"], "model_watch": [], "lean": "severe", "crossarm": "none_visible", "vegetation": "none", "transformer": false, "attachments_estimate": 0, "photos_assessed": 3, "capture_sequences": 1, "photo_shown_date": "2023-10", "latest_available_photo_date": "2023-10", "source_photo_url": "https://www.mapillary.com/app/?pKey=1124869048545315&focus=photo", "nearest_osm_pole_m": null}}, {"type": "Feature", "geometry": {"type": "Point", "coordinates": [-73.942438, 40.7299298]}, "properties": {"id": "gree-00938", "is_utility_pole": true, "pole_type": "wood_utility", "model_flags": [], "model_watch": [], "lean": "none", "crossarm": "none_visible", "vegetation": "none", "transformer": false, "attachments_estimate": 1, "photos_assessed": 5, "capture_sequences": 1, "photo_shown_date": "2023-10", "latest_available_photo_date": "2023-10", "source_photo_url": "https://www.mapillary.com/app/?pKey=1640171420057717&focus=photo", "nearest_osm_pole_m": null}}, {"type": "Feature", "geometry": {"type": "Point", "coordinates": [-73.942314, 40.729443]}, "properties": {"id": "gree-00939", "is_utility_pole": true, "pole_type": "wood_utility", "model_flags": [], "model_watch": ["lean_slight"], "lean": "slight", "crossarm": "intact", "vegetation": "none", "transformer": false, "attachments_estimate": 2, "photos_assessed": 3, "capture_sequences": 1, "photo_shown_date": "2023-10", "latest_available_photo_date": "2023-10", "source_photo_url": "https://www.mapillary.com/app/?pKey=775764867404207&focus=photo", "nearest_osm_pole_m": null}}, {"type": "Feature", "geometry": {"type": "Point", "coordinates": [-73.9425038, 40.730456]}, "properties": {"id": "gree-00940", "is_utility_pole": true, "pole_type": "wood_utility", "model_flags": [], "model_watch": [], "lean": "none", "crossarm": "intact", "vegetation": "none", "transformer": false, "attachments_estimate": 0, "photos_assessed": 4, "capture_sequences": 1, "photo_shown_date": "2023-10", "latest_available_photo_date": "2023-10", "source_photo_url": "https://www.mapillary.com/app/?pKey=1403859193668701&focus=photo", "nearest_osm_pole_m": null}}, {"type": "Feature", "geometry": {"type": "Point", "coordinates": [-73.942535, 40.730663]}, "properties": {"id": "gree-00941", "is_utility_pole": true, "pole_type": "wood_utility", "model_flags": [], "model_watch": [], "lean": "none", "crossarm": "intact", "vegetation": "none", "transformer": false, "attachments_estimate": 3, "photos_assessed": 3, "capture_sequences": 1, "photo_shown_date": "2023-10", "latest_available_photo_date": "2023-10", "source_photo_url": "https://www.mapillary.com/app/?pKey=845222347412559&focus=photo", "nearest_osm_pole_m": null}}, {"type": "Feature", "geometry": {"type": "Point", "coordinates": [-73.94219, 40.72885]}, "properties": {"id": "gree-00942", "is_utility_pole": true, "pole_type": "wood_utility", "model_flags": [], "model_watch": ["lean_slight"], "lean": "slight", "crossarm": "intact", "vegetation": "none", "transformer": false, "attachments_estimate": 2, "photos_assessed": 1, "capture_sequences": 1, "photo_shown_date": "2023-10", "latest_available_photo_date": "2023-10", "source_photo_url": "https://www.mapillary.com/app/?pKey=1441517773138188&focus=photo", "nearest_osm_pole_m": null}}, {"type": "Feature", "geometry": {"type": "Point", "coordinates": [-73.9422225, 40.7290075]}, "properties": {"id": "gree-00943", "is_utility_pole": true, "pole_type": "wood_utility", "model_flags": [], "model_watch": ["lean_slight"], "lean": "slight", "crossarm": "intact", "vegetation": "none", "transformer": false, "attachments_estimate": 2, "photos_assessed": 6, "capture_sequences": 1, "photo_shown_date": "2023-10", "latest_available_photo_date": "2023-10", "source_photo_url": "https://www.mapillary.com/app/?pKey=1091985052523101&focus=photo", "nearest_osm_pole_m": null}}, {"type": "Feature", "geometry": {"type": "Point", "coordinates": [-73.9423625, 40.7296892]}, "properties": {"id": "gree-00944", "is_utility_pole": true, "pole_type": "wood_utility", "model_flags": [], "model_watch": ["lean_slight"], "lean": "slight", "crossarm": "none_visible", "vegetation": "none", "transformer": false, "attachments_estimate": 2, "photos_assessed": 4, "capture_sequences": 1, "photo_shown_date": "2023-10", "latest_available_photo_date": "2023-10", "source_photo_url": "https://www.mapillary.com/app/?pKey=1457907678435912&focus=photo", "nearest_osm_pole_m": null}}, {"type": "Feature", "geometry": {"type": "Point", "coordinates": [-73.94245, 40.7302055]}, "properties": {"id": "gree-00945", "is_utility_pole": true, "pole_type": "wood_utility", "model_flags": [], "model_watch": ["lean_slight"], "lean": "slight", "crossarm": "none_visible", "vegetation": "none", "transformer": false, "attachments_estimate": 2, "photos_assessed": 4, "capture_sequences": 1, "photo_shown_date": "2023-10", "latest_available_photo_date": "2023-10", "source_photo_url": "https://www.mapillary.com/app/?pKey=383776614406547&focus=photo", "nearest_osm_pole_m": null}}, {"type": "Feature", "geometry": {"type": "Point", "coordinates": [-73.9426, 40.730915]}, "properties": {"id": "gree-00946", "is_utility_pole": true, "pole_type": "wood_utility", "model_flags": [], "model_watch": [], "lean": "none", "crossarm": "intact", "vegetation": "none", "transformer": false, "attachments_estimate": 1, "photos_assessed": 3, "capture_sequences": 1, "photo_shown_date": "2023-10", "latest_available_photo_date": "2023-10", "source_photo_url": "https://www.mapillary.com/app/?pKey=1578652396041097&focus=photo", "nearest_osm_pole_m": null}}, {"type": "Feature", "geometry": {"type": "Point", "coordinates": [-73.940636, 40.725048]}, "properties": {"id": "gree-00947", "is_utility_pole": true, "pole_type": "wood_utility", "model_flags": [], "model_watch": ["lean_slight"], "lean": "slight", "crossarm": "none_visible", "vegetation": "none", "transformer": false, "attachments_estimate": 2, "photos_assessed": 3, "capture_sequences": 1, "photo_shown_date": "2024-03", "latest_available_photo_date": "2024-03", "source_photo_url": "https://www.mapillary.com/app/?pKey=785292350136529&focus=photo", "nearest_osm_pole_m": null}}, {"type": "Feature", "geometry": {"type": "Point", "coordinates": [-73.94047, 40.725025]}, "properties": {"id": "gree-00948", "is_utility_pole": true, "pole_type": "wood_utility", "model_flags": [], "model_watch": [], "lean": "none", "crossarm": "none_visible", "vegetation": "none", "transformer": false, "attachments_estimate": 1, "photos_assessed": 3, "capture_sequences": 1, "photo_shown_date": "2024-03", "latest_available_photo_date": "2024-03", "source_photo_url": "https://www.mapillary.com/app/?pKey=935927351358117&focus=photo", "nearest_osm_pole_m": null}}, {"type": "Feature", "geometry": {"type": "Point", "coordinates": [-73.94958, 40.726074]}, "properties": {"id": "gree-00949", "is_utility_pole": false, "pole_type": "street_light", "model_flags": [], "model_watch": [], "lean": "none", "crossarm": "none_visible", "vegetation": "none", "transformer": false, "attachments_estimate": 0, "photos_assessed": 3, "capture_sequences": 1, "photo_shown_date": "2022-01", "latest_available_photo_date": "2022-01", "source_photo_url": "https://www.mapillary.com/app/?pKey=275970747934445&focus=photo", "nearest_osm_pole_m": null}}, {"type": "Feature", "geometry": {"type": "Point", "coordinates": [-73.9424, 40.732662]}, "properties": {"id": "gree-00950", "is_utility_pole": true, "pole_type": "wood_utility", "model_flags": [], "model_watch": ["lean_slight"], "lean": "slight", "crossarm": "intact", "vegetation": "none", "transformer": false, "attachments_estimate": 1, "photos_assessed": 3, "capture_sequences": 1, "photo_shown_date": "2018-05", "latest_available_photo_date": "2018-05", "source_photo_url": "https://www.mapillary.com/app/?pKey=1736126763215682&focus=photo", "nearest_osm_pole_m": null}}, {"type": "Feature", "geometry": {"type": "Point", "coordinates": [-73.94244, 40.73259]}, "properties": {"id": "gree-00951", "is_utility_pole": true, "pole_type": "wood_utility", "model_flags": [], "model_watch": [], "lean": "none", "crossarm": "none_visible", "vegetation": "none", "transformer": false, "attachments_estimate": 1, "photos_assessed": 2, "capture_sequences": 1, "photo_shown_date": "2018-05", "latest_available_photo_date": "2018-05", "source_photo_url": "https://www.mapillary.com/app/?pKey=1736126763215682&focus=photo", "nearest_osm_pole_m": null}}, {"type": "Feature", "geometry": {"type": "Point", "coordinates": [-73.95298, 40.72163]}, "properties": {"id": "gree-00952", "is_utility_pole": false, "pole_type": "street_light", "model_flags": [], "model_watch": [], "lean": "none", "crossarm": "none_visible", "vegetation": "near", "transformer": false, "attachments_estimate": 0, "photos_assessed": 3, "capture_sequences": 1, "photo_shown_date": "2023-09", "latest_available_photo_date": "2023-09", "source_photo_url": "https://www.mapillary.com/app/?pKey=6800335856700637&focus=photo", "nearest_osm_pole_m": null}}, {"type": "Feature", "geometry": {"type": "Point", "coordinates": [-73.94286, 40.7337]}, "properties": {"id": "gree-00953", "is_utility_pole": true, "pole_type": "wood_utility", "model_flags": ["lean"], "model_watch": [], "lean": "moderate", "crossarm": "none_visible", "vegetation": "none", "transformer": false, "attachments_estimate": 0, "photos_assessed": 1, "capture_sequences": 1, "photo_shown_date": "2023-10", "latest_available_photo_date": "2023-10", "source_photo_url": "https://www.mapillary.com/app/?pKey=1808534039568913&focus=photo", "nearest_osm_pole_m": null}}, {"type": "Feature", "geometry": {"type": "Point", "coordinates": [-73.943235, 40.7336975]}, "properties": {"id": "gree-00954", "is_utility_pole": true, "pole_type": "wood_utility", "model_flags": [], "model_watch": [], "lean": "none", "crossarm": "none_visible", "vegetation": "none", "transformer": false, "attachments_estimate": 2, "photos_assessed": 2, "capture_sequences": 1, "photo_shown_date": "2023-10", "latest_available_photo_date": "2023-10", "source_photo_url": "https://www.mapillary.com/app/?pKey=3840122599584951&focus=photo", "nearest_osm_pole_m": null}}, {"type": "Feature", "geometry": {"type": "Point", "coordinates": [-73.943146, 40.733532]}, "properties": {"id": "gree-00955", "is_utility_pole": true, "pole_type": "wood_utility", "model_flags": [], "model_watch": ["lean_slight"], "lean": "slight", "crossarm": "none_visible", "vegetation": "none", "transformer": false, "attachments_estimate": 0, "photos_assessed": 3, "capture_sequences": 1, "photo_shown_date": "2023-10", "latest_available_photo_date": "2023-10", "source_photo_url": "https://www.mapillary.com/app/?pKey=1808534039568913&focus=photo", "nearest_osm_pole_m": null}}, {"type": "Feature", "geometry": {"type": "Point", "coordinates": [-73.94311, 40.733692]}, "properties": {"id": "gree-00956", "is_utility_pole": true, "pole_type": "wood_utility", "model_flags": [], "model_watch": ["lean_slight"], "lean": "slight", "crossarm": "none_visible", "vegetation": "none", "transformer": false, "attachments_estimate": 1, "photos_assessed": 2, "capture_sequences": 1, "photo_shown_date": "2023-10", "latest_available_photo_date": "2023-10", "source_photo_url": "https://www.mapillary.com/app/?pKey=1808534039568913&focus=photo", "nearest_osm_pole_m": null}}, {"type": "Feature", "geometry": {"type": "Point", "coordinates": [-73.95609, 40.72033]}, "properties": {"id": "gree-00957", "is_utility_pole": true, "pole_type": "wood_utility", "model_flags": [], "model_watch": ["lean_slight"], "lean": "slight", "crossarm": "unclear", "vegetation": "none", "transformer": false, "attachments_estimate": 2, "photos_assessed": 2, "capture_sequences": 1, "photo_shown_date": "2015-03", "latest_available_photo_date": "2015-03", "source_photo_url": "https://www.mapillary.com/app/?pKey=295290425396935&focus=photo", "nearest_osm_pole_m": null}}, {"type": "Feature", "geometry": {"type": "Point", "coordinates": [-73.95203, 40.731834]}, "properties": {"id": "gree-00958", "is_utility_pole": false, "pole_type": "traffic_signal", "model_flags": [], "model_watch": [], "lean": "none", "crossarm": "none_visible", "vegetation": "none", "transformer": false, "attachments_estimate": 0, "photos_assessed": 3, "capture_sequences": 1, "photo_shown_date": "2018-08", "latest_available_photo_date": "2018-08", "source_photo_url": "https://www.mapillary.com/app/?pKey=319791129558902&focus=photo", "nearest_osm_pole_m": null}}, {"type": "Feature", "geometry": {"type": "Point", "coordinates": [-73.959076, 40.72072]}, "properties": {"id": "gree-00959", "is_utility_pole": false, "pole_type": "street_light", "model_flags": [], "model_watch": [], "lean": "none", "crossarm": "none_visible", "vegetation": "none", "transformer": false, "attachments_estimate": 0, "photos_assessed": 2, "capture_sequences": 1, "photo_shown_date": "2019-12", "latest_available_photo_date": "2019-12", "source_photo_url": "https://www.mapillary.com/app/?pKey=802080100718620&focus=photo", "nearest_osm_pole_m": null}}, {"type": "Feature", "geometry": {"type": "Point", "coordinates": [-73.94454, 40.719772]}, "properties": {"id": "gree-00960", "is_utility_pole": true, "pole_type": "wood_utility", "model_flags": ["vegetation"], "model_watch": [], "lean": "unclear", "crossarm": "none_visible", "vegetation": "touching", "transformer": false, "attachments_estimate": 0, "photos_assessed": 3, "capture_sequences": 1, "photo_shown_date": "2018-08", "latest_available_photo_date": "2018-08", "source_photo_url": "https://www.mapillary.com/app/?pKey=909352726585192&focus=photo", "nearest_osm_pole_m": null}}, {"type": "Feature", "geometry": {"type": "Point", "coordinates": [-73.9427, 40.732536]}, "properties": {"id": "gree-00961", "is_utility_pole": true, "pole_type": "wood_utility", "model_flags": [], "model_watch": ["lean_slight"], "lean": "slight", "crossarm": "unclear", "vegetation": "near", "transformer": false, "attachments_estimate": 0, "photos_assessed": 3, "capture_sequences": 1, "photo_shown_date": "2018-05", "latest_available_photo_date": "2018-05", "source_photo_url": "https://www.mapillary.com/app/?pKey=1025610074921598&focus=photo", "nearest_osm_pole_m": null}}]}