{"type": "FeatureCollection", "license": "ODbL 1.0", "attribution": "Imagery and detections \u00a9 Mapillary contributors, CC BY-SA 4.0. Derived data ODbL. Basemap \u00a9 OpenStreetMap contributors. OSM pole comparison \u00a9 OpenStreetMap contributors, ODbL.", "features": [{"type": "Feature", "geometry": {"type": "Point", "coordinates": [-71.24787, 42.3307977]}, "properties": {"id": "newt-00000", "is_utility_pole": true, "pole_type": "wood_utility", "model_flags": [], "model_watch": [], "lean": "none", "crossarm": "intact", "vegetation": "none", "transformer": false, "attachments_estimate": 1, "photos_assessed": 6, "capture_sequences": 3, "photo_shown_date": "2025-04", "latest_available_photo_date": "2025-04", "source_photo_url": "https://www.mapillary.com/app/?pKey=1319438735793447&focus=photo", "nearest_osm_pole_m": null}}, {"type": "Feature", "geometry": {"type": "Point", "coordinates": [-71.2479425, 42.330698]}, "properties": {"id": "newt-00001", "is_utility_pole": true, "pole_type": "wood_utility", "model_flags": [], "model_watch": [], "lean": "none", "crossarm": "intact", "vegetation": "near", "transformer": false, "attachments_estimate": 2, "photos_assessed": 4, "capture_sequences": 2, "photo_shown_date": "2025-04", "latest_available_photo_date": "2025-04", "source_photo_url": "https://www.mapillary.com/app/?pKey=978624137785475&focus=photo", "nearest_osm_pole_m": null}}, {"type": "Feature", "geometry": {"type": "Point", "coordinates": [-71.2476233, 42.331176]}, "properties": {"id": "newt-00002", "is_utility_pole": true, "pole_type": "wood_utility", "model_flags": [], "model_watch": [], "lean": "none", "crossarm": "intact", "vegetation": "near", "transformer": false, "attachments_estimate": 2, "photos_assessed": 6, "capture_sequences": 3, "photo_shown_date": "2025-04", "latest_available_photo_date": "2025-04", "source_photo_url": "https://www.mapillary.com/app/?pKey=1183697996270432&focus=photo", "nearest_osm_pole_m": null}}, {"type": "Feature", "geometry": {"type": "Point", "coordinates": [-71.248918, 42.3299615]}, "properties": {"id": "newt-00003", "is_utility_pole": true, "pole_type": "wood_utility", "model_flags": [], "model_watch": [], "lean": "none", "crossarm": "none_visible", "vegetation": "none", "transformer": false, "attachments_estimate": 0, "photos_assessed": 4, "capture_sequences": 2, "photo_shown_date": "2025-04", "latest_available_photo_date": "2025-04", "source_photo_url": "https://www.mapillary.com/app/?pKey=674788888359372&focus=photo", "nearest_osm_pole_m": null}}, {"type": "Feature", "geometry": {"type": "Point", "coordinates": [-71.24814, 42.330364]}, "properties": {"id": "newt-00004", "is_utility_pole": true, "pole_type": "concrete_or_steel_utility", "model_flags": [], "model_watch": [], "lean": "none", "crossarm": "intact", "vegetation": "near", "transformer": false, "attachments_estimate": 0, "photos_assessed": 2, "capture_sequences": 1, "photo_shown_date": "2025-04", "latest_available_photo_date": "2025-04", "source_photo_url": "https://www.mapillary.com/app/?pKey=685417497233084&focus=photo", "nearest_osm_pole_m": null}}, {"type": "Feature", "geometry": {"type": "Point", "coordinates": [-71.248095, 42.3304415]}, "properties": {"id": "newt-00005", "is_utility_pole": true, "pole_type": "wood_utility", "model_flags": [], "model_watch": [], "lean": "none", "crossarm": "intact", "vegetation": "none", "transformer": false, "attachments_estimate": 2, "photos_assessed": 4, "capture_sequences": 2, "photo_shown_date": "2025-04", "latest_available_photo_date": "2025-04", "source_photo_url": "https://www.mapillary.com/app/?pKey=1374366040563882&focus=photo", "nearest_osm_pole_m": null}}, {"type": "Feature", "geometry": {"type": "Point", "coordinates": [-71.2577167, 42.3253913]}, "properties": {"id": "newt-00006", "is_utility_pole": true, "pole_type": "wood_utility", "model_flags": [], "model_watch": [], "lean": "none", "crossarm": "none_visible", "vegetation": "none", "transformer": false, "attachments_estimate": 2, "photos_assessed": 3, "capture_sequences": 2, "photo_shown_date": "2025-03", "latest_available_photo_date": "2025-04", "source_photo_url": "https://www.mapillary.com/app/?pKey=575587862309800&focus=photo", "nearest_osm_pole_m": null}}, {"type": "Feature", "geometry": {"type": "Point", "coordinates": [-71.250145, 42.326687]}, "properties": {"id": "newt-00007", "is_utility_pole": false, "pole_type": "other", "model_flags": ["vegetation"], "model_watch": [], "lean": "unclear", "crossarm": "none_visible", "vegetation": "touching", "transformer": false, "attachments_estimate": 0, "photos_assessed": 2, "capture_sequences": 1, "photo_shown_date": "2026-07", "latest_available_photo_date": "2026-07", "source_photo_url": "https://www.mapillary.com/app/?pKey=885528224639073&focus=photo", "nearest_osm_pole_m": null}}, {"type": "Feature", "geometry": {"type": "Point", "coordinates": [-71.247165, 42.328028]}, "properties": {"id": "newt-00008", "is_utility_pole": true, "pole_type": "wood_utility", "model_flags": ["vegetation"], "model_watch": ["lean_slight"], "lean": "slight", "crossarm": "none_visible", "vegetation": "touching", "transformer": false, "attachments_estimate": 1, "photos_assessed": 4, "capture_sequences": 1, "photo_shown_date": "2025-08", "latest_available_photo_date": "2025-08", "source_photo_url": "https://www.mapillary.com/app/?pKey=779321211283004&focus=photo", "nearest_osm_pole_m": null}}, {"type": "Feature", "geometry": {"type": "Point", "coordinates": [-71.257576, 42.331173]}, "properties": {"id": "newt-00009", "is_utility_pole": true, "pole_type": "wood_utility", "model_flags": [], "model_watch": [], "lean": "none", "crossarm": "none_visible", "vegetation": "near", "transformer": false, "attachments_estimate": 2, "photos_assessed": 2, "capture_sequences": 1, "photo_shown_date": "2025-04", "latest_available_photo_date": "2025-04", "source_photo_url": "https://www.mapillary.com/app/?pKey=669438889106294&focus=photo", "nearest_osm_pole_m": null}}, {"type": "Feature", "geometry": {"type": "Point", "coordinates": [-71.256955, 42.3318365]}, "properties": {"id": "newt-00010", "is_utility_pole": true, "pole_type": "wood_utility", "model_flags": ["vegetation"], "model_watch": ["lean_slight"], "lean": "slight", "crossarm": "none_visible", "vegetation": "touching", "transformer": false, "attachments_estimate": 1, "photos_assessed": 4, "capture_sequences": 1, "photo_shown_date": "2025-04", "latest_available_photo_date": "2025-04", "source_photo_url": "https://www.mapillary.com/app/?pKey=1056716136298650&focus=photo", "nearest_osm_pole_m": null}}, {"type": "Feature", "geometry": {"type": "Point", "coordinates": [-71.2570775, 42.331745]}, "properties": {"id": "newt-00011", "is_utility_pole": true, "pole_type": "wood_utility", "model_flags": [], "model_watch": [], "lean": "none", "crossarm": "none_visible", "vegetation": "near", "transformer": false, "attachments_estimate": 2, "photos_assessed": 4, "capture_sequences": 1, "photo_shown_date": "2025-04", "latest_available_photo_date": "2025-04", "source_photo_url": "https://www.mapillary.com/app/?pKey=1381078326414967&focus=photo", "nearest_osm_pole_m": null}}, {"type": "Feature", "geometry": {"type": "Point", "coordinates": [-71.25724, 42.33168]}, "properties": {"id": "newt-00012", "is_utility_pole": true, "pole_type": "wood_utility", "model_flags": [], "model_watch": ["lean_slight"], "lean": "slight", "crossarm": "none_visible", "vegetation": "near", "transformer": false, "attachments_estimate": 1, "photos_assessed": 2, "capture_sequences": 1, "photo_shown_date": "2025-04", "latest_available_photo_date": "2025-04", "source_photo_url": "https://www.mapillary.com/app/?pKey=9454938984559641&focus=photo", "nearest_osm_pole_m": null}}, {"type": "Feature", "geometry": {"type": "Point", "coordinates": [-71.25672, 42.33201]}, "properties": {"id": "newt-00013", "is_utility_pole": true, "pole_type": "wood_utility", "model_flags": ["vegetation"], "model_watch": [], "lean": "none", "crossarm": "none_visible", "vegetation": "touching", "transformer": false, "attachments_estimate": 2, "photos_assessed": 2, "capture_sequences": 1, "photo_shown_date": "2025-04", "latest_available_photo_date": "2025-04", "source_photo_url": "https://www.mapillary.com/app/?pKey=9443423219060184&focus=photo", "nearest_osm_pole_m": null}}, {"type": "Feature", "geometry": {"type": "Point", "coordinates": [-71.2566, 42.332054]}, "properties": {"id": "newt-00014", "is_utility_pole": true, "pole_type": "wood_utility", "model_flags": [], "model_watch": [], "lean": "none", "crossarm": "none_visible", "vegetation": "near", "transformer": false, "attachments_estimate": 2, "photos_assessed": 2, "capture_sequences": 1, "photo_shown_date": "2025-04", "latest_available_photo_date": "2025-04", "source_photo_url": "https://www.mapillary.com/app/?pKey=1040311527945053&focus=photo", "nearest_osm_pole_m": null}}, {"type": "Feature", "geometry": {"type": "Point", "coordinates": [-71.25734, 42.33147]}, "properties": {"id": "newt-00015", "is_utility_pole": true, "pole_type": "wood_utility", "model_flags": [], "model_watch": ["lean_slight"], "lean": "slight", "crossarm": "none_visible", "vegetation": "near", "transformer": false, "attachments_estimate": 1, "photos_assessed": 2, "capture_sequences": 1, "photo_shown_date": "2025-04", "latest_available_photo_date": "2025-04", "source_photo_url": "https://www.mapillary.com/app/?pKey=591888540569207&focus=photo", "nearest_osm_pole_m": null}}, {"type": "Feature", "geometry": {"type": "Point", "coordinates": [-71.25649, 42.33211]}, "properties": {"id": "newt-00016", "is_utility_pole": true, "pole_type": "concrete_or_steel_utility", "model_flags": [], "model_watch": [], "lean": "none", "crossarm": "none_visible", "vegetation": "near", "transformer": false, "attachments_estimate": 1, "photos_assessed": 1, "capture_sequences": 1, "photo_shown_date": "2025-04", "latest_available_photo_date": "2025-04", "source_photo_url": "https://www.mapillary.com/app/?pKey=1603264607001650&focus=photo", "nearest_osm_pole_m": null}}, {"type": "Feature", "geometry": {"type": "Point", "coordinates": [-71.25653, 42.3322]}, "properties": {"id": "newt-00017", "is_utility_pole": true, "pole_type": "wood_utility", "model_flags": ["vegetation"], "model_watch": [], "lean": "none", "crossarm": "none_visible", "vegetation": "touching", "transformer": false, "attachments_estimate": 0, "photos_assessed": 2, "capture_sequences": 1, "photo_shown_date": "2025-04", "latest_available_photo_date": "2025-04", "source_photo_url": "https://www.mapillary.com/app/?pKey=1822873908565332&focus=photo", "nearest_osm_pole_m": null}}, {"type": "Feature", "geometry": {"type": "Point", "coordinates": [-71.25689, 42.331924]}, "properties": {"id": "newt-00018", "is_utility_pole": true, "pole_type": "wood_utility", "model_flags": [], "model_watch": ["lean_slight"], "lean": "slight", "crossarm": "none_visible", "vegetation": "near", "transformer": false, "attachments_estimate": 1, "photos_assessed": 2, "capture_sequences": 1, "photo_shown_date": "2025-04", "latest_available_photo_date": "2025-04", "source_photo_url": "https://www.mapillary.com/app/?pKey=680293151215986&focus=photo", "nearest_osm_pole_m": null}}, {"type": "Feature", "geometry": {"type": "Point", "coordinates": [-71.25764, 42.331028]}, "properties": {"id": "newt-00019", "is_utility_pole": true, "pole_type": "wood_utility", "model_flags": [], "model_watch": [], "lean": "unclear", "crossarm": "unclear", "vegetation": "near", "transformer": false, "attachments_estimate": 0, "photos_assessed": 2, "capture_sequences": 1, "photo_shown_date": "2025-04", "latest_available_photo_date": "2025-04", "source_photo_url": "https://www.mapillary.com/app/?pKey=532001676365651&focus=photo", "nearest_osm_pole_m": null}}, {"type": "Feature", "geometry": {"type": "Point", "coordinates": [-71.2564, 42.33213]}, "properties": {"id": "newt-00020", "is_utility_pole": true, "pole_type": "wood_utility", "model_flags": [], "model_watch": [], "lean": "none", "crossarm": "none_visible", "vegetation": "near", "transformer": false, "attachments_estimate": 1, "photos_assessed": 2, "capture_sequences": 1, "photo_shown_date": "2025-04", "latest_available_photo_date": "2025-04", "source_photo_url": "https://www.mapillary.com/app/?pKey=2149177482183418&focus=photo", "nearest_osm_pole_m": null}}, {"type": "Feature", "geometry": {"type": "Point", "coordinates": [-71.25733, 42.33075]}, "properties": {"id": "newt-00021", "is_utility_pole": true, "pole_type": "wood_utility", "model_flags": [], "model_watch": [], "lean": "unclear", "crossarm": "unclear", "vegetation": "near", "transformer": false, "attachments_estimate": 0, "photos_assessed": 2, "capture_sequences": 1, "photo_shown_date": "2025-04", "latest_available_photo_date": "2025-04", "source_photo_url": "https://www.mapillary.com/app/?pKey=554018897321822&focus=photo", "nearest_osm_pole_m": null}}, {"type": "Feature", "geometry": {"type": "Point", "coordinates": [-71.2579383, 42.3302407]}, "properties": {"id": "newt-00022", "is_utility_pole": true, "pole_type": "wood_utility", "model_flags": [], "model_watch": [], "lean": "none", "crossarm": "intact", "vegetation": "near", "transformer": false, "attachments_estimate": 2, "photos_assessed": 3, "capture_sequences": 1, "photo_shown_date": "2025-04", "latest_available_photo_date": "2025-04", "source_photo_url": "https://www.mapillary.com/app/?pKey=3879585205597669&focus=photo", "nearest_osm_pole_m": null}}, {"type": "Feature", "geometry": {"type": "Point", "coordinates": [-71.2578175, 42.330553]}, "properties": {"id": "newt-00023", "is_utility_pole": true, "pole_type": "wood_utility", "model_flags": [], "model_watch": ["lean_slight"], "lean": "slight", "crossarm": "none_visible", "vegetation": "near", "transformer": true, "attachments_estimate": 2, "photos_assessed": 4, "capture_sequences": 1, "photo_shown_date": "2025-04", "latest_available_photo_date": "2025-04", "source_photo_url": "https://www.mapillary.com/app/?pKey=555279164256627&focus=photo", "nearest_osm_pole_m": null}}, {"type": "Feature", "geometry": {"type": "Point", "coordinates": [-71.257685, 42.330855]}, "properties": {"id": "newt-00024", "is_utility_pole": true, "pole_type": "wood_utility", "model_flags": [], "model_watch": ["lean_slight"], "lean": "slight", "crossarm": "none_visible", "vegetation": "near", "transformer": false, "attachments_estimate": 2, "photos_assessed": 4, "capture_sequences": 2, "photo_shown_date": "2025-10", "latest_available_photo_date": "2025-10", "source_photo_url": "https://www.mapillary.com/app/?pKey=1489186335666258&focus=photo", "nearest_osm_pole_m": null}}, {"type": "Feature", "geometry": {"type": "Point", "coordinates": [-71.25773, 42.330772]}, "properties": {"id": "newt-00025", "is_utility_pole": true, "pole_type": "wood_utility", "model_flags": [], "model_watch": [], "lean": "none", "crossarm": "none_visible", "vegetation": "near", "transformer": false, "attachments_estimate": 1, "photos_assessed": 2, "capture_sequences": 1, "photo_shown_date": "2025-04", "latest_available_photo_date": "2025-04", "source_photo_url": "https://www.mapillary.com/app/?pKey=1383502116410202&focus=photo", "nearest_osm_pole_m": null}}, {"type": "Feature", "geometry": {"type": "Point", "coordinates": [-71.257774, 42.330673]}, "properties": {"id": "newt-00026", "is_utility_pole": true, "pole_type": "wood_utility", "model_flags": [], "model_watch": [], "lean": "none", "crossarm": "none_visible", "vegetation": "near", "transformer": false, "attachments_estimate": 2, "photos_assessed": 2, "capture_sequences": 1, "photo_shown_date": "2025-04", "latest_available_photo_date": "2025-04", "source_photo_url": "https://www.mapillary.com/app/?pKey=2448650992157345&focus=photo", "nearest_osm_pole_m": null}}, {"type": "Feature", "geometry": {"type": "Point", "coordinates": [-71.257744, 42.331047]}, "properties": {"id": "newt-00027", "is_utility_pole": true, "pole_type": "wood_utility", "model_flags": [], "model_watch": [], "lean": "none", "crossarm": "none_visible", "vegetation": "near", "transformer": false, "attachments_estimate": 1, "photos_assessed": 2, "capture_sequences": 1, "photo_shown_date": "2025-04", "latest_available_photo_date": "2025-04", "source_photo_url": "https://www.mapillary.com/app/?pKey=554018897321822&focus=photo", "nearest_osm_pole_m": null}}, {"type": "Feature", "geometry": {"type": "Point", "coordinates": [-71.2475233, 42.323124]}, "properties": {"id": "newt-00028", "is_utility_pole": true, "pole_type": "wood_utility", "model_flags": ["double", "vegetation"], "model_watch": [], "lean": "none", "crossarm": "none_visible", "vegetation": "touching", "transformer": false, "attachments_estimate": 1, "photos_assessed": 3, "capture_sequences": 1, "photo_shown_date": "2025-04", "latest_available_photo_date": "2025-04", "source_photo_url": "https://www.mapillary.com/app/?pKey=648266791318076&focus=photo", "nearest_osm_pole_m": null}}, {"type": "Feature", "geometry": {"type": "Point", "coordinates": [-71.24606, 42.323559]}, "properties": {"id": "newt-00029", "is_utility_pole": true, "pole_type": "wood_utility", "model_flags": [], "model_watch": ["lean_slight"], "lean": "slight", "crossarm": "none_visible", "vegetation": "near", "transformer": false, "attachments_estimate": 0, "photos_assessed": 2, "capture_sequences": 1, "photo_shown_date": "2025-04", "latest_available_photo_date": "2025-04", "source_photo_url": "https://www.mapillary.com/app/?pKey=1363300541663192&focus=photo", "nearest_osm_pole_m": null}}, {"type": "Feature", "geometry": {"type": "Point", "coordinates": [-71.2459775, 42.3236655]}, "properties": {"id": "newt-00030", "is_utility_pole": true, "pole_type": "wood_utility", "model_flags": [], "model_watch": ["lean_slight"], "lean": "slight", "crossarm": "none_visible", "vegetation": "near", "transformer": false, "attachments_estimate": 1, "photos_assessed": 2, "capture_sequences": 1, "photo_shown_date": "2025-04", "latest_available_photo_date": "2025-04", "source_photo_url": "https://www.mapillary.com/app/?pKey=1187264986264772&focus=photo", "nearest_osm_pole_m": null}}, {"type": "Feature", "geometry": {"type": "Point", "coordinates": [-71.24657, 42.323338]}, "properties": {"id": "newt-00031", "is_utility_pole": false, "pole_type": "street_light", "model_flags": [], "model_watch": [], "lean": "none", "crossarm": "none_visible", "vegetation": "near", "transformer": false, "attachments_estimate": 0, "photos_assessed": 2, "capture_sequences": 1, "photo_shown_date": "2025-04", "latest_available_photo_date": "2025-04", "source_photo_url": "https://www.mapillary.com/app/?pKey=1841906606605112&focus=photo", "nearest_osm_pole_m": null}}, {"type": "Feature", "geometry": {"type": "Point", "coordinates": [-71.24657, 42.323463]}, "properties": {"id": "newt-00032", "is_utility_pole": true, "pole_type": "wood_utility", "model_flags": [], "model_watch": [], "lean": "none", "crossarm": "none_visible", "vegetation": "near", "transformer": false, "attachments_estimate": 1, "photos_assessed": 2, "capture_sequences": 1, "photo_shown_date": "2025-04", "latest_available_photo_date": "2025-04", "source_photo_url": "https://www.mapillary.com/app/?pKey=1907147360114119&focus=photo", "nearest_osm_pole_m": null}}, {"type": "Feature", "geometry": {"type": "Point", "coordinates": [-71.245766, 42.32374]}, "properties": {"id": "newt-00033", "is_utility_pole": true, "pole_type": "wood_utility", "model_flags": [], "model_watch": ["lean_slight"], "lean": "slight", "crossarm": "none_visible", "vegetation": "near", "transformer": true, "attachments_estimate": 0, "photos_assessed": 2, "capture_sequences": 1, "photo_shown_date": "2025-04", "latest_available_photo_date": "2025-04", "source_photo_url": "https://www.mapillary.com/app/?pKey=1243968303815023&focus=photo", "nearest_osm_pole_m": null}}, {"type": "Feature", "geometry": {"type": "Point", "coordinates": [-71.245674, 42.32377]}, "properties": {"id": "newt-00034", "is_utility_pole": true, "pole_type": "wood_utility", "model_flags": [], "model_watch": [], "lean": "none", "crossarm": "none_visible", "vegetation": "near", "transformer": false, "attachments_estimate": 2, "photos_assessed": 2, "capture_sequences": 1, "photo_shown_date": "2025-04", "latest_available_photo_date": "2025-04", "source_photo_url": "https://www.mapillary.com/app/?pKey=3992031854346268&focus=photo", "nearest_osm_pole_m": null}}, {"type": "Feature", "geometry": {"type": "Point", "coordinates": [-71.24625, 42.323565]}, "properties": {"id": "newt-00035", "is_utility_pole": true, "pole_type": "wood_utility", "model_flags": [], "model_watch": [], "lean": "none", "crossarm": "none_visible", "vegetation": "near", "transformer": false, "attachments_estimate": 0, "photos_assessed": 3, "capture_sequences": 1, "photo_shown_date": "2025-04", "latest_available_photo_date": "2025-04", "source_photo_url": "https://www.mapillary.com/app/?pKey=560794733718525&focus=photo", "nearest_osm_pole_m": null}}, {"type": "Feature", "geometry": {"type": "Point", "coordinates": [-71.245223, 42.323923]}, "properties": {"id": "newt-00036", "is_utility_pole": true, "pole_type": "wood_utility", "model_flags": [], "model_watch": ["lean_slight"], "lean": "slight", "crossarm": "none_visible", "vegetation": "near", "transformer": false, "attachments_estimate": 0, "photos_assessed": 2, "capture_sequences": 1, "photo_shown_date": "2025-04", "latest_available_photo_date": "2025-04", "source_photo_url": "https://www.mapillary.com/app/?pKey=996301325601625&focus=photo", "nearest_osm_pole_m": null}}, {"type": "Feature", "geometry": {"type": "Point", "coordinates": [-71.24539, 42.323922]}, "properties": {"id": "newt-00037", "is_utility_pole": true, "pole_type": "wood_utility", "model_flags": [], "model_watch": [], "lean": "none", "crossarm": "none_visible", "vegetation": "none", "transformer": false, "attachments_estimate": 2, "photos_assessed": 4, "capture_sequences": 1, "photo_shown_date": "2025-04", "latest_available_photo_date": "2025-04", "source_photo_url": "https://www.mapillary.com/app/?pKey=1186380599606656&focus=photo", "nearest_osm_pole_m": null}}, {"type": "Feature", "geometry": {"type": "Point", "coordinates": [-71.246056, 42.323647]}, "properties": {"id": "newt-00038", "is_utility_pole": true, "pole_type": "wood_utility", "model_flags": ["vegetation"], "model_watch": ["lean_slight"], "lean": "slight", "crossarm": "none_visible", "vegetation": "touching", "transformer": false, "attachments_estimate": 2, "photos_assessed": 2, "capture_sequences": 1, "photo_shown_date": "2025-04", "latest_available_photo_date": "2025-04", "source_photo_url": "https://www.mapillary.com/app/?pKey=1363300541663192&focus=photo", "nearest_osm_pole_m": null}}, {"type": "Feature", "geometry": {"type": "Point", "coordinates": [-71.24497, 42.3240145]}, "properties": {"id": "newt-00039", "is_utility_pole": true, "pole_type": "wood_utility", "model_flags": [], "model_watch": [], "lean": "none", "crossarm": "none_visible", "vegetation": "near", "transformer": false, "attachments_estimate": 1, "photos_assessed": 2, "capture_sequences": 1, "photo_shown_date": "2025-04", "latest_available_photo_date": "2025-04", "source_photo_url": "https://www.mapillary.com/app/?pKey=1068431861763145&focus=photo", "nearest_osm_pole_m": null}}, {"type": "Feature", "geometry": {"type": "Point", "coordinates": [-71.24644, 42.323406]}, "properties": {"id": "newt-00040", "is_utility_pole": true, "pole_type": "wood_utility", "model_flags": [], "model_watch": [], "lean": "none", "crossarm": "none_visible", "vegetation": "near", "transformer": false, "attachments_estimate": 0, "photos_assessed": 2, "capture_sequences": 1, "photo_shown_date": "2025-04", "latest_available_photo_date": "2025-04", "source_photo_url": "https://www.mapillary.com/app/?pKey=1220080686182150&focus=photo", "nearest_osm_pole_m": null}}, {"type": "Feature", "geometry": {"type": "Point", "coordinates": [-71.246692, 42.3234316]}, "properties": {"id": "newt-00041", "is_utility_pole": true, "pole_type": "wood_utility", "model_flags": ["vegetation"], "model_watch": ["lean_slight"], "lean": "slight", "crossarm": "none_visible", "vegetation": "touching", "transformer": false, "attachments_estimate": 1, "photos_assessed": 5, "capture_sequences": 1, "photo_shown_date": "2025-04", "latest_available_photo_date": "2025-04", "source_photo_url": "https://www.mapillary.com/app/?pKey=1486538872323545&focus=photo", "nearest_osm_pole_m": null}}, {"type": "Feature", "geometry": {"type": "Point", "coordinates": [-71.24591, 42.323696]}, "properties": {"id": "newt-00042", "is_utility_pole": true, "pole_type": "wood_utility", "model_flags": [], "model_watch": [], "lean": "none", "crossarm": "none_visible", "vegetation": "near", "transformer": false, "attachments_estimate": 1, "photos_assessed": 2, "capture_sequences": 1, "photo_shown_date": "2025-04", "latest_available_photo_date": "2025-04", "source_photo_url": "https://www.mapillary.com/app/?pKey=677989324728811&focus=photo", "nearest_osm_pole_m": null}}, {"type": "Feature", "geometry": {"type": "Point", "coordinates": [-71.2471633, 42.3232497]}, "properties": {"id": "newt-00043", "is_utility_pole": true, "pole_type": "wood_utility", "model_flags": ["vegetation"], "model_watch": [], "lean": "none", "crossarm": "none_visible", "vegetation": "touching", "transformer": false, "attachments_estimate": 1, "photos_assessed": 3, "capture_sequences": 1, "photo_shown_date": "2025-04", "latest_available_photo_date": "2025-04", "source_photo_url": "https://www.mapillary.com/app/?pKey=698923139144168&focus=photo", "nearest_osm_pole_m": null}}, {"type": "Feature", "geometry": {"type": "Point", "coordinates": [-71.2450883, 42.3239757]}, "properties": {"id": "newt-00044", "is_utility_pole": true, "pole_type": "wood_utility", "model_flags": ["vegetation"], "model_watch": [], "lean": "none", "crossarm": "none_visible", "vegetation": "touching", "transformer": false, "attachments_estimate": 1, "photos_assessed": 3, "capture_sequences": 1, "photo_shown_date": "2025-04", "latest_available_photo_date": "2025-04", "source_photo_url": "https://www.mapillary.com/app/?pKey=1010356991196921&focus=photo", "nearest_osm_pole_m": null}}, {"type": "Feature", "geometry": {"type": "Point", "coordinates": [-71.24781, 42.3229865]}, "properties": {"id": "newt-00045", "is_utility_pole": true, "pole_type": "wood_utility", "model_flags": ["vegetation"], "model_watch": [], "lean": "none", "crossarm": "none_visible", "vegetation": "touching", "transformer": false, "attachments_estimate": 0, "photos_assessed": 2, "capture_sequences": 1, "photo_shown_date": "2025-04", "latest_available_photo_date": "2025-04", "source_photo_url": "https://www.mapillary.com/app/?pKey=1374860787112041&focus=photo", "nearest_osm_pole_m": null}}, {"type": "Feature", "geometry": {"type": "Point", "coordinates": [-71.24756, 42.32292]}, "properties": {"id": "newt-00046", "is_utility_pole": true, "pole_type": "wood_utility", "model_flags": [], "model_watch": [], "lean": "none", "crossarm": "none_visible", "vegetation": "near", "transformer": false, "attachments_estimate": 0, "photos_assessed": 2, "capture_sequences": 1, "photo_shown_date": "2025-04", "latest_available_photo_date": "2025-04", "source_photo_url": "https://www.mapillary.com/app/?pKey=1193765618861344&focus=photo", "nearest_osm_pole_m": null}}, {"type": "Feature", "geometry": {"type": "Point", "coordinates": [-71.24772, 42.323105]}, "properties": {"id": "newt-00047", "is_utility_pole": true, "pole_type": "wood_utility", "model_flags": [], "model_watch": [], "lean": "none", "crossarm": "none_visible", "vegetation": "near", "transformer": false, "attachments_estimate": 0, "photos_assessed": 2, "capture_sequences": 1, "photo_shown_date": "2025-04", "latest_available_photo_date": "2025-04", "source_photo_url": "https://www.mapillary.com/app/?pKey=1402080824551508&focus=photo", "nearest_osm_pole_m": null}}, {"type": "Feature", "geometry": {"type": "Point", "coordinates": [-71.24684, 42.32323]}, "properties": {"id": "newt-00048", "is_utility_pole": false, "pole_type": "street_light", "model_flags": [], "model_watch": [], "lean": "none", "crossarm": "none_visible", "vegetation": "near", "transformer": false, "attachments_estimate": 0, "photos_assessed": 2, "capture_sequences": 1, "photo_shown_date": "2025-04", "latest_available_photo_date": "2025-04", "source_photo_url": "https://www.mapillary.com/app/?pKey=1196720082005148&focus=photo", "nearest_osm_pole_m": null}}, {"type": "Feature", "geometry": {"type": "Point", "coordinates": [-71.2469283, 42.32333]}, "properties": {"id": "newt-00049", "is_utility_pole": true, "pole_type": "wood_utility", "model_flags": [], "model_watch": [], "lean": "none", "crossarm": "none_visible", "vegetation": "near", "transformer": false, "attachments_estimate": 1, "photos_assessed": 6, "capture_sequences": 1, "photo_shown_date": "2025-04", "latest_available_photo_date": "2025-04", "source_photo_url": "https://www.mapillary.com/app/?pKey=1012648457539226&focus=photo", "nearest_osm_pole_m": null}}, {"type": "Feature", "geometry": {"type": "Point", "coordinates": [-71.24704, 42.323295]}, "properties": {"id": "newt-00050", "is_utility_pole": true, "pole_type": "wood_utility", "model_flags": [], "model_watch": [], "lean": "none", "crossarm": "none_visible", "vegetation": "near", "transformer": false, "attachments_estimate": 1, "photos_assessed": 4, "capture_sequences": 1, "photo_shown_date": "2025-04", "latest_available_photo_date": "2025-04", "source_photo_url": "https://www.mapillary.com/app/?pKey=1063343355721283&focus=photo", "nearest_osm_pole_m": null}}, {"type": "Feature", "geometry": {"type": "Point", "coordinates": [-71.2473113, 42.3231943]}, "properties": {"id": "newt-00051", "is_utility_pole": true, "pole_type": "wood_utility", "model_flags": ["vegetation"], "model_watch": ["lean_slight"], "lean": "slight", "crossarm": "none_visible", "vegetation": "touching", "transformer": false, "attachments_estimate": 1, "photos_assessed": 6, "capture_sequences": 1, "photo_shown_date": "2025-04", "latest_available_photo_date": "2025-04", "source_photo_url": "https://www.mapillary.com/app/?pKey=674392995237884&focus=photo", "nearest_osm_pole_m": null}}, {"type": "Feature", "geometry": {"type": "Point", "coordinates": [-71.246415, 42.323517]}, "properties": {"id": "newt-00052", "is_utility_pole": true, "pole_type": "wood_utility", "model_flags": [], "model_watch": [], "lean": "none", "crossarm": "none_visible", "vegetation": "near", "transformer": false, "attachments_estimate": 1, "photos_assessed": 4, "capture_sequences": 2, "photo_shown_date": "2025-04", "latest_available_photo_date": "2025-04", "source_photo_url": "https://www.mapillary.com/app/?pKey=24337075735894604&focus=photo", "nearest_osm_pole_m": null}}, {"type": "Feature", "geometry": {"type": "Point", "coordinates": [-71.24555, 42.32383]}, "properties": {"id": "newt-00053", "is_utility_pole": true, "pole_type": "wood_utility", "model_flags": [], "model_watch": [], "lean": "none", "crossarm": "none_visible", "vegetation": "near", "transformer": false, "attachments_estimate": 1, "photos_assessed": 2, "capture_sequences": 1, "photo_shown_date": "2025-04", "latest_available_photo_date": "2025-04", "source_photo_url": "https://www.mapillary.com/app/?pKey=1582986935744742&focus=photo", "nearest_osm_pole_m": null}}, {"type": "Feature", "geometry": {"type": "Point", "coordinates": [-71.24537, 42.32385]}, "properties": {"id": "newt-00054", "is_utility_pole": true, "pole_type": "wood_utility", "model_flags": [], "model_watch": [], "lean": "unclear", "crossarm": "unclear", "vegetation": "near", "transformer": false, "attachments_estimate": 0, "photos_assessed": 2, "capture_sequences": 1, "photo_shown_date": "2025-04", "latest_available_photo_date": "2025-04", "source_photo_url": "https://www.mapillary.com/app/?pKey=1670681486880810&focus=photo", "nearest_osm_pole_m": null}}, {"type": "Feature", "geometry": {"type": "Point", "coordinates": [-71.24667, 42.32332]}, "properties": {"id": "newt-00055", "is_utility_pole": true, "pole_type": "wood_utility", "model_flags": ["vegetation"], "model_watch": [], "lean": "none", "crossarm": "none_visible", "vegetation": "touching", "transformer": false, "attachments_estimate": 0, "photos_assessed": 1, "capture_sequences": 1, "photo_shown_date": "2025-04", "latest_available_photo_date": "2025-04", "source_photo_url": "https://www.mapillary.com/app/?pKey=1486538872323545&focus=photo", "nearest_osm_pole_m": null}}, {"type": "Feature", "geometry": {"type": "Point", "coordinates": [-71.247246, 42.323147]}, "properties": {"id": "newt-00056", "is_utility_pole": false, "pole_type": "street_light", "model_flags": ["vegetation"], "model_watch": [], "lean": "none", "crossarm": "none_visible", "vegetation": "touching", "transformer": false, "attachments_estimate": 0, "photos_assessed": 1, "capture_sequences": 1, "photo_shown_date": "2025-04", "latest_available_photo_date": "2025-04", "source_photo_url": "https://www.mapillary.com/app/?pKey=454842821013725&focus=photo", "nearest_osm_pole_m": null}}, {"type": "Feature", "geometry": {"type": "Point", "coordinates": [-71.24615, 42.327506]}, "properties": {"id": "newt-00057", "is_utility_pole": true, "pole_type": "wood_utility", "model_flags": ["double", "vegetation"], "model_watch": [], "lean": "none", "crossarm": "intact", "vegetation": "touching", "transformer": false, "attachments_estimate": 1, "photos_assessed": 5, "capture_sequences": 1, "photo_shown_date": "2025-08", "latest_available_photo_date": "2025-08", "source_photo_url": "https://www.mapillary.com/app/?pKey=755430400442825&focus=photo", "nearest_osm_pole_m": null}}, {"type": "Feature", "geometry": {"type": "Point", "coordinates": [-71.24664, 42.32781]}, "properties": {"id": "newt-00058", "is_utility_pole": true, "pole_type": "wood_utility", "model_flags": [], "model_watch": ["lean_slight"], "lean": "slight", "crossarm": "none_visible", "vegetation": "near", "transformer": false, "attachments_estimate": 1, "photos_assessed": 2, "capture_sequences": 1, "photo_shown_date": "2025-08", "latest_available_photo_date": "2025-08", "source_photo_url": "https://www.mapillary.com/app/?pKey=782317297625873&focus=photo", "nearest_osm_pole_m": null}}, {"type": "Feature", "geometry": {"type": "Point", "coordinates": [-71.24603, 42.327286]}, "properties": {"id": "newt-00059", "is_utility_pole": true, "pole_type": "wood_utility", "model_flags": ["vegetation"], "model_watch": ["lean_slight"], "lean": "slight", "crossarm": "none_visible", "vegetation": "touching", "transformer": false, "attachments_estimate": 1, "photos_assessed": 2, "capture_sequences": 1, "photo_shown_date": "2025-08", "latest_available_photo_date": "2025-08", "source_photo_url": "https://www.mapillary.com/app/?pKey=1668921390448530&focus=photo", "nearest_osm_pole_m": null}}, {"type": "Feature", "geometry": {"type": "Point", "coordinates": [-71.24685, 42.327904]}, "properties": {"id": "newt-00060", "is_utility_pole": true, "pole_type": "wood_utility", "model_flags": ["lean", "vegetation"], "model_watch": [], "lean": "moderate", "crossarm": "none_visible", "vegetation": "touching", "transformer": false, "attachments_estimate": 1, "photos_assessed": 2, "capture_sequences": 1, "photo_shown_date": "2025-08", "latest_available_photo_date": "2025-08", "source_photo_url": "https://www.mapillary.com/app/?pKey=4136358416643429&focus=photo", "nearest_osm_pole_m": null}}, {"type": "Feature", "geometry": {"type": "Point", "coordinates": [-71.24779, 42.328205]}, "properties": {"id": "newt-00061", "is_utility_pole": true, "pole_type": "wood_utility", "model_flags": ["vegetation"], "model_watch": ["lean_slight"], "lean": "slight", "crossarm": "none_visible", "vegetation": "touching", "transformer": false, "attachments_estimate": 1, "photos_assessed": 2, "capture_sequences": 1, "photo_shown_date": "2025-08", "latest_available_photo_date": "2025-08", "source_photo_url": "https://www.mapillary.com/app/?pKey=2265377987233537&focus=photo", "nearest_osm_pole_m": null}}, {"type": "Feature", "geometry": {"type": "Point", "coordinates": [-71.24747, 42.328117]}, "properties": {"id": "newt-00062", "is_utility_pole": true, "pole_type": "wood_utility", "model_flags": ["vegetation"], "model_watch": [], "lean": "none", "crossarm": "none_visible", "vegetation": "touching", "transformer": false, "attachments_estimate": 1, "photos_assessed": 2, "capture_sequences": 1, "photo_shown_date": "2025-08", "latest_available_photo_date": "2025-08", "source_photo_url": "https://www.mapillary.com/app/?pKey=3590326704436797&focus=photo", "nearest_osm_pole_m": null}}, {"type": "Feature", "geometry": {"type": "Point", "coordinates": [-71.24603, 42.32708]}, "properties": {"id": "newt-00063", "is_utility_pole": true, "pole_type": "wood_utility", "model_flags": ["vegetation"], "model_watch": ["lean_slight"], "lean": "slight", "crossarm": "none_visible", "vegetation": "touching", "transformer": false, "attachments_estimate": 1, "photos_assessed": 2, "capture_sequences": 1, "photo_shown_date": "2025-08", "latest_available_photo_date": "2025-08", "source_photo_url": "https://www.mapillary.com/app/?pKey=1912270329340453&focus=photo", "nearest_osm_pole_m": null}}, {"type": "Feature", "geometry": {"type": "Point", "coordinates": [-71.250995, 42.328953]}, "properties": {"id": "newt-00064", "is_utility_pole": true, "pole_type": "wood_utility", "model_flags": [], "model_watch": [], "lean": "none", "crossarm": "none_visible", "vegetation": "near", "transformer": false, "attachments_estimate": 1, "photos_assessed": 3, "capture_sequences": 2, "photo_shown_date": "2025-10", "latest_available_photo_date": "2025-10", "source_photo_url": "https://www.mapillary.com/app/?pKey=1425938951830047&focus=photo", "nearest_osm_pole_m": null}}, {"type": "Feature", "geometry": {"type": "Point", "coordinates": [-71.25088, 42.32904]}, "properties": {"id": "newt-00065", "is_utility_pole": true, "pole_type": "wood_utility", "model_flags": [], "model_watch": ["lean_slight"], "lean": "slight", "crossarm": "none_visible", "vegetation": "none", "transformer": false, "attachments_estimate": 0, "photos_assessed": 5, "capture_sequences": 2, "photo_shown_date": "2025-04", "latest_available_photo_date": "2025-07", "source_photo_url": "https://www.mapillary.com/app/?pKey=1204793247842583&focus=photo", "nearest_osm_pole_m": null}}, {"type": "Feature", "geometry": {"type": "Point", "coordinates": [-71.252045, 42.328225]}, "properties": {"id": "newt-00066", "is_utility_pole": true, "pole_type": "wood_utility", "model_flags": [], "model_watch": ["lean_slight"], "lean": "slight", "crossarm": "intact", "vegetation": "near", "transformer": false, "attachments_estimate": 1, "photos_assessed": 4, "capture_sequences": 2, "photo_shown_date": "2025-04", "latest_available_photo_date": "2025-07", "source_photo_url": "https://www.mapillary.com/app/?pKey=1584409158941780&focus=photo", "nearest_osm_pole_m": null}}, {"type": "Feature", "geometry": {"type": "Point", "coordinates": [-71.252684, 42.327791]}, "properties": {"id": "newt-00067", "is_utility_pole": true, "pole_type": "wood_utility", "model_flags": [], "model_watch": ["lean_slight"], "lean": "slight", "crossarm": "intact", "vegetation": "near", "transformer": false, "attachments_estimate": 2, "photos_assessed": 3, "capture_sequences": 2, "photo_shown_date": "2025-07", "latest_available_photo_date": "2025-07", "source_photo_url": "https://www.mapillary.com/app/?pKey=1121651543352720&focus=photo", "nearest_osm_pole_m": null}}, {"type": "Feature", "geometry": {"type": "Point", "coordinates": [-71.2522795, 42.3280823]}, "properties": {"id": "newt-00068", "is_utility_pole": true, "pole_type": "wood_utility", "model_flags": [], "model_watch": [], "lean": "none", "crossarm": "intact", "vegetation": "near", "transformer": false, "attachments_estimate": 1, "photos_assessed": 4, "capture_sequences": 2, "photo_shown_date": "2025-07", "latest_available_photo_date": "2025-07", "source_photo_url": "https://www.mapillary.com/app/?pKey=1309039934255069&focus=photo", "nearest_osm_pole_m": null}}, {"type": "Feature", "geometry": {"type": "Point", "coordinates": [-71.25237, 42.3279087]}, "properties": {"id": "newt-00069", "is_utility_pole": true, "pole_type": "wood_utility", "model_flags": [], "model_watch": ["lean_slight"], "lean": "slight", "crossarm": "none_visible", "vegetation": "near", "transformer": false, "attachments_estimate": 1, "photos_assessed": 3, "capture_sequences": 2, "photo_shown_date": "2025-07", "latest_available_photo_date": "2025-07", "source_photo_url": "https://www.mapillary.com/app/?pKey=613126941834235&focus=photo", "nearest_osm_pole_m": null}}, {"type": "Feature", "geometry": {"type": "Point", "coordinates": [-71.25362, 42.3271815]}, "properties": {"id": "newt-00070", "is_utility_pole": true, "pole_type": "wood_utility", "model_flags": [], "model_watch": ["lean_slight"], "lean": "slight", "crossarm": "none_visible", "vegetation": "none", "transformer": false, "attachments_estimate": 1, "photos_assessed": 4, "capture_sequences": 2, "photo_shown_date": "2025-04", "latest_available_photo_date": "2025-04", "source_photo_url": "https://www.mapillary.com/app/?pKey=1001110568780145&focus=photo", "nearest_osm_pole_m": null}}, {"type": "Feature", "geometry": {"type": "Point", "coordinates": [-71.2534125, 42.327301]}, "properties": {"id": "newt-00071", "is_utility_pole": true, "pole_type": "wood_utility", "model_flags": [], "model_watch": [], "lean": "unclear", "crossarm": "unclear", "vegetation": "near", "transformer": false, "attachments_estimate": 1, "photos_assessed": 2, "capture_sequences": 2, "photo_shown_date": "2025-04", "latest_available_photo_date": "2025-04", "source_photo_url": "https://www.mapillary.com/app/?pKey=1710224436560278&focus=photo", "nearest_osm_pole_m": null}}, {"type": "Feature", "geometry": {"type": "Point", "coordinates": [-71.253762, 42.3270375]}, "properties": {"id": "newt-00072", "is_utility_pole": true, "pole_type": "wood_utility", "model_flags": [], "model_watch": [], "lean": "none", "crossarm": "none_visible", "vegetation": "near", "transformer": false, "attachments_estimate": 1, "photos_assessed": 4, "capture_sequences": 2, "photo_shown_date": "2025-04", "latest_available_photo_date": "2025-04", "source_photo_url": "https://www.mapillary.com/app/?pKey=547909941212325&focus=photo", "nearest_osm_pole_m": null}}, {"type": "Feature", "geometry": {"type": "Point", "coordinates": [-71.25408, 42.326749]}, "properties": {"id": "newt-00073", "is_utility_pole": true, "pole_type": "wood_utility", "model_flags": [], "model_watch": [], "lean": "none", "crossarm": "intact", "vegetation": "near", "transformer": false, "attachments_estimate": 1, "photos_assessed": 6, "capture_sequences": 2, "photo_shown_date": "2025-04", "latest_available_photo_date": "2025-04", "source_photo_url": "https://www.mapillary.com/app/?pKey=3548609525443603&focus=photo", "nearest_osm_pole_m": null}}, {"type": "Feature", "geometry": {"type": "Point", "coordinates": [-71.25376, 42.326935]}, "properties": {"id": "newt-00074", "is_utility_pole": true, "pole_type": "wood_utility", "model_flags": [], "model_watch": [], "lean": "none", "crossarm": "none_visible", "vegetation": "near", "transformer": false, "attachments_estimate": 2, "photos_assessed": 1, "capture_sequences": 1, "photo_shown_date": "2025-03", "latest_available_photo_date": "2025-03", "source_photo_url": "https://www.mapillary.com/app/?pKey=661973922892993&focus=photo", "nearest_osm_pole_m": null}}, {"type": "Feature", "geometry": {"type": "Point", "coordinates": [-71.252304, 42.328716]}, "properties": {"id": "newt-00075", "is_utility_pole": true, "pole_type": "wood_utility", "model_flags": [], "model_watch": [], "lean": "unclear", "crossarm": "unclear", "vegetation": "near", "transformer": false, "attachments_estimate": 0, "photos_assessed": 1, "capture_sequences": 1, "photo_shown_date": "2024-03", "latest_available_photo_date": "2024-03", "source_photo_url": "https://www.mapillary.com/app/?pKey=275575682300459&focus=photo", "nearest_osm_pole_m": null}}, {"type": "Feature", "geometry": {"type": "Point", "coordinates": [-71.257926, 42.32531]}, "properties": {"id": "newt-00076", "is_utility_pole": true, "pole_type": "wood_utility", "model_flags": [], "model_watch": [], "lean": "none", "crossarm": "intact", "vegetation": "near", "transformer": true, "attachments_estimate": 1, "photos_assessed": 3, "capture_sequences": 2, "photo_shown_date": "2025-04", "latest_available_photo_date": "2025-04", "source_photo_url": "https://www.mapillary.com/app/?pKey=1051891880126553&focus=photo", "nearest_osm_pole_m": null}}, {"type": "Feature", "geometry": {"type": "Point", "coordinates": [-71.25926, 42.331356]}, "properties": {"id": "newt-00077", "is_utility_pole": true, "pole_type": "wood_utility", "model_flags": ["vegetation"], "model_watch": [], "lean": "none", "crossarm": "none_visible", "vegetation": "touching", "transformer": false, "attachments_estimate": 1, "photos_assessed": 2, "capture_sequences": 1, "photo_shown_date": "2025-10", "latest_available_photo_date": "2025-10", "source_photo_url": "https://www.mapillary.com/app/?pKey=1874802750129757&focus=photo", "nearest_osm_pole_m": null}}, {"type": "Feature", "geometry": {"type": "Point", "coordinates": [-71.2592, 42.331497]}, "properties": {"id": "newt-00078", "is_utility_pole": true, "pole_type": "wood_utility", "model_flags": [], "model_watch": [], "lean": "none", "crossarm": "none_visible", "vegetation": "near", "transformer": false, "attachments_estimate": 2, "photos_assessed": 2, "capture_sequences": 1, "photo_shown_date": "2025-10", "latest_available_photo_date": "2025-10", "source_photo_url": "https://www.mapillary.com/app/?pKey=669205712540188&focus=photo", "nearest_osm_pole_m": null}}, {"type": "Feature", "geometry": {"type": "Point", "coordinates": [-71.25858, 42.32777]}, "properties": {"id": "newt-00079", "is_utility_pole": true, "pole_type": "wood_utility", "model_flags": ["vegetation"], "model_watch": [], "lean": "none", "crossarm": "none_visible", "vegetation": "touching", "transformer": false, "attachments_estimate": 1, "photos_assessed": 2, "capture_sequences": 1, "photo_shown_date": "2025-10", "latest_available_photo_date": "2025-10", "source_photo_url": "https://www.mapillary.com/app/?pKey=1245384877605510&focus=photo", "nearest_osm_pole_m": null}}, {"type": "Feature", "geometry": {"type": "Point", "coordinates": [-71.25872, 42.327663]}, "properties": {"id": "newt-00080", "is_utility_pole": true, "pole_type": "wood_utility", "model_flags": [], "model_watch": [], "lean": "none", "crossarm": "none_visible", "vegetation": "near", "transformer": false, "attachments_estimate": 3, "photos_assessed": 2, "capture_sequences": 1, "photo_shown_date": "2025-10", "latest_available_photo_date": "2025-10", "source_photo_url": "https://www.mapillary.com/app/?pKey=809929315081253&focus=photo", "nearest_osm_pole_m": null}}, {"type": "Feature", "geometry": {"type": "Point", "coordinates": [-71.24842, 42.329987]}, "properties": {"id": "newt-00081", "is_utility_pole": true, "pole_type": "wood_utility", "model_flags": [], "model_watch": [], "lean": "unclear", "crossarm": "unclear", "vegetation": "near", "transformer": false, "attachments_estimate": 1, "photos_assessed": 2, "capture_sequences": 1, "photo_shown_date": "2025-04", "latest_available_photo_date": "2025-04", "source_photo_url": "https://www.mapillary.com/app/?pKey=963076805667806&focus=photo", "nearest_osm_pole_m": null}}, {"type": "Feature", "geometry": {"type": "Point", "coordinates": [-71.2481787, 42.3304973]}, "properties": {"id": "newt-00082", "is_utility_pole": true, "pole_type": "wood_utility", "model_flags": [], "model_watch": [], "lean": "none", "crossarm": "none_visible", "vegetation": "near", "transformer": false, "attachments_estimate": 1, "photos_assessed": 6, "capture_sequences": 2, "photo_shown_date": "2025-04", "latest_available_photo_date": "2025-04", "source_photo_url": "https://www.mapillary.com/app/?pKey=2126022247843667&focus=photo", "nearest_osm_pole_m": null}}, {"type": "Feature", "geometry": {"type": "Point", "coordinates": [-71.248055, 42.33056]}, "properties": {"id": "newt-00083", "is_utility_pole": true, "pole_type": "wood_utility", "model_flags": [], "model_watch": [], "lean": "none", "crossarm": "intact", "vegetation": "none", "transformer": false, "attachments_estimate": 1, "photos_assessed": 2, "capture_sequences": 1, "photo_shown_date": "2025-04", "latest_available_photo_date": "2025-04", "source_photo_url": "https://www.mapillary.com/app/?pKey=601877849571621&focus=photo", "nearest_osm_pole_m": null}}, {"type": "Feature", "geometry": {"type": "Point", "coordinates": [-71.247745, 42.33097]}, "properties": {"id": "newt-00084", "is_utility_pole": true, "pole_type": "wood_utility", "model_flags": [], "model_watch": [], "lean": "none", "crossarm": "intact", "vegetation": "near", "transformer": false, "attachments_estimate": 1, "photos_assessed": 4, "capture_sequences": 2, "photo_shown_date": "2025-04", "latest_available_photo_date": "2025-04", "source_photo_url": "https://www.mapillary.com/app/?pKey=2143933822715007&focus=photo", "nearest_osm_pole_m": null}}, {"type": "Feature", "geometry": {"type": "Point", "coordinates": [-71.2475876, 42.3312438]}, "properties": {"id": "newt-00085", "is_utility_pole": true, "pole_type": "wood_utility", "model_flags": [], "model_watch": [], "lean": "none", "crossarm": "intact", "vegetation": "near", "transformer": false, "attachments_estimate": 2, "photos_assessed": 5, "capture_sequences": 2, "photo_shown_date": "2025-04", "latest_available_photo_date": "2025-04", "source_photo_url": "https://www.mapillary.com/app/?pKey=701775178947454&focus=photo", "nearest_osm_pole_m": null}}, {"type": "Feature", "geometry": {"type": "Point", "coordinates": [-71.25245, 42.3278105]}, "properties": {"id": "newt-00086", "is_utility_pole": true, "pole_type": "wood_utility", "model_flags": ["double"], "model_watch": ["lean_slight"], "lean": "slight", "crossarm": "intact", "vegetation": "near", "transformer": false, "attachments_estimate": 1, "photos_assessed": 4, "capture_sequences": 1, "photo_shown_date": "2025-10", "latest_available_photo_date": "2025-10", "source_photo_url": "https://www.mapillary.com/app/?pKey=784863564427306&focus=photo", "nearest_osm_pole_m": null}}, {"type": "Feature", "geometry": {"type": "Point", "coordinates": [-71.251434, 42.32852]}, "properties": {"id": "newt-00087", "is_utility_pole": true, "pole_type": "wood_utility", "model_flags": [], "model_watch": ["lean_slight"], "lean": "slight", "crossarm": "intact", "vegetation": "near", "transformer": false, "attachments_estimate": 2, "photos_assessed": 2, "capture_sequences": 1, "photo_shown_date": "2025-10", "latest_available_photo_date": "2025-10", "source_photo_url": "https://www.mapillary.com/app/?pKey=1327295488793284&focus=photo", "nearest_osm_pole_m": null}}, {"type": "Feature", "geometry": {"type": "Point", "coordinates": [-71.2556062, 42.3260007]}, "properties": {"id": "newt-00088", "is_utility_pole": true, "pole_type": "wood_utility", "model_flags": [], "model_watch": [], "lean": "none", "crossarm": "intact", "vegetation": "near", "transformer": false, "attachments_estimate": 1, "photos_assessed": 8, "capture_sequences": 3, "photo_shown_date": "2025-04", "latest_available_photo_date": "2025-04", "source_photo_url": "https://www.mapillary.com/app/?pKey=1407305203959900&focus=photo", "nearest_osm_pole_m": null}}, {"type": "Feature", "geometry": {"type": "Point", "coordinates": [-71.255984, 42.325892]}, "properties": {"id": "newt-00089", "is_utility_pole": true, "pole_type": "wood_utility", "model_flags": [], "model_watch": [], "lean": "none", "crossarm": "intact", "vegetation": "near", "transformer": false, "attachments_estimate": 2, "photos_assessed": 10, "capture_sequences": 4, "photo_shown_date": "2025-07", "latest_available_photo_date": "2025-07", "source_photo_url": "https://www.mapillary.com/app/?pKey=1123748796311363&focus=photo", "nearest_osm_pole_m": null}}, {"type": "Feature", "geometry": {"type": "Point", "coordinates": [-71.255047, 42.326185]}, "properties": {"id": "newt-00090", "is_utility_pole": true, "pole_type": "wood_utility", "model_flags": [], "model_watch": [], "lean": "none", "crossarm": "none_visible", "vegetation": "none", "transformer": true, "attachments_estimate": 2, "photos_assessed": 6, "capture_sequences": 3, "photo_shown_date": "2025-04", "latest_available_photo_date": "2025-04", "source_photo_url": "https://www.mapillary.com/app/?pKey=4116132508710125&focus=photo", "nearest_osm_pole_m": null}}, {"type": "Feature", "geometry": {"type": "Point", "coordinates": [-71.258255, 42.326176]}, "properties": {"id": "newt-00091", "is_utility_pole": true, "pole_type": "wood_utility", "model_flags": [], "model_watch": [], "lean": "none", "crossarm": "intact", "vegetation": "none", "transformer": false, "attachments_estimate": 2, "photos_assessed": 2, "capture_sequences": 1, "photo_shown_date": "2025-04", "latest_available_photo_date": "2025-04", "source_photo_url": "https://www.mapillary.com/app/?pKey=1345182730091650&focus=photo", "nearest_osm_pole_m": null}}, {"type": "Feature", "geometry": {"type": "Point", "coordinates": [-71.2586037, 42.3265243]}, "properties": {"id": "newt-00092", "is_utility_pole": true, "pole_type": "wood_utility", "model_flags": [], "model_watch": [], "lean": "none", "crossarm": "intact", "vegetation": "near", "transformer": false, "attachments_estimate": 1, "photos_assessed": 6, "capture_sequences": 1, "photo_shown_date": "2025-04", "latest_available_photo_date": "2025-04", "source_photo_url": "https://www.mapillary.com/app/?pKey=697986232576436&focus=photo", "nearest_osm_pole_m": null}}, {"type": "Feature", "geometry": {"type": "Point", "coordinates": [-71.2585, 42.32645]}, "properties": {"id": "newt-00093", "is_utility_pole": true, "pole_type": "wood_utility", "model_flags": [], "model_watch": [], "lean": "none", "crossarm": "intact", "vegetation": "near", "transformer": false, "attachments_estimate": 1, "photos_assessed": 2, "capture_sequences": 1, "photo_shown_date": "2025-04", "latest_available_photo_date": "2025-04", "source_photo_url": "https://www.mapillary.com/app/?pKey=697986232576436&focus=photo", "nearest_osm_pole_m": null}}, {"type": "Feature", "geometry": {"type": "Point", "coordinates": [-71.258335, 42.32626]}, "properties": {"id": "newt-00094", "is_utility_pole": true, "pole_type": "wood_utility", "model_flags": [], "model_watch": [], "lean": "none", "crossarm": "intact", "vegetation": "near", "transformer": false, "attachments_estimate": 2, "photos_assessed": 4, "capture_sequences": 1, "photo_shown_date": "2025-04", "latest_available_photo_date": "2025-04", "source_photo_url": "https://www.mapillary.com/app/?pKey=2069713330205053&focus=photo", "nearest_osm_pole_m": null}}, {"type": "Feature", "geometry": {"type": "Point", "coordinates": [-71.2579805, 42.325819]}, "properties": {"id": "newt-00095", "is_utility_pole": true, "pole_type": "wood_utility", "model_flags": [], "model_watch": [], "lean": "none", "crossarm": "none_visible", "vegetation": "near", "transformer": false, "attachments_estimate": 1, "photos_assessed": 4, "capture_sequences": 1, "photo_shown_date": "2025-04", "latest_available_photo_date": "2025-04", "source_photo_url": "https://www.mapillary.com/app/?pKey=1033677261968755&focus=photo", "nearest_osm_pole_m": null}}, {"type": "Feature", "geometry": {"type": "Point", "coordinates": [-71.2576127, 42.3253947]}, "properties": {"id": "newt-00096", "is_utility_pole": true, "pole_type": "wood_utility", "model_flags": [], "model_watch": [], "lean": "none", "crossarm": "none_visible", "vegetation": "near", "transformer": false, "attachments_estimate": 1, "photos_assessed": 3, "capture_sequences": 2, "photo_shown_date": "2025-04", "latest_available_photo_date": "2025-04", "source_photo_url": "https://www.mapillary.com/app/?pKey=1712400282967999&focus=photo", "nearest_osm_pole_m": null}}, {"type": "Feature", "geometry": {"type": "Point", "coordinates": [-71.258143, 42.3260155]}, "properties": {"id": "newt-00097", "is_utility_pole": true, "pole_type": "wood_utility", "model_flags": [], "model_watch": ["lean_slight"], "lean": "slight", "crossarm": "intact", "vegetation": "near", "transformer": false, "attachments_estimate": 2, "photos_assessed": 4, "capture_sequences": 1, "photo_shown_date": "2025-04", "latest_available_photo_date": "2025-04", "source_photo_url": "https://www.mapillary.com/app/?pKey=1902041993932535&focus=photo", "nearest_osm_pole_m": null}}, {"type": "Feature", "geometry": {"type": "Point", "coordinates": [-71.25792, 42.32562]}, "properties": {"id": "newt-00098", "is_utility_pole": true, "pole_type": "wood_utility", "model_flags": [], "model_watch": ["lean_slight"], "lean": "slight", "crossarm": "intact", "vegetation": "none", "transformer": true, "attachments_estimate": 1, "photos_assessed": 2, "capture_sequences": 1, "photo_shown_date": "2025-04", "latest_available_photo_date": "2025-04", "source_photo_url": "https://www.mapillary.com/app/?pKey=555438030905545&focus=photo", "nearest_osm_pole_m": null}}, {"type": "Feature", "geometry": {"type": "Point", "coordinates": [-71.25839, 42.32634]}, "properties": {"id": "newt-00099", "is_utility_pole": true, "pole_type": "wood_utility", "model_flags": [], "model_watch": [], "lean": "none", "crossarm": "intact", "vegetation": "near", "transformer": false, "attachments_estimate": 1, "photos_assessed": 2, "capture_sequences": 1, "photo_shown_date": "2025-04", "latest_available_photo_date": "2025-04", "source_photo_url": "https://www.mapillary.com/app/?pKey=1338228590724990&focus=photo", "nearest_osm_pole_m": null}}, {"type": "Feature", "geometry": {"type": "Point", "coordinates": [-71.2584524, 42.3263972]}, "properties": {"id": "newt-00100", "is_utility_pole": true, "pole_type": "wood_utility", "model_flags": [], "model_watch": [], "lean": "none", "crossarm": "intact", "vegetation": "near", "transformer": false, "attachments_estimate": 1, "photos_assessed": 5, "capture_sequences": 2, "photo_shown_date": "2025-05", "latest_available_photo_date": "2025-05", "source_photo_url": "https://www.mapillary.com/app/?pKey=1768270074038020&focus=photo", "nearest_osm_pole_m": null}}, {"type": "Feature", "geometry": {"type": "Point", "coordinates": [-71.2581988, 42.3261244]}, "properties": {"id": "newt-00101", "is_utility_pole": true, "pole_type": "wood_utility", "model_flags": [], "model_watch": [], "lean": "none", "crossarm": "intact", "vegetation": "near", "transformer": false, "attachments_estimate": 2, "photos_assessed": 5, "capture_sequences": 2, "photo_shown_date": "2025-10", "latest_available_photo_date": "2025-10", "source_photo_url": "https://www.mapillary.com/app/?pKey=1279631113918615&focus=photo", "nearest_osm_pole_m": null}}, {"type": "Feature", "geometry": {"type": "Point", "coordinates": [-71.247958, 42.32993]}, "properties": {"id": "newt-00102", "is_utility_pole": true, "pole_type": "wood_utility", "model_flags": [], "model_watch": ["lean_slight"], "lean": "slight", "crossarm": "intact", "vegetation": "near", "transformer": false, "attachments_estimate": 2, "photos_assessed": 4, "capture_sequences": 2, "photo_shown_date": "2025-04", "latest_available_photo_date": "2025-04", "source_photo_url": "https://www.mapillary.com/app/?pKey=2873718426131152&focus=photo", "nearest_osm_pole_m": null}}, {"type": "Feature", "geometry": {"type": "Point", "coordinates": [-71.25276, 42.327568]}, "properties": {"id": "newt-00103", "is_utility_pole": true, "pole_type": "wood_utility", "model_flags": ["lean"], "model_watch": [], "lean": "moderate", "crossarm": "intact", "vegetation": "near", "transformer": false, "attachments_estimate": 1, "photos_assessed": 1, "capture_sequences": 1, "photo_shown_date": "2025-04", "latest_available_photo_date": "2025-04", "source_photo_url": "https://www.mapillary.com/app/?pKey=962630839028085&focus=photo", "nearest_osm_pole_m": null}}, {"type": "Feature", "geometry": {"type": "Point", "coordinates": [-71.252846, 42.327343]}, "properties": {"id": "newt-00104", "is_utility_pole": true, "pole_type": "concrete_or_steel_utility", "model_flags": [], "model_watch": [], "lean": "none", "crossarm": "none_visible", "vegetation": "near", "transformer": false, "attachments_estimate": 1, "photos_assessed": 2, "capture_sequences": 1, "photo_shown_date": "2025-04", "latest_available_photo_date": "2025-04", "source_photo_url": "https://www.mapillary.com/app/?pKey=1006679828100893&focus=photo", "nearest_osm_pole_m": null}}, {"type": "Feature", "geometry": {"type": "Point", "coordinates": [-71.257265, 42.325464]}, "properties": {"id": "newt-00105", "is_utility_pole": true, "pole_type": "wood_utility", "model_flags": [], "model_watch": [], "lean": "none", "crossarm": "intact", "vegetation": "none", "transformer": true, "attachments_estimate": 1, "photos_assessed": 8, "capture_sequences": 1, "photo_shown_date": "2025-04", "latest_available_photo_date": "2025-04", "source_photo_url": "https://www.mapillary.com/app/?pKey=1323603555514511&focus=photo", "nearest_osm_pole_m": null}}, {"type": "Feature", "geometry": {"type": "Point", "coordinates": [-71.25744, 42.325375]}, "properties": {"id": "newt-00106", "is_utility_pole": true, "pole_type": "wood_utility", "model_flags": [], "model_watch": [], "lean": "none", "crossarm": "intact", "vegetation": "none", "transformer": false, "attachments_estimate": 1, "photos_assessed": 2, "capture_sequences": 1, "photo_shown_date": "2025-04", "latest_available_photo_date": "2025-04", "source_photo_url": "https://www.mapillary.com/app/?pKey=1842326463248088&focus=photo", "nearest_osm_pole_m": null}}, {"type": "Feature", "geometry": {"type": "Point", "coordinates": [-71.25729, 42.325397]}, "properties": {"id": "newt-00107", "is_utility_pole": true, "pole_type": "wood_utility", "model_flags": [], "model_watch": [], "lean": "none", "crossarm": "intact", "vegetation": "none", "transformer": false, "attachments_estimate": 2, "photos_assessed": 2, "capture_sequences": 1, "photo_shown_date": "2025-04", "latest_available_photo_date": "2025-04", "source_photo_url": "https://www.mapillary.com/app/?pKey=998518561859330&focus=photo", "nearest_osm_pole_m": null}}, {"type": "Feature", "geometry": {"type": "Point", "coordinates": [-71.257015, 42.3255265]}, "properties": {"id": "newt-00108", "is_utility_pole": true, "pole_type": "wood_utility", "model_flags": [], "model_watch": [], "lean": "none", "crossarm": "intact", "vegetation": "near", "transformer": true, "attachments_estimate": 2, "photos_assessed": 4, "capture_sequences": 1, "photo_shown_date": "2025-04", "latest_available_photo_date": "2025-04", "source_photo_url": "https://www.mapillary.com/app/?pKey=1163526638601261&focus=photo", "nearest_osm_pole_m": null}}, {"type": "Feature", "geometry": {"type": "Point", "coordinates": [-71.25755, 42.325455]}, "properties": {"id": "newt-00109", "is_utility_pole": true, "pole_type": "wood_utility", "model_flags": ["vegetation"], "model_watch": [], "lean": "none", "crossarm": "none_visible", "vegetation": "touching", "transformer": false, "attachments_estimate": 2, "photos_assessed": 1, "capture_sequences": 1, "photo_shown_date": "2025-04", "latest_available_photo_date": "2025-04", "source_photo_url": "https://www.mapillary.com/app/?pKey=647238794588082&focus=photo", "nearest_osm_pole_m": null}}, {"type": "Feature", "geometry": {"type": "Point", "coordinates": [-71.25815, 42.329451]}, "properties": {"id": "newt-00110", "is_utility_pole": true, "pole_type": "wood_utility", "model_flags": [], "model_watch": [], "lean": "none", "crossarm": "none_visible", "vegetation": "near", "transformer": false, "attachments_estimate": 2, "photos_assessed": 3, "capture_sequences": 2, "photo_shown_date": "2025-11", "latest_available_photo_date": "2025-11", "source_photo_url": "https://www.mapillary.com/app/?pKey=4389206654631658&focus=photo", "nearest_osm_pole_m": null}}, {"type": "Feature", "geometry": {"type": "Point", "coordinates": [-71.25821, 42.32925]}, "properties": {"id": "newt-00111", "is_utility_pole": true, "pole_type": "wood_utility", "model_flags": ["vegetation"], "model_watch": [], "lean": "none", "crossarm": "none_visible", "vegetation": "touching", "transformer": false, "attachments_estimate": 1, "photos_assessed": 2, "capture_sequences": 1, "photo_shown_date": "2025-11", "latest_available_photo_date": "2025-11", "source_photo_url": "https://www.mapillary.com/app/?pKey=1190717669822786&focus=photo", "nearest_osm_pole_m": null}}, {"type": "Feature", "geometry": {"type": "Point", "coordinates": [-71.258965, 42.331287]}, "properties": {"id": "newt-00112", "is_utility_pole": true, "pole_type": "wood_utility", "model_flags": [], "model_watch": [], "lean": "none", "crossarm": "none_visible", "vegetation": "near", "transformer": false, "attachments_estimate": 1, "photos_assessed": 2, "capture_sequences": 1, "photo_shown_date": "2025-10", "latest_available_photo_date": "2025-10", "source_photo_url": "https://www.mapillary.com/app/?pKey=1529252021673603&focus=photo", "nearest_osm_pole_m": null}}, {"type": "Feature", "geometry": {"type": "Point", "coordinates": [-71.254944, 42.3262515]}, "properties": {"id": "newt-00113", "is_utility_pole": true, "pole_type": "wood_utility", "model_flags": [], "model_watch": [], "lean": "none", "crossarm": "none_visible", "vegetation": "none", "transformer": false, "attachments_estimate": 1, "photos_assessed": 2, "capture_sequences": 2, "photo_shown_date": "2025-04", "latest_available_photo_date": "2025-04", "source_photo_url": "https://www.mapillary.com/app/?pKey=609946745408356&focus=photo", "nearest_osm_pole_m": null}}, {"type": "Feature", "geometry": {"type": "Point", "coordinates": [-71.2548617, 42.3262867]}, "properties": {"id": "newt-00114", "is_utility_pole": true, "pole_type": "wood_utility", "model_flags": [], "model_watch": [], "lean": "none", "crossarm": "intact", "vegetation": "none", "transformer": false, "attachments_estimate": 2, "photos_assessed": 3, "capture_sequences": 1, "photo_shown_date": "2025-04", "latest_available_photo_date": "2025-04", "source_photo_url": "https://www.mapillary.com/app/?pKey=609946745408356&focus=photo", "nearest_osm_pole_m": null}}, {"type": "Feature", "geometry": {"type": "Point", "coordinates": [-71.25442, 42.32657]}, "properties": {"id": "newt-00115", "is_utility_pole": true, "pole_type": "wood_utility", "model_flags": [], "model_watch": [], "lean": "none", "crossarm": "intact", "vegetation": "near", "transformer": false, "attachments_estimate": 2, "photos_assessed": 1, "capture_sequences": 1, "photo_shown_date": "2025-04", "latest_available_photo_date": "2025-04", "source_photo_url": "https://www.mapillary.com/app/?pKey=566020566005977&focus=photo", "nearest_osm_pole_m": null}}, {"type": "Feature", "geometry": {"type": "Point", "coordinates": [-71.24643, 42.32608]}, "properties": {"id": "newt-00116", "is_utility_pole": true, "pole_type": "wood_utility", "model_flags": ["vegetation"], "model_watch": [], "lean": "none", "crossarm": "none_visible", "vegetation": "touching", "transformer": false, "attachments_estimate": 1, "photos_assessed": 2, "capture_sequences": 1, "photo_shown_date": "2025-08", "latest_available_photo_date": "2025-08", "source_photo_url": "https://www.mapillary.com/app/?pKey=1287202358959882&focus=photo", "nearest_osm_pole_m": null}}, {"type": "Feature", "geometry": {"type": "Point", "coordinates": [-71.24576, 42.325428]}, "properties": {"id": "newt-00117", "is_utility_pole": true, "pole_type": "wood_utility", "model_flags": ["vegetation"], "model_watch": ["lean_slight"], "lean": "slight", "crossarm": "none_visible", "vegetation": "touching", "transformer": false, "attachments_estimate": 1, "photos_assessed": 2, "capture_sequences": 1, "photo_shown_date": "2025-08", "latest_available_photo_date": "2025-08", "source_photo_url": "https://www.mapillary.com/app/?pKey=1806989863185095&focus=photo", "nearest_osm_pole_m": null}}, {"type": "Feature", "geometry": {"type": "Point", "coordinates": [-71.246506, 42.326225]}, "properties": {"id": "newt-00118", "is_utility_pole": true, "pole_type": "wood_utility", "model_flags": [], "model_watch": ["lean_slight"], "lean": "slight", "crossarm": "none_visible", "vegetation": "near", "transformer": false, "attachments_estimate": 2, "photos_assessed": 2, "capture_sequences": 1, "photo_shown_date": "2025-08", "latest_available_photo_date": "2025-08", "source_photo_url": "https://www.mapillary.com/app/?pKey=1111321733787628&focus=photo", "nearest_osm_pole_m": null}}, {"type": "Feature", "geometry": {"type": "Point", "coordinates": [-71.24627, 42.32573]}, "properties": {"id": "newt-00119", "is_utility_pole": true, "pole_type": "wood_utility", "model_flags": ["vegetation"], "model_watch": ["lean_slight"], "lean": "slight", "crossarm": "none_visible", "vegetation": "touching", "transformer": false, "attachments_estimate": 1, "photos_assessed": 2, "capture_sequences": 1, "photo_shown_date": "2025-08", "latest_available_photo_date": "2025-08", "source_photo_url": "https://www.mapillary.com/app/?pKey=1239945717819545&focus=photo", "nearest_osm_pole_m": null}}, {"type": "Feature", "geometry": {"type": "Point", "coordinates": [-71.24606, 42.32577]}, "properties": {"id": "newt-00120", "is_utility_pole": true, "pole_type": "wood_utility", "model_flags": ["vegetation"], "model_watch": ["lean_slight"], "lean": "slight", "crossarm": "unclear", "vegetation": "touching", "transformer": false, "attachments_estimate": 0, "photos_assessed": 2, "capture_sequences": 1, "photo_shown_date": "2025-08", "latest_available_photo_date": "2025-08", "source_photo_url": "https://www.mapillary.com/app/?pKey=557768730691967&focus=photo", "nearest_osm_pole_m": null}}, {"type": "Feature", "geometry": {"type": "Point", "coordinates": [-71.24642, 42.325893]}, "properties": {"id": "newt-00121", "is_utility_pole": true, "pole_type": "wood_utility", "model_flags": [], "model_watch": ["lean_slight"], "lean": "slight", "crossarm": "unclear", "vegetation": "near", "transformer": false, "attachments_estimate": 0, "photos_assessed": 2, "capture_sequences": 1, "photo_shown_date": "2025-08", "latest_available_photo_date": "2025-08", "source_photo_url": "https://www.mapillary.com/app/?pKey=1604400967190482&focus=photo", "nearest_osm_pole_m": null}}, {"type": "Feature", "geometry": {"type": "Point", "coordinates": [-71.246416, 42.32673]}, "properties": {"id": "newt-00122", "is_utility_pole": true, "pole_type": "wood_utility", "model_flags": ["vegetation"], "model_watch": [], "lean": "unclear", "crossarm": "unclear", "vegetation": "touching", "transformer": false, "attachments_estimate": 1, "photos_assessed": 3, "capture_sequences": 1, "photo_shown_date": "2025-08", "latest_available_photo_date": "2025-08", "source_photo_url": "https://www.mapillary.com/app/?pKey=1472017220588386&focus=photo", "nearest_osm_pole_m": null}}, {"type": "Feature", "geometry": {"type": "Point", "coordinates": [-71.24611, 42.32565]}, "properties": {"id": "newt-00123", "is_utility_pole": true, "pole_type": "wood_utility", "model_flags": ["vegetation"], "model_watch": [], "lean": "none", "crossarm": "none_visible", "vegetation": "touching", "transformer": false, "attachments_estimate": 0, "photos_assessed": 2, "capture_sequences": 1, "photo_shown_date": "2025-08", "latest_available_photo_date": "2025-08", "source_photo_url": "https://www.mapillary.com/app/?pKey=1250430320431233&focus=photo", "nearest_osm_pole_m": null}}, {"type": "Feature", "geometry": {"type": "Point", "coordinates": [-71.24621, 42.32686]}, "properties": {"id": "newt-00124", "is_utility_pole": true, "pole_type": "wood_utility", "model_flags": ["vegetation"], "model_watch": ["lean_slight"], "lean": "slight", "crossarm": "none_visible", "vegetation": "touching", "transformer": false, "attachments_estimate": 0, "photos_assessed": 2, "capture_sequences": 1, "photo_shown_date": "2025-08", "latest_available_photo_date": "2025-08", "source_photo_url": "https://www.mapillary.com/app/?pKey=1809045799963378&focus=photo", "nearest_osm_pole_m": null}}, {"type": "Feature", "geometry": {"type": "Point", "coordinates": [-71.24646, 42.326473]}, "properties": {"id": "newt-00125", "is_utility_pole": true, "pole_type": "wood_utility", "model_flags": ["vegetation"], "model_watch": [], "lean": "none", "crossarm": "none_visible", "vegetation": "touching", "transformer": false, "attachments_estimate": 1, "photos_assessed": 2, "capture_sequences": 1, "photo_shown_date": "2025-08", "latest_available_photo_date": "2025-08", "source_photo_url": "https://www.mapillary.com/app/?pKey=3730561487242577&focus=photo", "nearest_osm_pole_m": null}}, {"type": "Feature", "geometry": {"type": "Point", "coordinates": [-71.24884, 42.32723]}, "properties": {"id": "newt-00126", "is_utility_pole": true, "pole_type": "wood_utility", "model_flags": [], "model_watch": [], "lean": "none", "crossarm": "none_visible", "vegetation": "near", "transformer": false, "attachments_estimate": 1, "photos_assessed": 2, "capture_sequences": 1, "photo_shown_date": "2025-08", "latest_available_photo_date": "2025-08", "source_photo_url": "https://www.mapillary.com/app/?pKey=2251151235403801&focus=photo", "nearest_osm_pole_m": null}}, {"type": "Feature", "geometry": {"type": "Point", "coordinates": [-71.246663, 42.3264165]}, "properties": {"id": "newt-00127", "is_utility_pole": true, "pole_type": "wood_utility", "model_flags": ["double", "vegetation"], "model_watch": [], "lean": "none", "crossarm": "none_visible", "vegetation": "touching", "transformer": false, "attachments_estimate": 1, "photos_assessed": 4, "capture_sequences": 1, "photo_shown_date": "2025-08", "latest_available_photo_date": "2025-08", "source_photo_url": "https://www.mapillary.com/app/?pKey=1309240597535445&focus=photo", "nearest_osm_pole_m": null}}, {"type": "Feature", "geometry": {"type": "Point", "coordinates": [-71.24713, 42.32691]}, "properties": {"id": "newt-00128", "is_utility_pole": true, "pole_type": "wood_utility", "model_flags": ["vegetation"], "model_watch": [], "lean": "none", "crossarm": "none_visible", "vegetation": "touching", "transformer": false, "attachments_estimate": 0, "photos_assessed": 2, "capture_sequences": 1, "photo_shown_date": "2025-08", "latest_available_photo_date": "2025-08", "source_photo_url": "https://www.mapillary.com/app/?pKey=3376360715862964&focus=photo", "nearest_osm_pole_m": null}}, {"type": "Feature", "geometry": {"type": "Point", "coordinates": [-71.248184, 42.32718]}, "properties": {"id": "newt-00129", "is_utility_pole": true, "pole_type": "wood_utility", "model_flags": ["vegetation"], "model_watch": [], "lean": "none", "crossarm": "none_visible", "vegetation": "touching", "transformer": false, "attachments_estimate": 1, "photos_assessed": 2, "capture_sequences": 1, "photo_shown_date": "2025-08", "latest_available_photo_date": "2025-08", "source_photo_url": "https://www.mapillary.com/app/?pKey=600900456287218&focus=photo", "nearest_osm_pole_m": null}}, {"type": "Feature", "geometry": {"type": "Point", "coordinates": [-71.24684, 42.326664]}, "properties": {"id": "newt-00130", "is_utility_pole": false, "pole_type": "street_light", "model_flags": ["vegetation"], "model_watch": [], "lean": "none", "crossarm": "none_visible", "vegetation": "touching", "transformer": false, "attachments_estimate": 0, "photos_assessed": 2, "capture_sequences": 1, "photo_shown_date": "2025-08", "latest_available_photo_date": "2025-08", "source_photo_url": "https://www.mapillary.com/app/?pKey=1709367053784945&focus=photo", "nearest_osm_pole_m": null}}, {"type": "Feature", "geometry": {"type": "Point", "coordinates": [-71.24784, 42.327145]}, "properties": {"id": "newt-00131", "is_utility_pole": true, "pole_type": "wood_utility", "model_flags": ["vegetation"], "model_watch": [], "lean": "unclear", "crossarm": "unclear", "vegetation": "touching", "transformer": true, "attachments_estimate": 1, "photos_assessed": 2, "capture_sequences": 1, "photo_shown_date": "2025-08", "latest_available_photo_date": "2025-08", "source_photo_url": "https://www.mapillary.com/app/?pKey=761207293214844&focus=photo", "nearest_osm_pole_m": null}}, {"type": "Feature", "geometry": {"type": "Point", "coordinates": [-71.247475, 42.327057]}, "properties": {"id": "newt-00132", "is_utility_pole": true, "pole_type": "wood_utility", "model_flags": ["vegetation"], "model_watch": [], "lean": "none", "crossarm": "none_visible", "vegetation": "touching", "transformer": false, "attachments_estimate": 0, "photos_assessed": 2, "capture_sequences": 1, "photo_shown_date": "2025-08", "latest_available_photo_date": "2025-08", "source_photo_url": "https://www.mapillary.com/app/?pKey=24082349211465778&focus=photo", "nearest_osm_pole_m": null}}, {"type": "Feature", "geometry": {"type": "Point", "coordinates": [-71.2509275, 42.328814]}, "properties": {"id": "newt-00133", "is_utility_pole": true, "pole_type": "wood_utility", "model_flags": [], "model_watch": [], "lean": "none", "crossarm": "intact", "vegetation": "none", "transformer": false, "attachments_estimate": 2, "photos_assessed": 4, "capture_sequences": 2, "photo_shown_date": "2026-02", "latest_available_photo_date": "2026-02", "source_photo_url": "https://www.mapillary.com/app/?pKey=1469325364710483&focus=photo", "nearest_osm_pole_m": null}}, {"type": "Feature", "geometry": {"type": "Point", "coordinates": [-71.250534, 42.32902]}, "properties": {"id": "newt-00134", "is_utility_pole": true, "pole_type": "concrete_or_steel_utility", "model_flags": [], "model_watch": [], "lean": "none", "crossarm": "none_visible", "vegetation": "near", "transformer": false, "attachments_estimate": 0, "photos_assessed": 1, "capture_sequences": 1, "photo_shown_date": "2026-02", "latest_available_photo_date": "2026-02", "source_photo_url": "https://www.mapillary.com/app/?pKey=958240303213071&focus=photo", "nearest_osm_pole_m": null}}, {"type": "Feature", "geometry": {"type": "Point", "coordinates": [-71.25065, 42.328952]}, "properties": {"id": "newt-00135", "is_utility_pole": false, "pole_type": "traffic_signal", "model_flags": [], "model_watch": [], "lean": "none", "crossarm": "none_visible", "vegetation": "near", "transformer": false, "attachments_estimate": 0, "photos_assessed": 2, "capture_sequences": 1, "photo_shown_date": "2026-02", "latest_available_photo_date": "2026-02", "source_photo_url": "https://www.mapillary.com/app/?pKey=1469325364710483&focus=photo", "nearest_osm_pole_m": null}}, {"type": "Feature", "geometry": {"type": "Point", "coordinates": [-71.2507, 42.328754]}, "properties": {"id": "newt-00136", "is_utility_pole": true, "pole_type": "wood_utility", "model_flags": [], "model_watch": [], "lean": "none", "crossarm": "intact", "vegetation": "near", "transformer": false, "attachments_estimate": 1, "photos_assessed": 1, "capture_sequences": 1, "photo_shown_date": "2026-02", "latest_available_photo_date": "2026-02", "source_photo_url": "https://www.mapillary.com/app/?pKey=2044821776094667&focus=photo", "nearest_osm_pole_m": null}}, {"type": "Feature", "geometry": {"type": "Point", "coordinates": [-71.25081, 42.328728]}, "properties": {"id": "newt-00137", "is_utility_pole": true, "pole_type": "wood_utility", "model_flags": [], "model_watch": ["lean_slight"], "lean": "slight", "crossarm": "intact", "vegetation": "near", "transformer": false, "attachments_estimate": 2, "photos_assessed": 1, "capture_sequences": 1, "photo_shown_date": "2026-02", "latest_available_photo_date": "2026-02", "source_photo_url": "https://www.mapillary.com/app/?pKey=920377230744584&focus=photo", "nearest_osm_pole_m": null}}, {"type": "Feature", "geometry": {"type": "Point", "coordinates": [-71.2514387, 42.3286883]}, "properties": {"id": "newt-00138", "is_utility_pole": true, "pole_type": "wood_utility", "model_flags": [], "model_watch": ["lean_slight"], "lean": "slight", "crossarm": "intact", "vegetation": "near", "transformer": false, "attachments_estimate": 1, "photos_assessed": 3, "capture_sequences": 2, "photo_shown_date": "2025-04", "latest_available_photo_date": "2025-04", "source_photo_url": "https://www.mapillary.com/app/?pKey=1427992655032922&focus=photo", "nearest_osm_pole_m": null}}, {"type": "Feature", "geometry": {"type": "Point", "coordinates": [-71.25558, 42.3325367]}, "properties": {"id": "newt-00139", "is_utility_pole": true, "pole_type": "wood_utility", "model_flags": [], "model_watch": ["lean_slight"], "lean": "slight", "crossarm": "none_visible", "vegetation": "near", "transformer": false, "attachments_estimate": 1, "photos_assessed": 3, "capture_sequences": 2, "photo_shown_date": "2025-10", "latest_available_photo_date": "2025-10", "source_photo_url": "https://www.mapillary.com/app/?pKey=831878532647154&focus=photo", "nearest_osm_pole_m": null}}, {"type": "Feature", "geometry": {"type": "Point", "coordinates": [-71.2548625, 42.332929]}, "properties": {"id": "newt-00140", "is_utility_pole": true, "pole_type": "wood_utility", "model_flags": [], "model_watch": [], "lean": "none", "crossarm": "none_visible", "vegetation": "near", "transformer": false, "attachments_estimate": 1, "photos_assessed": 4, "capture_sequences": 2, "photo_shown_date": "2025-10", "latest_available_photo_date": "2025-10", "source_photo_url": "https://www.mapillary.com/app/?pKey=4210869922466125&focus=photo", "nearest_osm_pole_m": null}}, {"type": "Feature", "geometry": {"type": "Point", "coordinates": [-71.2545867, 42.333069]}, "properties": {"id": "newt-00141", "is_utility_pole": true, "pole_type": "wood_utility", "model_flags": [], "model_watch": [], "lean": "none", "crossarm": "none_visible", "vegetation": "near", "transformer": false, "attachments_estimate": 1, "photos_assessed": 6, "capture_sequences": 2, "photo_shown_date": "2025-10", "latest_available_photo_date": "2025-10", "source_photo_url": "https://www.mapillary.com/app/?pKey=1646738853434698&focus=photo", "nearest_osm_pole_m": null}}, {"type": "Feature", "geometry": {"type": "Point", "coordinates": [-71.2464625, 42.321831]}, "properties": {"id": "newt-00142", "is_utility_pole": true, "pole_type": "wood_utility", "model_flags": [], "model_watch": ["lean_slight"], "lean": "slight", "crossarm": "none_visible", "vegetation": "near", "transformer": false, "attachments_estimate": 1, "photos_assessed": 4, "capture_sequences": 2, "photo_shown_date": "2025-10", "latest_available_photo_date": "2025-10", "source_photo_url": "https://www.mapillary.com/app/?pKey=666004902800786&focus=photo", "nearest_osm_pole_m": null}}, {"type": "Feature", "geometry": {"type": "Point", "coordinates": [-71.24539, 42.321884]}, "properties": {"id": "newt-00143", "is_utility_pole": true, "pole_type": "wood_utility", "model_flags": [], "model_watch": [], "lean": "none", "crossarm": "unclear", "vegetation": "near", "transformer": false, "attachments_estimate": 0, "photos_assessed": 2, "capture_sequences": 1, "photo_shown_date": "2025-10", "latest_available_photo_date": "2025-10", "source_photo_url": "https://www.mapillary.com/app/?pKey=1555714598925732&focus=photo", "nearest_osm_pole_m": null}}, {"type": "Feature", "geometry": {"type": "Point", "coordinates": [-71.2560587, 42.325859]}, "properties": {"id": "newt-00144", "is_utility_pole": true, "pole_type": "wood_utility", "model_flags": [], "model_watch": [], "lean": "none", "crossarm": "intact", "vegetation": "near", "transformer": false, "attachments_estimate": 2, "photos_assessed": 3, "capture_sequences": 2, "photo_shown_date": "2025-03", "latest_available_photo_date": "2025-10", "source_photo_url": "https://www.mapillary.com/app/?pKey=9149557748506270&focus=photo", "nearest_osm_pole_m": null}}, {"type": "Feature", "geometry": {"type": "Point", "coordinates": [-71.25651, 42.32688]}, "properties": {"id": "newt-00145", "is_utility_pole": true, "pole_type": "wood_utility", "model_flags": ["vegetation"], "model_watch": ["lean_slight"], "lean": "slight", "crossarm": "unclear", "vegetation": "touching", "transformer": false, "attachments_estimate": 1, "photos_assessed": 2, "capture_sequences": 1, "photo_shown_date": "2025-10", "latest_available_photo_date": "2025-10", "source_photo_url": "https://www.mapillary.com/app/?pKey=1130957645853781&focus=photo", "nearest_osm_pole_m": null}}, {"type": "Feature", "geometry": {"type": "Point", "coordinates": [-71.256454, 42.327065]}, "properties": {"id": "newt-00146", "is_utility_pole": true, "pole_type": "wood_utility", "model_flags": ["lean", "vegetation"], "model_watch": [], "lean": "severe", "crossarm": "none_visible", "vegetation": "touching", "transformer": true, "attachments_estimate": 1, "photos_assessed": 2, "capture_sequences": 1, "photo_shown_date": "2025-10", "latest_available_photo_date": "2025-10", "source_photo_url": "https://www.mapillary.com/app/?pKey=1308917897043433&focus=photo", "nearest_osm_pole_m": null}}, {"type": "Feature", "geometry": {"type": "Point", "coordinates": [-71.25668, 42.326397]}, "properties": {"id": "newt-00147", "is_utility_pole": true, "pole_type": "wood_utility", "model_flags": ["lean"], "model_watch": [], "lean": "moderate", "crossarm": "none_visible", "vegetation": "near", "transformer": false, "attachments_estimate": 1, "photos_assessed": 2, "capture_sequences": 1, "photo_shown_date": "2025-10", "latest_available_photo_date": "2025-10", "source_photo_url": "https://www.mapillary.com/app/?pKey=25205708955701954&focus=photo", "nearest_osm_pole_m": null}}, {"type": "Feature", "geometry": {"type": "Point", "coordinates": [-71.256584, 42.3267]}, "properties": {"id": "newt-00148", "is_utility_pole": true, "pole_type": "wood_utility", "model_flags": ["vegetation"], "model_watch": ["lean_slight"], "lean": "slight", "crossarm": "none_visible", "vegetation": "touching", "transformer": false, "attachments_estimate": 2, "photos_assessed": 2, "capture_sequences": 1, "photo_shown_date": "2025-10", "latest_available_photo_date": "2025-10", "source_photo_url": "https://www.mapillary.com/app/?pKey=2903133650075580&focus=photo", "nearest_osm_pole_m": null}}, {"type": "Feature", "geometry": {"type": "Point", "coordinates": [-71.256775, 42.32614]}, "properties": {"id": "newt-00149", "is_utility_pole": true, "pole_type": "wood_utility", "model_flags": [], "model_watch": ["lean_slight"], "lean": "slight", "crossarm": "none_visible", "vegetation": "near", "transformer": false, "attachments_estimate": 2, "photos_assessed": 2, "capture_sequences": 1, "photo_shown_date": "2025-10", "latest_available_photo_date": "2025-10", "source_photo_url": "https://www.mapillary.com/app/?pKey=1296744871770541&focus=photo", "nearest_osm_pole_m": null}}, {"type": "Feature", "geometry": {"type": "Point", "coordinates": [-71.24379, 42.3287867]}, "properties": {"id": "newt-00150", "is_utility_pole": true, "pole_type": "wood_utility", "model_flags": [], "model_watch": [], "lean": "none", "crossarm": "intact", "vegetation": "none", "transformer": false, "attachments_estimate": 2, "photos_assessed": 3, "capture_sequences": 1, "photo_shown_date": "2025-04", "latest_available_photo_date": "2025-04", "source_photo_url": "https://www.mapillary.com/app/?pKey=638499695657562&focus=photo", "nearest_osm_pole_m": null}}, {"type": "Feature", "geometry": {"type": "Point", "coordinates": [-71.24407, 42.328773]}, "properties": {"id": "newt-00151", "is_utility_pole": true, "pole_type": "wood_utility", "model_flags": ["vegetation"], "model_watch": [], "lean": "none", "crossarm": "none_visible", "vegetation": "touching", "transformer": false, "attachments_estimate": 1, "photos_assessed": 2, "capture_sequences": 1, "photo_shown_date": "2025-04", "latest_available_photo_date": "2025-04", "source_photo_url": "https://www.mapillary.com/app/?pKey=971266848449458&focus=photo", "nearest_osm_pole_m": null}}, {"type": "Feature", "geometry": {"type": "Point", "coordinates": [-71.2437, 42.3288]}, "properties": {"id": "newt-00152", "is_utility_pole": true, "pole_type": "wood_utility", "model_flags": ["vegetation"], "model_watch": [], "lean": "unclear", "crossarm": "unclear", "vegetation": "touching", "transformer": false, "attachments_estimate": 1, "photos_assessed": 1, "capture_sequences": 1, "photo_shown_date": "2025-04", "latest_available_photo_date": "2025-04", "source_photo_url": "https://www.mapillary.com/app/?pKey=1010078054389663&focus=photo", "nearest_osm_pole_m": null}}, {"type": "Feature", "geometry": {"type": "Point", "coordinates": [-71.24417, 42.328873]}, "properties": {"id": "newt-00153", "is_utility_pole": true, "pole_type": "wood_utility", "model_flags": ["vegetation"], "model_watch": [], "lean": "none", "crossarm": "none_visible", "vegetation": "touching", "transformer": false, "attachments_estimate": 1, "photos_assessed": 2, "capture_sequences": 1, "photo_shown_date": "2025-04", "latest_available_photo_date": "2025-04", "source_photo_url": "https://www.mapillary.com/app/?pKey=4030867203811547&focus=photo", "nearest_osm_pole_m": null}}, {"type": "Feature", "geometry": {"type": "Point", "coordinates": [-71.24464, 42.329006]}, "properties": {"id": "newt-00154", "is_utility_pole": true, "pole_type": "wood_utility", "model_flags": [], "model_watch": [], "lean": "none", "crossarm": "none_visible", "vegetation": "near", "transformer": false, "attachments_estimate": 2, "photos_assessed": 2, "capture_sequences": 1, "photo_shown_date": "2025-04", "latest_available_photo_date": "2025-04", "source_photo_url": "https://www.mapillary.com/app/?pKey=651245950997919&focus=photo", "nearest_osm_pole_m": null}}, {"type": "Feature", "geometry": {"type": "Point", "coordinates": [-71.2451095, 42.3291425]}, "properties": {"id": "newt-00155", "is_utility_pole": true, "pole_type": "wood_utility", "model_flags": [], "model_watch": [], "lean": "none", "crossarm": "none_visible", "vegetation": "near", "transformer": false, "attachments_estimate": 0, "photos_assessed": 2, "capture_sequences": 2, "photo_shown_date": "2025-08", "latest_available_photo_date": "2025-08", "source_photo_url": "https://www.mapillary.com/app/?pKey=1142626107730654&focus=photo", "nearest_osm_pole_m": null}}, {"type": "Feature", "geometry": {"type": "Point", "coordinates": [-71.24387, 42.32884]}, "properties": {"id": "newt-00156", "is_utility_pole": true, "pole_type": "wood_utility", "model_flags": [], "model_watch": [], "lean": "none", "crossarm": "intact", "vegetation": "near", "transformer": false, "attachments_estimate": 1, "photos_assessed": 2, "capture_sequences": 1, "photo_shown_date": "2025-04", "latest_available_photo_date": "2025-04", "source_photo_url": "https://www.mapillary.com/app/?pKey=971266848449458&focus=photo", "nearest_osm_pole_m": null}}, {"type": "Feature", "geometry": {"type": "Point", "coordinates": [-71.25806, 42.32773]}, "properties": {"id": "newt-00157", "is_utility_pole": false, "pole_type": "street_light", "model_flags": [], "model_watch": [], "lean": "none", "crossarm": "none_visible", "vegetation": "near", "transformer": false, "attachments_estimate": 0, "photos_assessed": 1, "capture_sequences": 1, "photo_shown_date": "2025-04", "latest_available_photo_date": "2025-04", "source_photo_url": "https://www.mapillary.com/app/?pKey=711079114602740&focus=photo", "nearest_osm_pole_m": null}}, {"type": "Feature", "geometry": {"type": "Point", "coordinates": [-71.25877, 42.327576]}, "properties": {"id": "newt-00158", "is_utility_pole": true, "pole_type": "wood_utility", "model_flags": [], "model_watch": [], "lean": "none", "crossarm": "none_visible", "vegetation": "none", "transformer": false, "attachments_estimate": 3, "photos_assessed": 2, "capture_sequences": 1, "photo_shown_date": "2025-04", "latest_available_photo_date": "2025-04", "source_photo_url": "https://www.mapillary.com/app/?pKey=1346910456572986&focus=photo", "nearest_osm_pole_m": null}}, {"type": "Feature", "geometry": {"type": "Point", "coordinates": [-71.258488, 42.328116]}, "properties": {"id": "newt-00159", "is_utility_pole": true, "pole_type": "wood_utility", "model_flags": ["vegetation"], "model_watch": [], "lean": "none", "crossarm": "intact", "vegetation": "touching", "transformer": false, "attachments_estimate": 2, "photos_assessed": 3, "capture_sequences": 1, "photo_shown_date": "2025-04", "latest_available_photo_date": "2025-04", "source_photo_url": "https://www.mapillary.com/app/?pKey=1048757930447151&focus=photo", "nearest_osm_pole_m": null}}, {"type": "Feature", "geometry": {"type": "Point", "coordinates": [-71.25844, 42.32836]}, "properties": {"id": "newt-00160", "is_utility_pole": true, "pole_type": "wood_utility", "model_flags": [], "model_watch": [], "lean": "none", "crossarm": "none_visible", "vegetation": "near", "transformer": false, "attachments_estimate": 2, "photos_assessed": 2, "capture_sequences": 1, "photo_shown_date": "2025-04", "latest_available_photo_date": "2025-04", "source_photo_url": "https://www.mapillary.com/app/?pKey=9612602012160623&focus=photo", "nearest_osm_pole_m": null}}, {"type": "Feature", "geometry": {"type": "Point", "coordinates": [-71.25853, 42.32794]}, "properties": {"id": "newt-00161", "is_utility_pole": true, "pole_type": "wood_utility", "model_flags": [], "model_watch": [], "lean": "none", "crossarm": "intact", "vegetation": "near", "transformer": false, "attachments_estimate": 2, "photos_assessed": 2, "capture_sequences": 1, "photo_shown_date": "2025-04", "latest_available_photo_date": "2025-04", "source_photo_url": "https://www.mapillary.com/app/?pKey=9587468848039099&focus=photo", "nearest_osm_pole_m": null}}, {"type": "Feature", "geometry": {"type": "Point", "coordinates": [-71.258662, 42.326606]}, "properties": {"id": "newt-00162", "is_utility_pole": true, "pole_type": "wood_utility", "model_flags": [], "model_watch": [], "lean": "none", "crossarm": "intact", "vegetation": "near", "transformer": false, "attachments_estimate": 2, "photos_assessed": 4, "capture_sequences": 2, "photo_shown_date": "2025-04", "latest_available_photo_date": "2025-05", "source_photo_url": "https://www.mapillary.com/app/?pKey=1381563322865904&focus=photo", "nearest_osm_pole_m": null}}, {"type": "Feature", "geometry": {"type": "Point", "coordinates": [-71.258863, 42.3267914]}, "properties": {"id": "newt-00163", "is_utility_pole": true, "pole_type": "wood_utility", "model_flags": [], "model_watch": [], "lean": "none", "crossarm": "intact", "vegetation": "near", "transformer": false, "attachments_estimate": 1, "photos_assessed": 5, "capture_sequences": 1, "photo_shown_date": "2025-04", "latest_available_photo_date": "2025-04", "source_photo_url": "https://www.mapillary.com/app/?pKey=645877994921118&focus=photo", "nearest_osm_pole_m": null}}, {"type": "Feature", "geometry": {"type": "Point", "coordinates": [-71.25876, 42.3267]}, "properties": {"id": "newt-00164", "is_utility_pole": true, "pole_type": "wood_utility", "model_flags": [], "model_watch": [], "lean": "none", "crossarm": "intact", "vegetation": "near", "transformer": false, "attachments_estimate": 1, "photos_assessed": 2, "capture_sequences": 1, "photo_shown_date": "2025-04", "latest_available_photo_date": "2025-04", "source_photo_url": "https://www.mapillary.com/app/?pKey=1639662387425891&focus=photo", "nearest_osm_pole_m": null}}, {"type": "Feature", "geometry": {"type": "Point", "coordinates": [-71.25841, 42.32761]}, "properties": {"id": "newt-00165", "is_utility_pole": true, "pole_type": "wood_utility", "model_flags": [], "model_watch": [], "lean": "none", "crossarm": "none_visible", "vegetation": "near", "transformer": false, "attachments_estimate": 1, "photos_assessed": 2, "capture_sequences": 1, "photo_shown_date": "2025-04", "latest_available_photo_date": "2025-04", "source_photo_url": "https://www.mapillary.com/app/?pKey=1039802184678515&focus=photo", "nearest_osm_pole_m": null}}, {"type": "Feature", "geometry": {"type": "Point", "coordinates": [-71.258465, 42.3282735]}, "properties": {"id": "newt-00166", "is_utility_pole": true, "pole_type": "wood_utility", "model_flags": [], "model_watch": [], "lean": "none", "crossarm": "none_visible", "vegetation": "near", "transformer": false, "attachments_estimate": 2, "photos_assessed": 4, "capture_sequences": 1, "photo_shown_date": "2025-04", "latest_available_photo_date": "2025-04", "source_photo_url": "https://www.mapillary.com/app/?pKey=1712858059312515&focus=photo", "nearest_osm_pole_m": null}}, {"type": "Feature", "geometry": {"type": "Point", "coordinates": [-71.25344, 42.327137]}, "properties": {"id": "newt-00167", "is_utility_pole": true, "pole_type": "wood_utility", "model_flags": [], "model_watch": [], "lean": "none", "crossarm": "intact", "vegetation": "near", "transformer": false, "attachments_estimate": 2, "photos_assessed": 2, "capture_sequences": 1, "photo_shown_date": "2025-04", "latest_available_photo_date": "2025-04", "source_photo_url": "https://www.mapillary.com/app/?pKey=1383488322792605&focus=photo", "nearest_osm_pole_m": null}}, {"type": "Feature", "geometry": {"type": "Point", "coordinates": [-71.25352, 42.3271343]}, "properties": {"id": "newt-00168", "is_utility_pole": true, "pole_type": "wood_utility", "model_flags": [], "model_watch": [], "lean": "none", "crossarm": "intact", "vegetation": "near", "transformer": false, "attachments_estimate": 2, "photos_assessed": 6, "capture_sequences": 3, "photo_shown_date": "2025-04", "latest_available_photo_date": "2025-04", "source_photo_url": "https://www.mapillary.com/app/?pKey=1701235237134997&focus=photo", "nearest_osm_pole_m": null}}, {"type": "Feature", "geometry": {"type": "Point", "coordinates": [-71.2442475, 42.321951]}, "properties": {"id": "newt-00169", "is_utility_pole": true, "pole_type": "wood_utility", "model_flags": [], "model_watch": ["lean_slight"], "lean": "slight", "crossarm": "intact", "vegetation": "near", "transformer": false, "attachments_estimate": 0, "photos_assessed": 4, "capture_sequences": 2, "photo_shown_date": "2025-05", "latest_available_photo_date": "2025-05", "source_photo_url": "https://www.mapillary.com/app/?pKey=705577679088031&focus=photo", "nearest_osm_pole_m": null}}, {"type": "Feature", "geometry": {"type": "Point", "coordinates": [-71.2452, 42.32183]}, "properties": {"id": "newt-00170", "is_utility_pole": true, "pole_type": "wood_utility", "model_flags": [], "model_watch": [], "lean": "none", "crossarm": "none_visible", "vegetation": "near", "transformer": false, "attachments_estimate": 1, "photos_assessed": 1, "capture_sequences": 1, "photo_shown_date": "2025-05", "latest_available_photo_date": "2025-05", "source_photo_url": "https://www.mapillary.com/app/?pKey=1240478737507614&focus=photo", "nearest_osm_pole_m": null}}, {"type": "Feature", "geometry": {"type": "Point", "coordinates": [-71.24385, 42.32188]}, "properties": {"id": "newt-00171", "is_utility_pole": true, "pole_type": "wood_utility", "model_flags": ["vegetation"], "model_watch": [], "lean": "none", "crossarm": "intact", "vegetation": "touching", "transformer": false, "attachments_estimate": 1, "photos_assessed": 2, "capture_sequences": 1, "photo_shown_date": "2025-05", "latest_available_photo_date": "2025-05", "source_photo_url": "https://www.mapillary.com/app/?pKey=9036537129783278&focus=photo", "nearest_osm_pole_m": null}}, {"type": "Feature", "geometry": {"type": "Point", "coordinates": [-71.24481, 42.321884]}, "properties": {"id": "newt-00172", "is_utility_pole": true, "pole_type": "wood_utility", "model_flags": [], "model_watch": [], "lean": "none", "crossarm": "none_visible", "vegetation": "near", "transformer": false, "attachments_estimate": 1, "photos_assessed": 1, "capture_sequences": 1, "photo_shown_date": "2025-05", "latest_available_photo_date": "2025-05", "source_photo_url": "https://www.mapillary.com/app/?pKey=1731862741049101&focus=photo", "nearest_osm_pole_m": null}}, {"type": "Feature", "geometry": {"type": "Point", "coordinates": [-71.258736, 42.326294]}, "properties": {"id": "newt-00173", "is_utility_pole": true, "pole_type": "wood_utility", "model_flags": [], "model_watch": [], "lean": "none", "crossarm": "none_visible", "vegetation": "near", "transformer": false, "attachments_estimate": 1, "photos_assessed": 2, "capture_sequences": 1, "photo_shown_date": "2025-12", "latest_available_photo_date": "2025-12", "source_photo_url": "https://www.mapillary.com/app/?pKey=4004256986372783&focus=photo", "nearest_osm_pole_m": null}}, {"type": "Feature", "geometry": {"type": "Point", "coordinates": [-71.25856, 42.3261635]}, "properties": {"id": "newt-00174", "is_utility_pole": true, "pole_type": "wood_utility", "model_flags": [], "model_watch": [], "lean": "none", "crossarm": "intact", "vegetation": "near", "transformer": false, "attachments_estimate": 2, "photos_assessed": 4, "capture_sequences": 1, "photo_shown_date": "2025-12", "latest_available_photo_date": "2025-12", "source_photo_url": "https://www.mapillary.com/app/?pKey=2121125695295853&focus=photo", "nearest_osm_pole_m": null}}, {"type": "Feature", "geometry": {"type": "Point", "coordinates": [-71.25873, 42.334103]}, "properties": {"id": "newt-00175", "is_utility_pole": true, "pole_type": "wood_utility", "model_flags": [], "model_watch": ["lean_slight"], "lean": "slight", "crossarm": "none_visible", "vegetation": "near", "transformer": false, "attachments_estimate": 2, "photos_assessed": 2, "capture_sequences": 1, "photo_shown_date": "2025-10", "latest_available_photo_date": "2025-10", "source_photo_url": "https://www.mapillary.com/app/?pKey=3141738962650663&focus=photo", "nearest_osm_pole_m": null}}, {"type": "Feature", "geometry": {"type": "Point", "coordinates": [-71.25823, 42.33373]}, "properties": {"id": "newt-00176", "is_utility_pole": true, "pole_type": "wood_utility", "model_flags": ["vegetation"], "model_watch": [], "lean": "none", "crossarm": "none_visible", "vegetation": "touching", "transformer": false, "attachments_estimate": 2, "photos_assessed": 2, "capture_sequences": 1, "photo_shown_date": "2025-10", "latest_available_photo_date": "2025-10", "source_photo_url": "https://www.mapillary.com/app/?pKey=1159337979475691&focus=photo", "nearest_osm_pole_m": null}}, {"type": "Feature", "geometry": {"type": "Point", "coordinates": [-71.2593, 42.33376]}, "properties": {"id": "newt-00177", "is_utility_pole": true, "pole_type": "wood_utility", "model_flags": ["vegetation"], "model_watch": [], "lean": "unclear", "crossarm": "unclear", "vegetation": "touching", "transformer": false, "attachments_estimate": 1, "photos_assessed": 1, "capture_sequences": 1, "photo_shown_date": "2025-10", "latest_available_photo_date": "2025-10", "source_photo_url": "https://www.mapillary.com/app/?pKey=2245648349234351&focus=photo", "nearest_osm_pole_m": null}}, {"type": "Feature", "geometry": {"type": "Point", "coordinates": [-71.25904, 42.333923]}, "properties": {"id": "newt-00178", "is_utility_pole": true, "pole_type": "wood_utility", "model_flags": ["vegetation"], "model_watch": [], "lean": "none", "crossarm": "none_visible", "vegetation": "touching", "transformer": false, "attachments_estimate": 2, "photos_assessed": 2, "capture_sequences": 1, "photo_shown_date": "2025-10", "latest_available_photo_date": "2025-10", "source_photo_url": "https://www.mapillary.com/app/?pKey=1511572360170143&focus=photo", "nearest_osm_pole_m": null}}, {"type": "Feature", "geometry": {"type": "Point", "coordinates": [-71.245, 42.324142]}, "properties": {"id": "newt-00179", "is_utility_pole": false, "pole_type": "unclear", "model_flags": [], "model_watch": [], "lean": "unclear", "crossarm": "none_visible", "vegetation": "unclear", "transformer": false, "attachments_estimate": 0, "photos_assessed": 2, "capture_sequences": 1, "photo_shown_date": "2025-08", "latest_available_photo_date": "2025-08", "source_photo_url": "https://www.mapillary.com/app/?pKey=778511364831243&focus=photo", "nearest_osm_pole_m": null}}, {"type": "Feature", "geometry": {"type": "Point", "coordinates": [-71.24547, 42.323452]}, "properties": {"id": "newt-00180", "is_utility_pole": true, "pole_type": "wood_utility", "model_flags": ["vegetation"], "model_watch": [], "lean": "none", "crossarm": "none_visible", "vegetation": "touching", "transformer": false, "attachments_estimate": 0, "photos_assessed": 2, "capture_sequences": 1, "photo_shown_date": "2025-08", "latest_available_photo_date": "2025-08", "source_photo_url": "https://www.mapillary.com/app/?pKey=1965380134263787&focus=photo", "nearest_osm_pole_m": null}}, {"type": "Feature", "geometry": {"type": "Point", "coordinates": [-71.245316, 42.323273]}, "properties": {"id": "newt-00181", "is_utility_pole": true, "pole_type": "concrete_or_steel_utility", "model_flags": ["vegetation"], "model_watch": [], "lean": "none", "crossarm": "none_visible", "vegetation": "touching", "transformer": false, "attachments_estimate": 1, "photos_assessed": 2, "capture_sequences": 1, "photo_shown_date": "2025-08", "latest_available_photo_date": "2025-08", "source_photo_url": "https://www.mapillary.com/app/?pKey=1498889544633880&focus=photo", "nearest_osm_pole_m": null}}, {"type": "Feature", "geometry": {"type": "Point", "coordinates": [-71.24533, 42.324]}, "properties": {"id": "newt-00182", "is_utility_pole": true, "pole_type": "wood_utility", "model_flags": ["vegetation"], "model_watch": ["lean_slight"], "lean": "slight", "crossarm": "none_visible", "vegetation": "touching", "transformer": false, "attachments_estimate": 1, "photos_assessed": 2, "capture_sequences": 1, "photo_shown_date": "2025-08", "latest_available_photo_date": "2025-08", "source_photo_url": "https://www.mapillary.com/app/?pKey=1161218346036596&focus=photo", "nearest_osm_pole_m": null}}, {"type": "Feature", "geometry": {"type": "Point", "coordinates": [-71.25693, 42.331745]}, "properties": {"id": "newt-00183", "is_utility_pole": true, "pole_type": "wood_utility", "model_flags": ["vegetation"], "model_watch": [], "lean": "unclear", "crossarm": "unclear", "vegetation": "touching", "transformer": false, "attachments_estimate": 1, "photos_assessed": 2, "capture_sequences": 1, "photo_shown_date": "2025-10", "latest_available_photo_date": "2025-10", "source_photo_url": "https://www.mapillary.com/app/?pKey=831741869536622&focus=photo", "nearest_osm_pole_m": null}}, {"type": "Feature", "geometry": {"type": "Point", "coordinates": [-71.256744, 42.33234]}, "properties": {"id": "newt-00184", "is_utility_pole": true, "pole_type": "wood_utility", "model_flags": ["vegetation"], "model_watch": [], "lean": "none", "crossarm": "none_visible", "vegetation": "touching", "transformer": false, "attachments_estimate": 1, "photos_assessed": 2, "capture_sequences": 1, "photo_shown_date": "2025-10", "latest_available_photo_date": "2025-10", "source_photo_url": "https://www.mapillary.com/app/?pKey=1168189308516263&focus=photo", "nearest_osm_pole_m": null}}, {"type": "Feature", "geometry": {"type": "Point", "coordinates": [-71.25256, 42.32699]}, "properties": {"id": "newt-00185", "is_utility_pole": true, "pole_type": "wood_utility", "model_flags": [], "model_watch": [], "lean": "none", "crossarm": "none_visible", "vegetation": "near", "transformer": false, "attachments_estimate": 0, "photos_assessed": 1, "capture_sequences": 1, "photo_shown_date": "2025-10", "latest_available_photo_date": "2025-10", "source_photo_url": "https://www.mapillary.com/app/?pKey=1470034384205955&focus=photo", "nearest_osm_pole_m": null}}, {"type": "Feature", "geometry": {"type": "Point", "coordinates": [-71.25217, 42.326675]}, "properties": {"id": "newt-00186", "is_utility_pole": true, "pole_type": "wood_utility", "model_flags": [], "model_watch": ["lean_slight"], "lean": "slight", "crossarm": "none_visible", "vegetation": "near", "transformer": false, "attachments_estimate": 0, "photos_assessed": 2, "capture_sequences": 1, "photo_shown_date": "2025-10", "latest_available_photo_date": "2025-10", "source_photo_url": "https://www.mapillary.com/app/?pKey=2189841404869450&focus=photo", "nearest_osm_pole_m": null}}, {"type": "Feature", "geometry": {"type": "Point", "coordinates": [-71.24344, 42.321827]}, "properties": {"id": "newt-00187", "is_utility_pole": true, "pole_type": "wood_utility", "model_flags": ["vegetation"], "model_watch": ["lean_slight"], "lean": "slight", "crossarm": "none_visible", "vegetation": "touching", "transformer": false, "attachments_estimate": 1, "photos_assessed": 2, "capture_sequences": 1, "photo_shown_date": "2025-08", "latest_available_photo_date": "2025-08", "source_photo_url": "https://www.mapillary.com/app/?pKey=1097749772484831&focus=photo", "nearest_osm_pole_m": null}}, {"type": "Feature", "geometry": {"type": "Point", "coordinates": [-71.2435133, 42.3219977]}, "properties": {"id": "newt-00188", "is_utility_pole": true, "pole_type": "wood_utility", "model_flags": [], "model_watch": [], "lean": "none", "crossarm": "intact", "vegetation": "near", "transformer": false, "attachments_estimate": 2, "photos_assessed": 3, "capture_sequences": 2, "photo_shown_date": "2025-08", "latest_available_photo_date": "2025-08", "source_photo_url": "https://www.mapillary.com/app/?pKey=778467931342490&focus=photo", "nearest_osm_pole_m": null}}, {"type": "Feature", "geometry": {"type": "Point", "coordinates": [-71.254654, 42.332375]}, "properties": {"id": "newt-00189", "is_utility_pole": true, "pole_type": "wood_utility", "model_flags": [], "model_watch": [], "lean": "none", "crossarm": "none_visible", "vegetation": "near", "transformer": false, "attachments_estimate": 1, "photos_assessed": 1, "capture_sequences": 1, "photo_shown_date": "2025-11", "latest_available_photo_date": "2025-11", "source_photo_url": "https://www.mapillary.com/app/?pKey=1144076224586540&focus=photo", "nearest_osm_pole_m": null}}, {"type": "Feature", "geometry": {"type": "Point", "coordinates": [-71.24955, 42.325428]}, "properties": {"id": "newt-00190", "is_utility_pole": true, "pole_type": "wood_utility", "model_flags": ["vegetation"], "model_watch": [], "lean": "none", "crossarm": "none_visible", "vegetation": "touching", "transformer": false, "attachments_estimate": 0, "photos_assessed": 2, "capture_sequences": 1, "photo_shown_date": "2025-10", "latest_available_photo_date": "2025-10", "source_photo_url": "https://www.mapillary.com/app/?pKey=753938177639455&focus=photo", "nearest_osm_pole_m": null}}, {"type": "Feature", "geometry": {"type": "Point", "coordinates": [-71.249072, 42.325058]}, "properties": {"id": "newt-00191", "is_utility_pole": true, "pole_type": "wood_utility", "model_flags": [], "model_watch": [], "lean": "none", "crossarm": "unclear", "vegetation": "near", "transformer": false, "attachments_estimate": 0, "photos_assessed": 4, "capture_sequences": 1, "photo_shown_date": "2025-10", "latest_available_photo_date": "2025-10", "source_photo_url": "https://www.mapillary.com/app/?pKey=1264376835376672&focus=photo", "nearest_osm_pole_m": null}}, {"type": "Feature", "geometry": {"type": "Point", "coordinates": [-71.251686, 42.327446]}, "properties": {"id": "newt-00192", "is_utility_pole": true, "pole_type": "wood_utility", "model_flags": [], "model_watch": [], "lean": "none", "crossarm": "none_visible", "vegetation": "near", "transformer": false, "attachments_estimate": 0, "photos_assessed": 2, "capture_sequences": 1, "photo_shown_date": "2024-03", "latest_available_photo_date": "2024-03", "source_photo_url": "https://www.mapillary.com/app/?pKey=1058346575233584&focus=photo", "nearest_osm_pole_m": null}}, {"type": "Feature", "geometry": {"type": "Point", "coordinates": [-71.2517586, 42.3275172]}, "properties": {"id": "newt-00193", "is_utility_pole": true, "pole_type": "wood_utility", "model_flags": [], "model_watch": [], "lean": "none", "crossarm": "none_visible", "vegetation": "near", "transformer": false, "attachments_estimate": 0, "photos_assessed": 5, "capture_sequences": 2, "photo_shown_date": "2024-03", "latest_available_photo_date": "2024-03", "source_photo_url": "https://www.mapillary.com/app/?pKey=1885586361900898&focus=photo", "nearest_osm_pole_m": null}}, {"type": "Feature", "geometry": {"type": "Point", "coordinates": [-71.25188, 42.327576]}, "properties": {"id": "newt-00194", "is_utility_pole": true, "pole_type": "wood_utility", "model_flags": [], "model_watch": [], "lean": "none", "crossarm": "intact", "vegetation": "near", "transformer": false, "attachments_estimate": 0, "photos_assessed": 2, "capture_sequences": 1, "photo_shown_date": "2024-03", "latest_available_photo_date": "2024-03", "source_photo_url": "https://www.mapillary.com/app/?pKey=772610384471707&focus=photo", "nearest_osm_pole_m": null}}, {"type": "Feature", "geometry": {"type": "Point", "coordinates": [-71.25719, 42.33273]}, "properties": {"id": "newt-00195", "is_utility_pole": true, "pole_type": "wood_utility", "model_flags": [], "model_watch": [], "lean": "none", "crossarm": "none_visible", "vegetation": "near", "transformer": false, "attachments_estimate": 1, "photos_assessed": 1, "capture_sequences": 1, "photo_shown_date": "2025-10", "latest_available_photo_date": "2025-10", "source_photo_url": "https://www.mapillary.com/app/?pKey=1733816520658860&focus=photo", "nearest_osm_pole_m": null}}, {"type": "Feature", "geometry": {"type": "Point", "coordinates": [-71.2456, 42.32931]}, "properties": {"id": "newt-00196", "is_utility_pole": true, "pole_type": "wood_utility", "model_flags": ["lean"], "model_watch": [], "lean": "moderate", "crossarm": "none_visible", "vegetation": "near", "transformer": false, "attachments_estimate": 2, "photos_assessed": 2, "capture_sequences": 1, "photo_shown_date": "2025-08", "latest_available_photo_date": "2025-08", "source_photo_url": "https://www.mapillary.com/app/?pKey=4118624995052403&focus=photo", "nearest_osm_pole_m": null}}, {"type": "Feature", "geometry": {"type": "Point", "coordinates": [-71.24597, 42.329575]}, "properties": {"id": "newt-00197", "is_utility_pole": true, "pole_type": "wood_utility", "model_flags": ["vegetation"], "model_watch": ["lean_slight"], "lean": "slight", "crossarm": "intact", "vegetation": "touching", "transformer": false, "attachments_estimate": 1, "photos_assessed": 1, "capture_sequences": 1, "photo_shown_date": "2025-08", "latest_available_photo_date": "2025-08", "source_photo_url": "https://www.mapillary.com/app/?pKey=1922576038527972&focus=photo", "nearest_osm_pole_m": null}}, {"type": "Feature", "geometry": {"type": "Point", "coordinates": [-71.24426, 42.32894]}, "properties": {"id": "newt-00198", "is_utility_pole": true, "pole_type": "wood_utility", "model_flags": ["vegetation"], "model_watch": [], "lean": "unclear", "crossarm": "unclear", "vegetation": "touching", "transformer": false, "attachments_estimate": 0, "photos_assessed": 1, "capture_sequences": 1, "photo_shown_date": "2025-08", "latest_available_photo_date": "2025-08", "source_photo_url": "https://www.mapillary.com/app/?pKey=9907240062709510&focus=photo", "nearest_osm_pole_m": null}}, {"type": "Feature", "geometry": {"type": "Point", "coordinates": [-71.25857, 42.326336]}, "properties": {"id": "newt-00199", "is_utility_pole": true, "pole_type": "wood_utility", "model_flags": ["vegetation"], "model_watch": [], "lean": "unclear", "crossarm": "unclear", "vegetation": "touching", "transformer": false, "attachments_estimate": 0, "photos_assessed": 1, "capture_sequences": 1, "photo_shown_date": "2025-10", "latest_available_photo_date": "2025-10", "source_photo_url": "https://www.mapillary.com/app/?pKey=1466451267967499&focus=photo", "nearest_osm_pole_m": null}}, {"type": "Feature", "geometry": {"type": "Point", "coordinates": [-71.2562, 42.3280365]}, "properties": {"id": "newt-00200", "is_utility_pole": true, "pole_type": "wood_utility", "model_flags": ["vegetation"], "model_watch": ["lean_slight"], "lean": "slight", "crossarm": "none_visible", "vegetation": "touching", "transformer": false, "attachments_estimate": 2, "photos_assessed": 4, "capture_sequences": 1, "photo_shown_date": "2025-10", "latest_available_photo_date": "2025-10", "source_photo_url": "https://www.mapillary.com/app/?pKey=788064887466873&focus=photo", "nearest_osm_pole_m": null}}, {"type": "Feature", "geometry": {"type": "Point", "coordinates": [-71.256195, 42.327713]}, "properties": {"id": "newt-00201", "is_utility_pole": true, "pole_type": "wood_utility", "model_flags": [], "model_watch": [], "lean": "none", "crossarm": "none_visible", "vegetation": "near", "transformer": false, "attachments_estimate": 2, "photos_assessed": 2, "capture_sequences": 1, "photo_shown_date": "2025-10", "latest_available_photo_date": "2025-10", "source_photo_url": "https://www.mapillary.com/app/?pKey=2209575969468301&focus=photo", "nearest_osm_pole_m": null}}, {"type": "Feature", "geometry": {"type": "Point", "coordinates": [-71.25637, 42.327205]}, "properties": {"id": "newt-00202", "is_utility_pole": true, "pole_type": "wood_utility", "model_flags": [], "model_watch": ["lean_slight"], "lean": "slight", "crossarm": "none_visible", "vegetation": "near", "transformer": false, "attachments_estimate": 1, "photos_assessed": 2, "capture_sequences": 1, "photo_shown_date": "2025-10", "latest_available_photo_date": "2025-10", "source_photo_url": "https://www.mapillary.com/app/?pKey=1359860275797419&focus=photo", "nearest_osm_pole_m": null}}, {"type": "Feature", "geometry": {"type": "Point", "coordinates": [-71.256355, 42.32738]}, "properties": {"id": "newt-00203", "is_utility_pole": true, "pole_type": "wood_utility", "model_flags": [], "model_watch": ["lean_slight"], "lean": "slight", "crossarm": "none_visible", "vegetation": "none", "transformer": false, "attachments_estimate": 2, "photos_assessed": 2, "capture_sequences": 1, "photo_shown_date": "2025-10", "latest_available_photo_date": "2025-10", "source_photo_url": "https://www.mapillary.com/app/?pKey=2022491235230538&focus=photo", "nearest_osm_pole_m": null}}, {"type": "Feature", "geometry": {"type": "Point", "coordinates": [-71.256226, 42.32788]}, "properties": {"id": "newt-00204", "is_utility_pole": true, "pole_type": "wood_utility", "model_flags": [], "model_watch": ["lean_slight"], "lean": "slight", "crossarm": "none_visible", "vegetation": "near", "transformer": false, "attachments_estimate": 1, "photos_assessed": 2, "capture_sequences": 1, "photo_shown_date": "2025-10", "latest_available_photo_date": "2025-10", "source_photo_url": "https://www.mapillary.com/app/?pKey=1355077046360930&focus=photo", "nearest_osm_pole_m": null}}, {"type": "Feature", "geometry": {"type": "Point", "coordinates": [-71.24811, 42.323723]}, "properties": {"id": "newt-00205", "is_utility_pole": true, "pole_type": "wood_utility", "model_flags": [], "model_watch": [], "lean": "unclear", "crossarm": "unclear", "vegetation": "near", "transformer": false, "attachments_estimate": 0, "photos_assessed": 2, "capture_sequences": 1, "photo_shown_date": "2025-10", "latest_available_photo_date": "2025-10", "source_photo_url": "https://www.mapillary.com/app/?pKey=1496128675052909&focus=photo", "nearest_osm_pole_m": null}}, {"type": "Feature", "geometry": {"type": "Point", "coordinates": [-71.24761, 42.322655]}, "properties": {"id": "newt-00206", "is_utility_pole": true, "pole_type": "wood_utility", "model_flags": ["vegetation"], "model_watch": [], "lean": "none", "crossarm": "none_visible", "vegetation": "touching", "transformer": false, "attachments_estimate": 0, "photos_assessed": 2, "capture_sequences": 1, "photo_shown_date": "2025-10", "latest_available_photo_date": "2025-10", "source_photo_url": "https://www.mapillary.com/app/?pKey=1162192452637636&focus=photo", "nearest_osm_pole_m": null}}, {"type": "Feature", "geometry": {"type": "Point", "coordinates": [-71.24802, 42.323475]}, "properties": {"id": "newt-00207", "is_utility_pole": true, "pole_type": "wood_utility", "model_flags": ["vegetation"], "model_watch": ["lean_slight"], "lean": "slight", "crossarm": "none_visible", "vegetation": "touching", "transformer": false, "attachments_estimate": 1, "photos_assessed": 2, "capture_sequences": 1, "photo_shown_date": "2025-10", "latest_available_photo_date": "2025-10", "source_photo_url": "https://www.mapillary.com/app/?pKey=1870266551038029&focus=photo", "nearest_osm_pole_m": null}}, {"type": "Feature", "geometry": {"type": "Point", "coordinates": [-71.247925, 42.32318]}, "properties": {"id": "newt-00208", "is_utility_pole": true, "pole_type": "wood_utility", "model_flags": ["vegetation"], "model_watch": [], "lean": "none", "crossarm": "none_visible", "vegetation": "touching", "transformer": false, "attachments_estimate": 0, "photos_assessed": 2, "capture_sequences": 1, "photo_shown_date": "2025-10", "latest_available_photo_date": "2025-10", "source_photo_url": "https://www.mapillary.com/app/?pKey=1133745102230362&focus=photo", "nearest_osm_pole_m": null}}, {"type": "Feature", "geometry": {"type": "Point", "coordinates": [-71.24738, 42.322388]}, "properties": {"id": "newt-00209", "is_utility_pole": false, "pole_type": "street_light", "model_flags": ["vegetation"], "model_watch": [], "lean": "none", "crossarm": "none_visible", "vegetation": "touching", "transformer": false, "attachments_estimate": 1, "photos_assessed": 2, "capture_sequences": 1, "photo_shown_date": "2025-10", "latest_available_photo_date": "2025-10", "source_photo_url": "https://www.mapillary.com/app/?pKey=790462280263274&focus=photo", "nearest_osm_pole_m": null}}, {"type": "Feature", "geometry": {"type": "Point", "coordinates": [-71.25076, 42.32911]}, "properties": {"id": "newt-00210", "is_utility_pole": true, "pole_type": "wood_utility", "model_flags": [], "model_watch": ["lean_slight"], "lean": "slight", "crossarm": "none_visible", "vegetation": "none", "transformer": false, "attachments_estimate": 1, "photos_assessed": 1, "capture_sequences": 1, "photo_shown_date": "2025-04", "latest_available_photo_date": "2025-04", "source_photo_url": "https://www.mapillary.com/app/?pKey=961328772654850&focus=photo", "nearest_osm_pole_m": null}}, {"type": "Feature", "geometry": {"type": "Point", "coordinates": [-71.25051, 42.3292405]}, "properties": {"id": "newt-00211", "is_utility_pole": true, "pole_type": "wood_utility", "model_flags": [], "model_watch": [], "lean": "none", "crossarm": "none_visible", "vegetation": "near", "transformer": false, "attachments_estimate": 1, "photos_assessed": 4, "capture_sequences": 2, "photo_shown_date": "2025-04", "latest_available_photo_date": "2025-04", "source_photo_url": "https://www.mapillary.com/app/?pKey=681482487734619&focus=photo", "nearest_osm_pole_m": null}}, {"type": "Feature", "geometry": {"type": "Point", "coordinates": [-71.250761, 42.3290314]}, "properties": {"id": "newt-00212", "is_utility_pole": true, "pole_type": "wood_utility", "model_flags": [], "model_watch": ["lean_slight"], "lean": "slight", "crossarm": "none_visible", "vegetation": "near", "transformer": false, "attachments_estimate": 1, "photos_assessed": 5, "capture_sequences": 2, "photo_shown_date": "2025-04", "latest_available_photo_date": "2025-04", "source_photo_url": "https://www.mapillary.com/app/?pKey=1189960819257337&focus=photo", "nearest_osm_pole_m": null}}, {"type": "Feature", "geometry": {"type": "Point", "coordinates": [-71.250585, 42.3292015]}, "properties": {"id": "newt-00213", "is_utility_pole": true, "pole_type": "wood_utility", "model_flags": [], "model_watch": [], "lean": "none", "crossarm": "none_visible", "vegetation": "none", "transformer": false, "attachments_estimate": 1, "photos_assessed": 4, "capture_sequences": 2, "photo_shown_date": "2025-04", "latest_available_photo_date": "2025-04", "source_photo_url": "https://www.mapillary.com/app/?pKey=681482487734619&focus=photo", "nearest_osm_pole_m": null}}, {"type": "Feature", "geometry": {"type": "Point", "coordinates": [-71.250662, 42.3291688]}, "properties": {"id": "newt-00214", "is_utility_pole": true, "pole_type": "wood_utility", "model_flags": [], "model_watch": [], "lean": "none", "crossarm": "none_visible", "vegetation": "none", "transformer": false, "attachments_estimate": 1, "photos_assessed": 5, "capture_sequences": 3, "photo_shown_date": "2025-04", "latest_available_photo_date": "2025-04", "source_photo_url": "https://www.mapillary.com/app/?pKey=1358848155125425&focus=photo", "nearest_osm_pole_m": null}}, {"type": "Feature", "geometry": {"type": "Point", "coordinates": [-71.251335, 42.32882]}, "properties": {"id": "newt-00215", "is_utility_pole": true, "pole_type": "wood_utility", "model_flags": [], "model_watch": [], "lean": "none", "crossarm": "none_visible", "vegetation": "near", "transformer": false, "attachments_estimate": 0, "photos_assessed": 2, "capture_sequences": 1, "photo_shown_date": "2025-04", "latest_available_photo_date": "2025-04", "source_photo_url": "https://www.mapillary.com/app/?pKey=1089336116546648&focus=photo", "nearest_osm_pole_m": null}}, {"type": "Feature", "geometry": {"type": "Point", "coordinates": [-71.251325, 42.328644]}, "properties": {"id": "newt-00216", "is_utility_pole": true, "pole_type": "wood_utility", "model_flags": [], "model_watch": [], "lean": "none", "crossarm": "none_visible", "vegetation": "near", "transformer": false, "attachments_estimate": 1, "photos_assessed": 4, "capture_sequences": 2, "photo_shown_date": "2025-04", "latest_available_photo_date": "2025-04", "source_photo_url": "https://www.mapillary.com/app/?pKey=1387936765741942&focus=photo", "nearest_osm_pole_m": null}}, {"type": "Feature", "geometry": {"type": "Point", "coordinates": [-71.2508913, 42.3289267]}, "properties": {"id": "newt-00217", "is_utility_pole": true, "pole_type": "wood_utility", "model_flags": [], "model_watch": [], "lean": "none", "crossarm": "intact", "vegetation": "near", "transformer": false, "attachments_estimate": 2, "photos_assessed": 6, "capture_sequences": 2, "photo_shown_date": "2025-04", "latest_available_photo_date": "2025-04", "source_photo_url": "https://www.mapillary.com/app/?pKey=2186099738501915&focus=photo", "nearest_osm_pole_m": null}}, {"type": "Feature", "geometry": {"type": "Point", "coordinates": [-71.251096, 42.3287753]}, "properties": {"id": "newt-00218", "is_utility_pole": true, "pole_type": "wood_utility", "model_flags": [], "model_watch": [], "lean": "none", "crossarm": "intact", "vegetation": "near", "transformer": false, "attachments_estimate": 1, "photos_assessed": 3, "capture_sequences": 2, "photo_shown_date": "2025-04", "latest_available_photo_date": "2025-04", "source_photo_url": "https://www.mapillary.com/app/?pKey=1616811458967767&focus=photo", "nearest_osm_pole_m": null}}, {"type": "Feature", "geometry": {"type": "Point", "coordinates": [-71.25154, 42.32858]}, "properties": {"id": "newt-00219", "is_utility_pole": true, "pole_type": "wood_utility", "model_flags": [], "model_watch": [], "lean": "none", "crossarm": "intact", "vegetation": "none", "transformer": false, "attachments_estimate": 1, "photos_assessed": 2, "capture_sequences": 1, "photo_shown_date": "2025-04", "latest_available_photo_date": "2025-04", "source_photo_url": "https://www.mapillary.com/app/?pKey=1363426684900742&focus=photo", "nearest_osm_pole_m": null}}, {"type": "Feature", "geometry": {"type": "Point", "coordinates": [-71.251686, 42.328545]}, "properties": {"id": "newt-00220", "is_utility_pole": true, "pole_type": "wood_utility", "model_flags": [], "model_watch": [], "lean": "none", "crossarm": "intact", "vegetation": "near", "transformer": false, "attachments_estimate": 2, "photos_assessed": 2, "capture_sequences": 1, "photo_shown_date": "2025-04", "latest_available_photo_date": "2025-04", "source_photo_url": "https://www.mapillary.com/app/?pKey=1204830307887103&focus=photo", "nearest_osm_pole_m": null}}, {"type": "Feature", "geometry": {"type": "Point", "coordinates": [-71.25178, 42.328346]}, "properties": {"id": "newt-00221", "is_utility_pole": true, "pole_type": "wood_utility", "model_flags": [], "model_watch": [], "lean": "none", "crossarm": "none_visible", "vegetation": "near", "transformer": false, "attachments_estimate": 1, "photos_assessed": 1, "capture_sequences": 1, "photo_shown_date": "2025-04", "latest_available_photo_date": "2025-04", "source_photo_url": "https://www.mapillary.com/app/?pKey=1046191764224134&focus=photo", "nearest_osm_pole_m": null}}, {"type": "Feature", "geometry": {"type": "Point", "coordinates": [-71.250402, 42.329244]}, "properties": {"id": "newt-00222", "is_utility_pole": true, "pole_type": "wood_utility", "model_flags": [], "model_watch": [], "lean": "none", "crossarm": "none_visible", "vegetation": "near", "transformer": false, "attachments_estimate": 1, "photos_assessed": 4, "capture_sequences": 2, "photo_shown_date": "2025-04", "latest_available_photo_date": "2025-04", "source_photo_url": "https://www.mapillary.com/app/?pKey=683582777961505&focus=photo", "nearest_osm_pole_m": null}}, {"type": "Feature", "geometry": {"type": "Point", "coordinates": [-71.250465, 42.329323]}, "properties": {"id": "newt-00223", "is_utility_pole": true, "pole_type": "wood_utility", "model_flags": [], "model_watch": [], "lean": "none", "crossarm": "intact", "vegetation": "near", "transformer": false, "attachments_estimate": 2, "photos_assessed": 1, "capture_sequences": 1, "photo_shown_date": "2025-04", "latest_available_photo_date": "2025-04", "source_photo_url": "https://www.mapillary.com/app/?pKey=1432587921039564&focus=photo", "nearest_osm_pole_m": null}}, {"type": "Feature", "geometry": {"type": "Point", "coordinates": [-71.2506, 42.329456]}, "properties": {"id": "newt-00224", "is_utility_pole": true, "pole_type": "wood_utility", "model_flags": [], "model_watch": [], "lean": "none", "crossarm": "none_visible", "vegetation": "near", "transformer": false, "attachments_estimate": 1, "photos_assessed": 2, "capture_sequences": 1, "photo_shown_date": "2025-04", "latest_available_photo_date": "2025-04", "source_photo_url": "https://www.mapillary.com/app/?pKey=1132898115275847&focus=photo", "nearest_osm_pole_m": null}}, {"type": "Feature", "geometry": {"type": "Point", "coordinates": [-71.25035, 42.3293293]}, "properties": {"id": "newt-00225", "is_utility_pole": true, "pole_type": "wood_utility", "model_flags": [], "model_watch": [], "lean": "none", "crossarm": "intact", "vegetation": "near", "transformer": false, "attachments_estimate": 2, "photos_assessed": 3, "capture_sequences": 2, "photo_shown_date": "2025-04", "latest_available_photo_date": "2025-04", "source_photo_url": "https://www.mapillary.com/app/?pKey=998784015691297&focus=photo", "nearest_osm_pole_m": null}}, {"type": "Feature", "geometry": {"type": "Point", "coordinates": [-71.25189, 42.32831]}, "properties": {"id": "newt-00226", "is_utility_pole": true, "pole_type": "wood_utility", "model_flags": [], "model_watch": [], "lean": "none", "crossarm": "none_visible", "vegetation": "none", "transformer": false, "attachments_estimate": 0, "photos_assessed": 2, "capture_sequences": 1, "photo_shown_date": "2025-04", "latest_available_photo_date": "2025-04", "source_photo_url": "https://www.mapillary.com/app/?pKey=651387207827309&focus=photo", "nearest_osm_pole_m": null}}, {"type": "Feature", "geometry": {"type": "Point", "coordinates": [-71.25218, 42.3281775]}, "properties": {"id": "newt-00227", "is_utility_pole": true, "pole_type": "wood_utility", "model_flags": [], "model_watch": [], "lean": "none", "crossarm": "intact", "vegetation": "near", "transformer": false, "attachments_estimate": 1, "photos_assessed": 4, "capture_sequences": 2, "photo_shown_date": "2024-03", "latest_available_photo_date": "2025-04", "source_photo_url": "https://www.mapillary.com/app/?pKey=428295246341754&focus=photo", "nearest_osm_pole_m": null}}, {"type": "Feature", "geometry": {"type": "Point", "coordinates": [-71.25016, 42.3294375]}, "properties": {"id": "newt-00228", "is_utility_pole": true, "pole_type": "wood_utility", "model_flags": [], "model_watch": [], "lean": "unclear", "crossarm": "intact", "vegetation": "near", "transformer": false, "attachments_estimate": 1, "photos_assessed": 4, "capture_sequences": 1, "photo_shown_date": "2025-04", "latest_available_photo_date": "2025-04", "source_photo_url": "https://www.mapillary.com/app/?pKey=643350874974897&focus=photo", "nearest_osm_pole_m": null}}, {"type": "Feature", "geometry": {"type": "Point", "coordinates": [-71.2584, 42.328636]}, "properties": {"id": "newt-00229", "is_utility_pole": true, "pole_type": "wood_utility", "model_flags": [], "model_watch": [], "lean": "none", "crossarm": "none_visible", "vegetation": "none", "transformer": false, "attachments_estimate": 0, "photos_assessed": 2, "capture_sequences": 1, "photo_shown_date": "2025-04", "latest_available_photo_date": "2025-04", "source_photo_url": "https://www.mapillary.com/app/?pKey=1202160604688754&focus=photo", "nearest_osm_pole_m": null}}, {"type": "Feature", "geometry": {"type": "Point", "coordinates": [-71.258965, 42.327225]}, "properties": {"id": "newt-00230", "is_utility_pole": false, "pole_type": "other", "model_flags": [], "model_watch": [], "lean": "none", "crossarm": "none_visible", "vegetation": "none", "transformer": false, "attachments_estimate": 0, "photos_assessed": 2, "capture_sequences": 1, "photo_shown_date": "2025-04", "latest_available_photo_date": "2025-04", "source_photo_url": "https://www.mapillary.com/app/?pKey=1375225993522455&focus=photo", "nearest_osm_pole_m": null}}, {"type": "Feature", "geometry": {"type": "Point", "coordinates": [-71.2551633, 42.3261693]}, "properties": {"id": "newt-00231", "is_utility_pole": true, "pole_type": "wood_utility", "model_flags": [], "model_watch": [], "lean": "none", "crossarm": "none_visible", "vegetation": "none", "transformer": true, "attachments_estimate": 2, "photos_assessed": 6, "capture_sequences": 3, "photo_shown_date": "2025-04", "latest_available_photo_date": "2025-04", "source_photo_url": "https://www.mapillary.com/app/?pKey=546980238439801&focus=photo", "nearest_osm_pole_m": null}}, {"type": "Feature", "geometry": {"type": "Point", "coordinates": [-71.2557445, 42.3259735]}, "properties": {"id": "newt-00232", "is_utility_pole": true, "pole_type": "wood_utility", "model_flags": [], "model_watch": [], "lean": "none", "crossarm": "intact", "vegetation": "near", "transformer": false, "attachments_estimate": 2, "photos_assessed": 4, "capture_sequences": 1, "photo_shown_date": "2025-04", "latest_available_photo_date": "2025-04", "source_photo_url": "https://www.mapillary.com/app/?pKey=4115097278812557&focus=photo", "nearest_osm_pole_m": null}}, {"type": "Feature", "geometry": {"type": "Point", "coordinates": [-71.24929, 42.326836]}, "properties": {"id": "newt-00233", "is_utility_pole": true, "pole_type": "wood_utility", "model_flags": [], "model_watch": ["lean_slight"], "lean": "slight", "crossarm": "none_visible", "vegetation": "near", "transformer": false, "attachments_estimate": 0, "photos_assessed": 2, "capture_sequences": 1, "photo_shown_date": "2025-08", "latest_available_photo_date": "2025-08", "source_photo_url": "https://www.mapillary.com/app/?pKey=752782257468800&focus=photo", "nearest_osm_pole_m": null}}, {"type": "Feature", "geometry": {"type": "Point", "coordinates": [-71.249115, 42.326687]}, "properties": {"id": "newt-00234", "is_utility_pole": true, "pole_type": "wood_utility", "model_flags": ["vegetation"], "model_watch": [], "lean": "none", "crossarm": "none_visible", "vegetation": "touching", "transformer": false, "attachments_estimate": 1, "photos_assessed": 2, "capture_sequences": 1, "photo_shown_date": "2025-08", "latest_available_photo_date": "2025-08", "source_photo_url": "https://www.mapillary.com/app/?pKey=1085977340355846&focus=photo", "nearest_osm_pole_m": null}}, {"type": "Feature", "geometry": {"type": "Point", "coordinates": [-71.24853, 42.326126]}, "properties": {"id": "newt-00235", "is_utility_pole": true, "pole_type": "wood_utility", "model_flags": ["vegetation"], "model_watch": [], "lean": "none", "crossarm": "none_visible", "vegetation": "touching", "transformer": false, "attachments_estimate": 1, "photos_assessed": 2, "capture_sequences": 1, "photo_shown_date": "2025-08", "latest_available_photo_date": "2025-08", "source_photo_url": "https://www.mapillary.com/app/?pKey=1785045155443983&focus=photo", "nearest_osm_pole_m": null}}, {"type": "Feature", "geometry": {"type": "Point", "coordinates": [-71.2495, 42.327003]}, "properties": {"id": "newt-00236", "is_utility_pole": true, "pole_type": "wood_utility", "model_flags": ["vegetation"], "model_watch": [], "lean": "unclear", "crossarm": "unclear", "vegetation": "touching", "transformer": false, "attachments_estimate": 0, "photos_assessed": 2, "capture_sequences": 1, "photo_shown_date": "2025-08", "latest_available_photo_date": "2025-08", "source_photo_url": "https://www.mapillary.com/app/?pKey=1281262803200561&focus=photo", "nearest_osm_pole_m": null}}, {"type": "Feature", "geometry": {"type": "Point", "coordinates": [-71.24879, 42.32647]}, "properties": {"id": "newt-00237", "is_utility_pole": true, "pole_type": "wood_utility", "model_flags": ["vegetation"], "model_watch": [], "lean": "none", "crossarm": "none_visible", "vegetation": "touching", "transformer": false, "attachments_estimate": 1, "photos_assessed": 2, "capture_sequences": 1, "photo_shown_date": "2025-08", "latest_available_photo_date": "2025-08", "source_photo_url": "https://www.mapillary.com/app/?pKey=2018439005567612&focus=photo", "nearest_osm_pole_m": null}}, {"type": "Feature", "geometry": {"type": "Point", "coordinates": [-71.25363, 42.3270643]}, "properties": {"id": "newt-00238", "is_utility_pole": true, "pole_type": "wood_utility", "model_flags": [], "model_watch": [], "lean": "none", "crossarm": "intact", "vegetation": "near", "transformer": false, "attachments_estimate": 2, "photos_assessed": 3, "capture_sequences": 2, "photo_shown_date": "2025-04", "latest_available_photo_date": "2025-04", "source_photo_url": "https://www.mapillary.com/app/?pKey=1163028412227497&focus=photo", "nearest_osm_pole_m": null}}, {"type": "Feature", "geometry": {"type": "Point", "coordinates": [-71.253685, 42.327015]}, "properties": {"id": "newt-00239", "is_utility_pole": true, "pole_type": "wood_utility", "model_flags": [], "model_watch": [], "lean": "none", "crossarm": "none_visible", "vegetation": "near", "transformer": false, "attachments_estimate": 0, "photos_assessed": 2, "capture_sequences": 1, "photo_shown_date": "2025-04", "latest_available_photo_date": "2025-04", "source_photo_url": "https://www.mapillary.com/app/?pKey=692674489979395&focus=photo", "nearest_osm_pole_m": null}}, {"type": "Feature", "geometry": {"type": "Point", "coordinates": [-71.24724, 42.329556]}, "properties": {"id": "newt-00240", "is_utility_pole": true, "pole_type": "wood_utility", "model_flags": ["vegetation"], "model_watch": ["lean_slight"], "lean": "slight", "crossarm": "none_visible", "vegetation": "touching", "transformer": false, "attachments_estimate": 2, "photos_assessed": 2, "capture_sequences": 1, "photo_shown_date": "2025-08", "latest_available_photo_date": "2025-08", "source_photo_url": "https://www.mapillary.com/app/?pKey=24397601119895189&focus=photo", "nearest_osm_pole_m": null}}, {"type": "Feature", "geometry": {"type": "Point", "coordinates": [-71.24842, 42.328247]}, "properties": {"id": "newt-00241", "is_utility_pole": true, "pole_type": "wood_utility", "model_flags": ["vegetation"], "model_watch": ["lean_slight"], "lean": "slight", "crossarm": "none_visible", "vegetation": "touching", "transformer": false, "attachments_estimate": 1, "photos_assessed": 2, "capture_sequences": 1, "photo_shown_date": "2025-08", "latest_available_photo_date": "2025-08", "source_photo_url": "https://www.mapillary.com/app/?pKey=737073012495057&focus=photo", "nearest_osm_pole_m": null}}, {"type": "Feature", "geometry": {"type": "Point", "coordinates": [-71.24818, 42.32825]}, "properties": {"id": "newt-00242", "is_utility_pole": true, "pole_type": "wood_utility", "model_flags": ["vegetation"], "model_watch": ["lean_slight"], "lean": "slight", "crossarm": "none_visible", "vegetation": "touching", "transformer": false, "attachments_estimate": 2, "photos_assessed": 2, "capture_sequences": 1, "photo_shown_date": "2025-08", "latest_available_photo_date": "2025-08", "source_photo_url": "https://www.mapillary.com/app/?pKey=783537100831040&focus=photo", "nearest_osm_pole_m": null}}, {"type": "Feature", "geometry": {"type": "Point", "coordinates": [-71.24738, 42.329533]}, "properties": {"id": "newt-00243", "is_utility_pole": true, "pole_type": "wood_utility", "model_flags": [], "model_watch": [], "lean": "none", "crossarm": "none_visible", "vegetation": "near", "transformer": false, "attachments_estimate": 1, "photos_assessed": 2, "capture_sequences": 1, "photo_shown_date": "2025-08", "latest_available_photo_date": "2025-08", "source_photo_url": "https://www.mapillary.com/app/?pKey=24397601119895189&focus=photo", "nearest_osm_pole_m": null}}, {"type": "Feature", "geometry": {"type": "Point", "coordinates": [-71.24769, 42.32916]}, "properties": {"id": "newt-00244", "is_utility_pole": true, "pole_type": "wood_utility", "model_flags": [], "model_watch": [], "lean": "none", "crossarm": "none_visible", "vegetation": "near", "transformer": false, "attachments_estimate": 1, "photos_assessed": 2, "capture_sequences": 1, "photo_shown_date": "2025-08", "latest_available_photo_date": "2025-08", "source_photo_url": "https://www.mapillary.com/app/?pKey=1963592604453271&focus=photo", "nearest_osm_pole_m": null}}, {"type": "Feature", "geometry": {"type": "Point", "coordinates": [-71.2475, 42.329334]}, "properties": {"id": "newt-00245", "is_utility_pole": true, "pole_type": "wood_utility", "model_flags": ["vegetation"], "model_watch": [], "lean": "none", "crossarm": "none_visible", "vegetation": "touching", "transformer": false, "attachments_estimate": 1, "photos_assessed": 2, "capture_sequences": 1, "photo_shown_date": "2025-08", "latest_available_photo_date": "2025-08", "source_photo_url": "https://www.mapillary.com/app/?pKey=1731981774122424&focus=photo", "nearest_osm_pole_m": null}}, {"type": "Feature", "geometry": {"type": "Point", "coordinates": [-71.2483, 42.328846]}, "properties": {"id": "newt-00246", "is_utility_pole": true, "pole_type": "concrete_or_steel_utility", "model_flags": ["vegetation"], "model_watch": ["lean_slight"], "lean": "slight", "crossarm": "none_visible", "vegetation": "touching", "transformer": false, "attachments_estimate": 0, "photos_assessed": 2, "capture_sequences": 1, "photo_shown_date": "2025-08", "latest_available_photo_date": "2025-08", "source_photo_url": "https://www.mapillary.com/app/?pKey=750993111248692&focus=photo", "nearest_osm_pole_m": null}}, {"type": "Feature", "geometry": {"type": "Point", "coordinates": [-71.24495, 42.329124]}, "properties": {"id": "newt-00247", "is_utility_pole": true, "pole_type": "wood_utility", "model_flags": [], "model_watch": [], "lean": "none", "crossarm": "none_visible", "vegetation": "none", "transformer": true, "attachments_estimate": 1, "photos_assessed": 2, "capture_sequences": 1, "photo_shown_date": "2025-04", "latest_available_photo_date": "2025-04", "source_photo_url": "https://www.mapillary.com/app/?pKey=668229302520969&focus=photo", "nearest_osm_pole_m": null}}, {"type": "Feature", "geometry": {"type": "Point", "coordinates": [-71.24725, 42.3298905]}, "properties": {"id": "newt-00248", "is_utility_pole": true, "pole_type": "wood_utility", "model_flags": [], "model_watch": [], "lean": "none", "crossarm": "none_visible", "vegetation": "near", "transformer": false, "attachments_estimate": 2, "photos_assessed": 4, "capture_sequences": 1, "photo_shown_date": "2025-04", "latest_available_photo_date": "2025-04", "source_photo_url": "https://www.mapillary.com/app/?pKey=1300327484389627&focus=photo", "nearest_osm_pole_m": null}}, {"type": "Feature", "geometry": {"type": "Point", "coordinates": [-71.247398, 42.32992]}, "properties": {"id": "newt-00249", "is_utility_pole": true, "pole_type": "wood_utility", "model_flags": [], "model_watch": [], "lean": "none", "crossarm": "none_visible", "vegetation": "near", "transformer": false, "attachments_estimate": 1, "photos_assessed": 2, "capture_sequences": 1, "photo_shown_date": "2025-04", "latest_available_photo_date": "2025-04", "source_photo_url": "https://www.mapillary.com/app/?pKey=627659786778850&focus=photo", "nearest_osm_pole_m": null}}, {"type": "Feature", "geometry": {"type": "Point", "coordinates": [-71.247125, 42.3298685]}, "properties": {"id": "newt-00250", "is_utility_pole": true, "pole_type": "wood_utility", "model_flags": [], "model_watch": ["lean_slight"], "lean": "slight", "crossarm": "none_visible", "vegetation": "near", "transformer": false, "attachments_estimate": 2, "photos_assessed": 4, "capture_sequences": 1, "photo_shown_date": "2025-04", "latest_available_photo_date": "2025-04", "source_photo_url": "https://www.mapillary.com/app/?pKey=1589332718440006&focus=photo", "nearest_osm_pole_m": null}}, {"type": "Feature", "geometry": {"type": "Point", "coordinates": [-71.2467973, 42.3297157]}, "properties": {"id": "newt-00251", "is_utility_pole": true, "pole_type": "wood_utility", "model_flags": ["vegetation"], "model_watch": ["lean_slight"], "lean": "slight", "crossarm": "none_visible", "vegetation": "touching", "transformer": false, "attachments_estimate": 2, "photos_assessed": 3, "capture_sequences": 1, "photo_shown_date": "2025-04", "latest_available_photo_date": "2025-04", "source_photo_url": "https://www.mapillary.com/app/?pKey=1157902856132323&focus=photo", "nearest_osm_pole_m": null}}, {"type": "Feature", "geometry": {"type": "Point", "coordinates": [-71.246295, 42.3295335]}, "properties": {"id": "newt-00252", "is_utility_pole": true, "pole_type": "wood_utility", "model_flags": [], "model_watch": [], "lean": "none", "crossarm": "none_visible", "vegetation": "near", "transformer": false, "attachments_estimate": 2, "photos_assessed": 4, "capture_sequences": 2, "photo_shown_date": "2025-04", "latest_available_photo_date": "2025-04", "source_photo_url": "https://www.mapillary.com/app/?pKey=1227618352126195&focus=photo", "nearest_osm_pole_m": null}}, {"type": "Feature", "geometry": {"type": "Point", "coordinates": [-71.24669, 42.329544]}, "properties": {"id": "newt-00253", "is_utility_pole": true, "pole_type": "wood_utility", "model_flags": [], "model_watch": ["lean_slight"], "lean": "slight", "crossarm": "unclear", "vegetation": "near", "transformer": false, "attachments_estimate": 0, "photos_assessed": 2, "capture_sequences": 1, "photo_shown_date": "2025-04", "latest_available_photo_date": "2025-04", "source_photo_url": "https://www.mapillary.com/app/?pKey=1374924267188296&focus=photo", "nearest_osm_pole_m": null}}, {"type": "Feature", "geometry": {"type": "Point", "coordinates": [-71.24609, 42.32945]}, "properties": {"id": "newt-00254", "is_utility_pole": true, "pole_type": "wood_utility", "model_flags": [], "model_watch": [], "lean": "none", "crossarm": "none_visible", "vegetation": "near", "transformer": false, "attachments_estimate": 2, "photos_assessed": 2, "capture_sequences": 1, "photo_shown_date": "2025-04", "latest_available_photo_date": "2025-04", "source_photo_url": "https://www.mapillary.com/app/?pKey=1194193451549046&focus=photo", "nearest_osm_pole_m": null}}, {"type": "Feature", "geometry": {"type": "Point", "coordinates": [-71.246864, 42.329773]}, "properties": {"id": "newt-00255", "is_utility_pole": true, "pole_type": "wood_utility", "model_flags": [], "model_watch": ["lean_slight"], "lean": "slight", "crossarm": "none_visible", "vegetation": "near", "transformer": false, "attachments_estimate": 2, "photos_assessed": 1, "capture_sequences": 1, "photo_shown_date": "2025-04", "latest_available_photo_date": "2025-04", "source_photo_url": "https://www.mapillary.com/app/?pKey=1017736490283913&focus=photo", "nearest_osm_pole_m": null}}, {"type": "Feature", "geometry": {"type": "Point", "coordinates": [-71.2457283, 42.3293373]}, "properties": {"id": "newt-00256", "is_utility_pole": true, "pole_type": "wood_utility", "model_flags": [], "model_watch": [], "lean": "none", "crossarm": "none_visible", "vegetation": "near", "transformer": false, "attachments_estimate": 1, "photos_assessed": 3, "capture_sequences": 2, "photo_shown_date": "2025-04", "latest_available_photo_date": "2025-05", "source_photo_url": "https://www.mapillary.com/app/?pKey=1649809812322277&focus=photo", "nearest_osm_pole_m": null}}, {"type": "Feature", "geometry": {"type": "Point", "coordinates": [-71.24676, 42.32947]}, "properties": {"id": "newt-00257", "is_utility_pole": true, "pole_type": "wood_utility", "model_flags": [], "model_watch": ["lean_slight"], "lean": "slight", "crossarm": "unclear", "vegetation": "near", "transformer": false, "attachments_estimate": 1, "photos_assessed": 2, "capture_sequences": 1, "photo_shown_date": "2025-04", "latest_available_photo_date": "2025-04", "source_photo_url": "https://www.mapillary.com/app/?pKey=1915261455675334&focus=photo", "nearest_osm_pole_m": null}}, {"type": "Feature", "geometry": {"type": "Point", "coordinates": [-71.24656, 42.329636]}, "properties": {"id": "newt-00258", "is_utility_pole": true, "pole_type": "wood_utility", "model_flags": ["vegetation"], "model_watch": [], "lean": "none", "crossarm": "none_visible", "vegetation": "touching", "transformer": false, "attachments_estimate": 1, "photos_assessed": 2, "capture_sequences": 1, "photo_shown_date": "2025-04", "latest_available_photo_date": "2025-04", "source_photo_url": "https://www.mapillary.com/app/?pKey=672920878452755&focus=photo", "nearest_osm_pole_m": null}}, {"type": "Feature", "geometry": {"type": "Point", "coordinates": [-71.24646, 42.329575]}, "properties": {"id": "newt-00259", "is_utility_pole": true, "pole_type": "wood_utility", "model_flags": ["vegetation"], "model_watch": [], "lean": "none", "crossarm": "none_visible", "vegetation": "touching", "transformer": false, "attachments_estimate": 2, "photos_assessed": 2, "capture_sequences": 1, "photo_shown_date": "2025-04", "latest_available_photo_date": "2025-04", "source_photo_url": "https://www.mapillary.com/app/?pKey=2133304023750441&focus=photo", "nearest_osm_pole_m": null}}, {"type": "Feature", "geometry": {"type": "Point", "coordinates": [-71.245926, 42.329666]}, "properties": {"id": "newt-00260", "is_utility_pole": true, "pole_type": "wood_utility", "model_flags": [], "model_watch": [], "lean": "none", "crossarm": "intact", "vegetation": "near", "transformer": false, "attachments_estimate": 1, "photos_assessed": 2, "capture_sequences": 1, "photo_shown_date": "2025-04", "latest_available_photo_date": "2025-04", "source_photo_url": "https://www.mapillary.com/app/?pKey=1390537115734652&focus=photo", "nearest_osm_pole_m": null}}, {"type": "Feature", "geometry": {"type": "Point", "coordinates": [-71.245445, 42.329227]}, "properties": {"id": "newt-00261", "is_utility_pole": true, "pole_type": "wood_utility", "model_flags": [], "model_watch": ["lean_slight"], "lean": "slight", "crossarm": "none_visible", "vegetation": "none", "transformer": false, "attachments_estimate": 2, "photos_assessed": 2, "capture_sequences": 1, "photo_shown_date": "2025-04", "latest_available_photo_date": "2025-04", "source_photo_url": "https://www.mapillary.com/app/?pKey=986850610204369&focus=photo", "nearest_osm_pole_m": null}}, {"type": "Feature", "geometry": {"type": "Point", "coordinates": [-71.249213, 42.329707]}, "properties": {"id": "newt-00262", "is_utility_pole": true, "pole_type": "wood_utility", "model_flags": [], "model_watch": [], "lean": "none", "crossarm": "intact", "vegetation": "near", "transformer": false, "attachments_estimate": 2, "photos_assessed": 4, "capture_sequences": 2, "photo_shown_date": "2025-04", "latest_available_photo_date": "2025-04", "source_photo_url": "https://www.mapillary.com/app/?pKey=1806461760140946&focus=photo", "nearest_osm_pole_m": null}}, {"type": "Feature", "geometry": {"type": "Point", "coordinates": [-71.2474, 42.329853]}, "properties": {"id": "newt-00263", "is_utility_pole": true, "pole_type": "wood_utility", "model_flags": [], "model_watch": [], "lean": "none", "crossarm": "none_visible", "vegetation": "near", "transformer": false, "attachments_estimate": 1, "photos_assessed": 2, "capture_sequences": 1, "photo_shown_date": "2025-04", "latest_available_photo_date": "2025-04", "source_photo_url": "https://www.mapillary.com/app/?pKey=999769578790018&focus=photo", "nearest_osm_pole_m": null}}, {"type": "Feature", "geometry": {"type": "Point", "coordinates": [-71.249339, 42.3296748]}, "properties": {"id": "newt-00264", "is_utility_pole": true, "pole_type": "wood_utility", "model_flags": [], "model_watch": [], "lean": "none", "crossarm": "none_visible", "vegetation": "near", "transformer": false, "attachments_estimate": 1, "photos_assessed": 8, "capture_sequences": 3, "photo_shown_date": "2025-04", "latest_available_photo_date": "2025-04", "source_photo_url": "https://www.mapillary.com/app/?pKey=1491911765121097&focus=photo", "nearest_osm_pole_m": null}}, {"type": "Feature", "geometry": {"type": "Point", "coordinates": [-71.24892, 42.329788]}, "properties": {"id": "newt-00265", "is_utility_pole": true, "pole_type": "wood_utility", "model_flags": [], "model_watch": [], "lean": "none", "crossarm": "none_visible", "vegetation": "near", "transformer": false, "attachments_estimate": 1, "photos_assessed": 4, "capture_sequences": 2, "photo_shown_date": "2025-04", "latest_available_photo_date": "2025-04", "source_photo_url": "https://www.mapillary.com/app/?pKey=2064683234004100&focus=photo", "nearest_osm_pole_m": null}}, {"type": "Feature", "geometry": {"type": "Point", "coordinates": [-71.24827, 42.3301685]}, "properties": {"id": "newt-00266", "is_utility_pole": true, "pole_type": "wood_utility", "model_flags": [], "model_watch": [], "lean": "none", "crossarm": "intact", "vegetation": "near", "transformer": false, "attachments_estimate": 3, "photos_assessed": 4, "capture_sequences": 1, "photo_shown_date": "2025-04", "latest_available_photo_date": "2025-04", "source_photo_url": "https://www.mapillary.com/app/?pKey=1203223504873783&focus=photo", "nearest_osm_pole_m": null}}, {"type": "Feature", "geometry": {"type": "Point", "coordinates": [-71.24763, 42.32992]}, "properties": {"id": "newt-00267", "is_utility_pole": true, "pole_type": "wood_utility", "model_flags": [], "model_watch": [], "lean": "none", "crossarm": "none_visible", "vegetation": "near", "transformer": false, "attachments_estimate": 2, "photos_assessed": 2, "capture_sequences": 1, "photo_shown_date": "2025-04", "latest_available_photo_date": "2025-04", "source_photo_url": "https://www.mapillary.com/app/?pKey=668586318976154&focus=photo", "nearest_osm_pole_m": null}}, {"type": "Feature", "geometry": {"type": "Point", "coordinates": [-71.2484325, 42.330103]}, "properties": {"id": "newt-00268", "is_utility_pole": true, "pole_type": "wood_utility", "model_flags": [], "model_watch": [], "lean": "none", "crossarm": "intact", "vegetation": "near", "transformer": false, "attachments_estimate": 2, "photos_assessed": 4, "capture_sequences": 2, "photo_shown_date": "2025-04", "latest_available_photo_date": "2025-04", "source_photo_url": "https://www.mapillary.com/app/?pKey=1342476543660223&focus=photo", "nearest_osm_pole_m": null}}, {"type": "Feature", "geometry": {"type": "Point", "coordinates": [-71.248146, 42.330048]}, "properties": {"id": "newt-00269", "is_utility_pole": true, "pole_type": "wood_utility", "model_flags": ["lean"], "model_watch": [], "lean": "severe", "crossarm": "none_visible", "vegetation": "none", "transformer": false, "attachments_estimate": 0, "photos_assessed": 2, "capture_sequences": 1, "photo_shown_date": "2025-04", "latest_available_photo_date": "2025-04", "source_photo_url": "https://www.mapillary.com/app/?pKey=2495508464124263&focus=photo", "nearest_osm_pole_m": null}}, {"type": "Feature", "geometry": {"type": "Point", "coordinates": [-71.249065, 42.329815]}, "properties": {"id": "newt-00270", "is_utility_pole": true, "pole_type": "wood_utility", "model_flags": [], "model_watch": [], "lean": "none", "crossarm": "none_visible", "vegetation": "near", "transformer": false, "attachments_estimate": 2, "photos_assessed": 2, "capture_sequences": 1, "photo_shown_date": "2025-04", "latest_available_photo_date": "2025-04", "source_photo_url": "https://www.mapillary.com/app/?pKey=1035230505319754&focus=photo", "nearest_osm_pole_m": null}}, {"type": "Feature", "geometry": {"type": "Point", "coordinates": [-71.249875, 42.329521]}, "properties": {"id": "newt-00271", "is_utility_pole": true, "pole_type": "wood_utility", "model_flags": [], "model_watch": [], "lean": "none", "crossarm": "intact", "vegetation": "near", "transformer": false, "attachments_estimate": 1, "photos_assessed": 4, "capture_sequences": 2, "photo_shown_date": "2025-04", "latest_available_photo_date": "2025-04", "source_photo_url": "https://www.mapillary.com/app/?pKey=963202766016653&focus=photo", "nearest_osm_pole_m": null}}, {"type": "Feature", "geometry": {"type": "Point", "coordinates": [-71.24944, 42.329666]}, "properties": {"id": "newt-00272", "is_utility_pole": false, "pole_type": "street_light", "model_flags": [], "model_watch": [], "lean": "none", "crossarm": "none_visible", "vegetation": "near", "transformer": false, "attachments_estimate": 0, "photos_assessed": 2, "capture_sequences": 1, "photo_shown_date": "2025-04", "latest_available_photo_date": "2025-04", "source_photo_url": "https://www.mapillary.com/app/?pKey=716183354303035&focus=photo", "nearest_osm_pole_m": null}}, {"type": "Feature", "geometry": {"type": "Point", "coordinates": [-71.2478, 42.329945]}, "properties": {"id": "newt-00273", "is_utility_pole": true, "pole_type": "wood_utility", "model_flags": [], "model_watch": [], "lean": "none", "crossarm": "none_visible", "vegetation": "near", "transformer": false, "attachments_estimate": 1, "photos_assessed": 2, "capture_sequences": 1, "photo_shown_date": "2025-04", "latest_available_photo_date": "2025-04", "source_photo_url": "https://www.mapillary.com/app/?pKey=3464916476974199&focus=photo", "nearest_osm_pole_m": null}}, {"type": "Feature", "geometry": {"type": "Point", "coordinates": [-71.249744, 42.329542]}, "properties": {"id": "newt-00274", "is_utility_pole": true, "pole_type": "wood_utility", "model_flags": [], "model_watch": [], "lean": "none", "crossarm": "intact", "vegetation": "near", "transformer": false, "attachments_estimate": 1, "photos_assessed": 5, "capture_sequences": 2, "photo_shown_date": "2025-04", "latest_available_photo_date": "2025-04", "source_photo_url": "https://www.mapillary.com/app/?pKey=667803629290451&focus=photo", "nearest_osm_pole_m": null}}, {"type": "Feature", "geometry": {"type": "Point", "coordinates": [-71.249608, 42.329627]}, "properties": {"id": "newt-00275", "is_utility_pole": true, "pole_type": "wood_utility", "model_flags": [], "model_watch": [], "lean": "none", "crossarm": "intact", "vegetation": "near", "transformer": false, "attachments_estimate": 1, "photos_assessed": 4, "capture_sequences": 2, "photo_shown_date": "2025-04", "latest_available_photo_date": "2025-07", "source_photo_url": "https://www.mapillary.com/app/?pKey=716183354303035&focus=photo", "nearest_osm_pole_m": null}}, {"type": "Feature", "geometry": {"type": "Point", "coordinates": [-71.248295, 42.329937]}, "properties": {"id": "newt-00276", "is_utility_pole": true, "pole_type": "wood_utility", "model_flags": [], "model_watch": ["lean_slight"], "lean": "slight", "crossarm": "none_visible", "vegetation": "near", "transformer": false, "attachments_estimate": 1, "photos_assessed": 4, "capture_sequences": 2, "photo_shown_date": "2025-04", "latest_available_photo_date": "2025-04", "source_photo_url": "https://www.mapillary.com/app/?pKey=10018644428167018&focus=photo", "nearest_osm_pole_m": null}}, {"type": "Feature", "geometry": {"type": "Point", "coordinates": [-71.24926, 42.329777]}, "properties": {"id": "newt-00277", "is_utility_pole": true, "pole_type": "wood_utility", "model_flags": [], "model_watch": ["lean_slight"], "lean": "slight", "crossarm": "intact", "vegetation": "near", "transformer": false, "attachments_estimate": 2, "photos_assessed": 1, "capture_sequences": 1, "photo_shown_date": "2025-04", "latest_available_photo_date": "2025-04", "source_photo_url": "https://www.mapillary.com/app/?pKey=1354886752368422&focus=photo", "nearest_osm_pole_m": null}}, {"type": "Feature", "geometry": {"type": "Point", "coordinates": [-71.2475, 42.329964]}, "properties": {"id": "newt-00278", "is_utility_pole": true, "pole_type": "wood_utility", "model_flags": [], "model_watch": [], "lean": "none", "crossarm": "none_visible", "vegetation": "near", "transformer": false, "attachments_estimate": 1, "photos_assessed": 2, "capture_sequences": 1, "photo_shown_date": "2025-05", "latest_available_photo_date": "2025-05", "source_photo_url": "https://www.mapillary.com/app/?pKey=718829987334062&focus=photo", "nearest_osm_pole_m": null}}, {"type": "Feature", "geometry": {"type": "Point", "coordinates": [-71.256855, 42.325571]}, "properties": {"id": "newt-00279", "is_utility_pole": true, "pole_type": "wood_utility", "model_flags": [], "model_watch": [], "lean": "none", "crossarm": "intact", "vegetation": "near", "transformer": true, "attachments_estimate": 2, "photos_assessed": 4, "capture_sequences": 2, "photo_shown_date": "2025-04", "latest_available_photo_date": "2025-04", "source_photo_url": "https://www.mapillary.com/app/?pKey=670837805533950&focus=photo", "nearest_osm_pole_m": null}}, {"type": "Feature", "geometry": {"type": "Point", "coordinates": [-71.2516, 42.3274]}, "properties": {"id": "newt-00280", "is_utility_pole": true, "pole_type": "wood_utility", "model_flags": [], "model_watch": [], "lean": "none", "crossarm": "none_visible", "vegetation": "near", "transformer": false, "attachments_estimate": 0, "photos_assessed": 1, "capture_sequences": 1, "photo_shown_date": "2024-03", "latest_available_photo_date": "2024-03", "source_photo_url": "https://www.mapillary.com/app/?pKey=360143503152726&focus=photo", "nearest_osm_pole_m": null}}, {"type": "Feature", "geometry": {"type": "Point", "coordinates": [-71.2443, 42.3265]}, "properties": {"id": "newt-00281", "is_utility_pole": true, "pole_type": "wood_utility", "model_flags": ["vegetation"], "model_watch": [], "lean": "unclear", "crossarm": "unclear", "vegetation": "touching", "transformer": false, "attachments_estimate": 1, "photos_assessed": 2, "capture_sequences": 1, "photo_shown_date": "2025-08", "latest_available_photo_date": "2025-08", "source_photo_url": "https://www.mapillary.com/app/?pKey=1472197897137408&focus=photo", "nearest_osm_pole_m": null}}, {"type": "Feature", "geometry": {"type": "Point", "coordinates": [-71.244286, 42.328487]}, "properties": {"id": "newt-00282", "is_utility_pole": true, "pole_type": "wood_utility", "model_flags": ["vegetation"], "model_watch": [], "lean": "none", "crossarm": "none_visible", "vegetation": "touching", "transformer": false, "attachments_estimate": 1, "photos_assessed": 2, "capture_sequences": 1, "photo_shown_date": "2025-08", "latest_available_photo_date": "2025-08", "source_photo_url": "https://www.mapillary.com/app/?pKey=3961089257477421&focus=photo", "nearest_osm_pole_m": null}}, {"type": "Feature", "geometry": {"type": "Point", "coordinates": [-71.24447, 42.326794]}, "properties": {"id": "newt-00283", "is_utility_pole": true, "pole_type": "wood_utility", "model_flags": ["vegetation"], "model_watch": ["lean_slight"], "lean": "slight", "crossarm": "none_visible", "vegetation": "touching", "transformer": false, "attachments_estimate": 0, "photos_assessed": 2, "capture_sequences": 1, "photo_shown_date": "2025-08", "latest_available_photo_date": "2025-08", "source_photo_url": "https://www.mapillary.com/app/?pKey=1524996772199990&focus=photo", "nearest_osm_pole_m": null}}, {"type": "Feature", "geometry": {"type": "Point", "coordinates": [-71.24457, 42.327885]}, "properties": {"id": "newt-00284", "is_utility_pole": true, "pole_type": "wood_utility", "model_flags": [], "model_watch": [], "lean": "none", "crossarm": "none_visible", "vegetation": "near", "transformer": false, "attachments_estimate": 1, "photos_assessed": 2, "capture_sequences": 1, "photo_shown_date": "2025-08", "latest_available_photo_date": "2025-08", "source_photo_url": "https://www.mapillary.com/app/?pKey=2674777712868162&focus=photo", "nearest_osm_pole_m": null}}, {"type": "Feature", "geometry": {"type": "Point", "coordinates": [-71.24443, 42.328224]}, "properties": {"id": "newt-00285", "is_utility_pole": true, "pole_type": "wood_utility", "model_flags": ["vegetation"], "model_watch": ["lean_slight"], "lean": "slight", "crossarm": "none_visible", "vegetation": "touching", "transformer": false, "attachments_estimate": 1, "photos_assessed": 2, "capture_sequences": 1, "photo_shown_date": "2025-08", "latest_available_photo_date": "2025-08", "source_photo_url": "https://www.mapillary.com/app/?pKey=1324622959232143&focus=photo", "nearest_osm_pole_m": null}}, {"type": "Feature", "geometry": {"type": "Point", "coordinates": [-71.2445483, 42.3275267]}, "properties": {"id": "newt-00286", "is_utility_pole": true, "pole_type": "wood_utility", "model_flags": ["vegetation"], "model_watch": [], "lean": "none", "crossarm": "none_visible", "vegetation": "touching", "transformer": false, "attachments_estimate": 0, "photos_assessed": 3, "capture_sequences": 1, "photo_shown_date": "2025-08", "latest_available_photo_date": "2025-08", "source_photo_url": "https://www.mapillary.com/app/?pKey=748761237998395&focus=photo", "nearest_osm_pole_m": null}}, {"type": "Feature", "geometry": {"type": "Point", "coordinates": [-71.24456, 42.32714]}, "properties": {"id": "newt-00287", "is_utility_pole": true, "pole_type": "wood_utility", "model_flags": ["vegetation"], "model_watch": [], "lean": "none", "crossarm": "none_visible", "vegetation": "touching", "transformer": false, "attachments_estimate": 2, "photos_assessed": 2, "capture_sequences": 1, "photo_shown_date": "2025-08", "latest_available_photo_date": "2025-08", "source_photo_url": "https://www.mapillary.com/app/?pKey=633149966532903&focus=photo", "nearest_osm_pole_m": null}}, {"type": "Feature", "geometry": {"type": "Point", "coordinates": [-71.244545, 42.327694]}, "properties": {"id": "newt-00288", "is_utility_pole": false, "pole_type": "unclear", "model_flags": ["vegetation"], "model_watch": [], "lean": "unclear", "crossarm": "none_visible", "vegetation": "touching", "transformer": false, "attachments_estimate": 0, "photos_assessed": 1, "capture_sequences": 1, "photo_shown_date": "2025-08", "latest_available_photo_date": "2025-08", "source_photo_url": "https://www.mapillary.com/app/?pKey=1966384797451039&focus=photo", "nearest_osm_pole_m": null}}, {"type": "Feature", "geometry": {"type": "Point", "coordinates": [-71.25065, 42.32905]}, "properties": {"id": "newt-00289", "is_utility_pole": true, "pole_type": "wood_utility", "model_flags": [], "model_watch": [], "lean": "none", "crossarm": "intact", "vegetation": "none", "transformer": false, "attachments_estimate": 1, "photos_assessed": 2, "capture_sequences": 1, "photo_shown_date": "2025-04", "latest_available_photo_date": "2025-04", "source_photo_url": "https://www.mapillary.com/app/?pKey=691104090166448&focus=photo", "nearest_osm_pole_m": null}}, {"type": "Feature", "geometry": {"type": "Point", "coordinates": [-71.25105, 42.328846]}, "properties": {"id": "newt-00290", "is_utility_pole": true, "pole_type": "wood_utility", "model_flags": [], "model_watch": [], "lean": "none", "crossarm": "none_visible", "vegetation": "near", "transformer": false, "attachments_estimate": 1, "photos_assessed": 1, "capture_sequences": 1, "photo_shown_date": "2025-04", "latest_available_photo_date": "2025-04", "source_photo_url": "https://www.mapillary.com/app/?pKey=1362007401700769&focus=photo", "nearest_osm_pole_m": null}}, {"type": "Feature", "geometry": {"type": "Point", "coordinates": [-71.2500025, 42.32948]}, "properties": {"id": "newt-00291", "is_utility_pole": true, "pole_type": "wood_utility", "model_flags": [], "model_watch": [], "lean": "none", "crossarm": "intact", "vegetation": "none", "transformer": false, "attachments_estimate": 1, "photos_assessed": 4, "capture_sequences": 2, "photo_shown_date": "2025-04", "latest_available_photo_date": "2025-04", "source_photo_url": "https://www.mapillary.com/app/?pKey=693130046740691&focus=photo", "nearest_osm_pole_m": null}}, {"type": "Feature", "geometry": {"type": "Point", "coordinates": [-71.2505493, 42.3291433]}, "properties": {"id": "newt-00292", "is_utility_pole": true, "pole_type": "wood_utility", "model_flags": [], "model_watch": [], "lean": "none", "crossarm": "none_visible", "vegetation": "none", "transformer": false, "attachments_estimate": 2, "photos_assessed": 3, "capture_sequences": 1, "photo_shown_date": "2025-04", "latest_available_photo_date": "2025-04", "source_photo_url": "https://www.mapillary.com/app/?pKey=653407574100712&focus=photo", "nearest_osm_pole_m": null}}, {"type": "Feature", "geometry": {"type": "Point", "coordinates": [-71.2581275, 42.329584]}, "properties": {"id": "newt-00293", "is_utility_pole": true, "pole_type": "wood_utility", "model_flags": [], "model_watch": ["lean_slight"], "lean": "slight", "crossarm": "none_visible", "vegetation": "near", "transformer": false, "attachments_estimate": 2, "photos_assessed": 4, "capture_sequences": 1, "photo_shown_date": "2025-04", "latest_available_photo_date": "2025-04", "source_photo_url": "https://www.mapillary.com/app/?pKey=1726975157914586&focus=photo", "nearest_osm_pole_m": null}}, {"type": "Feature", "geometry": {"type": "Point", "coordinates": [-71.2582027, 42.3293497]}, "properties": {"id": "newt-00294", "is_utility_pole": true, "pole_type": "wood_utility", "model_flags": [], "model_watch": ["lean_slight"], "lean": "slight", "crossarm": "none_visible", "vegetation": "near", "transformer": false, "attachments_estimate": 1, "photos_assessed": 3, "capture_sequences": 2, "photo_shown_date": "2025-04", "latest_available_photo_date": "2025-10", "source_photo_url": "https://www.mapillary.com/app/?pKey=1387501772265355&focus=photo", "nearest_osm_pole_m": null}}, {"type": "Feature", "geometry": {"type": "Point", "coordinates": [-71.25811, 42.329674]}, "properties": {"id": "newt-00295", "is_utility_pole": true, "pole_type": "wood_utility", "model_flags": [], "model_watch": [], "lean": "none", "crossarm": "none_visible", "vegetation": "near", "transformer": false, "attachments_estimate": 2, "photos_assessed": 2, "capture_sequences": 1, "photo_shown_date": "2025-04", "latest_available_photo_date": "2025-04", "source_photo_url": "https://www.mapillary.com/app/?pKey=685084997379693&focus=photo", "nearest_osm_pole_m": null}}, {"type": "Feature", "geometry": {"type": "Point", "coordinates": [-71.258, 42.33004]}, "properties": {"id": "newt-00296", "is_utility_pole": true, "pole_type": "wood_utility", "model_flags": [], "model_watch": [], "lean": "none", "crossarm": "intact", "vegetation": "near", "transformer": false, "attachments_estimate": 2, "photos_assessed": 2, "capture_sequences": 1, "photo_shown_date": "2025-04", "latest_available_photo_date": "2025-04", "source_photo_url": "https://www.mapillary.com/app/?pKey=1183680766559312&focus=photo", "nearest_osm_pole_m": null}}, {"type": "Feature", "geometry": {"type": "Point", "coordinates": [-71.258085, 42.329818]}, "properties": {"id": "newt-00297", "is_utility_pole": true, "pole_type": "wood_utility", "model_flags": [], "model_watch": [], "lean": "none", "crossarm": "none_visible", "vegetation": "near", "transformer": false, "attachments_estimate": 1, "photos_assessed": 4, "capture_sequences": 1, "photo_shown_date": "2025-04", "latest_available_photo_date": "2025-04", "source_photo_url": "https://www.mapillary.com/app/?pKey=655677683767411&focus=photo", "nearest_osm_pole_m": null}}, {"type": "Feature", "geometry": {"type": "Point", "coordinates": [-71.258354, 42.32882]}, "properties": {"id": "newt-00298", "is_utility_pole": true, "pole_type": "wood_utility", "model_flags": ["vegetation"], "model_watch": [], "lean": "none", "crossarm": "none_visible", "vegetation": "touching", "transformer": false, "attachments_estimate": 1, "photos_assessed": 2, "capture_sequences": 1, "photo_shown_date": "2025-04", "latest_available_photo_date": "2025-04", "source_photo_url": "https://www.mapillary.com/app/?pKey=1616054782428479&focus=photo", "nearest_osm_pole_m": null}}, {"type": "Feature", "geometry": {"type": "Point", "coordinates": [-71.25799, 42.33013]}, "properties": {"id": "newt-00299", "is_utility_pole": true, "pole_type": "wood_utility", "model_flags": [], "model_watch": [], "lean": "none", "crossarm": "intact", "vegetation": "none", "transformer": false, "attachments_estimate": 2, "photos_assessed": 2, "capture_sequences": 1, "photo_shown_date": "2025-04", "latest_available_photo_date": "2025-04", "source_photo_url": "https://www.mapillary.com/app/?pKey=1021466332740434&focus=photo", "nearest_osm_pole_m": null}}, {"type": "Feature", "geometry": {"type": "Point", "coordinates": [-71.25803, 42.329884]}, "properties": {"id": "newt-00300", "is_utility_pole": true, "pole_type": "wood_utility", "model_flags": [], "model_watch": [], "lean": "none", "crossarm": "none_visible", "vegetation": "none", "transformer": false, "attachments_estimate": 2, "photos_assessed": 2, "capture_sequences": 1, "photo_shown_date": "2025-04", "latest_available_photo_date": "2025-04", "source_photo_url": "https://www.mapillary.com/app/?pKey=543850341712371&focus=photo", "nearest_osm_pole_m": null}}, {"type": "Feature", "geometry": {"type": "Point", "coordinates": [-71.25789, 42.33044]}, "properties": {"id": "newt-00301", "is_utility_pole": true, "pole_type": "wood_utility", "model_flags": ["lean"], "model_watch": [], "lean": "moderate", "crossarm": "intact", "vegetation": "none", "transformer": false, "attachments_estimate": 2, "photos_assessed": 2, "capture_sequences": 1, "photo_shown_date": "2025-04", "latest_available_photo_date": "2025-04", "source_photo_url": "https://www.mapillary.com/app/?pKey=1610015469658411&focus=photo", "nearest_osm_pole_m": null}}, {"type": "Feature", "geometry": {"type": "Point", "coordinates": [-71.258278, 42.329069]}, "properties": {"id": "newt-00302", "is_utility_pole": true, "pole_type": "wood_utility", "model_flags": [], "model_watch": [], "lean": "none", "crossarm": "none_visible", "vegetation": "none", "transformer": false, "attachments_estimate": 2, "photos_assessed": 4, "capture_sequences": 1, "photo_shown_date": "2025-04", "latest_available_photo_date": "2025-04", "source_photo_url": "https://www.mapillary.com/app/?pKey=1690105581604492&focus=photo", "nearest_osm_pole_m": null}}, {"type": "Feature", "geometry": {"type": "Point", "coordinates": [-71.25802, 42.329956]}, "properties": {"id": "newt-00303", "is_utility_pole": true, "pole_type": "wood_utility", "model_flags": [], "model_watch": [], "lean": "none", "crossarm": "intact", "vegetation": "near", "transformer": false, "attachments_estimate": 2, "photos_assessed": 2, "capture_sequences": 1, "photo_shown_date": "2025-04", "latest_available_photo_date": "2025-04", "source_photo_url": "https://www.mapillary.com/app/?pKey=2074558503038827&focus=photo", "nearest_osm_pole_m": null}}, {"type": "Feature", "geometry": {"type": "Point", "coordinates": [-71.258255, 42.32918]}, "properties": {"id": "newt-00304", "is_utility_pole": true, "pole_type": "wood_utility", "model_flags": [], "model_watch": [], "lean": "none", "crossarm": "none_visible", "vegetation": "near", "transformer": false, "attachments_estimate": 2, "photos_assessed": 2, "capture_sequences": 1, "photo_shown_date": "2025-04", "latest_available_photo_date": "2025-04", "source_photo_url": "https://www.mapillary.com/app/?pKey=534591129400566&focus=photo", "nearest_osm_pole_m": null}}, {"type": "Feature", "geometry": {"type": "Point", "coordinates": [-71.258415, 42.328495]}, "properties": {"id": "newt-00305", "is_utility_pole": true, "pole_type": "wood_utility", "model_flags": [], "model_watch": [], "lean": "none", "crossarm": "none_visible", "vegetation": "none", "transformer": false, "attachments_estimate": 2, "photos_assessed": 2, "capture_sequences": 1, "photo_shown_date": "2025-04", "latest_available_photo_date": "2025-04", "source_photo_url": "https://www.mapillary.com/app/?pKey=1329239221705516&focus=photo", "nearest_osm_pole_m": null}}, {"type": "Feature", "geometry": {"type": "Point", "coordinates": [-71.2516867, 42.3284673]}, "properties": {"id": "newt-00306", "is_utility_pole": true, "pole_type": "wood_utility", "model_flags": [], "model_watch": [], "lean": "none", "crossarm": "none_visible", "vegetation": "near", "transformer": false, "attachments_estimate": 1, "photos_assessed": 3, "capture_sequences": 1, "photo_shown_date": "2025-04", "latest_available_photo_date": "2025-04", "source_photo_url": "https://www.mapillary.com/app/?pKey=661938299781855&focus=photo", "nearest_osm_pole_m": null}}, {"type": "Feature", "geometry": {"type": "Point", "coordinates": [-71.251555, 42.3285025]}, "properties": {"id": "newt-00307", "is_utility_pole": true, "pole_type": "wood_utility", "model_flags": [], "model_watch": [], "lean": "none", "crossarm": "intact", "vegetation": "near", "transformer": false, "attachments_estimate": 1, "photos_assessed": 4, "capture_sequences": 2, "photo_shown_date": "2025-04", "latest_available_photo_date": "2025-04", "source_photo_url": "https://www.mapillary.com/app/?pKey=1035097095181508&focus=photo", "nearest_osm_pole_m": null}}, {"type": "Feature", "geometry": {"type": "Point", "coordinates": [-71.2526, 42.32772]}, "properties": {"id": "newt-00308", "is_utility_pole": true, "pole_type": "wood_utility", "model_flags": [], "model_watch": [], "lean": "none", "crossarm": "intact", "vegetation": "none", "transformer": false, "attachments_estimate": 1, "photos_assessed": 2, "capture_sequences": 1, "photo_shown_date": "2025-04", "latest_available_photo_date": "2025-04", "source_photo_url": "https://www.mapillary.com/app/?pKey=2465913137094977&focus=photo", "nearest_osm_pole_m": null}}, {"type": "Feature", "geometry": {"type": "Point", "coordinates": [-71.24688, 42.3292233]}, "properties": {"id": "newt-00309", "is_utility_pole": false, "pole_type": "other", "model_flags": ["vegetation"], "model_watch": [], "lean": "unclear", "crossarm": "none_visible", "vegetation": "touching", "transformer": false, "attachments_estimate": 0, "photos_assessed": 6, "capture_sequences": 1, "photo_shown_date": "2025-08", "latest_available_photo_date": "2025-08", "source_photo_url": "https://www.mapillary.com/app/?pKey=2125016361320139&focus=photo", "nearest_osm_pole_m": null}}, {"type": "Feature", "geometry": {"type": "Point", "coordinates": [-71.24703, 42.32944]}, "properties": {"id": "newt-00310", "is_utility_pole": true, "pole_type": "wood_utility", "model_flags": ["vegetation"], "model_watch": [], "lean": "unclear", "crossarm": "unclear", "vegetation": "touching", "transformer": false, "attachments_estimate": 0, "photos_assessed": 2, "capture_sequences": 1, "photo_shown_date": "2025-08", "latest_available_photo_date": "2025-08", "source_photo_url": "https://www.mapillary.com/app/?pKey=781906841190877&focus=photo", "nearest_osm_pole_m": null}}, {"type": "Feature", "geometry": {"type": "Point", "coordinates": [-71.246605, 42.32929]}, "properties": {"id": "newt-00311", "is_utility_pole": true, "pole_type": "wood_utility", "model_flags": [], "model_watch": [], "lean": "unclear", "crossarm": "unclear", "vegetation": "near", "transformer": false, "attachments_estimate": 1, "photos_assessed": 2, "capture_sequences": 1, "photo_shown_date": "2025-08", "latest_available_photo_date": "2025-08", "source_photo_url": "https://www.mapillary.com/app/?pKey=1267945441167551&focus=photo", "nearest_osm_pole_m": null}}, {"type": "Feature", "geometry": {"type": "Point", "coordinates": [-71.2469117, 42.3294133]}, "properties": {"id": "newt-00312", "is_utility_pole": true, "pole_type": "wood_utility", "model_flags": ["vegetation"], "model_watch": [], "lean": "none", "crossarm": "none_visible", "vegetation": "touching", "transformer": false, "attachments_estimate": 2, "photos_assessed": 3, "capture_sequences": 1, "photo_shown_date": "2025-08", "latest_available_photo_date": "2025-08", "source_photo_url": "https://www.mapillary.com/app/?pKey=1831158210797625&focus=photo", "nearest_osm_pole_m": null}}, {"type": "Feature", "geometry": {"type": "Point", "coordinates": [-71.24716, 42.328693]}, "properties": {"id": "newt-00313", "is_utility_pole": true, "pole_type": "wood_utility", "model_flags": ["vegetation"], "model_watch": [], "lean": "none", "crossarm": "none_visible", "vegetation": "touching", "transformer": false, "attachments_estimate": 2, "photos_assessed": 2, "capture_sequences": 1, "photo_shown_date": "2025-08", "latest_available_photo_date": "2025-08", "source_photo_url": "https://www.mapillary.com/app/?pKey=1505691590778870&focus=photo", "nearest_osm_pole_m": null}}, {"type": "Feature", "geometry": {"type": "Point", "coordinates": [-71.24693, 42.328964]}, "properties": {"id": "newt-00314", "is_utility_pole": true, "pole_type": "wood_utility", "model_flags": [], "model_watch": ["lean_slight"], "lean": "slight", "crossarm": "none_visible", "vegetation": "none", "transformer": true, "attachments_estimate": 2, "photos_assessed": 2, "capture_sequences": 1, "photo_shown_date": "2025-08", "latest_available_photo_date": "2025-08", "source_photo_url": "https://www.mapillary.com/app/?pKey=1104789181202145&focus=photo", "nearest_osm_pole_m": null}}, {"type": "Feature", "geometry": {"type": "Point", "coordinates": [-71.24742, 42.328484]}, "properties": {"id": "newt-00315", "is_utility_pole": true, "pole_type": "wood_utility", "model_flags": [], "model_watch": [], "lean": "none", "crossarm": "none_visible", "vegetation": "near", "transformer": false, "attachments_estimate": 1, "photos_assessed": 2, "capture_sequences": 1, "photo_shown_date": "2025-08", "latest_available_photo_date": "2025-08", "source_photo_url": "https://www.mapillary.com/app/?pKey=25340666448857146&focus=photo", "nearest_osm_pole_m": null}}, {"type": "Feature", "geometry": {"type": "Point", "coordinates": [-71.24814, 42.32416]}, "properties": {"id": "newt-00316", "is_utility_pole": true, "pole_type": "wood_utility", "model_flags": [], "model_watch": ["lean_slight"], "lean": "slight", "crossarm": "unclear", "vegetation": "near", "transformer": false, "attachments_estimate": 1, "photos_assessed": 2, "capture_sequences": 1, "photo_shown_date": "2025-08", "latest_available_photo_date": "2025-08", "source_photo_url": "https://www.mapillary.com/app/?pKey=1617501443031669&focus=photo", "nearest_osm_pole_m": null}}, {"type": "Feature", "geometry": {"type": "Point", "coordinates": [-71.24819, 42.3242393]}, "properties": {"id": "newt-00317", "is_utility_pole": true, "pole_type": "wood_utility", "model_flags": [], "model_watch": [], "lean": "none", "crossarm": "intact", "vegetation": "near", "transformer": false, "attachments_estimate": 1, "photos_assessed": 3, "capture_sequences": 1, "photo_shown_date": "2025-08", "latest_available_photo_date": "2025-08", "source_photo_url": "https://www.mapillary.com/app/?pKey=1140212424646694&focus=photo", "nearest_osm_pole_m": null}}, {"type": "Feature", "geometry": {"type": "Point", "coordinates": [-71.24798, 42.324]}, "properties": {"id": "newt-00318", "is_utility_pole": true, "pole_type": "wood_utility", "model_flags": [], "model_watch": [], "lean": "none", "crossarm": "none_visible", "vegetation": "none", "transformer": false, "attachments_estimate": 1, "photos_assessed": 2, "capture_sequences": 1, "photo_shown_date": "2025-08", "latest_available_photo_date": "2025-08", "source_photo_url": "https://www.mapillary.com/app/?pKey=1732807110701346&focus=photo", "nearest_osm_pole_m": null}}, {"type": "Feature", "geometry": {"type": "Point", "coordinates": [-71.247608, 42.3238293]}, "properties": {"id": "newt-00319", "is_utility_pole": true, "pole_type": "wood_utility", "model_flags": ["double", "lean", "vegetation"], "model_watch": [], "lean": "severe", "crossarm": "none_visible", "vegetation": "touching", "transformer": false, "attachments_estimate": 1, "photos_assessed": 3, "capture_sequences": 1, "photo_shown_date": "2025-08", "latest_available_photo_date": "2025-08", "source_photo_url": "https://www.mapillary.com/app/?pKey=770211009039330&focus=photo", "nearest_osm_pole_m": null}}, {"type": "Feature", "geometry": {"type": "Point", "coordinates": [-71.24813, 42.323814]}, "properties": {"id": "newt-00320", "is_utility_pole": true, "pole_type": "wood_utility", "model_flags": ["vegetation"], "model_watch": [], "lean": "none", "crossarm": "none_visible", "vegetation": "touching", "transformer": false, "attachments_estimate": 0, "photos_assessed": 2, "capture_sequences": 1, "photo_shown_date": "2025-08", "latest_available_photo_date": "2025-08", "source_photo_url": "https://www.mapillary.com/app/?pKey=622126867375827&focus=photo", "nearest_osm_pole_m": null}}, {"type": "Feature", "geometry": {"type": "Point", "coordinates": [-71.24822, 42.324]}, "properties": {"id": "newt-00321", "is_utility_pole": true, "pole_type": "wood_utility", "model_flags": ["vegetation"], "model_watch": [], "lean": "none", "crossarm": "unclear", "vegetation": "touching", "transformer": false, "attachments_estimate": 0, "photos_assessed": 2, "capture_sequences": 1, "photo_shown_date": "2025-08", "latest_available_photo_date": "2025-08", "source_photo_url": "https://www.mapillary.com/app/?pKey=2644624339210399&focus=photo", "nearest_osm_pole_m": null}}, {"type": "Feature", "geometry": {"type": "Point", "coordinates": [-71.247, 42.323666]}, "properties": {"id": "newt-00322", "is_utility_pole": true, "pole_type": "wood_utility", "model_flags": ["vegetation"], "model_watch": ["lean_slight"], "lean": "slight", "crossarm": "none_visible", "vegetation": "touching", "transformer": false, "attachments_estimate": 2, "photos_assessed": 2, "capture_sequences": 1, "photo_shown_date": "2025-08", "latest_available_photo_date": "2025-08", "source_photo_url": "https://www.mapillary.com/app/?pKey=1314763900173174&focus=photo", "nearest_osm_pole_m": null}}, {"type": "Feature", "geometry": {"type": "Point", "coordinates": [-71.24704, 42.32355]}, "properties": {"id": "newt-00323", "is_utility_pole": false, "pole_type": "other", "model_flags": [], "model_watch": [], "lean": "unclear", "crossarm": "none_visible", "vegetation": "unclear", "transformer": false, "attachments_estimate": 0, "photos_assessed": 1, "capture_sequences": 1, "photo_shown_date": "2025-08", "latest_available_photo_date": "2025-08", "source_photo_url": "https://www.mapillary.com/app/?pKey=1132088952351692&focus=photo", "nearest_osm_pole_m": null}}, {"type": "Feature", "geometry": {"type": "Point", "coordinates": [-71.2473033, 42.3237127]}, "properties": {"id": "newt-00324", "is_utility_pole": true, "pole_type": "wood_utility", "model_flags": ["vegetation"], "model_watch": [], "lean": "none", "crossarm": "none_visible", "vegetation": "touching", "transformer": false, "attachments_estimate": 1, "photos_assessed": 3, "capture_sequences": 1, "photo_shown_date": "2025-08", "latest_available_photo_date": "2025-08", "source_photo_url": "https://www.mapillary.com/app/?pKey=1429637018105537&focus=photo", "nearest_osm_pole_m": null}}, {"type": "Feature", "geometry": {"type": "Point", "coordinates": [-71.24753, 42.32376]}, "properties": {"id": "newt-00325", "is_utility_pole": true, "pole_type": "wood_utility", "model_flags": ["vegetation"], "model_watch": [], "lean": "none", "crossarm": "none_visible", "vegetation": "touching", "transformer": false, "attachments_estimate": 1, "photos_assessed": 1, "capture_sequences": 1, "photo_shown_date": "2025-08", "latest_available_photo_date": "2025-08", "source_photo_url": "https://www.mapillary.com/app/?pKey=699294816458925&focus=photo", "nearest_osm_pole_m": null}}, {"type": "Feature", "geometry": {"type": "Point", "coordinates": [-71.24707, 42.327686]}, "properties": {"id": "newt-00326", "is_utility_pole": true, "pole_type": "wood_utility", "model_flags": [], "model_watch": ["lean_slight"], "lean": "slight", "crossarm": "none_visible", "vegetation": "near", "transformer": false, "attachments_estimate": 1, "photos_assessed": 2, "capture_sequences": 1, "photo_shown_date": "2025-08", "latest_available_photo_date": "2025-08", "source_photo_url": "https://www.mapillary.com/app/?pKey=631760062970509&focus=photo", "nearest_osm_pole_m": null}}, {"type": "Feature", "geometry": {"type": "Point", "coordinates": [-71.24732, 42.328037]}, "properties": {"id": "newt-00327", "is_utility_pole": true, "pole_type": "wood_utility", "model_flags": ["lean"], "model_watch": [], "lean": "moderate", "crossarm": "none_visible", "vegetation": "near", "transformer": false, "attachments_estimate": 1, "photos_assessed": 1, "capture_sequences": 1, "photo_shown_date": "2025-08", "latest_available_photo_date": "2025-08", "source_photo_url": "https://www.mapillary.com/app/?pKey=1349127996735594&focus=photo", "nearest_osm_pole_m": null}}, {"type": "Feature", "geometry": {"type": "Point", "coordinates": [-71.24782, 42.328487]}, "properties": {"id": "newt-00328", "is_utility_pole": true, "pole_type": "wood_utility", "model_flags": ["vegetation"], "model_watch": [], "lean": "none", "crossarm": "none_visible", "vegetation": "touching", "transformer": false, "attachments_estimate": 0, "photos_assessed": 1, "capture_sequences": 1, "photo_shown_date": "2025-08", "latest_available_photo_date": "2025-08", "source_photo_url": "https://www.mapillary.com/app/?pKey=1197904408764524&focus=photo", "nearest_osm_pole_m": null}}, {"type": "Feature", "geometry": {"type": "Point", "coordinates": [-71.247955, 42.328545]}, "properties": {"id": "newt-00329", "is_utility_pole": true, "pole_type": "wood_utility", "model_flags": ["vegetation"], "model_watch": [], "lean": "unclear", "crossarm": "none_visible", "vegetation": "touching", "transformer": false, "attachments_estimate": 0, "photos_assessed": 1, "capture_sequences": 1, "photo_shown_date": "2025-08", "latest_available_photo_date": "2025-08", "source_photo_url": "https://www.mapillary.com/app/?pKey=764525599770052&focus=photo", "nearest_osm_pole_m": null}}, {"type": "Feature", "geometry": {"type": "Point", "coordinates": [-71.247246, 42.32794]}, "properties": {"id": "newt-00330", "is_utility_pole": true, "pole_type": "wood_utility", "model_flags": [], "model_watch": ["lean_slight"], "lean": "slight", "crossarm": "none_visible", "vegetation": "near", "transformer": false, "attachments_estimate": 1, "photos_assessed": 2, "capture_sequences": 1, "photo_shown_date": "2025-08", "latest_available_photo_date": "2025-08", "source_photo_url": "https://www.mapillary.com/app/?pKey=618278531105596&focus=photo", "nearest_osm_pole_m": null}}, {"type": "Feature", "geometry": {"type": "Point", "coordinates": [-71.24719, 42.327847]}, "properties": {"id": "newt-00331", "is_utility_pole": true, "pole_type": "wood_utility", "model_flags": [], "model_watch": ["lean_slight"], "lean": "slight", "crossarm": "none_visible", "vegetation": "near", "transformer": false, "attachments_estimate": 1, "photos_assessed": 2, "capture_sequences": 1, "photo_shown_date": "2025-08", "latest_available_photo_date": "2025-08", "source_photo_url": "https://www.mapillary.com/app/?pKey=1225902526218423&focus=photo", "nearest_osm_pole_m": null}}, {"type": "Feature", "geometry": {"type": "Point", "coordinates": [-71.24665, 42.326866]}, "properties": {"id": "newt-00332", "is_utility_pole": true, "pole_type": "wood_utility", "model_flags": ["vegetation"], "model_watch": [], "lean": "none", "crossarm": "none_visible", "vegetation": "touching", "transformer": false, "attachments_estimate": 1, "photos_assessed": 2, "capture_sequences": 1, "photo_shown_date": "2025-08", "latest_available_photo_date": "2025-08", "source_photo_url": "https://www.mapillary.com/app/?pKey=738862968971852&focus=photo", "nearest_osm_pole_m": null}}, {"type": "Feature", "geometry": {"type": "Point", "coordinates": [-71.246735, 42.32704]}, "properties": {"id": "newt-00333", "is_utility_pole": true, "pole_type": "wood_utility", "model_flags": [], "model_watch": [], "lean": "none", "crossarm": "none_visible", "vegetation": "near", "transformer": false, "attachments_estimate": 1, "photos_assessed": 2, "capture_sequences": 1, "photo_shown_date": "2025-08", "latest_available_photo_date": "2025-08", "source_photo_url": "https://www.mapillary.com/app/?pKey=1890519411491398&focus=photo", "nearest_osm_pole_m": null}}, {"type": "Feature", "geometry": {"type": "Point", "coordinates": [-71.2468, 42.327175]}, "properties": {"id": "newt-00334", "is_utility_pole": true, "pole_type": "wood_utility", "model_flags": [], "model_watch": [], "lean": "none", "crossarm": "none_visible", "vegetation": "near", "transformer": false, "attachments_estimate": 1, "photos_assessed": 1, "capture_sequences": 1, "photo_shown_date": "2025-08", "latest_available_photo_date": "2025-08", "source_photo_url": "https://www.mapillary.com/app/?pKey=1838005636790397&focus=photo", "nearest_osm_pole_m": null}}, {"type": "Feature", "geometry": {"type": "Point", "coordinates": [-71.24655, 42.326748]}, "properties": {"id": "newt-00335", "is_utility_pole": true, "pole_type": "wood_utility", "model_flags": ["vegetation"], "model_watch": [], "lean": "none", "crossarm": "none_visible", "vegetation": "touching", "transformer": false, "attachments_estimate": 1, "photos_assessed": 2, "capture_sequences": 1, "photo_shown_date": "2025-08", "latest_available_photo_date": "2025-08", "source_photo_url": "https://www.mapillary.com/app/?pKey=1450436136279724&focus=photo", "nearest_osm_pole_m": null}}, {"type": "Feature", "geometry": {"type": "Point", "coordinates": [-71.246506, 42.32655]}, "properties": {"id": "newt-00336", "is_utility_pole": true, "pole_type": "wood_utility", "model_flags": ["vegetation"], "model_watch": [], "lean": "none", "crossarm": "none_visible", "vegetation": "touching", "transformer": false, "attachments_estimate": 1, "photos_assessed": 2, "capture_sequences": 1, "photo_shown_date": "2025-08", "latest_available_photo_date": "2025-08", "source_photo_url": "https://www.mapillary.com/app/?pKey=1112744894127728&focus=photo", "nearest_osm_pole_m": null}}, {"type": "Feature", "geometry": {"type": "Point", "coordinates": [-71.2525, 42.328346]}, "properties": {"id": "newt-00337", "is_utility_pole": true, "pole_type": "wood_utility", "model_flags": ["vegetation"], "model_watch": [], "lean": "none", "crossarm": "intact", "vegetation": "touching", "transformer": false, "attachments_estimate": 0, "photos_assessed": 2, "capture_sequences": 1, "photo_shown_date": "2024-04", "latest_available_photo_date": "2024-04", "source_photo_url": "https://www.mapillary.com/app/?pKey=328504859942457&focus=photo", "nearest_osm_pole_m": null}}, {"type": "Feature", "geometry": {"type": "Point", "coordinates": [-71.2461, 42.32277]}, "properties": {"id": "newt-00338", "is_utility_pole": true, "pole_type": "wood_utility", "model_flags": ["lean", "vegetation"], "model_watch": [], "lean": "moderate", "crossarm": "none_visible", "vegetation": "touching", "transformer": false, "attachments_estimate": 1, "photos_assessed": 2, "capture_sequences": 1, "photo_shown_date": "2025-08", "latest_available_photo_date": "2025-08", "source_photo_url": "https://www.mapillary.com/app/?pKey=626482970230182&focus=photo", "nearest_osm_pole_m": null}}, {"type": "Feature", "geometry": {"type": "Point", "coordinates": [-71.24633, 42.32298]}, "properties": {"id": "newt-00339", "is_utility_pole": true, "pole_type": "wood_utility", "model_flags": [], "model_watch": [], "lean": "none", "crossarm": "none_visible", "vegetation": "near", "transformer": false, "attachments_estimate": 0, "photos_assessed": 2, "capture_sequences": 1, "photo_shown_date": "2025-08", "latest_available_photo_date": "2025-08", "source_photo_url": "https://www.mapillary.com/app/?pKey=771810932215259&focus=photo", "nearest_osm_pole_m": null}}, {"type": "Feature", "geometry": {"type": "Point", "coordinates": [-71.2461733, 42.321768]}, "properties": {"id": "newt-00340", "is_utility_pole": true, "pole_type": "wood_utility", "model_flags": ["vegetation"], "model_watch": [], "lean": "unclear", "crossarm": "none_visible", "vegetation": "touching", "transformer": false, "attachments_estimate": 0, "photos_assessed": 3, "capture_sequences": 1, "photo_shown_date": "2025-08", "latest_available_photo_date": "2025-08", "source_photo_url": "https://www.mapillary.com/app/?pKey=1783739348927554&focus=photo", "nearest_osm_pole_m": null}}, {"type": "Feature", "geometry": {"type": "Point", "coordinates": [-71.247268, 42.322267]}, "properties": {"id": "newt-00341", "is_utility_pole": true, "pole_type": "wood_utility", "model_flags": ["vegetation"], "model_watch": [], "lean": "none", "crossarm": "none_visible", "vegetation": "touching", "transformer": false, "attachments_estimate": 0, "photos_assessed": 4, "capture_sequences": 1, "photo_shown_date": "2025-08", "latest_available_photo_date": "2025-08", "source_photo_url": "https://www.mapillary.com/app/?pKey=625067197044313&focus=photo", "nearest_osm_pole_m": null}}, {"type": "Feature", "geometry": {"type": "Point", "coordinates": [-71.246895, 42.322456]}, "properties": {"id": "newt-00342", "is_utility_pole": true, "pole_type": "wood_utility", "model_flags": ["vegetation"], "model_watch": [], "lean": "none", "crossarm": "none_visible", "vegetation": "touching", "transformer": false, "attachments_estimate": 0, "photos_assessed": 2, "capture_sequences": 1, "photo_shown_date": "2025-08", "latest_available_photo_date": "2025-08", "source_photo_url": "https://www.mapillary.com/app/?pKey=1447118513122950&focus=photo", "nearest_osm_pole_m": null}}, {"type": "Feature", "geometry": {"type": "Point", "coordinates": [-71.247, 42.322044]}, "properties": {"id": "newt-00343", "is_utility_pole": true, "pole_type": "wood_utility", "model_flags": ["vegetation"], "model_watch": ["lean_slight"], "lean": "slight", "crossarm": "none_visible", "vegetation": "touching", "transformer": false, "attachments_estimate": 1, "photos_assessed": 2, "capture_sequences": 1, "photo_shown_date": "2025-08", "latest_available_photo_date": "2025-08", "source_photo_url": "https://www.mapillary.com/app/?pKey=766100982733381&focus=photo", "nearest_osm_pole_m": null}}, {"type": "Feature", "geometry": {"type": "Point", "coordinates": [-71.24439, 42.321968]}, "properties": {"id": "newt-00344", "is_utility_pole": true, "pole_type": "wood_utility", "model_flags": ["vegetation"], "model_watch": [], "lean": "none", "crossarm": "none_visible", "vegetation": "touching", "transformer": false, "attachments_estimate": 2, "photos_assessed": 1, "capture_sequences": 1, "photo_shown_date": "2025-08", "latest_available_photo_date": "2025-08", "source_photo_url": "https://www.mapillary.com/app/?pKey=2484965535223019&focus=photo", "nearest_osm_pole_m": null}}, {"type": "Feature", "geometry": {"type": "Point", "coordinates": [-71.24589, 42.32178]}, "properties": {"id": "newt-00345", "is_utility_pole": false, "pole_type": "unclear", "model_flags": ["vegetation"], "model_watch": [], "lean": "unclear", "crossarm": "unclear", "vegetation": "touching", "transformer": false, "attachments_estimate": 0, "photos_assessed": 2, "capture_sequences": 1, "photo_shown_date": "2025-08", "latest_available_photo_date": "2025-08", "source_photo_url": "https://www.mapillary.com/app/?pKey=1466966627873500&focus=photo", "nearest_osm_pole_m": null}}, {"type": "Feature", "geometry": {"type": "Point", "coordinates": [-71.2456148, 42.3218214]}, "properties": {"id": "newt-00346", "is_utility_pole": true, "pole_type": "wood_utility", "model_flags": ["vegetation"], "model_watch": [], "lean": "unclear", "crossarm": "none_visible", "vegetation": "touching", "transformer": false, "attachments_estimate": 0, "photos_assessed": 5, "capture_sequences": 2, "photo_shown_date": "2025-08", "latest_available_photo_date": "2025-08", "source_photo_url": "https://www.mapillary.com/app/?pKey=1487770698896365&focus=photo", "nearest_osm_pole_m": null}}, {"type": "Feature", "geometry": {"type": "Point", "coordinates": [-71.24505, 42.322033]}, "properties": {"id": "newt-00347", "is_utility_pole": true, "pole_type": "wood_utility", "model_flags": ["vegetation"], "model_watch": ["lean_slight"], "lean": "slight", "crossarm": "none_visible", "vegetation": "touching", "transformer": false, "attachments_estimate": 2, "photos_assessed": 1, "capture_sequences": 1, "photo_shown_date": "2025-08", "latest_available_photo_date": "2025-08", "source_photo_url": "https://www.mapillary.com/app/?pKey=756610360512883&focus=photo", "nearest_osm_pole_m": null}}, {"type": "Feature", "geometry": {"type": "Point", "coordinates": [-71.24366, 42.3219667]}, "properties": {"id": "newt-00348", "is_utility_pole": true, "pole_type": "wood_utility", "model_flags": ["vegetation"], "model_watch": [], "lean": "unclear", "crossarm": "intact", "vegetation": "touching", "transformer": false, "attachments_estimate": 2, "photos_assessed": 3, "capture_sequences": 1, "photo_shown_date": "2025-08", "latest_available_photo_date": "2025-08", "source_photo_url": "https://www.mapillary.com/app/?pKey=24096300500041806&focus=photo", "nearest_osm_pole_m": null}}, {"type": "Feature", "geometry": {"type": "Point", "coordinates": [-71.246085, 42.32179]}, "properties": {"id": "newt-00349", "is_utility_pole": true, "pole_type": "wood_utility", "model_flags": ["lean"], "model_watch": [], "lean": "moderate", "crossarm": "none_visible", "vegetation": "near", "transformer": false, "attachments_estimate": 1, "photos_assessed": 4, "capture_sequences": 2, "photo_shown_date": "2025-04", "latest_available_photo_date": "2025-08", "source_photo_url": "https://www.mapillary.com/app/?pKey=569710052903070&focus=photo", "nearest_osm_pole_m": null}}, {"type": "Feature", "geometry": {"type": "Point", "coordinates": [-71.257835, 42.325356]}, "properties": {"id": "newt-00350", "is_utility_pole": true, "pole_type": "wood_utility", "model_flags": [], "model_watch": [], "lean": "none", "crossarm": "none_visible", "vegetation": "near", "transformer": false, "attachments_estimate": 2, "photos_assessed": 2, "capture_sequences": 1, "photo_shown_date": "2025-04", "latest_available_photo_date": "2025-04", "source_photo_url": "https://www.mapillary.com/app/?pKey=992857083036985&focus=photo", "nearest_osm_pole_m": null}}, {"type": "Feature", "geometry": {"type": "Point", "coordinates": [-71.25757, 42.32533]}, "properties": {"id": "newt-00351", "is_utility_pole": true, "pole_type": "wood_utility", "model_flags": [], "model_watch": ["lean_slight"], "lean": "slight", "crossarm": "none_visible", "vegetation": "near", "transformer": false, "attachments_estimate": 2, "photos_assessed": 2, "capture_sequences": 1, "photo_shown_date": "2025-03", "latest_available_photo_date": "2025-03", "source_photo_url": "https://www.mapillary.com/app/?pKey=960902719563576&focus=photo", "nearest_osm_pole_m": null}}, {"type": "Feature", "geometry": {"type": "Point", "coordinates": [-71.24407, 42.328907]}, "properties": {"id": "newt-00352", "is_utility_pole": true, "pole_type": "wood_utility", "model_flags": [], "model_watch": [], "lean": "none", "crossarm": "none_visible", "vegetation": "near", "transformer": false, "attachments_estimate": 2, "photos_assessed": 2, "capture_sequences": 1, "photo_shown_date": "2025-05", "latest_available_photo_date": "2025-05", "source_photo_url": "https://www.mapillary.com/app/?pKey=4095853024075728&focus=photo", "nearest_osm_pole_m": null}}, {"type": "Feature", "geometry": {"type": "Point", "coordinates": [-71.24502, 42.324234]}, "properties": {"id": "newt-00353", "is_utility_pole": true, "pole_type": "wood_utility", "model_flags": ["vegetation"], "model_watch": ["lean_slight"], "lean": "slight", "crossarm": "none_visible", "vegetation": "touching", "transformer": false, "attachments_estimate": 1, "photos_assessed": 1, "capture_sequences": 1, "photo_shown_date": "2025-08", "latest_available_photo_date": "2025-08", "source_photo_url": "https://www.mapillary.com/app/?pKey=4110228212564521&focus=photo", "nearest_osm_pole_m": null}}, {"type": "Feature", "geometry": {"type": "Point", "coordinates": [-71.2449975, 42.3247945]}, "properties": {"id": "newt-00354", "is_utility_pole": true, "pole_type": "wood_utility", "model_flags": ["vegetation"], "model_watch": [], "lean": "unclear", "crossarm": "unclear", "vegetation": "touching", "transformer": false, "attachments_estimate": 0, "photos_assessed": 4, "capture_sequences": 1, "photo_shown_date": "2025-08", "latest_available_photo_date": "2025-08", "source_photo_url": "https://www.mapillary.com/app/?pKey=781569547592094&focus=photo", "nearest_osm_pole_m": null}}, {"type": "Feature", "geometry": {"type": "Point", "coordinates": [-71.24489, 42.325073]}, "properties": {"id": "newt-00355", "is_utility_pole": true, "pole_type": "wood_utility", "model_flags": ["vegetation"], "model_watch": [], "lean": "unclear", "crossarm": "unclear", "vegetation": "touching", "transformer": false, "attachments_estimate": 0, "photos_assessed": 2, "capture_sequences": 1, "photo_shown_date": "2025-08", "latest_available_photo_date": "2025-08", "source_photo_url": "https://www.mapillary.com/app/?pKey=3037114209796679&focus=photo", "nearest_osm_pole_m": null}}, {"type": "Feature", "geometry": {"type": "Point", "coordinates": [-71.24503, 42.32447]}, "properties": {"id": "newt-00356", "is_utility_pole": true, "pole_type": "wood_utility", "model_flags": [], "model_watch": ["lean_slight"], "lean": "slight", "crossarm": "none_visible", "vegetation": "near", "transformer": false, "attachments_estimate": 1, "photos_assessed": 2, "capture_sequences": 1, "photo_shown_date": "2025-08", "latest_available_photo_date": "2025-08", "source_photo_url": "https://www.mapillary.com/app/?pKey=1557307101908854&focus=photo", "nearest_osm_pole_m": null}}, {"type": "Feature", "geometry": {"type": "Point", "coordinates": [-71.245, 42.324566]}, "properties": {"id": "newt-00357", "is_utility_pole": false, "pole_type": "unclear", "model_flags": [], "model_watch": [], "lean": "unclear", "crossarm": "none_visible", "vegetation": "unclear", "transformer": false, "attachments_estimate": 0, "photos_assessed": 3, "capture_sequences": 1, "photo_shown_date": "2025-08", "latest_available_photo_date": "2025-08", "source_photo_url": "https://www.mapillary.com/app/?pKey=2151698302009248&focus=photo", "nearest_osm_pole_m": null}}, {"type": "Feature", "geometry": {"type": "Point", "coordinates": [-71.24517, 42.324192]}, "properties": {"id": "newt-00358", "is_utility_pole": true, "pole_type": "wood_utility", "model_flags": [], "model_watch": [], "lean": "none", "crossarm": "none_visible", "vegetation": "near", "transformer": false, "attachments_estimate": 1, "photos_assessed": 2, "capture_sequences": 1, "photo_shown_date": "2025-08", "latest_available_photo_date": "2025-08", "source_photo_url": "https://www.mapillary.com/app/?pKey=1163316925742857&focus=photo", "nearest_osm_pole_m": null}}, {"type": "Feature", "geometry": {"type": "Point", "coordinates": [-71.24504, 42.32504]}, "properties": {"id": "newt-00359", "is_utility_pole": true, "pole_type": "wood_utility", "model_flags": ["vegetation"], "model_watch": [], "lean": "unclear", "crossarm": "unclear", "vegetation": "touching", "transformer": false, "attachments_estimate": 1, "photos_assessed": 2, "capture_sequences": 1, "photo_shown_date": "2025-08", "latest_available_photo_date": "2025-08", "source_photo_url": "https://www.mapillary.com/app/?pKey=3140509259444106&focus=photo", "nearest_osm_pole_m": null}}, {"type": "Feature", "geometry": {"type": "Point", "coordinates": [-71.24509, 42.324326]}, "properties": {"id": "newt-00360", "is_utility_pole": true, "pole_type": "wood_utility", "model_flags": ["vegetation"], "model_watch": [], "lean": "none", "crossarm": "none_visible", "vegetation": "touching", "transformer": false, "attachments_estimate": 1, "photos_assessed": 1, "capture_sequences": 1, "photo_shown_date": "2025-08", "latest_available_photo_date": "2025-08", "source_photo_url": "https://www.mapillary.com/app/?pKey=782898954108303&focus=photo", "nearest_osm_pole_m": null}}, {"type": "Feature", "geometry": {"type": "Point", "coordinates": [-71.25207, 42.326603]}, "properties": {"id": "newt-00361", "is_utility_pole": true, "pole_type": "wood_utility", "model_flags": [], "model_watch": [], "lean": "none", "crossarm": "none_visible", "vegetation": "none", "transformer": false, "attachments_estimate": 0, "photos_assessed": 2, "capture_sequences": 1, "photo_shown_date": "2025-10", "latest_available_photo_date": "2025-10", "source_photo_url": "https://www.mapillary.com/app/?pKey=1311814093749521&focus=photo", "nearest_osm_pole_m": null}}, {"type": "Feature", "geometry": {"type": "Point", "coordinates": [-71.25173, 42.326508]}, "properties": {"id": "newt-00362", "is_utility_pole": true, "pole_type": "wood_utility", "model_flags": [], "model_watch": ["lean_slight"], "lean": "slight", "crossarm": "none_visible", "vegetation": "none", "transformer": false, "attachments_estimate": 0, "photos_assessed": 2, "capture_sequences": 1, "photo_shown_date": "2025-10", "latest_available_photo_date": "2025-10", "source_photo_url": "https://www.mapillary.com/app/?pKey=1319089232405925&focus=photo", "nearest_osm_pole_m": null}}, {"type": "Feature", "geometry": {"type": "Point", "coordinates": [-71.25098, 42.326134]}, "properties": {"id": "newt-00363", "is_utility_pole": true, "pole_type": "wood_utility", "model_flags": ["lean", "vegetation"], "model_watch": [], "lean": "moderate", "crossarm": "none_visible", "vegetation": "touching", "transformer": false, "attachments_estimate": 0, "photos_assessed": 2, "capture_sequences": 1, "photo_shown_date": "2025-10", "latest_available_photo_date": "2025-10", "source_photo_url": "https://www.mapillary.com/app/?pKey=829087423016388&focus=photo", "nearest_osm_pole_m": null}}, {"type": "Feature", "geometry": {"type": "Point", "coordinates": [-71.250656, 42.32599]}, "properties": {"id": "newt-00364", "is_utility_pole": true, "pole_type": "wood_utility", "model_flags": [], "model_watch": [], "lean": "none", "crossarm": "none_visible", "vegetation": "near", "transformer": false, "attachments_estimate": 0, "photos_assessed": 2, "capture_sequences": 1, "photo_shown_date": "2025-10", "latest_available_photo_date": "2025-10", "source_photo_url": "https://www.mapillary.com/app/?pKey=810883171357068&focus=photo", "nearest_osm_pole_m": null}}, {"type": "Feature", "geometry": {"type": "Point", "coordinates": [-71.253426, 42.330402]}, "properties": {"id": "newt-00365", "is_utility_pole": false, "pole_type": "unclear", "model_flags": [], "model_watch": [], "lean": "unclear", "crossarm": "unclear", "vegetation": "unclear", "transformer": false, "attachments_estimate": 0, "photos_assessed": 2, "capture_sequences": 1, "photo_shown_date": "2026-07", "latest_available_photo_date": "2026-07", "source_photo_url": "https://www.mapillary.com/app/?pKey=1872061090868894&focus=photo", "nearest_osm_pole_m": null}}, {"type": "Feature", "geometry": {"type": "Point", "coordinates": [-71.24941, 42.327415]}, "properties": {"id": "newt-00366", "is_utility_pole": true, "pole_type": "wood_utility", "model_flags": [], "model_watch": [], "lean": "none", "crossarm": "none_visible", "vegetation": "near", "transformer": false, "attachments_estimate": 1, "photos_assessed": 2, "capture_sequences": 1, "photo_shown_date": "2025-08", "latest_available_photo_date": "2025-08", "source_photo_url": "https://www.mapillary.com/app/?pKey=2281874738916424&focus=photo", "nearest_osm_pole_m": null}}, {"type": "Feature", "geometry": {"type": "Point", "coordinates": [-71.24884, 42.327347]}, "properties": {"id": "newt-00367", "is_utility_pole": true, "pole_type": "wood_utility", "model_flags": [], "model_watch": ["lean_slight"], "lean": "slight", "crossarm": "none_visible", "vegetation": "near", "transformer": false, "attachments_estimate": 1, "photos_assessed": 2, "capture_sequences": 1, "photo_shown_date": "2025-08", "latest_available_photo_date": "2025-08", "source_photo_url": "https://www.mapillary.com/app/?pKey=1201759515311824&focus=photo", "nearest_osm_pole_m": null}}, {"type": "Feature", "geometry": {"type": "Point", "coordinates": [-71.24975, 42.327156]}, "properties": {"id": "newt-00368", "is_utility_pole": true, "pole_type": "wood_utility", "model_flags": [], "model_watch": [], "lean": "none", "crossarm": "none_visible", "vegetation": "near", "transformer": false, "attachments_estimate": 1, "photos_assessed": 2, "capture_sequences": 1, "photo_shown_date": "2025-08", "latest_available_photo_date": "2025-08", "source_photo_url": "https://www.mapillary.com/app/?pKey=1319939566533474&focus=photo", "nearest_osm_pole_m": null}}, {"type": "Feature", "geometry": {"type": "Point", "coordinates": [-71.24914, 42.32736]}, "properties": {"id": "newt-00369", "is_utility_pole": true, "pole_type": "wood_utility", "model_flags": [], "model_watch": [], "lean": "none", "crossarm": "none_visible", "vegetation": "near", "transformer": false, "attachments_estimate": 1, "photos_assessed": 2, "capture_sequences": 1, "photo_shown_date": "2025-08", "latest_available_photo_date": "2025-08", "source_photo_url": "https://www.mapillary.com/app/?pKey=1318485969933636&focus=photo", "nearest_osm_pole_m": null}}, {"type": "Feature", "geometry": {"type": "Point", "coordinates": [-71.24952, 42.327377]}, "properties": {"id": "newt-00370", "is_utility_pole": true, "pole_type": "wood_utility", "model_flags": [], "model_watch": ["lean_slight"], "lean": "slight", "crossarm": "none_visible", "vegetation": "near", "transformer": false, "attachments_estimate": 2, "photos_assessed": 2, "capture_sequences": 1, "photo_shown_date": "2025-08", "latest_available_photo_date": "2025-08", "source_photo_url": "https://www.mapillary.com/app/?pKey=657591737370661&focus=photo", "nearest_osm_pole_m": null}}, {"type": "Feature", "geometry": {"type": "Point", "coordinates": [-71.24925, 42.327404]}, "properties": {"id": "newt-00371", "is_utility_pole": false, "pole_type": "unclear", "model_flags": ["vegetation"], "model_watch": [], "lean": "unclear", "crossarm": "none_visible", "vegetation": "touching", "transformer": false, "attachments_estimate": 0, "photos_assessed": 1, "capture_sequences": 1, "photo_shown_date": "2025-08", "latest_available_photo_date": "2025-08", "source_photo_url": "https://www.mapillary.com/app/?pKey=786276947244175&focus=photo", "nearest_osm_pole_m": null}}, {"type": "Feature", "geometry": {"type": "Point", "coordinates": [-71.2518, 42.32784]}, "properties": {"id": "newt-00372", "is_utility_pole": true, "pole_type": "wood_utility", "model_flags": [], "model_watch": [], "lean": "none", "crossarm": "none_visible", "vegetation": "near", "transformer": false, "attachments_estimate": 0, "photos_assessed": 1, "capture_sequences": 1, "photo_shown_date": "2024-03", "latest_available_photo_date": "2024-03", "source_photo_url": "https://www.mapillary.com/app/?pKey=293061550476792&focus=photo", "nearest_osm_pole_m": null}}, {"type": "Feature", "geometry": {"type": "Point", "coordinates": [-71.2516, 42.32763]}, "properties": {"id": "newt-00373", "is_utility_pole": true, "pole_type": "wood_utility", "model_flags": ["vegetation"], "model_watch": ["lean_slight"], "lean": "slight", "crossarm": "intact", "vegetation": "touching", "transformer": false, "attachments_estimate": 1, "photos_assessed": 1, "capture_sequences": 1, "photo_shown_date": "2024-03", "latest_available_photo_date": "2024-03", "source_photo_url": "https://www.mapillary.com/app/?pKey=291914833937945&focus=photo", "nearest_osm_pole_m": null}}, {"type": "Feature", "geometry": {"type": "Point", "coordinates": [-71.2538797, 42.3268877]}, "properties": {"id": "newt-00374", "is_utility_pole": true, "pole_type": "wood_utility", "model_flags": [], "model_watch": [], "lean": "none", "crossarm": "intact", "vegetation": "near", "transformer": false, "attachments_estimate": 1, "photos_assessed": 6, "capture_sequences": 3, "photo_shown_date": "2026-02", "latest_available_photo_date": "2026-02", "source_photo_url": "https://www.mapillary.com/app/?pKey=1982967665588583&focus=photo", "nearest_osm_pole_m": null}}, {"type": "Feature", "geometry": {"type": "Point", "coordinates": [-71.254944, 42.332626]}, "properties": {"id": "newt-00375", "is_utility_pole": true, "pole_type": "wood_utility", "model_flags": [], "model_watch": [], "lean": "none", "crossarm": "none_visible", "vegetation": "near", "transformer": false, "attachments_estimate": 1, "photos_assessed": 2, "capture_sequences": 1, "photo_shown_date": "2024-03", "latest_available_photo_date": "2024-03", "source_photo_url": "https://www.mapillary.com/app/?pKey=791479848981504&focus=photo", "nearest_osm_pole_m": null}}, {"type": "Feature", "geometry": {"type": "Point", "coordinates": [-71.256645, 42.325649]}, "properties": {"id": "newt-00376", "is_utility_pole": true, "pole_type": "wood_utility", "model_flags": [], "model_watch": ["lean_slight"], "lean": "slight", "crossarm": "intact", "vegetation": "near", "transformer": false, "attachments_estimate": 2, "photos_assessed": 4, "capture_sequences": 2, "photo_shown_date": "2025-03", "latest_available_photo_date": "2025-04", "source_photo_url": "https://www.mapillary.com/app/?pKey=1220098392874249&focus=photo", "nearest_osm_pole_m": null}}, {"type": "Feature", "geometry": {"type": "Point", "coordinates": [-71.256275, 42.325768]}, "properties": {"id": "newt-00377", "is_utility_pole": true, "pole_type": "wood_utility", "model_flags": [], "model_watch": [], "lean": "none", "crossarm": "intact", "vegetation": "near", "transformer": false, "attachments_estimate": 2, "photos_assessed": 4, "capture_sequences": 2, "photo_shown_date": "2025-04", "latest_available_photo_date": "2025-04", "source_photo_url": "https://www.mapillary.com/app/?pKey=1447412369938885&focus=photo", "nearest_osm_pole_m": null}}, {"type": "Feature", "geometry": {"type": "Point", "coordinates": [-71.256504, 42.3257029]}, "properties": {"id": "newt-00378", "is_utility_pole": true, "pole_type": "wood_utility", "model_flags": ["lean"], "model_watch": [], "lean": "moderate", "crossarm": "intact", "vegetation": "near", "transformer": false, "attachments_estimate": 2, "photos_assessed": 7, "capture_sequences": 3, "photo_shown_date": "2025-04", "latest_available_photo_date": "2025-04", "source_photo_url": "https://www.mapillary.com/app/?pKey=637500125930310&focus=photo", "nearest_osm_pole_m": null}}, {"type": "Feature", "geometry": {"type": "Point", "coordinates": [-71.25232, 42.32832]}, "properties": {"id": "newt-00379", "is_utility_pole": true, "pole_type": "wood_utility", "model_flags": [], "model_watch": [], "lean": "unclear", "crossarm": "unclear", "vegetation": "unclear", "transformer": false, "attachments_estimate": 1, "photos_assessed": 1, "capture_sequences": 1, "photo_shown_date": "2024-03", "latest_available_photo_date": "2024-03", "source_photo_url": "https://www.mapillary.com/app/?pKey=402794545728891&focus=photo", "nearest_osm_pole_m": null}}, {"type": "Feature", "geometry": {"type": "Point", "coordinates": [-71.255806, 42.330936]}, "properties": {"id": "newt-00380", "is_utility_pole": true, "pole_type": "wood_utility", "model_flags": ["vegetation"], "model_watch": [], "lean": "unclear", "crossarm": "unclear", "vegetation": "touching", "transformer": false, "attachments_estimate": 0, "photos_assessed": 2, "capture_sequences": 1, "photo_shown_date": "2026-06", "latest_available_photo_date": "2026-06", "source_photo_url": "https://www.mapillary.com/app/?pKey=1510930770681519&focus=photo", "nearest_osm_pole_m": null}}, {"type": "Feature", "geometry": {"type": "Point", "coordinates": [-71.248215, 42.324929]}, "properties": {"id": "newt-00381", "is_utility_pole": true, "pole_type": "wood_utility", "model_flags": ["double", "vegetation"], "model_watch": [], "lean": "none", "crossarm": "none_visible", "vegetation": "touching", "transformer": false, "attachments_estimate": 1, "photos_assessed": 5, "capture_sequences": 1, "photo_shown_date": "2025-08", "latest_available_photo_date": "2025-08", "source_photo_url": "https://www.mapillary.com/app/?pKey=1281979247051263&focus=photo", "nearest_osm_pole_m": null}}, {"type": "Feature", "geometry": {"type": "Point", "coordinates": [-71.24813, 42.325253]}, "properties": {"id": "newt-00382", "is_utility_pole": true, "pole_type": "wood_utility", "model_flags": ["vegetation"], "model_watch": ["lean_slight"], "lean": "slight", "crossarm": "none_visible", "vegetation": "touching", "transformer": false, "attachments_estimate": 0, "photos_assessed": 2, "capture_sequences": 1, "photo_shown_date": "2025-08", "latest_available_photo_date": "2025-08", "source_photo_url": "https://www.mapillary.com/app/?pKey=24284083327925842&focus=photo", "nearest_osm_pole_m": null}}, {"type": "Feature", "geometry": {"type": "Point", "coordinates": [-71.248205, 42.325439]}, "properties": {"id": "newt-00383", "is_utility_pole": true, "pole_type": "wood_utility", "model_flags": ["vegetation"], "model_watch": [], "lean": "none", "crossarm": "none_visible", "vegetation": "touching", "transformer": false, "attachments_estimate": 1, "photos_assessed": 4, "capture_sequences": 1, "photo_shown_date": "2025-08", "latest_available_photo_date": "2025-08", "source_photo_url": "https://www.mapillary.com/app/?pKey=1078372587842984&focus=photo", "nearest_osm_pole_m": null}}, {"type": "Feature", "geometry": {"type": "Point", "coordinates": [-71.24855, 42.324745]}, "properties": {"id": "newt-00384", "is_utility_pole": true, "pole_type": "wood_utility", "model_flags": [], "model_watch": ["lean_slight"], "lean": "slight", "crossarm": "none_visible", "vegetation": "near", "transformer": false, "attachments_estimate": 1, "photos_assessed": 2, "capture_sequences": 1, "photo_shown_date": "2025-08", "latest_available_photo_date": "2025-08", "source_photo_url": "https://www.mapillary.com/app/?pKey=24390658747259304&focus=photo", "nearest_osm_pole_m": null}}, {"type": "Feature", "geometry": {"type": "Point", "coordinates": [-71.248146, 42.32516]}, "properties": {"id": "newt-00385", "is_utility_pole": false, "pole_type": "unclear", "model_flags": ["vegetation"], "model_watch": [], "lean": "unclear", "crossarm": "none_visible", "vegetation": "touching", "transformer": false, "attachments_estimate": 0, "photos_assessed": 2, "capture_sequences": 1, "photo_shown_date": "2025-08", "latest_available_photo_date": "2025-08", "source_photo_url": "https://www.mapillary.com/app/?pKey=24371363632557671&focus=photo", "nearest_osm_pole_m": null}}, {"type": "Feature", "geometry": {"type": "Point", "coordinates": [-71.248405, 42.324837]}, "properties": {"id": "newt-00386", "is_utility_pole": true, "pole_type": "wood_utility", "model_flags": ["vegetation"], "model_watch": [], "lean": "unclear", "crossarm": "unclear", "vegetation": "touching", "transformer": false, "attachments_estimate": 0, "photos_assessed": 2, "capture_sequences": 1, "photo_shown_date": "2025-08", "latest_available_photo_date": "2025-08", "source_photo_url": "https://www.mapillary.com/app/?pKey=24518773171110810&focus=photo", "nearest_osm_pole_m": null}}, {"type": "Feature", "geometry": {"type": "Point", "coordinates": [-71.248856, 42.32488]}, "properties": {"id": "newt-00387", "is_utility_pole": true, "pole_type": "wood_utility", "model_flags": [], "model_watch": [], "lean": "none", "crossarm": "none_visible", "vegetation": "near", "transformer": true, "attachments_estimate": 1, "photos_assessed": 2, "capture_sequences": 1, "photo_shown_date": "2025-08", "latest_available_photo_date": "2025-08", "source_photo_url": "https://www.mapillary.com/app/?pKey=1434316551120724&focus=photo", "nearest_osm_pole_m": null}}, {"type": "Feature", "geometry": {"type": "Point", "coordinates": [-71.24842, 42.32593]}, "properties": {"id": "newt-00388", "is_utility_pole": true, "pole_type": "wood_utility", "model_flags": [], "model_watch": [], "lean": "none", "crossarm": "none_visible", "vegetation": "near", "transformer": true, "attachments_estimate": 1, "photos_assessed": 2, "capture_sequences": 1, "photo_shown_date": "2025-08", "latest_available_photo_date": "2025-08", "source_photo_url": "https://www.mapillary.com/app/?pKey=1460143268561621&focus=photo", "nearest_osm_pole_m": null}}, {"type": "Feature", "geometry": {"type": "Point", "coordinates": [-71.2541887, 42.326669]}, "properties": {"id": "newt-00389", "is_utility_pole": true, "pole_type": "wood_utility", "model_flags": [], "model_watch": [], "lean": "none", "crossarm": "intact", "vegetation": "near", "transformer": false, "attachments_estimate": 1, "photos_assessed": 6, "capture_sequences": 2, "photo_shown_date": "2025-04", "latest_available_photo_date": "2025-04", "source_photo_url": "https://www.mapillary.com/app/?pKey=509270728922986&focus=photo", "nearest_osm_pole_m": null}}, {"type": "Feature", "geometry": {"type": "Point", "coordinates": [-71.2548003, 42.3261976]}, "properties": {"id": "newt-00390", "is_utility_pole": true, "pole_type": "wood_utility", "model_flags": [], "model_watch": [], "lean": "none", "crossarm": "none_visible", "vegetation": "none", "transformer": true, "attachments_estimate": 1, "photos_assessed": 7, "capture_sequences": 4, "photo_shown_date": "2025-04", "latest_available_photo_date": "2025-04", "source_photo_url": "https://www.mapillary.com/app/?pKey=1832985823905712&focus=photo", "nearest_osm_pole_m": null}}, {"type": "Feature", "geometry": {"type": "Point", "coordinates": [-71.25454, 42.326324]}, "properties": {"id": "newt-00391", "is_utility_pole": true, "pole_type": "wood_utility", "model_flags": [], "model_watch": [], "lean": "none", "crossarm": "intact", "vegetation": "near", "transformer": false, "attachments_estimate": 2, "photos_assessed": 2, "capture_sequences": 1, "photo_shown_date": "2025-03", "latest_available_photo_date": "2025-03", "source_photo_url": "https://www.mapillary.com/app/?pKey=657888436613499&focus=photo", "nearest_osm_pole_m": null}}, {"type": "Feature", "geometry": {"type": "Point", "coordinates": [-71.256102, 42.3323]}, "properties": {"id": "newt-00392", "is_utility_pole": true, "pole_type": "wood_utility", "model_flags": [], "model_watch": [], "lean": "none", "crossarm": "none_visible", "vegetation": "near", "transformer": false, "attachments_estimate": 2, "photos_assessed": 4, "capture_sequences": 1, "photo_shown_date": "2025-04", "latest_available_photo_date": "2025-04", "source_photo_url": "https://www.mapillary.com/app/?pKey=693363589931077&focus=photo", "nearest_osm_pole_m": null}}, {"type": "Feature", "geometry": {"type": "Point", "coordinates": [-71.25576, 42.33248]}, "properties": {"id": "newt-00393", "is_utility_pole": true, "pole_type": "wood_utility", "model_flags": [], "model_watch": ["lean_slight"], "lean": "slight", "crossarm": "none_visible", "vegetation": "none", "transformer": false, "attachments_estimate": 1, "photos_assessed": 4, "capture_sequences": 1, "photo_shown_date": "2025-04", "latest_available_photo_date": "2025-04", "source_photo_url": "https://www.mapillary.com/app/?pKey=718808397158130&focus=photo", "nearest_osm_pole_m": null}}, {"type": "Feature", "geometry": {"type": "Point", "coordinates": [-71.25625, 42.3322335]}, "properties": {"id": "newt-00394", "is_utility_pole": true, "pole_type": "wood_utility", "model_flags": ["vegetation"], "model_watch": [], "lean": "none", "crossarm": "unclear", "vegetation": "touching", "transformer": false, "attachments_estimate": 1, "photos_assessed": 4, "capture_sequences": 1, "photo_shown_date": "2025-04", "latest_available_photo_date": "2025-04", "source_photo_url": "https://www.mapillary.com/app/?pKey=654946313813007&focus=photo", "nearest_osm_pole_m": null}}, {"type": "Feature", "geometry": {"type": "Point", "coordinates": [-71.255394, 42.332603]}, "properties": {"id": "newt-00395", "is_utility_pole": true, "pole_type": "wood_utility", "model_flags": [], "model_watch": ["lean_slight"], "lean": "slight", "crossarm": "intact", "vegetation": "near", "transformer": false, "attachments_estimate": 2, "photos_assessed": 1, "capture_sequences": 1, "photo_shown_date": "2025-04", "latest_available_photo_date": "2025-04", "source_photo_url": "https://www.mapillary.com/app/?pKey=1873340410084782&focus=photo", "nearest_osm_pole_m": null}}, {"type": "Feature", "geometry": {"type": "Point", "coordinates": [-71.25589, 42.332422]}, "properties": {"id": "newt-00396", "is_utility_pole": true, "pole_type": "wood_utility", "model_flags": [], "model_watch": ["lean_slight"], "lean": "slight", "crossarm": "intact", "vegetation": "near", "transformer": false, "attachments_estimate": 0, "photos_assessed": 4, "capture_sequences": 1, "photo_shown_date": "2025-04", "latest_available_photo_date": "2025-04", "source_photo_url": "https://www.mapillary.com/app/?pKey=1221685439578705&focus=photo", "nearest_osm_pole_m": null}}, {"type": "Feature", "geometry": {"type": "Point", "coordinates": [-71.256004, 42.332344]}, "properties": {"id": "newt-00397", "is_utility_pole": true, "pole_type": "wood_utility", "model_flags": [], "model_watch": [], "lean": "none", "crossarm": "intact", "vegetation": "near", "transformer": false, "attachments_estimate": 1, "photos_assessed": 2, "capture_sequences": 1, "photo_shown_date": "2025-04", "latest_available_photo_date": "2025-04", "source_photo_url": "https://www.mapillary.com/app/?pKey=1088553166367695&focus=photo", "nearest_osm_pole_m": null}}, {"type": "Feature", "geometry": {"type": "Point", "coordinates": [-71.254684, 42.332996]}, "properties": {"id": "newt-00398", "is_utility_pole": true, "pole_type": "wood_utility", "model_flags": [], "model_watch": ["lean_slight"], "lean": "slight", "crossarm": "none_visible", "vegetation": "near", "transformer": false, "attachments_estimate": 1, "photos_assessed": 2, "capture_sequences": 1, "photo_shown_date": "2025-04", "latest_available_photo_date": "2025-04", "source_photo_url": "https://www.mapillary.com/app/?pKey=993931306208889&focus=photo", "nearest_osm_pole_m": null}}, {"type": "Feature", "geometry": {"type": "Point", "coordinates": [-71.248015, 42.3306275]}, "properties": {"id": "newt-00399", "is_utility_pole": true, "pole_type": "wood_utility", "model_flags": [], "model_watch": [], "lean": "none", "crossarm": "none_visible", "vegetation": "near", "transformer": false, "attachments_estimate": 1, "photos_assessed": 4, "capture_sequences": 1, "photo_shown_date": "2025-04", "latest_available_photo_date": "2025-04", "source_photo_url": "https://www.mapillary.com/app/?pKey=2593858470960295&focus=photo", "nearest_osm_pole_m": null}}, {"type": "Feature", "geometry": {"type": "Point", "coordinates": [-71.2482025, 42.330422]}, "properties": {"id": "newt-00400", "is_utility_pole": true, "pole_type": "wood_utility", "model_flags": [], "model_watch": [], "lean": "none", "crossarm": "intact", "vegetation": "near", "transformer": false, "attachments_estimate": 0, "photos_assessed": 4, "capture_sequences": 2, "photo_shown_date": "2025-04", "latest_available_photo_date": "2025-04", "source_photo_url": "https://www.mapillary.com/app/?pKey=1022960569237706&focus=photo", "nearest_osm_pole_m": null}}, {"type": "Feature", "geometry": {"type": "Point", "coordinates": [-71.2482933, 42.3303303]}, "properties": {"id": "newt-00401", "is_utility_pole": true, "pole_type": "wood_utility", "model_flags": [], "model_watch": [], "lean": "none", "crossarm": "intact", "vegetation": "near", "transformer": false, "attachments_estimate": 1, "photos_assessed": 6, "capture_sequences": 3, "photo_shown_date": "2025-07", "latest_available_photo_date": "2025-07", "source_photo_url": "https://www.mapillary.com/app/?pKey=1055048760169209&focus=photo", "nearest_osm_pole_m": null}}, {"type": "Feature", "geometry": {"type": "Point", "coordinates": [-71.24807, 42.330677]}, "properties": {"id": "newt-00402", "is_utility_pole": true, "pole_type": "wood_utility", "model_flags": [], "model_watch": [], "lean": "none", "crossarm": "intact", "vegetation": "near", "transformer": true, "attachments_estimate": 2, "photos_assessed": 1, "capture_sequences": 1, "photo_shown_date": "2025-04", "latest_available_photo_date": "2025-04", "source_photo_url": "https://www.mapillary.com/app/?pKey=3671416566336535&focus=photo", "nearest_osm_pole_m": null}}, {"type": "Feature", "geometry": {"type": "Point", "coordinates": [-71.24454, 42.321987]}, "properties": {"id": "newt-00403", "is_utility_pole": true, "pole_type": "wood_utility", "model_flags": [], "model_watch": [], "lean": "none", "crossarm": "none_visible", "vegetation": "none", "transformer": false, "attachments_estimate": 1, "photos_assessed": 2, "capture_sequences": 1, "photo_shown_date": "2025-04", "latest_available_photo_date": "2025-04", "source_photo_url": "https://www.mapillary.com/app/?pKey=690518880233718&focus=photo", "nearest_osm_pole_m": null}}, {"type": "Feature", "geometry": {"type": "Point", "coordinates": [-71.24485, 42.32198]}, "properties": {"id": "newt-00404", "is_utility_pole": true, "pole_type": "wood_utility", "model_flags": [], "model_watch": [], "lean": "none", "crossarm": "none_visible", "vegetation": "near", "transformer": false, "attachments_estimate": 1, "photos_assessed": 2, "capture_sequences": 1, "photo_shown_date": "2025-04", "latest_available_photo_date": "2025-04", "source_photo_url": "https://www.mapillary.com/app/?pKey=1398585531173260&focus=photo", "nearest_osm_pole_m": null}}, {"type": "Feature", "geometry": {"type": "Point", "coordinates": [-71.2452517, 42.3219433]}, "properties": {"id": "newt-00405", "is_utility_pole": true, "pole_type": "wood_utility", "model_flags": ["vegetation"], "model_watch": ["lean_slight"], "lean": "slight", "crossarm": "none_visible", "vegetation": "touching", "transformer": false, "attachments_estimate": 1, "photos_assessed": 3, "capture_sequences": 1, "photo_shown_date": "2025-04", "latest_available_photo_date": "2025-04", "source_photo_url": "https://www.mapillary.com/app/?pKey=1347184219719254&focus=photo", "nearest_osm_pole_m": null}}, {"type": "Feature", "geometry": {"type": "Point", "coordinates": [-71.24515, 42.322094]}, "properties": {"id": "newt-00406", "is_utility_pole": true, "pole_type": "concrete_or_steel_utility", "model_flags": [], "model_watch": [], "lean": "none", "crossarm": "none_visible", "vegetation": "near", "transformer": false, "attachments_estimate": 2, "photos_assessed": 1, "capture_sequences": 1, "photo_shown_date": "2025-04", "latest_available_photo_date": "2025-04", "source_photo_url": "https://www.mapillary.com/app/?pKey=677702537995298&focus=photo", "nearest_osm_pole_m": null}}, {"type": "Feature", "geometry": {"type": "Point", "coordinates": [-71.24681, 42.321938]}, "properties": {"id": "newt-00407", "is_utility_pole": true, "pole_type": "wood_utility", "model_flags": [], "model_watch": ["lean_slight"], "lean": "slight", "crossarm": "none_visible", "vegetation": "near", "transformer": false, "attachments_estimate": 1, "photos_assessed": 2, "capture_sequences": 1, "photo_shown_date": "2025-04", "latest_available_photo_date": "2025-04", "source_photo_url": "https://www.mapillary.com/app/?pKey=976323708040335&focus=photo", "nearest_osm_pole_m": null}}, {"type": "Feature", "geometry": {"type": "Point", "coordinates": [-71.2533267, 42.327207]}, "properties": {"id": "newt-00408", "is_utility_pole": true, "pole_type": "wood_utility", "model_flags": [], "model_watch": [], "lean": "none", "crossarm": "none_visible", "vegetation": "near", "transformer": false, "attachments_estimate": 2, "photos_assessed": 6, "capture_sequences": 2, "photo_shown_date": "2025-04", "latest_available_photo_date": "2025-04", "source_photo_url": "https://www.mapillary.com/app/?pKey=535379172634633&focus=photo", "nearest_osm_pole_m": null}}, {"type": "Feature", "geometry": {"type": "Point", "coordinates": [-71.25356, 42.32736]}, "properties": {"id": "newt-00409", "is_utility_pole": true, "pole_type": "wood_utility", "model_flags": [], "model_watch": ["lean_slight"], "lean": "slight", "crossarm": "none_visible", "vegetation": "none", "transformer": false, "attachments_estimate": 0, "photos_assessed": 2, "capture_sequences": 1, "photo_shown_date": "2025-03", "latest_available_photo_date": "2025-03", "source_photo_url": "https://www.mapillary.com/app/?pKey=669602768876353&focus=photo", "nearest_osm_pole_m": null}}, {"type": "Feature", "geometry": {"type": "Point", "coordinates": [-71.25396, 42.326839]}, "properties": {"id": "newt-00410", "is_utility_pole": true, "pole_type": "wood_utility", "model_flags": [], "model_watch": [], "lean": "none", "crossarm": "none_visible", "vegetation": "near", "transformer": false, "attachments_estimate": 1, "photos_assessed": 4, "capture_sequences": 2, "photo_shown_date": "2025-04", "latest_available_photo_date": "2025-04", "source_photo_url": "https://www.mapillary.com/app/?pKey=661479336476958&focus=photo", "nearest_osm_pole_m": null}}, {"type": "Feature", "geometry": {"type": "Point", "coordinates": [-71.25813, 42.325287]}, "properties": {"id": "newt-00411", "is_utility_pole": true, "pole_type": "wood_utility", "model_flags": [], "model_watch": ["lean_slight"], "lean": "slight", "crossarm": "none_visible", "vegetation": "near", "transformer": false, "attachments_estimate": 2, "photos_assessed": 1, "capture_sequences": 1, "photo_shown_date": "2025-03", "latest_available_photo_date": "2025-03", "source_photo_url": "https://www.mapillary.com/app/?pKey=1376929586663921&focus=photo", "nearest_osm_pole_m": null}}, {"type": "Feature", "geometry": {"type": "Point", "coordinates": [-71.2542575, 42.32656]}, "properties": {"id": "newt-00412", "is_utility_pole": true, "pole_type": "wood_utility", "model_flags": [], "model_watch": ["lean_slight"], "lean": "slight", "crossarm": "intact", "vegetation": "near", "transformer": false, "attachments_estimate": 2, "photos_assessed": 4, "capture_sequences": 2, "photo_shown_date": "2025-04", "latest_available_photo_date": "2025-04", "source_photo_url": "https://www.mapillary.com/app/?pKey=1190606509166772&focus=photo", "nearest_osm_pole_m": null}}, {"type": "Feature", "geometry": {"type": "Point", "coordinates": [-71.25591, 42.325867]}, "properties": {"id": "newt-00413", "is_utility_pole": true, "pole_type": "wood_utility", "model_flags": [], "model_watch": ["lean_slight"], "lean": "slight", "crossarm": "unclear", "vegetation": "near", "transformer": false, "attachments_estimate": 2, "photos_assessed": 2, "capture_sequences": 1, "photo_shown_date": "2025-03", "latest_available_photo_date": "2025-03", "source_photo_url": "https://www.mapillary.com/app/?pKey=639467769041208&focus=photo", "nearest_osm_pole_m": null}}, {"type": "Feature", "geometry": {"type": "Point", "coordinates": [-71.255842, 42.3259051]}, "properties": {"id": "newt-00414", "is_utility_pole": true, "pole_type": "wood_utility", "model_flags": ["double"], "model_watch": ["lean_slight"], "lean": "slight", "crossarm": "intact", "vegetation": "near", "transformer": false, "attachments_estimate": 2, "photos_assessed": 7, "capture_sequences": 3, "photo_shown_date": "2025-04", "latest_available_photo_date": "2025-04", "source_photo_url": "https://www.mapillary.com/app/?pKey=647089908176681&focus=photo", "nearest_osm_pole_m": null}}, {"type": "Feature", "geometry": {"type": "Point", "coordinates": [-71.256365, 42.3257585]}, "properties": {"id": "newt-00415", "is_utility_pole": true, "pole_type": "wood_utility", "model_flags": [], "model_watch": [], "lean": "none", "crossarm": "intact", "vegetation": "near", "transformer": false, "attachments_estimate": 2, "photos_assessed": 4, "capture_sequences": 1, "photo_shown_date": "2025-04", "latest_available_photo_date": "2025-04", "source_photo_url": "https://www.mapillary.com/app/?pKey=3593020187497417&focus=photo", "nearest_osm_pole_m": null}}, {"type": "Feature", "geometry": {"type": "Point", "coordinates": [-71.256737, 42.325632]}, "properties": {"id": "newt-00416", "is_utility_pole": true, "pole_type": "wood_utility", "model_flags": [], "model_watch": [], "lean": "none", "crossarm": "none_visible", "vegetation": "near", "transformer": false, "attachments_estimate": 2, "photos_assessed": 4, "capture_sequences": 1, "photo_shown_date": "2025-04", "latest_available_photo_date": "2025-04", "source_photo_url": "https://www.mapillary.com/app/?pKey=1114710153744431&focus=photo", "nearest_osm_pole_m": null}}, {"type": "Feature", "geometry": {"type": "Point", "coordinates": [-71.25669, 42.325573]}, "properties": {"id": "newt-00417", "is_utility_pole": true, "pole_type": "wood_utility", "model_flags": [], "model_watch": [], "lean": "none", "crossarm": "intact", "vegetation": "none", "transformer": true, "attachments_estimate": 2, "photos_assessed": 2, "capture_sequences": 1, "photo_shown_date": "2025-04", "latest_available_photo_date": "2025-04", "source_photo_url": "https://www.mapillary.com/app/?pKey=686073363987234&focus=photo", "nearest_osm_pole_m": null}}, {"type": "Feature", "geometry": {"type": "Point", "coordinates": [-71.25452, 42.326442]}, "properties": {"id": "newt-00418", "is_utility_pole": true, "pole_type": "wood_utility", "model_flags": ["double"], "model_watch": [], "lean": "none", "crossarm": "none_visible", "vegetation": "near", "transformer": false, "attachments_estimate": 1, "photos_assessed": 4, "capture_sequences": 1, "photo_shown_date": "2025-04", "latest_available_photo_date": "2025-04", "source_photo_url": "https://www.mapillary.com/app/?pKey=4084060555210696&focus=photo", "nearest_osm_pole_m": null}}, {"type": "Feature", "geometry": {"type": "Point", "coordinates": [-71.2562104, 42.3258014]}, "properties": {"id": "newt-00419", "is_utility_pole": true, "pole_type": "wood_utility", "model_flags": [], "model_watch": [], "lean": "none", "crossarm": "intact", "vegetation": "near", "transformer": false, "attachments_estimate": 2, "photos_assessed": 5, "capture_sequences": 2, "photo_shown_date": "2025-04", "latest_available_photo_date": "2025-04", "source_photo_url": "https://www.mapillary.com/app/?pKey=667271506034793&focus=photo", "nearest_osm_pole_m": null}}, {"type": "Feature", "geometry": {"type": "Point", "coordinates": [-71.2556567, 42.3258943]}, "properties": {"id": "newt-00420", "is_utility_pole": true, "pole_type": "wood_utility", "model_flags": [], "model_watch": [], "lean": "none", "crossarm": "intact", "vegetation": "near", "transformer": false, "attachments_estimate": 1, "photos_assessed": 6, "capture_sequences": 3, "photo_shown_date": "2025-04", "latest_available_photo_date": "2025-04", "source_photo_url": "https://www.mapillary.com/app/?pKey=1419916352712971&focus=photo", "nearest_osm_pole_m": null}}, {"type": "Feature", "geometry": {"type": "Point", "coordinates": [-71.255278, 42.326102]}, "properties": {"id": "newt-00421", "is_utility_pole": true, "pole_type": "wood_utility", "model_flags": [], "model_watch": [], "lean": "none", "crossarm": "intact", "vegetation": "near", "transformer": true, "attachments_estimate": 2, "photos_assessed": 5, "capture_sequences": 1, "photo_shown_date": "2025-04", "latest_available_photo_date": "2025-04", "source_photo_url": "https://www.mapillary.com/app/?pKey=533094029490932&focus=photo", "nearest_osm_pole_m": null}}, {"type": "Feature", "geometry": {"type": "Point", "coordinates": [-71.25547, 42.3260445]}, "properties": {"id": "newt-00422", "is_utility_pole": true, "pole_type": "wood_utility", "model_flags": [], "model_watch": [], "lean": "none", "crossarm": "intact", "vegetation": "none", "transformer": false, "attachments_estimate": 2, "photos_assessed": 4, "capture_sequences": 1, "photo_shown_date": "2025-04", "latest_available_photo_date": "2025-04", "source_photo_url": "https://www.mapillary.com/app/?pKey=542569888879548&focus=photo", "nearest_osm_pole_m": null}}, {"type": "Feature", "geometry": {"type": "Point", "coordinates": [-71.25504, 42.3260587]}, "properties": {"id": "newt-00423", "is_utility_pole": true, "pole_type": "wood_utility", "model_flags": [], "model_watch": [], "lean": "none", "crossarm": "none_visible", "vegetation": "none", "transformer": true, "attachments_estimate": 2, "photos_assessed": 3, "capture_sequences": 1, "photo_shown_date": "2025-04", "latest_available_photo_date": "2025-04", "source_photo_url": "https://www.mapillary.com/app/?pKey=1056330353196850&focus=photo", "nearest_osm_pole_m": null}}, {"type": "Feature", "geometry": {"type": "Point", "coordinates": [-71.25575, 42.325912]}, "properties": {"id": "newt-00424", "is_utility_pole": true, "pole_type": "wood_utility", "model_flags": [], "model_watch": [], "lean": "none", "crossarm": "intact", "vegetation": "none", "transformer": false, "attachments_estimate": 2, "photos_assessed": 2, "capture_sequences": 1, "photo_shown_date": "2025-04", "latest_available_photo_date": "2025-04", "source_photo_url": "https://www.mapillary.com/app/?pKey=1866499140768003&focus=photo", "nearest_osm_pole_m": null}}, {"type": "Feature", "geometry": {"type": "Point", "coordinates": [-71.256118, 42.32581]}, "properties": {"id": "newt-00425", "is_utility_pole": true, "pole_type": "wood_utility", "model_flags": [], "model_watch": [], "lean": "none", "crossarm": "intact", "vegetation": "near", "transformer": false, "attachments_estimate": 1, "photos_assessed": 4, "capture_sequences": 2, "photo_shown_date": "2025-04", "latest_available_photo_date": "2025-04", "source_photo_url": "https://www.mapillary.com/app/?pKey=667271506034793&focus=photo", "nearest_osm_pole_m": null}}, {"type": "Feature", "geometry": {"type": "Point", "coordinates": [-71.255105, 42.326115]}, "properties": {"id": "newt-00426", "is_utility_pole": true, "pole_type": "wood_utility", "model_flags": [], "model_watch": ["lean_slight"], "lean": "slight", "crossarm": "none_visible", "vegetation": "none", "transformer": true, "attachments_estimate": 2, "photos_assessed": 4, "capture_sequences": 2, "photo_shown_date": "2025-04", "latest_available_photo_date": "2025-04", "source_photo_url": "https://www.mapillary.com/app/?pKey=2035618596946690&focus=photo", "nearest_osm_pole_m": null}}, {"type": "Feature", "geometry": {"type": "Point", "coordinates": [-71.248634, 42.329853]}, "properties": {"id": "newt-00427", "is_utility_pole": true, "pole_type": "wood_utility", "model_flags": [], "model_watch": ["lean_slight"], "lean": "slight", "crossarm": "none_visible", "vegetation": "near", "transformer": false, "attachments_estimate": 2, "photos_assessed": 2, "capture_sequences": 1, "photo_shown_date": "2025-04", "latest_available_photo_date": "2025-04", "source_photo_url": "https://www.mapillary.com/app/?pKey=3070046139800543&focus=photo", "nearest_osm_pole_m": null}}, {"type": "Feature", "geometry": {"type": "Point", "coordinates": [-71.249016, 42.329918]}, "properties": {"id": "newt-00428", "is_utility_pole": false, "pole_type": "street_light", "model_flags": [], "model_watch": [], "lean": "none", "crossarm": "none_visible", "vegetation": "near", "transformer": false, "attachments_estimate": 0, "photos_assessed": 2, "capture_sequences": 1, "photo_shown_date": "2025-04", "latest_available_photo_date": "2025-04", "source_photo_url": "https://www.mapillary.com/app/?pKey=957103403244783&focus=photo", "nearest_osm_pole_m": null}}, {"type": "Feature", "geometry": {"type": "Point", "coordinates": [-71.254005, 42.326776]}, "properties": {"id": "newt-00429", "is_utility_pole": true, "pole_type": "wood_utility", "model_flags": [], "model_watch": [], "lean": "none", "crossarm": "intact", "vegetation": "near", "transformer": false, "attachments_estimate": 1, "photos_assessed": 4, "capture_sequences": 2, "photo_shown_date": "2025-04", "latest_available_photo_date": "2025-04", "source_photo_url": "https://www.mapillary.com/app/?pKey=1319674485957530&focus=photo", "nearest_osm_pole_m": null}}, {"type": "Feature", "geometry": {"type": "Point", "coordinates": [-71.253105, 42.3275827]}, "properties": {"id": "newt-00430", "is_utility_pole": true, "pole_type": "wood_utility", "model_flags": [], "model_watch": ["lean_slight"], "lean": "slight", "crossarm": "none_visible", "vegetation": "near", "transformer": false, "attachments_estimate": 0, "photos_assessed": 3, "capture_sequences": 2, "photo_shown_date": "2025-04", "latest_available_photo_date": "2025-04", "source_photo_url": "https://www.mapillary.com/app/?pKey=3347319328743158&focus=photo", "nearest_osm_pole_m": null}}, {"type": "Feature", "geometry": {"type": "Point", "coordinates": [-71.250275, 42.32926]}, "properties": {"id": "newt-00431", "is_utility_pole": true, "pole_type": "wood_utility", "model_flags": [], "model_watch": [], "lean": "none", "crossarm": "none_visible", "vegetation": "none", "transformer": false, "attachments_estimate": 1, "photos_assessed": 2, "capture_sequences": 1, "photo_shown_date": "2025-04", "latest_available_photo_date": "2025-04", "source_photo_url": "https://www.mapillary.com/app/?pKey=1211271984332115&focus=photo", "nearest_osm_pole_m": null}}, {"type": "Feature", "geometry": {"type": "Point", "coordinates": [-71.25748, 42.329468]}, "properties": {"id": "newt-00432", "is_utility_pole": true, "pole_type": "wood_utility", "model_flags": [], "model_watch": [], "lean": "none", "crossarm": "none_visible", "vegetation": "near", "transformer": true, "attachments_estimate": 1, "photos_assessed": 2, "capture_sequences": 1, "photo_shown_date": "2025-04", "latest_available_photo_date": "2025-04", "source_photo_url": "https://www.mapillary.com/app/?pKey=1856643578524565&focus=photo", "nearest_osm_pole_m": null}}, {"type": "Feature", "geometry": {"type": "Point", "coordinates": [-71.2572, 42.329437]}, "properties": {"id": "newt-00433", "is_utility_pole": true, "pole_type": "wood_utility", "model_flags": [], "model_watch": [], "lean": "none", "crossarm": "none_visible", "vegetation": "near", "transformer": false, "attachments_estimate": 2, "photos_assessed": 1, "capture_sequences": 1, "photo_shown_date": "2025-04", "latest_available_photo_date": "2025-04", "source_photo_url": "https://www.mapillary.com/app/?pKey=1193401138655004&focus=photo", "nearest_osm_pole_m": null}}, {"type": "Feature", "geometry": {"type": "Point", "coordinates": [-71.25651, 42.329407]}, "properties": {"id": "newt-00434", "is_utility_pole": true, "pole_type": "wood_utility", "model_flags": [], "model_watch": [], "lean": "none", "crossarm": "none_visible", "vegetation": "none", "transformer": false, "attachments_estimate": 2, "photos_assessed": 2, "capture_sequences": 1, "photo_shown_date": "2025-04", "latest_available_photo_date": "2025-04", "source_photo_url": "https://www.mapillary.com/app/?pKey=996050026067281&focus=photo", "nearest_osm_pole_m": null}}, {"type": "Feature", "geometry": {"type": "Point", "coordinates": [-71.25909, 42.332115]}, "properties": {"id": "newt-00435", "is_utility_pole": true, "pole_type": "wood_utility", "model_flags": [], "model_watch": [], "lean": "none", "crossarm": "none_visible", "vegetation": "near", "transformer": false, "attachments_estimate": 2, "photos_assessed": 2, "capture_sequences": 1, "photo_shown_date": "2025-10", "latest_available_photo_date": "2025-10", "source_photo_url": "https://www.mapillary.com/app/?pKey=1387344409644827&focus=photo", "nearest_osm_pole_m": null}}, {"type": "Feature", "geometry": {"type": "Point", "coordinates": [-71.2592, 42.3318]}, "properties": {"id": "newt-00436", "is_utility_pole": true, "pole_type": "wood_utility", "model_flags": ["lean"], "model_watch": [], "lean": "moderate", "crossarm": "none_visible", "vegetation": "near", "transformer": false, "attachments_estimate": 2, "photos_assessed": 1, "capture_sequences": 1, "photo_shown_date": "2025-10", "latest_available_photo_date": "2025-10", "source_photo_url": "https://www.mapillary.com/app/?pKey=2009826723101186&focus=photo", "nearest_osm_pole_m": null}}, {"type": "Feature", "geometry": {"type": "Point", "coordinates": [-71.24977, 42.329597]}, "properties": {"id": "newt-00437", "is_utility_pole": true, "pole_type": "wood_utility", "model_flags": ["vegetation"], "model_watch": [], "lean": "none", "crossarm": "none_visible", "vegetation": "touching", "transformer": false, "attachments_estimate": 1, "photos_assessed": 2, "capture_sequences": 1, "photo_shown_date": "2025-04", "latest_available_photo_date": "2025-04", "source_photo_url": "https://www.mapillary.com/app/?pKey=24376616355261110&focus=photo", "nearest_osm_pole_m": null}}, {"type": "Feature", "geometry": {"type": "Point", "coordinates": [-71.252884, 42.32744]}, "properties": {"id": "newt-00438", "is_utility_pole": true, "pole_type": "wood_utility", "model_flags": [], "model_watch": ["lean_slight"], "lean": "slight", "crossarm": "intact", "vegetation": "near", "transformer": false, "attachments_estimate": 2, "photos_assessed": 2, "capture_sequences": 1, "photo_shown_date": "2025-05", "latest_available_photo_date": "2025-05", "source_photo_url": "https://www.mapillary.com/app/?pKey=1219428226566893&focus=photo", "nearest_osm_pole_m": null}}, {"type": "Feature", "geometry": {"type": "Point", "coordinates": [-71.25234, 42.328156]}, "properties": {"id": "newt-00439", "is_utility_pole": true, "pole_type": "wood_utility", "model_flags": [], "model_watch": [], "lean": "none", "crossarm": "intact", "vegetation": "none", "transformer": false, "attachments_estimate": 0, "photos_assessed": 2, "capture_sequences": 1, "photo_shown_date": "2025-04", "latest_available_photo_date": "2025-04", "source_photo_url": "https://www.mapillary.com/app/?pKey=1952127402275062&focus=photo", "nearest_osm_pole_m": null}}, {"type": "Feature", "geometry": {"type": "Point", "coordinates": [-71.255516, 42.325993]}, "properties": {"id": "newt-00440", "is_utility_pole": true, "pole_type": "wood_utility", "model_flags": [], "model_watch": [], "lean": "none", "crossarm": "intact", "vegetation": "none", "transformer": false, "attachments_estimate": 2, "photos_assessed": 2, "capture_sequences": 1, "photo_shown_date": "2025-04", "latest_available_photo_date": "2025-04", "source_photo_url": "https://www.mapillary.com/app/?pKey=564130492834948&focus=photo", "nearest_osm_pole_m": null}}, {"type": "Feature", "geometry": {"type": "Point", "coordinates": [-71.2478817, 42.3242517]}, "properties": {"id": "newt-00441", "is_utility_pole": true, "pole_type": "wood_utility", "model_flags": [], "model_watch": ["lean_slight"], "lean": "slight", "crossarm": "none_visible", "vegetation": "none", "transformer": false, "attachments_estimate": 1, "photos_assessed": 3, "capture_sequences": 1, "photo_shown_date": "2025-04", "latest_available_photo_date": "2025-04", "source_photo_url": "https://www.mapillary.com/app/?pKey=559779466744983&focus=photo", "nearest_osm_pole_m": null}}, {"type": "Feature", "geometry": {"type": "Point", "coordinates": [-71.24774, 42.324203]}, "properties": {"id": "newt-00442", "is_utility_pole": true, "pole_type": "wood_utility", "model_flags": [], "model_watch": ["lean_slight"], "lean": "slight", "crossarm": "none_visible", "vegetation": "near", "transformer": false, "attachments_estimate": 1, "photos_assessed": 4, "capture_sequences": 1, "photo_shown_date": "2025-04", "latest_available_photo_date": "2025-04", "source_photo_url": "https://www.mapillary.com/app/?pKey=1202364598232944&focus=photo", "nearest_osm_pole_m": null}}, {"type": "Feature", "geometry": {"type": "Point", "coordinates": [-71.24653, 42.323605]}, "properties": {"id": "newt-00443", "is_utility_pole": true, "pole_type": "wood_utility", "model_flags": ["vegetation"], "model_watch": [], "lean": "none", "crossarm": "none_visible", "vegetation": "touching", "transformer": false, "attachments_estimate": 1, "photos_assessed": 1, "capture_sequences": 1, "photo_shown_date": "2025-04", "latest_available_photo_date": "2025-04", "source_photo_url": "https://www.mapillary.com/app/?pKey=674939564935596&focus=photo", "nearest_osm_pole_m": null}}, {"type": "Feature", "geometry": {"type": "Point", "coordinates": [-71.246635, 42.323616]}, "properties": {"id": "newt-00444", "is_utility_pole": true, "pole_type": "wood_utility", "model_flags": [], "model_watch": ["lean_slight"], "lean": "slight", "crossarm": "none_visible", "vegetation": "near", "transformer": true, "attachments_estimate": 1, "photos_assessed": 1, "capture_sequences": 1, "photo_shown_date": "2025-04", "latest_available_photo_date": "2025-04", "source_photo_url": "https://www.mapillary.com/app/?pKey=1463300838431370&focus=photo", "nearest_osm_pole_m": null}}, {"type": "Feature", "geometry": {"type": "Point", "coordinates": [-71.24721, 42.32392]}, "properties": {"id": "newt-00445", "is_utility_pole": true, "pole_type": "wood_utility", "model_flags": [], "model_watch": [], "lean": "none", "crossarm": "none_visible", "vegetation": "near", "transformer": true, "attachments_estimate": 1, "photos_assessed": 1, "capture_sequences": 1, "photo_shown_date": "2025-04", "latest_available_photo_date": "2025-04", "source_photo_url": "https://www.mapillary.com/app/?pKey=655437220429827&focus=photo", "nearest_osm_pole_m": null}}, {"type": "Feature", "geometry": {"type": "Point", "coordinates": [-71.24702, 42.32383]}, "properties": {"id": "newt-00446", "is_utility_pole": true, "pole_type": "wood_utility", "model_flags": [], "model_watch": ["lean_slight"], "lean": "slight", "crossarm": "none_visible", "vegetation": "near", "transformer": true, "attachments_estimate": 1, "photos_assessed": 1, "capture_sequences": 1, "photo_shown_date": "2025-04", "latest_available_photo_date": "2025-04", "source_photo_url": "https://www.mapillary.com/app/?pKey=1412980023376499&focus=photo", "nearest_osm_pole_m": null}}, {"type": "Feature", "geometry": {"type": "Point", "coordinates": [-71.24596, 42.322983]}, "properties": {"id": "newt-00447", "is_utility_pole": true, "pole_type": "wood_utility", "model_flags": [], "model_watch": [], "lean": "none", "crossarm": "none_visible", "vegetation": "near", "transformer": false, "attachments_estimate": 1, "photos_assessed": 2, "capture_sequences": 1, "photo_shown_date": "2025-04", "latest_available_photo_date": "2025-04", "source_photo_url": "https://www.mapillary.com/app/?pKey=553942660641369&focus=photo", "nearest_osm_pole_m": null}}, {"type": "Feature", "geometry": {"type": "Point", "coordinates": [-71.2463, 42.32335]}, "properties": {"id": "newt-00448", "is_utility_pole": true, "pole_type": "wood_utility", "model_flags": [], "model_watch": ["lean_slight"], "lean": "slight", "crossarm": "none_visible", "vegetation": "none", "transformer": false, "attachments_estimate": 0, "photos_assessed": 2, "capture_sequences": 1, "photo_shown_date": "2025-04", "latest_available_photo_date": "2025-04", "source_photo_url": "https://www.mapillary.com/app/?pKey=8918998071535399&focus=photo", "nearest_osm_pole_m": null}}, {"type": "Feature", "geometry": {"type": "Point", "coordinates": [-71.24613, 42.323166]}, "properties": {"id": "newt-00449", "is_utility_pole": true, "pole_type": "wood_utility", "model_flags": ["vegetation"], "model_watch": ["lean_slight"], "lean": "slight", "crossarm": "none_visible", "vegetation": "touching", "transformer": false, "attachments_estimate": 1, "photos_assessed": 2, "capture_sequences": 1, "photo_shown_date": "2025-04", "latest_available_photo_date": "2025-04", "source_photo_url": "https://www.mapillary.com/app/?pKey=1015760550027346&focus=photo", "nearest_osm_pole_m": null}}, {"type": "Feature", "geometry": {"type": "Point", "coordinates": [-71.24632, 42.32345]}, "properties": {"id": "newt-00450", "is_utility_pole": true, "pole_type": "wood_utility", "model_flags": [], "model_watch": [], "lean": "none", "crossarm": "intact", "vegetation": "near", "transformer": false, "attachments_estimate": 1, "photos_assessed": 2, "capture_sequences": 1, "photo_shown_date": "2025-04", "latest_available_photo_date": "2025-04", "source_photo_url": "https://www.mapillary.com/app/?pKey=992627446338933&focus=photo", "nearest_osm_pole_m": null}}, {"type": "Feature", "geometry": {"type": "Point", "coordinates": [-71.24622, 42.323277]}, "properties": {"id": "newt-00451", "is_utility_pole": true, "pole_type": "wood_utility", "model_flags": [], "model_watch": ["lean_slight"], "lean": "slight", "crossarm": "none_visible", "vegetation": "none", "transformer": false, "attachments_estimate": 0, "photos_assessed": 2, "capture_sequences": 1, "photo_shown_date": "2025-04", "latest_available_photo_date": "2025-04", "source_photo_url": "https://www.mapillary.com/app/?pKey=681033324448754&focus=photo", "nearest_osm_pole_m": null}}, {"type": "Feature", "geometry": {"type": "Point", "coordinates": [-71.245705, 42.322784]}, "properties": {"id": "newt-00452", "is_utility_pole": false, "pole_type": "street_light", "model_flags": ["vegetation"], "model_watch": [], "lean": "none", "crossarm": "none_visible", "vegetation": "touching", "transformer": false, "attachments_estimate": 0, "photos_assessed": 2, "capture_sequences": 1, "photo_shown_date": "2025-04", "latest_available_photo_date": "2025-04", "source_photo_url": "https://www.mapillary.com/app/?pKey=1807407906499480&focus=photo", "nearest_osm_pole_m": null}}, {"type": "Feature", "geometry": {"type": "Point", "coordinates": [-71.24584, 42.322895]}, "properties": {"id": "newt-00453", "is_utility_pole": true, "pole_type": "wood_utility", "model_flags": [], "model_watch": [], "lean": "none", "crossarm": "none_visible", "vegetation": "near", "transformer": false, "attachments_estimate": 1, "photos_assessed": 2, "capture_sequences": 1, "photo_shown_date": "2025-04", "latest_available_photo_date": "2025-04", "source_photo_url": "https://www.mapillary.com/app/?pKey=640758418766187&focus=photo", "nearest_osm_pole_m": null}}, {"type": "Feature", "geometry": {"type": "Point", "coordinates": [-71.24604, 42.32306]}, "properties": {"id": "newt-00454", "is_utility_pole": true, "pole_type": "wood_utility", "model_flags": [], "model_watch": ["lean_slight"], "lean": "slight", "crossarm": "none_visible", "vegetation": "near", "transformer": false, "attachments_estimate": 0, "photos_assessed": 2, "capture_sequences": 1, "photo_shown_date": "2025-04", "latest_available_photo_date": "2025-04", "source_photo_url": "https://www.mapillary.com/app/?pKey=524959314018494&focus=photo", "nearest_osm_pole_m": null}}, {"type": "Feature", "geometry": {"type": "Point", "coordinates": [-71.2531, 42.32736]}, "properties": {"id": "newt-00455", "is_utility_pole": true, "pole_type": "wood_utility", "model_flags": [], "model_watch": ["lean_slight"], "lean": "slight", "crossarm": "intact", "vegetation": "near", "transformer": false, "attachments_estimate": 2, "photos_assessed": 2, "capture_sequences": 1, "photo_shown_date": "2025-04", "latest_available_photo_date": "2025-04", "source_photo_url": "https://www.mapillary.com/app/?pKey=561079650365592&focus=photo", "nearest_osm_pole_m": null}}, {"type": "Feature", "geometry": {"type": "Point", "coordinates": [-71.25115, 42.32882]}, "properties": {"id": "newt-00456", "is_utility_pole": true, "pole_type": "wood_utility", "model_flags": [], "model_watch": ["lean_slight"], "lean": "slight", "crossarm": "intact", "vegetation": "near", "transformer": false, "attachments_estimate": 0, "photos_assessed": 1, "capture_sequences": 1, "photo_shown_date": "2025-04", "latest_available_photo_date": "2025-04", "source_photo_url": "https://www.mapillary.com/app/?pKey=1702954067285820&focus=photo", "nearest_osm_pole_m": null}}, {"type": "Feature", "geometry": {"type": "Point", "coordinates": [-71.24409, 42.326206]}, "properties": {"id": "newt-00457", "is_utility_pole": true, "pole_type": "wood_utility", "model_flags": ["vegetation"], "model_watch": ["lean_slight"], "lean": "slight", "crossarm": "unclear", "vegetation": "touching", "transformer": false, "attachments_estimate": 0, "photos_assessed": 1, "capture_sequences": 1, "photo_shown_date": "2025-08", "latest_available_photo_date": "2025-08", "source_photo_url": "https://www.mapillary.com/app/?pKey=1788896245053977&focus=photo", "nearest_osm_pole_m": null}}, {"type": "Feature", "geometry": {"type": "Point", "coordinates": [-71.244896, 42.32488]}, "properties": {"id": "newt-00458", "is_utility_pole": true, "pole_type": "wood_utility", "model_flags": ["vegetation"], "model_watch": [], "lean": "unclear", "crossarm": "unclear", "vegetation": "touching", "transformer": false, "attachments_estimate": 1, "photos_assessed": 1, "capture_sequences": 1, "photo_shown_date": "2025-08", "latest_available_photo_date": "2025-08", "source_photo_url": "https://www.mapillary.com/app/?pKey=775194828493194&focus=photo", "nearest_osm_pole_m": null}}, {"type": "Feature", "geometry": {"type": "Point", "coordinates": [-71.24421, 42.325874]}, "properties": {"id": "newt-00459", "is_utility_pole": true, "pole_type": "wood_utility", "model_flags": ["vegetation"], "model_watch": [], "lean": "none", "crossarm": "none_visible", "vegetation": "touching", "transformer": false, "attachments_estimate": 2, "photos_assessed": 2, "capture_sequences": 1, "photo_shown_date": "2025-08", "latest_available_photo_date": "2025-08", "source_photo_url": "https://www.mapillary.com/app/?pKey=1300148654858347&focus=photo", "nearest_osm_pole_m": null}}, {"type": "Feature", "geometry": {"type": "Point", "coordinates": [-71.244576, 42.32562]}, "properties": {"id": "newt-00460", "is_utility_pole": true, "pole_type": "wood_utility", "model_flags": ["vegetation"], "model_watch": [], "lean": "none", "crossarm": "none_visible", "vegetation": "touching", "transformer": false, "attachments_estimate": 1, "photos_assessed": 2, "capture_sequences": 1, "photo_shown_date": "2025-08", "latest_available_photo_date": "2025-08", "source_photo_url": "https://www.mapillary.com/app/?pKey=790688593321168&focus=photo", "nearest_osm_pole_m": null}}, {"type": "Feature", "geometry": {"type": "Point", "coordinates": [-71.24438, 42.32551]}, "properties": {"id": "newt-00461", "is_utility_pole": true, "pole_type": "wood_utility", "model_flags": ["vegetation"], "model_watch": ["lean_slight"], "lean": "slight", "crossarm": "none_visible", "vegetation": "touching", "transformer": false, "attachments_estimate": 1, "photos_assessed": 3, "capture_sequences": 1, "photo_shown_date": "2025-08", "latest_available_photo_date": "2025-08", "source_photo_url": "https://www.mapillary.com/app/?pKey=622192874298161&focus=photo", "nearest_osm_pole_m": null}}, {"type": "Feature", "geometry": {"type": "Point", "coordinates": [-71.2447, 42.325302]}, "properties": {"id": "newt-00462", "is_utility_pole": true, "pole_type": "wood_utility", "model_flags": ["vegetation"], "model_watch": ["lean_slight"], "lean": "slight", "crossarm": "none_visible", "vegetation": "touching", "transformer": false, "attachments_estimate": 0, "photos_assessed": 2, "capture_sequences": 1, "photo_shown_date": "2025-08", "latest_available_photo_date": "2025-08", "source_photo_url": "https://www.mapillary.com/app/?pKey=750330184586202&focus=photo", "nearest_osm_pole_m": null}}, {"type": "Feature", "geometry": {"type": "Point", "coordinates": [-71.2442225, 42.3262935]}, "properties": {"id": "newt-00463", "is_utility_pole": true, "pole_type": "wood_utility", "model_flags": ["vegetation"], "model_watch": [], "lean": "unclear", "crossarm": "unclear", "vegetation": "touching", "transformer": false, "attachments_estimate": 0, "photos_assessed": 4, "capture_sequences": 1, "photo_shown_date": "2025-08", "latest_available_photo_date": "2025-08", "source_photo_url": "https://www.mapillary.com/app/?pKey=1931915944251900&focus=photo", "nearest_osm_pole_m": null}}, {"type": "Feature", "geometry": {"type": "Point", "coordinates": [-71.24403, 42.32608]}, "properties": {"id": "newt-00464", "is_utility_pole": false, "pole_type": "unclear", "model_flags": [], "model_watch": [], "lean": "unclear", "crossarm": "unclear", "vegetation": "unclear", "transformer": false, "attachments_estimate": 0, "photos_assessed": 2, "capture_sequences": 1, "photo_shown_date": "2025-08", "latest_available_photo_date": "2025-08", "source_photo_url": "https://www.mapillary.com/app/?pKey=1307585110744156&focus=photo", "nearest_osm_pole_m": null}}, {"type": "Feature", "geometry": {"type": "Point", "coordinates": [-71.244195, 42.3260265]}, "properties": {"id": "newt-00465", "is_utility_pole": true, "pole_type": "wood_utility", "model_flags": ["vegetation"], "model_watch": ["lean_slight"], "lean": "slight", "crossarm": "none_visible", "vegetation": "touching", "transformer": false, "attachments_estimate": 0, "photos_assessed": 4, "capture_sequences": 1, "photo_shown_date": "2025-08", "latest_available_photo_date": "2025-08", "source_photo_url": "https://www.mapillary.com/app/?pKey=1804109466851376&focus=photo", "nearest_osm_pole_m": null}}, {"type": "Feature", "geometry": {"type": "Point", "coordinates": [-71.2479517, 42.322982]}, "properties": {"id": "newt-00466", "is_utility_pole": true, "pole_type": "wood_utility", "model_flags": ["vegetation"], "model_watch": ["lean_slight"], "lean": "slight", "crossarm": "none_visible", "vegetation": "touching", "transformer": false, "attachments_estimate": 1, "photos_assessed": 6, "capture_sequences": 1, "photo_shown_date": "2025-04", "latest_available_photo_date": "2025-04", "source_photo_url": "https://www.mapillary.com/app/?pKey=2905404212972001&focus=photo", "nearest_osm_pole_m": null}}, {"type": "Feature", "geometry": {"type": "Point", "coordinates": [-71.247997, 42.322883]}, "properties": {"id": "newt-00467", "is_utility_pole": true, "pole_type": "wood_utility", "model_flags": [], "model_watch": [], "lean": "none", "crossarm": "none_visible", "vegetation": "near", "transformer": false, "attachments_estimate": 0, "photos_assessed": 2, "capture_sequences": 1, "photo_shown_date": "2025-04", "latest_available_photo_date": "2025-04", "source_photo_url": "https://www.mapillary.com/app/?pKey=523535210615487&focus=photo", "nearest_osm_pole_m": null}}, {"type": "Feature", "geometry": {"type": "Point", "coordinates": [-71.24838, 42.322773]}, "properties": {"id": "newt-00468", "is_utility_pole": true, "pole_type": "wood_utility", "model_flags": [], "model_watch": [], "lean": "unclear", "crossarm": "unclear", "vegetation": "near", "transformer": false, "attachments_estimate": 0, "photos_assessed": 2, "capture_sequences": 1, "photo_shown_date": "2025-04", "latest_available_photo_date": "2025-04", "source_photo_url": "https://www.mapillary.com/app/?pKey=1697536470864797&focus=photo", "nearest_osm_pole_m": null}}, {"type": "Feature", "geometry": {"type": "Point", "coordinates": [-71.248372, 42.322845]}, "properties": {"id": "newt-00469", "is_utility_pole": true, "pole_type": "wood_utility", "model_flags": [], "model_watch": [], "lean": "none", "crossarm": "none_visible", "vegetation": "near", "transformer": false, "attachments_estimate": 0, "photos_assessed": 4, "capture_sequences": 1, "photo_shown_date": "2025-04", "latest_available_photo_date": "2025-04", "source_photo_url": "https://www.mapillary.com/app/?pKey=981477180703638&focus=photo", "nearest_osm_pole_m": null}}, {"type": "Feature", "geometry": {"type": "Point", "coordinates": [-71.2480753, 42.3229403]}, "properties": {"id": "newt-00470", "is_utility_pole": true, "pole_type": "wood_utility", "model_flags": ["vegetation"], "model_watch": ["lean_slight"], "lean": "slight", "crossarm": "none_visible", "vegetation": "touching", "transformer": false, "attachments_estimate": 1, "photos_assessed": 6, "capture_sequences": 1, "photo_shown_date": "2025-04", "latest_available_photo_date": "2025-04", "source_photo_url": "https://www.mapillary.com/app/?pKey=523535210615487&focus=photo", "nearest_osm_pole_m": null}}, {"type": "Feature", "geometry": {"type": "Point", "coordinates": [-71.24769, 42.322952]}, "properties": {"id": "newt-00471", "is_utility_pole": true, "pole_type": "concrete_or_steel_utility", "model_flags": [], "model_watch": [], "lean": "none", "crossarm": "none_visible", "vegetation": "near", "transformer": false, "attachments_estimate": 0, "photos_assessed": 2, "capture_sequences": 1, "photo_shown_date": "2025-04", "latest_available_photo_date": "2025-04", "source_photo_url": "https://www.mapillary.com/app/?pKey=640706128859855&focus=photo", "nearest_osm_pole_m": null}}, {"type": "Feature", "geometry": {"type": "Point", "coordinates": [-71.2478845, 42.3229315]}, "properties": {"id": "newt-00472", "is_utility_pole": true, "pole_type": "wood_utility", "model_flags": [], "model_watch": [], "lean": "none", "crossarm": "none_visible", "vegetation": "near", "transformer": false, "attachments_estimate": 0, "photos_assessed": 4, "capture_sequences": 1, "photo_shown_date": "2025-04", "latest_available_photo_date": "2025-04", "source_photo_url": "https://www.mapillary.com/app/?pKey=1103180894901730&focus=photo", "nearest_osm_pole_m": null}}, {"type": "Feature", "geometry": {"type": "Point", "coordinates": [-71.24825, 42.3228927]}, "properties": {"id": "newt-00473", "is_utility_pole": true, "pole_type": "wood_utility", "model_flags": [], "model_watch": ["lean_slight"], "lean": "slight", "crossarm": "none_visible", "vegetation": "near", "transformer": false, "attachments_estimate": 0, "photos_assessed": 3, "capture_sequences": 1, "photo_shown_date": "2025-04", "latest_available_photo_date": "2025-04", "source_photo_url": "https://www.mapillary.com/app/?pKey=1590076431682011&focus=photo", "nearest_osm_pole_m": null}}, {"type": "Feature", "geometry": {"type": "Point", "coordinates": [-71.24816, 42.322838]}, "properties": {"id": "newt-00474", "is_utility_pole": true, "pole_type": "wood_utility", "model_flags": ["vegetation"], "model_watch": ["lean_slight"], "lean": "slight", "crossarm": "none_visible", "vegetation": "touching", "transformer": false, "attachments_estimate": 0, "photos_assessed": 1, "capture_sequences": 1, "photo_shown_date": "2025-04", "latest_available_photo_date": "2025-04", "source_photo_url": "https://www.mapillary.com/app/?pKey=2748710708656541&focus=photo", "nearest_osm_pole_m": null}}, {"type": "Feature", "geometry": {"type": "Point", "coordinates": [-71.25515, 42.333252]}, "properties": {"id": "newt-00475", "is_utility_pole": true, "pole_type": "wood_utility", "model_flags": ["vegetation"], "model_watch": [], "lean": "unclear", "crossarm": "unclear", "vegetation": "touching", "transformer": false, "attachments_estimate": 0, "photos_assessed": 1, "capture_sequences": 1, "photo_shown_date": "2024-03", "latest_available_photo_date": "2024-03", "source_photo_url": "https://www.mapillary.com/app/?pKey=391825133797070&focus=photo", "nearest_osm_pole_m": null}}, {"type": "Feature", "geometry": {"type": "Point", "coordinates": [-71.25557, 42.331075]}, "properties": {"id": "newt-00476", "is_utility_pole": true, "pole_type": "wood_utility", "model_flags": [], "model_watch": [], "lean": "none", "crossarm": "intact", "vegetation": "near", "transformer": false, "attachments_estimate": 1, "photos_assessed": 4, "capture_sequences": 1, "photo_shown_date": "2024-04", "latest_available_photo_date": "2024-04", "source_photo_url": "https://www.mapillary.com/app/?pKey=972243787944636&focus=photo", "nearest_osm_pole_m": null}}, {"type": "Feature", "geometry": {"type": "Point", "coordinates": [-71.25565, 42.33102]}, "properties": {"id": "newt-00477", "is_utility_pole": true, "pole_type": "wood_utility", "model_flags": ["vegetation"], "model_watch": [], "lean": "none", "crossarm": "intact", "vegetation": "touching", "transformer": false, "attachments_estimate": 1, "photos_assessed": 1, "capture_sequences": 1, "photo_shown_date": "2024-04", "latest_available_photo_date": "2024-04", "source_photo_url": "https://www.mapillary.com/app/?pKey=2371314623066233&focus=photo", "nearest_osm_pole_m": null}}, {"type": "Feature", "geometry": {"type": "Point", "coordinates": [-71.25442, 42.332428]}, "properties": {"id": "newt-00478", "is_utility_pole": true, "pole_type": "concrete_or_steel_utility", "model_flags": [], "model_watch": [], "lean": "unclear", "crossarm": "none_visible", "vegetation": "none", "transformer": false, "attachments_estimate": 0, "photos_assessed": 2, "capture_sequences": 1, "photo_shown_date": "2024-04", "latest_available_photo_date": "2024-04", "source_photo_url": "https://www.mapillary.com/app/?pKey=417252784375762&focus=photo", "nearest_osm_pole_m": null}}, {"type": "Feature", "geometry": {"type": "Point", "coordinates": [-71.2439, 42.326744]}, "properties": {"id": "newt-00479", "is_utility_pole": true, "pole_type": "wood_utility", "model_flags": ["vegetation"], "model_watch": [], "lean": "none", "crossarm": "unclear", "vegetation": "touching", "transformer": false, "attachments_estimate": 0, "photos_assessed": 2, "capture_sequences": 1, "photo_shown_date": "2025-08", "latest_available_photo_date": "2025-08", "source_photo_url": "https://www.mapillary.com/app/?pKey=2590820184599172&focus=photo", "nearest_osm_pole_m": null}}, {"type": "Feature", "geometry": {"type": "Point", "coordinates": [-71.244, 42.326828]}, "properties": {"id": "newt-00480", "is_utility_pole": false, "pole_type": "unclear", "model_flags": ["vegetation"], "model_watch": [], "lean": "unclear", "crossarm": "unclear", "vegetation": "touching", "transformer": false, "attachments_estimate": 0, "photos_assessed": 2, "capture_sequences": 1, "photo_shown_date": "2025-08", "latest_available_photo_date": "2025-08", "source_photo_url": "https://www.mapillary.com/app/?pKey=1116964850342908&focus=photo", "nearest_osm_pole_m": null}}, {"type": "Feature", "geometry": {"type": "Point", "coordinates": [-71.25775, 42.325527]}, "properties": {"id": "newt-00481", "is_utility_pole": true, "pole_type": "wood_utility", "model_flags": ["vegetation"], "model_watch": [], "lean": "none", "crossarm": "none_visible", "vegetation": "touching", "transformer": false, "attachments_estimate": 2, "photos_assessed": 2, "capture_sequences": 1, "photo_shown_date": "2025-07", "latest_available_photo_date": "2025-07", "source_photo_url": "https://www.mapillary.com/app/?pKey=1677893549442392&focus=photo", "nearest_osm_pole_m": null}}, {"type": "Feature", "geometry": {"type": "Point", "coordinates": [-71.25998, 42.33236]}, "properties": {"id": "newt-00482", "is_utility_pole": true, "pole_type": "wood_utility", "model_flags": ["vegetation"], "model_watch": ["lean_slight"], "lean": "slight", "crossarm": "none_visible", "vegetation": "touching", "transformer": false, "attachments_estimate": 1, "photos_assessed": 2, "capture_sequences": 1, "photo_shown_date": "2025-10", "latest_available_photo_date": "2025-10", "source_photo_url": "https://www.mapillary.com/app/?pKey=793012770030795&focus=photo", "nearest_osm_pole_m": null}}, {"type": "Feature", "geometry": {"type": "Point", "coordinates": [-71.24545, 42.327553]}, "properties": {"id": "newt-00483", "is_utility_pole": true, "pole_type": "wood_utility", "model_flags": ["vegetation"], "model_watch": [], "lean": "none", "crossarm": "none_visible", "vegetation": "touching", "transformer": false, "attachments_estimate": 0, "photos_assessed": 2, "capture_sequences": 1, "photo_shown_date": "2025-08", "latest_available_photo_date": "2025-08", "source_photo_url": "https://www.mapillary.com/app/?pKey=794096966634234&focus=photo", "nearest_osm_pole_m": null}}, {"type": "Feature", "geometry": {"type": "Point", "coordinates": [-71.24535, 42.327404]}, "properties": {"id": "newt-00484", "is_utility_pole": true, "pole_type": "wood_utility", "model_flags": ["vegetation"], "model_watch": [], "lean": "unclear", "crossarm": "unclear", "vegetation": "touching", "transformer": false, "attachments_estimate": 0, "photos_assessed": 1, "capture_sequences": 1, "photo_shown_date": "2025-08", "latest_available_photo_date": "2025-08", "source_photo_url": "https://www.mapillary.com/app/?pKey=1302733894826351&focus=photo", "nearest_osm_pole_m": null}}, {"type": "Feature", "geometry": {"type": "Point", "coordinates": [-71.245476, 42.327847]}, "properties": {"id": "newt-00485", "is_utility_pole": true, "pole_type": "wood_utility", "model_flags": ["vegetation"], "model_watch": [], "lean": "none", "crossarm": "none_visible", "vegetation": "touching", "transformer": false, "attachments_estimate": 0, "photos_assessed": 2, "capture_sequences": 1, "photo_shown_date": "2025-08", "latest_available_photo_date": "2025-08", "source_photo_url": "https://www.mapillary.com/app/?pKey=2354053368330492&focus=photo", "nearest_osm_pole_m": null}}, {"type": "Feature", "geometry": {"type": "Point", "coordinates": [-71.24534, 42.32729]}, "properties": {"id": "newt-00486", "is_utility_pole": true, "pole_type": "wood_utility", "model_flags": ["vegetation"], "model_watch": [], "lean": "none", "crossarm": "none_visible", "vegetation": "touching", "transformer": false, "attachments_estimate": 0, "photos_assessed": 1, "capture_sequences": 1, "photo_shown_date": "2025-08", "latest_available_photo_date": "2025-08", "source_photo_url": "https://www.mapillary.com/app/?pKey=1341961430882512&focus=photo", "nearest_osm_pole_m": null}}, {"type": "Feature", "geometry": {"type": "Point", "coordinates": [-71.24562, 42.327711]}, "properties": {"id": "newt-00487", "is_utility_pole": true, "pole_type": "wood_utility", "model_flags": ["vegetation"], "model_watch": ["lean_slight"], "lean": "slight", "crossarm": "none_visible", "vegetation": "touching", "transformer": false, "attachments_estimate": 0, "photos_assessed": 4, "capture_sequences": 1, "photo_shown_date": "2025-08", "latest_available_photo_date": "2025-08", "source_photo_url": "https://www.mapillary.com/app/?pKey=1197321022432455&focus=photo", "nearest_osm_pole_m": null}}, {"type": "Feature", "geometry": {"type": "Point", "coordinates": [-71.245687, 42.3278275]}, "properties": {"id": "newt-00488", "is_utility_pole": true, "pole_type": "wood_utility", "model_flags": ["double", "vegetation"], "model_watch": ["lean_slight"], "lean": "slight", "crossarm": "none_visible", "vegetation": "touching", "transformer": false, "attachments_estimate": 0, "photos_assessed": 4, "capture_sequences": 1, "photo_shown_date": "2025-08", "latest_available_photo_date": "2025-08", "source_photo_url": "https://www.mapillary.com/app/?pKey=1470097604189844&focus=photo", "nearest_osm_pole_m": null}}, {"type": "Feature", "geometry": {"type": "Point", "coordinates": [-71.24534, 42.327496]}, "properties": {"id": "newt-00489", "is_utility_pole": true, "pole_type": "wood_utility", "model_flags": ["vegetation"], "model_watch": [], "lean": "unclear", "crossarm": "unclear", "vegetation": "touching", "transformer": false, "attachments_estimate": 0, "photos_assessed": 1, "capture_sequences": 1, "photo_shown_date": "2025-08", "latest_available_photo_date": "2025-08", "source_photo_url": "https://www.mapillary.com/app/?pKey=794096966634234&focus=photo", "nearest_osm_pole_m": null}}, {"type": "Feature", "geometry": {"type": "Point", "coordinates": [-71.24702, 42.32866]}, "properties": {"id": "newt-00490", "is_utility_pole": true, "pole_type": "wood_utility", "model_flags": ["vegetation"], "model_watch": [], "lean": "none", "crossarm": "none_visible", "vegetation": "touching", "transformer": false, "attachments_estimate": 1, "photos_assessed": 2, "capture_sequences": 1, "photo_shown_date": "2025-08", "latest_available_photo_date": "2025-08", "source_photo_url": "https://www.mapillary.com/app/?pKey=23957800783899088&focus=photo", "nearest_osm_pole_m": null}}, {"type": "Feature", "geometry": {"type": "Point", "coordinates": [-71.246056, 42.32842]}, "properties": {"id": "newt-00491", "is_utility_pole": true, "pole_type": "wood_utility", "model_flags": ["vegetation"], "model_watch": ["lean_slight"], "lean": "slight", "crossarm": "none_visible", "vegetation": "touching", "transformer": false, "attachments_estimate": 1, "photos_assessed": 2, "capture_sequences": 1, "photo_shown_date": "2025-08", "latest_available_photo_date": "2025-08", "source_photo_url": "https://www.mapillary.com/app/?pKey=1810526073227500&focus=photo", "nearest_osm_pole_m": null}}, {"type": "Feature", "geometry": {"type": "Point", "coordinates": [-71.2484, 42.329277]}, "properties": {"id": "newt-00492", "is_utility_pole": true, "pole_type": "wood_utility", "model_flags": [], "model_watch": ["lean_slight"], "lean": "slight", "crossarm": "none_visible", "vegetation": "near", "transformer": false, "attachments_estimate": 1, "photos_assessed": 2, "capture_sequences": 1, "photo_shown_date": "2025-08", "latest_available_photo_date": "2025-08", "source_photo_url": "https://www.mapillary.com/app/?pKey=4139885739591441&focus=photo", "nearest_osm_pole_m": null}}, {"type": "Feature", "geometry": {"type": "Point", "coordinates": [-71.248276, 42.329205]}, "properties": {"id": "newt-00493", "is_utility_pole": true, "pole_type": "wood_utility", "model_flags": ["vegetation"], "model_watch": [], "lean": "none", "crossarm": "none_visible", "vegetation": "touching", "transformer": false, "attachments_estimate": 1, "photos_assessed": 2, "capture_sequences": 1, "photo_shown_date": "2025-08", "latest_available_photo_date": "2025-08", "source_photo_url": "https://www.mapillary.com/app/?pKey=1846667779262849&focus=photo", "nearest_osm_pole_m": null}}, {"type": "Feature", "geometry": {"type": "Point", "coordinates": [-71.24802, 42.329018]}, "properties": {"id": "newt-00494", "is_utility_pole": true, "pole_type": "wood_utility", "model_flags": ["lean", "vegetation"], "model_watch": [], "lean": "moderate", "crossarm": "none_visible", "vegetation": "touching", "transformer": false, "attachments_estimate": 1, "photos_assessed": 2, "capture_sequences": 1, "photo_shown_date": "2025-08", "latest_available_photo_date": "2025-08", "source_photo_url": "https://www.mapillary.com/app/?pKey=764671382937551&focus=photo", "nearest_osm_pole_m": null}}, {"type": "Feature", "geometry": {"type": "Point", "coordinates": [-71.256836, 42.32937]}, "properties": {"id": "newt-00495", "is_utility_pole": true, "pole_type": "wood_utility", "model_flags": ["vegetation"], "model_watch": ["lean_slight"], "lean": "slight", "crossarm": "none_visible", "vegetation": "touching", "transformer": false, "attachments_estimate": 1, "photos_assessed": 2, "capture_sequences": 1, "photo_shown_date": "2025-10", "latest_available_photo_date": "2025-10", "source_photo_url": "https://www.mapillary.com/app/?pKey=1824856838907321&focus=photo", "nearest_osm_pole_m": null}}, {"type": "Feature", "geometry": {"type": "Point", "coordinates": [-71.257965, 42.329597]}, "properties": {"id": "newt-00496", "is_utility_pole": true, "pole_type": "wood_utility", "model_flags": ["vegetation"], "model_watch": [], "lean": "unclear", "crossarm": "unclear", "vegetation": "touching", "transformer": false, "attachments_estimate": 1, "photos_assessed": 1, "capture_sequences": 1, "photo_shown_date": "2025-10", "latest_available_photo_date": "2025-10", "source_photo_url": "https://www.mapillary.com/app/?pKey=814486727843249&focus=photo", "nearest_osm_pole_m": null}}, {"type": "Feature", "geometry": {"type": "Point", "coordinates": [-71.25865, 42.327354]}, "properties": {"id": "newt-00497", "is_utility_pole": true, "pole_type": "wood_utility", "model_flags": [], "model_watch": [], "lean": "unclear", "crossarm": "unclear", "vegetation": "near", "transformer": false, "attachments_estimate": 2, "photos_assessed": 2, "capture_sequences": 1, "photo_shown_date": "2025-11", "latest_available_photo_date": "2025-11", "source_photo_url": "https://www.mapillary.com/app/?pKey=1121634930131197&focus=photo", "nearest_osm_pole_m": null}}, {"type": "Feature", "geometry": {"type": "Point", "coordinates": [-71.25891, 42.327026]}, "properties": {"id": "newt-00498", "is_utility_pole": true, "pole_type": "wood_utility", "model_flags": ["lean"], "model_watch": [], "lean": "moderate", "crossarm": "none_visible", "vegetation": "near", "transformer": false, "attachments_estimate": 1, "photos_assessed": 2, "capture_sequences": 1, "photo_shown_date": "2025-11", "latest_available_photo_date": "2025-11", "source_photo_url": "https://www.mapillary.com/app/?pKey=1558404905338617&focus=photo", "nearest_osm_pole_m": null}}, {"type": "Feature", "geometry": {"type": "Point", "coordinates": [-71.25321, 42.3274183]}, "properties": {"id": "newt-00499", "is_utility_pole": true, "pole_type": "wood_utility", "model_flags": [], "model_watch": [], "lean": "none", "crossarm": "none_visible", "vegetation": "near", "transformer": false, "attachments_estimate": 1, "photos_assessed": 3, "capture_sequences": 1, "photo_shown_date": "2025-04", "latest_available_photo_date": "2025-04", "source_photo_url": "https://www.mapillary.com/app/?pKey=1677910506174668&focus=photo", "nearest_osm_pole_m": null}}, {"type": "Feature", "geometry": {"type": "Point", "coordinates": [-71.25269, 42.327675]}, "properties": {"id": "newt-00500", "is_utility_pole": true, "pole_type": "wood_utility", "model_flags": [], "model_watch": [], "lean": "none", "crossarm": "intact", "vegetation": "near", "transformer": false, "attachments_estimate": 1, "photos_assessed": 2, "capture_sequences": 1, "photo_shown_date": "2025-04", "latest_available_photo_date": "2025-04", "source_photo_url": "https://www.mapillary.com/app/?pKey=1081473880423126&focus=photo", "nearest_osm_pole_m": null}}, {"type": "Feature", "geometry": {"type": "Point", "coordinates": [-71.2525224, 42.3279872]}, "properties": {"id": "newt-00501", "is_utility_pole": true, "pole_type": "wood_utility", "model_flags": [], "model_watch": ["lean_slight"], "lean": "slight", "crossarm": "none_visible", "vegetation": "near", "transformer": false, "attachments_estimate": 1, "photos_assessed": 5, "capture_sequences": 1, "photo_shown_date": "2025-04", "latest_available_photo_date": "2025-04", "source_photo_url": "https://www.mapillary.com/app/?pKey=1361599348317231&focus=photo", "nearest_osm_pole_m": null}}, {"type": "Feature", "geometry": {"type": "Point", "coordinates": [-71.25323, 42.327274]}, "properties": {"id": "newt-00502", "is_utility_pole": true, "pole_type": "wood_utility", "model_flags": [], "model_watch": [], "lean": "none", "crossarm": "intact", "vegetation": "none", "transformer": false, "attachments_estimate": 1, "photos_assessed": 2, "capture_sequences": 1, "photo_shown_date": "2025-04", "latest_available_photo_date": "2025-04", "source_photo_url": "https://www.mapillary.com/app/?pKey=646396938149962&focus=photo", "nearest_osm_pole_m": null}}, {"type": "Feature", "geometry": {"type": "Point", "coordinates": [-71.253296, 42.327393]}, "properties": {"id": "newt-00503", "is_utility_pole": true, "pole_type": "wood_utility", "model_flags": [], "model_watch": [], "lean": "none", "crossarm": "intact", "vegetation": "none", "transformer": false, "attachments_estimate": 1, "photos_assessed": 2, "capture_sequences": 1, "photo_shown_date": "2025-04", "latest_available_photo_date": "2025-04", "source_photo_url": "https://www.mapillary.com/app/?pKey=533011602832756&focus=photo", "nearest_osm_pole_m": null}}, {"type": "Feature", "geometry": {"type": "Point", "coordinates": [-71.25257, 42.32783]}, "properties": {"id": "newt-00504", "is_utility_pole": true, "pole_type": "wood_utility", "model_flags": [], "model_watch": [], "lean": "none", "crossarm": "none_visible", "vegetation": "near", "transformer": false, "attachments_estimate": 1, "photos_assessed": 2, "capture_sequences": 1, "photo_shown_date": "2025-04", "latest_available_photo_date": "2025-04", "source_photo_url": "https://www.mapillary.com/app/?pKey=1721795662092127&focus=photo", "nearest_osm_pole_m": null}}, {"type": "Feature", "geometry": {"type": "Point", "coordinates": [-71.25265, 42.32737]}, "properties": {"id": "newt-00505", "is_utility_pole": true, "pole_type": "wood_utility", "model_flags": [], "model_watch": [], "lean": "none", "crossarm": "none_visible", "vegetation": "near", "transformer": true, "attachments_estimate": 1, "photos_assessed": 1, "capture_sequences": 1, "photo_shown_date": "2025-04", "latest_available_photo_date": "2025-04", "source_photo_url": "https://www.mapillary.com/app/?pKey=2166169397146853&focus=photo", "nearest_osm_pole_m": null}}, {"type": "Feature", "geometry": {"type": "Point", "coordinates": [-71.252884, 42.327614]}, "properties": {"id": "newt-00506", "is_utility_pole": true, "pole_type": "wood_utility", "model_flags": [], "model_watch": [], "lean": "none", "crossarm": "none_visible", "vegetation": "near", "transformer": false, "attachments_estimate": 1, "photos_assessed": 2, "capture_sequences": 1, "photo_shown_date": "2025-04", "latest_available_photo_date": "2025-04", "source_photo_url": "https://www.mapillary.com/app/?pKey=983565737305567&focus=photo", "nearest_osm_pole_m": null}}, {"type": "Feature", "geometry": {"type": "Point", "coordinates": [-71.25223, 42.328243]}, "properties": {"id": "newt-00507", "is_utility_pole": true, "pole_type": "wood_utility", "model_flags": [], "model_watch": ["lean_slight"], "lean": "slight", "crossarm": "none_visible", "vegetation": "near", "transformer": false, "attachments_estimate": 0, "photos_assessed": 2, "capture_sequences": 1, "photo_shown_date": "2024-03", "latest_available_photo_date": "2024-03", "source_photo_url": "https://www.mapillary.com/app/?pKey=1335026540525625&focus=photo", "nearest_osm_pole_m": null}}, {"type": "Feature", "geometry": {"type": "Point", "coordinates": [-71.255362, 42.3260175]}, "properties": {"id": "newt-00508", "is_utility_pole": true, "pole_type": "wood_utility", "model_flags": [], "model_watch": [], "lean": "none", "crossarm": "none_visible", "vegetation": "none", "transformer": false, "attachments_estimate": 3, "photos_assessed": 4, "capture_sequences": 2, "photo_shown_date": "2025-04", "latest_available_photo_date": "2025-04", "source_photo_url": "https://www.mapillary.com/app/?pKey=1354993439150601&focus=photo", "nearest_osm_pole_m": null}}, {"type": "Feature", "geometry": {"type": "Point", "coordinates": [-71.25466, 42.326305]}, "properties": {"id": "newt-00509", "is_utility_pole": true, "pole_type": "wood_utility", "model_flags": [], "model_watch": [], "lean": "none", "crossarm": "none_visible", "vegetation": "near", "transformer": false, "attachments_estimate": 2, "photos_assessed": 2, "capture_sequences": 1, "photo_shown_date": "2025-03", "latest_available_photo_date": "2025-03", "source_photo_url": "https://www.mapillary.com/app/?pKey=1189851779318751&focus=photo", "nearest_osm_pole_m": null}}, {"type": "Feature", "geometry": {"type": "Point", "coordinates": [-71.25518, 42.3261]}, "properties": {"id": "newt-00510", "is_utility_pole": true, "pole_type": "wood_utility", "model_flags": [], "model_watch": [], "lean": "none", "crossarm": "intact", "vegetation": "none", "transformer": false, "attachments_estimate": 2, "photos_assessed": 2, "capture_sequences": 1, "photo_shown_date": "2025-03", "latest_available_photo_date": "2025-03", "source_photo_url": "https://www.mapillary.com/app/?pKey=3575584849253216&focus=photo", "nearest_osm_pole_m": null}}, {"type": "Feature", "geometry": {"type": "Point", "coordinates": [-71.25191, 42.327812]}, "properties": {"id": "newt-00511", "is_utility_pole": true, "pole_type": "wood_utility", "model_flags": [], "model_watch": [], "lean": "none", "crossarm": "intact", "vegetation": "near", "transformer": false, "attachments_estimate": 0, "photos_assessed": 2, "capture_sequences": 1, "photo_shown_date": "2024-04", "latest_available_photo_date": "2024-04", "source_photo_url": "https://www.mapillary.com/app/?pKey=1115410033061680&focus=photo", "nearest_osm_pole_m": null}}, {"type": "Feature", "geometry": {"type": "Point", "coordinates": [-71.25163, 42.32775]}, "properties": {"id": "newt-00512", "is_utility_pole": true, "pole_type": "wood_utility", "model_flags": [], "model_watch": [], "lean": "none", "crossarm": "intact", "vegetation": "near", "transformer": false, "attachments_estimate": 1, "photos_assessed": 1, "capture_sequences": 1, "photo_shown_date": "2024-04", "latest_available_photo_date": "2024-04", "source_photo_url": "https://www.mapillary.com/app/?pKey=958967985840029&focus=photo", "nearest_osm_pole_m": null}}, {"type": "Feature", "geometry": {"type": "Point", "coordinates": [-71.25142, 42.32825]}, "properties": {"id": "newt-00513", "is_utility_pole": false, "pole_type": "other", "model_flags": [], "model_watch": [], "lean": "unclear", "crossarm": "none_visible", "vegetation": "near", "transformer": false, "attachments_estimate": 0, "photos_assessed": 1, "capture_sequences": 1, "photo_shown_date": "2024-04", "latest_available_photo_date": "2024-04", "source_photo_url": "https://www.mapillary.com/app/?pKey=1496998944577162&focus=photo", "nearest_osm_pole_m": null}}, {"type": "Feature", "geometry": {"type": "Point", "coordinates": [-71.25211, 42.328297]}, "properties": {"id": "newt-00514", "is_utility_pole": true, "pole_type": "wood_utility", "model_flags": [], "model_watch": [], "lean": "none", "crossarm": "intact", "vegetation": "near", "transformer": false, "attachments_estimate": 1, "photos_assessed": 2, "capture_sequences": 1, "photo_shown_date": "2024-04", "latest_available_photo_date": "2024-04", "source_photo_url": "https://www.mapillary.com/app/?pKey=2137314919957663&focus=photo", "nearest_osm_pole_m": null}}, {"type": "Feature", "geometry": {"type": "Point", "coordinates": [-71.25648, 42.325867]}, "properties": {"id": "newt-00515", "is_utility_pole": true, "pole_type": "wood_utility", "model_flags": [], "model_watch": [], "lean": "none", "crossarm": "none_visible", "vegetation": "near", "transformer": false, "attachments_estimate": 3, "photos_assessed": 2, "capture_sequences": 1, "photo_shown_date": "2025-04", "latest_available_photo_date": "2025-04", "source_photo_url": "https://www.mapillary.com/app/?pKey=990735099823269&focus=photo", "nearest_osm_pole_m": null}}, {"type": "Feature", "geometry": {"type": "Point", "coordinates": [-71.256996, 42.325462]}, "properties": {"id": "newt-00516", "is_utility_pole": true, "pole_type": "wood_utility", "model_flags": [], "model_watch": [], "lean": "none", "crossarm": "none_visible", "vegetation": "near", "transformer": false, "attachments_estimate": 2, "photos_assessed": 2, "capture_sequences": 1, "photo_shown_date": "2025-04", "latest_available_photo_date": "2025-04", "source_photo_url": "https://www.mapillary.com/app/?pKey=1006407480936158&focus=photo", "nearest_osm_pole_m": null}}, {"type": "Feature", "geometry": {"type": "Point", "coordinates": [-71.245575, 42.323227]}, "properties": {"id": "newt-00517", "is_utility_pole": true, "pole_type": "wood_utility", "model_flags": [], "model_watch": [], "lean": "none", "crossarm": "none_visible", "vegetation": "near", "transformer": false, "attachments_estimate": 1, "photos_assessed": 2, "capture_sequences": 1, "photo_shown_date": "2025-04", "latest_available_photo_date": "2025-04", "source_photo_url": "https://www.mapillary.com/app/?pKey=998404165729603&focus=photo", "nearest_osm_pole_m": null}}, {"type": "Feature", "geometry": {"type": "Point", "coordinates": [-71.24561, 42.322727]}, "properties": {"id": "newt-00518", "is_utility_pole": true, "pole_type": "wood_utility", "model_flags": [], "model_watch": [], "lean": "none", "crossarm": "none_visible", "vegetation": "near", "transformer": false, "attachments_estimate": 1, "photos_assessed": 2, "capture_sequences": 1, "photo_shown_date": "2025-04", "latest_available_photo_date": "2025-04", "source_photo_url": "https://www.mapillary.com/app/?pKey=692542630121621&focus=photo", "nearest_osm_pole_m": null}}, {"type": "Feature", "geometry": {"type": "Point", "coordinates": [-71.24552, 42.322357]}, "properties": {"id": "newt-00519", "is_utility_pole": true, "pole_type": "concrete_or_steel_utility", "model_flags": [], "model_watch": ["lean_slight"], "lean": "slight", "crossarm": "none_visible", "vegetation": "near", "transformer": false, "attachments_estimate": 1, "photos_assessed": 2, "capture_sequences": 1, "photo_shown_date": "2025-04", "latest_available_photo_date": "2025-04", "source_photo_url": "https://www.mapillary.com/app/?pKey=673542338393663&focus=photo", "nearest_osm_pole_m": null}}, {"type": "Feature", "geometry": {"type": "Point", "coordinates": [-71.2578687, 42.3256817]}, "properties": {"id": "newt-00520", "is_utility_pole": true, "pole_type": "wood_utility", "model_flags": [], "model_watch": ["lean_slight"], "lean": "slight", "crossarm": "intact", "vegetation": "near", "transformer": true, "attachments_estimate": 2, "photos_assessed": 3, "capture_sequences": 1, "photo_shown_date": "2025-05", "latest_available_photo_date": "2025-05", "source_photo_url": "https://www.mapillary.com/app/?pKey=1038744921167708&focus=photo", "nearest_osm_pole_m": null}}, {"type": "Feature", "geometry": {"type": "Point", "coordinates": [-71.25806, 42.325886]}, "properties": {"id": "newt-00521", "is_utility_pole": true, "pole_type": "wood_utility", "model_flags": [], "model_watch": [], "lean": "none", "crossarm": "none_visible", "vegetation": "near", "transformer": false, "attachments_estimate": 2, "photos_assessed": 2, "capture_sequences": 1, "photo_shown_date": "2025-05", "latest_available_photo_date": "2025-05", "source_photo_url": "https://www.mapillary.com/app/?pKey=2098492603960013&focus=photo", "nearest_osm_pole_m": null}}, {"type": "Feature", "geometry": {"type": "Point", "coordinates": [-71.243695, 42.324457]}, "properties": {"id": "newt-00522", "is_utility_pole": true, "pole_type": "wood_utility", "model_flags": [], "model_watch": [], "lean": "none", "crossarm": "none_visible", "vegetation": "near", "transformer": false, "attachments_estimate": 2, "photos_assessed": 4, "capture_sequences": 1, "photo_shown_date": "2025-04", "latest_available_photo_date": "2025-04", "source_photo_url": "https://www.mapillary.com/app/?pKey=3893600590956092&focus=photo", "nearest_osm_pole_m": null}}, {"type": "Feature", "geometry": {"type": "Point", "coordinates": [-71.24361, 42.324364]}, "properties": {"id": "newt-00523", "is_utility_pole": true, "pole_type": "wood_utility", "model_flags": ["vegetation"], "model_watch": [], "lean": "none", "crossarm": "none_visible", "vegetation": "touching", "transformer": false, "attachments_estimate": 1, "photos_assessed": 1, "capture_sequences": 1, "photo_shown_date": "2025-04", "latest_available_photo_date": "2025-04", "source_photo_url": "https://www.mapillary.com/app/?pKey=1206684027759094&focus=photo", "nearest_osm_pole_m": null}}, {"type": "Feature", "geometry": {"type": "Point", "coordinates": [-71.2439092, 42.3243732]}, "properties": {"id": "newt-00524", "is_utility_pole": true, "pole_type": "wood_utility", "model_flags": [], "model_watch": [], "lean": "none", "crossarm": "none_visible", "vegetation": "near", "transformer": false, "attachments_estimate": 1, "photos_assessed": 5, "capture_sequences": 1, "photo_shown_date": "2025-04", "latest_available_photo_date": "2025-04", "source_photo_url": "https://www.mapillary.com/app/?pKey=1229521398798646&focus=photo", "nearest_osm_pole_m": null}}, {"type": "Feature", "geometry": {"type": "Point", "coordinates": [-71.2445145, 42.3241865]}, "properties": {"id": "newt-00525", "is_utility_pole": true, "pole_type": "wood_utility", "model_flags": [], "model_watch": ["lean_slight"], "lean": "slight", "crossarm": "intact", "vegetation": "near", "transformer": false, "attachments_estimate": 1, "photos_assessed": 4, "capture_sequences": 1, "photo_shown_date": "2025-04", "latest_available_photo_date": "2025-04", "source_photo_url": "https://www.mapillary.com/app/?pKey=1085169660087742&focus=photo", "nearest_osm_pole_m": null}}, {"type": "Feature", "geometry": {"type": "Point", "coordinates": [-71.244675, 42.324085]}, "properties": {"id": "newt-00526", "is_utility_pole": true, "pole_type": "wood_utility", "model_flags": [], "model_watch": [], "lean": "unclear", "crossarm": "unclear", "vegetation": "near", "transformer": false, "attachments_estimate": 0, "photos_assessed": 1, "capture_sequences": 1, "photo_shown_date": "2025-04", "latest_available_photo_date": "2025-04", "source_photo_url": "https://www.mapillary.com/app/?pKey=1198810651924355&focus=photo", "nearest_osm_pole_m": null}}, {"type": "Feature", "geometry": {"type": "Point", "coordinates": [-71.24423, 42.32428]}, "properties": {"id": "newt-00527", "is_utility_pole": true, "pole_type": "wood_utility", "model_flags": [], "model_watch": [], "lean": "none", "crossarm": "none_visible", "vegetation": "none", "transformer": false, "attachments_estimate": 0, "photos_assessed": 2, "capture_sequences": 1, "photo_shown_date": "2025-04", "latest_available_photo_date": "2025-04", "source_photo_url": "https://www.mapillary.com/app/?pKey=663606263050282&focus=photo", "nearest_osm_pole_m": null}}, {"type": "Feature", "geometry": {"type": "Point", "coordinates": [-71.243935, 42.32426]}, "properties": {"id": "newt-00528", "is_utility_pole": true, "pole_type": "wood_utility", "model_flags": [], "model_watch": [], "lean": "none", "crossarm": "none_visible", "vegetation": "near", "transformer": false, "attachments_estimate": 0, "photos_assessed": 2, "capture_sequences": 1, "photo_shown_date": "2025-04", "latest_available_photo_date": "2025-04", "source_photo_url": "https://www.mapillary.com/app/?pKey=1376832430318337&focus=photo", "nearest_osm_pole_m": null}}, {"type": "Feature", "geometry": {"type": "Point", "coordinates": [-71.24461, 42.324146]}, "properties": {"id": "newt-00529", "is_utility_pole": true, "pole_type": "wood_utility", "model_flags": [], "model_watch": ["lean_slight"], "lean": "slight", "crossarm": "intact", "vegetation": "near", "transformer": false, "attachments_estimate": 1, "photos_assessed": 2, "capture_sequences": 1, "photo_shown_date": "2025-04", "latest_available_photo_date": "2025-04", "source_photo_url": "https://www.mapillary.com/app/?pKey=1255844196147210&focus=photo", "nearest_osm_pole_m": null}}, {"type": "Feature", "geometry": {"type": "Point", "coordinates": [-71.2443513, 42.324224]}, "properties": {"id": "newt-00530", "is_utility_pole": true, "pole_type": "wood_utility", "model_flags": [], "model_watch": ["lean_slight"], "lean": "slight", "crossarm": "none_visible", "vegetation": "near", "transformer": false, "attachments_estimate": 1, "photos_assessed": 3, "capture_sequences": 1, "photo_shown_date": "2025-04", "latest_available_photo_date": "2025-04", "source_photo_url": "https://www.mapillary.com/app/?pKey=1393029595459955&focus=photo", "nearest_osm_pole_m": null}}, {"type": "Feature", "geometry": {"type": "Point", "coordinates": [-71.24411, 42.32433]}, "properties": {"id": "newt-00531", "is_utility_pole": true, "pole_type": "wood_utility", "model_flags": [], "model_watch": [], "lean": "none", "crossarm": "none_visible", "vegetation": "none", "transformer": false, "attachments_estimate": 0, "photos_assessed": 2, "capture_sequences": 1, "photo_shown_date": "2025-04", "latest_available_photo_date": "2025-04", "source_photo_url": "https://www.mapillary.com/app/?pKey=1848842739226099&focus=photo", "nearest_osm_pole_m": null}}, {"type": "Feature", "geometry": {"type": "Point", "coordinates": [-71.2448047, 42.3240637]}, "properties": {"id": "newt-00532", "is_utility_pole": true, "pole_type": "wood_utility", "model_flags": [], "model_watch": ["lean_slight"], "lean": "slight", "crossarm": "none_visible", "vegetation": "near", "transformer": false, "attachments_estimate": 1, "photos_assessed": 3, "capture_sequences": 1, "photo_shown_date": "2025-04", "latest_available_photo_date": "2025-04", "source_photo_url": "https://www.mapillary.com/app/?pKey=1176203904229057&focus=photo", "nearest_osm_pole_m": null}}]}